seed,lambda,weighted_component_absence_error,weighted_net_absence_error,component_prevalence,low_response_weight_mass,bound_net_only_lower,bound_net_only_upper,bound_gross_lower,bound_gross_sharp_lower,bound_gross_upper,retained_fraction,rdfl_soft_latent_mse,direct_latent_mse
21001,0.0,0.7891560197014396,0.23378858685314066,0.80375,634.7168250732556,0.018192420934036675,1.0,0.7062291709672173,0.7616753089405943,0.8171479165266042,0.6841666666666667,0.013783611317311473,0.005148682003200318
21002,0.0,0.8062790269465259,0.2580011036564407,0.80625,652.6558559155712,0.01530015555846577,1.0,0.712085384311274,0.778254581885925,0.8368845932174804,0.6916666666666667,0.00925525647485934,0.003322404626365246
21003,0.0,0.7925368803656748,0.2504079993192137,0.8054166666666667,639.5300909150026,0.018387680537961124,1.0,0.7049079307308226,0.7715124812230754,0.8185539711396501,0.6879166666666666,0.009346269882585422,0.0032066005149210355
21004,0.0,0.8313397489808858,0.238584142286169,0.8170833333333334,670.3861851577985,0.028757480737491885,1.0,0.7402085472500165,0.808804596009046,0.8452512446135239,0.7029166666666666,0.011321392259411995,0.007226867557459619
21005,0.0,0.8060770978822894,0.24508589830091287,0.8054166666666667,656.5454109435343,0.014886232403909214,1.0,0.7286305462870778,0.7939708875443334,0.8280403973839723,0.6866666666666666,0.010009939902202477,0.003046079539591504
21006,0.0,0.7903585551340456,0.23531118645974336,0.8041666666666667,638.4856916697418,0.016515068978714756,1.0,0.6927262615381261,0.7650577338366955,0.8048762031000192,0.6854166666666667,0.010072662788653538,0.004987936619226772
21007,0.0,0.7926127175585996,0.25308965630917707,0.8133333333333334,649.2306437228374,0.013361087904787848,1.0,0.695313616335213,0.7728048201806365,0.8166293246897831,0.6925,0.008818386721753672,0.002964347830220102
21008,0.0,0.8025342502293183,0.2566448039392199,0.8154166666666667,663.3962107034639,0.021328489071609225,1.0,0.68749395149343,0.7799785262397839,0.8181203268221835,0.6983333333333334,0.006626804271203066,0.003009755595078854
21009,0.0,0.7849947521171082,0.2633231781622953,0.8029166666666666,649.4652496720396,0.02327680770971556,1.0,0.692473107252387,0.7673862517772834,0.8057518447596681,0.6933333333333334,0.007043164029937424,0.0028424017970871615
21010,0.0,0.793038616839618,0.2464569403105035,0.8108333333333333,639.3971486130597,0.016279501139212414,1.0,0.7026173230550449,0.7753991923733298,0.8116885783928359,0.6975,0.009424046081995053,0.00394619705668632
21011,0.0,0.816763763362046,0.24925726482961372,0.81625,645.4619838474184,0.020268082473599142,1.0,0.7512988390202913,0.8016509405178834,0.8341376680328728,0.695,0.007715326611251546,0.002320107935015617
21012,0.0,0.8080603193299628,0.21720944389959665,0.8075,639.0935513442707,0.01776913574083501,1.0,0.7380798696048781,0.794986680485384,0.8261132430731372,0.68625,0.009856428506750104,0.0026400434884737076
21013,0.0,0.79576976209209,0.24091087126095548,0.805,626.739821182064,0.021130685778177633,1.0,0.7150769760245202,0.7697371658648801,0.8180098418245066,0.6729166666666667,0.013189522939574668,0.004554414905676735
21014,0.0,0.797468703123325,0.24842976846660217,0.8033333333333333,649.2199900913581,0.014270935895015944,1.0,0.7021033303937753,0.7805389692009304,0.8178638446806211,0.6966666666666667,0.008921750260756645,0.0031934144111954756
21015,0.0,0.7856759298616122,0.23933972078271368,0.805,636.367021124544,0.015076339521118318,1.0,0.7007360684612897,0.7733903328434498,0.8053359200448009,0.6983333333333334,0.009261129922772027,0.0038289320403166326
21016,0.0,0.7978785232781964,0.24114135699675912,0.815,656.3059527257539,0.024187963337956198,1.0,0.686768667179541,0.7699642878025407,0.813472158525321,0.7029166666666666,0.008051408033722132,0.002708659936542245
21017,0.0,0.8295648609575821,0.2735260941205514,0.8133333333333334,644.6151886193516,0.019672483276267833,1.0,0.7325411856260106,0.800766507160688,0.8499836826940673,0.6925,0.01184226431219959,0.0039762474214262555
21018,0.0,0.8292575330076483,0.2534353518903336,0.8070833333333334,623.9137909393711,0.01773713514756108,1.0,0.7193769994053082,0.7988000054124996,0.8461062242706614,0.6858333333333333,0.007985729093900391,0.004999893198356272
21019,0.0,0.8256014719503508,0.24420957767684387,0.8154166666666667,648.6635368088209,0.020929806419162016,1.0,0.7314226879684858,0.8060548219828423,0.8434615858850699,0.695,0.012268640692175769,0.005334255273198043
21020,0.0,0.8007492848749952,0.2491445600288255,0.8154166666666667,664.7886414339199,0.023668002569731818,1.0,0.711916685852785,0.7835258157925141,0.8165472063147879,0.6945833333333333,0.006762526541941239,0.002589990465450766
21021,0.0,0.7711680502734065,0.2613303510536099,0.8054166666666667,642.7186560827998,0.02233761202681685,1.0,0.6662429528478042,0.7512199541729904,0.8018723526054119,0.6841666666666667,0.005800661052285944,0.0030845308778040936
21022,0.0,0.8116533095813632,0.2416502911515517,0.8095833333333333,649.3301153410752,0.012387431167200803,1.0,0.700727917554259,0.7798057146473221,0.8301812766885078,0.6875,0.008783285358253377,0.002352786035759397
21023,0.0,0.8134567290988219,0.2659974854148596,0.82125,642.9619161191337,0.015385637890356546,1.0,0.7268487435022839,0.7899770659352634,0.8322674701929489,0.6995833333333333,0.0065549598239776595,0.0029933184609340297
21024,0.0,0.8087319928958608,0.2369054449787933,0.8141666666666667,667.5048088037714,0.014990191894637303,1.0,0.7063957991409686,0.7810369522962028,0.8224505309252517,0.7045833333333333,0.010847974369326203,0.007675699707968094
21025,0.0,0.7993262629391208,0.2417703808238598,0.8070833333333334,671.2782866727129,0.02420575735974141,1.0,0.719298282462811,0.7787178462488805,0.820424424539623,0.70375,0.007257095844154917,0.003577710219126824
21026,0.0,0.7950770798407362,0.2570537140166573,0.8058333333333333,673.3548677527672,0.028907567199761768,1.0,0.7073737272092179,0.7825480809419842,0.8110650821225129,0.7058333333333333,0.006498551924646484,0.0036253693730742484
21027,0.0,0.785621358211994,0.2770254059143201,0.8158333333333333,654.907311882604,0.024045755780275634,1.0,0.6872253944287391,0.7637467195008666,0.8173832878221927,0.6920833333333334,0.006316869625563787,0.0021900914427709747
21028,0.0,0.8025096835667653,0.23132358452665705,0.80375,664.6929227700361,0.020287848601916056,1.0,0.7045563955389277,0.7775398249149735,0.815766959514966,0.7041666666666667,0.0068867340515336,0.0034954137464450145
21029,0.0,0.7905762907792648,0.23437257736377481,0.81,643.0534644617134,0.02537411155269353,1.0,0.7094957482153886,0.7764628574754038,0.8179276138107772,0.6925,0.009254122182403483,0.004155601609518043
21030,0.0,0.7930263297110801,0.262061462785518,0.8145833333333333,648.0095149816541,0.013156087090305212,1.0,0.7155239055612738,0.7720224874821237,0.8103662995176613,0.6991666666666667,0.005130755001655515,0.002768391560383614
21031,0.0,0.7967300870886846,0.24109050091712866,0.81,672.4586808326385,0.01616074738408139,1.0,0.7156016754275225,0.7771993499570484,0.8127605867402515,0.7016666666666667,0.009328125119999333,0.005425833316463779
21032,0.0,0.7788127774375442,0.26514030224553986,0.8054166666666667,662.2810614160368,0.024302447293837192,1.0,0.6830469617932607,0.752060507240508,0.8080889960084718,0.6916666666666667,0.00575590637083105,0.0033668141203070526
21033,0.0,0.7890127934175294,0.24075454915460204,0.8075,643.5302256979289,0.028876457434775335,1.0,0.689304995843618,0.7740739121967003,0.81973472638381,0.6925,0.00676291020381368,0.0029613319098003247
21034,0.0,0.7972019394371689,0.2614877214998925,0.8120833333333334,641.247559453675,0.016712923265979555,1.0,0.7077181625170597,0.7710193621270743,0.8173200990187849,0.6879166666666666,0.008143783771529826,0.003190608201880917
21035,0.0,0.8205372860018136,0.25391272003822807,0.8220833333333334,632.1870733626049,0.021618776234043516,1.0,0.7380306010037694,0.8041344532216734,0.8379717383321064,0.6866666666666666,0.013623998169140814,0.003449995435672045
21036,0.0,0.8254325074593012,0.27709783232059265,0.8225,642.1795297336005,0.014324133387881745,1.0,0.7167643185884875,0.7951194944793919,0.8524538518141815,0.6933333333333334,0.012424452565093542,0.00598038444221492
21037,0.0,0.7940170337464435,0.21093616981693417,0.8233333333333334,652.4088583381158,0.023952983249580197,1.0,0.7167675529483397,0.7815883293453924,0.8137352120933625,0.69625,0.007755491493951002,0.003952455653970215
21038,0.0,0.797702370920281,0.24550741144962704,0.8075,638.4973912649059,0.027282995145684302,1.0,0.7055973554718845,0.770980922044,0.8254092502946175,0.695,0.012951643919906525,0.004230248558568239
21039,0.0,0.8075320724394609,0.2652516264196828,0.8091666666666667,646.1316083767815,0.026491862473753923,1.0,0.7087564402223635,0.781170812449403,0.8338268773585493,0.6966666666666667,0.00910009027424279,0.003686471379751738
21040,0.0,0.8168319745842956,0.24748307578850004,0.8145833333333333,656.2246888895892,0.025264088004620447,1.0,0.7193149405784096,0.7898215483156138,0.8323921527637362,0.6966666666666667,0.007050014132144839,0.0046374041297057725
21041,0.0,0.7882853121872823,0.2634710698149418,0.8095833333333333,641.9919326013005,0.022733214847259577,1.0,0.6913393687083454,0.7568368164374849,0.8112842907833636,0.6925,0.006956813844831268,0.002499991402869787
21042,0.0,0.8253203358111215,0.25921669999728575,0.8166666666666667,652.4145739347632,0.015908814183292982,1.0,0.7226148040121391,0.8044791545081736,0.8482850513298549,0.6904166666666667,0.011400621903336426,0.0045429800594618056
21043,0.0,0.7875427938095573,0.2303037583119178,0.8054166666666667,663.6431466233184,0.01803190394131135,1.0,0.7010736967610195,0.7649962474417616,0.8102878330165248,0.705,0.010361256902871995,0.0049860200165707065
21044,0.0,0.8033810826889717,0.21953712729827957,0.8116666666666666,638.7031827224098,0.025586080178338022,1.0,0.7099798450133482,0.7826806071684396,0.8222089369990325,0.6916666666666667,0.013841862549366162,0.005049281457187064
21045,0.0,0.8008658547792663,0.2430752731914705,0.80625,654.8126477885842,0.020853275936203283,1.0,0.70024393073138,0.7737873124268083,0.8308146981335404,0.6920833333333334,0.013532816015043381,0.004072181669488605
21046,0.0,0.8009734875397394,0.24764910710593388,0.8104166666666667,645.908949998508,0.014407842934457859,1.0,0.6979918903541351,0.7778844094411939,0.8220161685185617,0.6920833333333334,0.0048277492779987595,0.002270401113640487
21047,0.0,0.8265918458235828,0.26045864180351364,0.8208333333333333,639.8880257640188,0.026400650678510038,1.0,0.7361714210255835,0.8085746234512237,0.8397581644079997,0.6816666666666666,0.009273180927139526,0.00437298070404012
21048,0.0,0.7885956190682673,0.2505284752932805,0.8229166666666666,650.4303387899603,0.021470255488047655,1.0,0.7163710930466033,0.763449842893391,0.8096968173284858,0.68875,0.009859656853502353,0.005048037904562991
21049,0.0,0.8207537530528545,0.2699776817080377,0.8125,636.2537992061552,0.030972453539390616,1.0,0.70768483705894,0.7972505191497186,0.8517376383956479,0.68375,0.008971978329641453,0.0034860438098428662
21050,0.0,0.8182230351901526,0.26016710065112836,0.8079166666666666,657.2028815489691,0.020136034636231516,1.0,0.7172791203638801,0.7932692273291916,0.8339419442119487,0.7016666666666667,0.01092679864225787,0.005991854792800011
21051,0.0,0.7913060847634649,0.25851761738408796,0.8091666666666667,671.7172867598395,0.025087881286176693,1.0,0.7170548572768971,0.774956841428267,0.8150078671576964,0.7004166666666667,0.011892889074838597,0.0033121399823087734
21052,0.0,0.7824588338308893,0.24375574954707832,0.8008333333333333,640.3912800553039,0.017162197577145325,1.0,0.6928526541982845,0.7578930535558861,0.8138458815594516,0.6895833333333333,0.010735573700372205,0.0049577039033545664
21053,0.0,0.8081274609455036,0.2315644961915089,0.8129166666666666,636.846637360645,0.015241998529842262,1.0,0.7120052251107517,0.7942769126219489,0.8282713477120114,0.6858333333333333,0.010015211359858073,0.00396508978673391
21054,0.0,0.8062252490879455,0.2499111761578283,0.8141666666666667,657.8096052782611,0.0247479374401224,1.0,0.7070687306904746,0.7825132766888584,0.8254333473931232,0.70375,0.009512442846428527,0.003960926030562938
21055,0.0,0.8032520273052306,0.26975649088222714,0.7920833333333334,642.0904711121584,0.02303735742415756,1.0,0.7063416082370356,0.7806223755663975,0.8279204507069297,0.6791666666666667,0.011943461298801906,0.004637477016107222
21056,0.0,0.8147901893487481,0.2396888930125484,0.8091666666666667,639.9952334303405,0.01792024572994762,1.0,0.7229424952162145,0.7910657474058196,0.8335030366440308,0.6866666666666666,0.007727040681762782,0.002219463759080229
21057,0.0,0.795466227253775,0.2547901236200465,0.8095833333333333,670.0006877289665,0.023107308730220086,1.0,0.7210163800675634,0.7814957525793818,0.8182699708553847,0.7058333333333333,0.007011150913925484,0.004875999426513545
21058,0.0,0.7881203314297776,0.2592927283415323,0.8008333333333333,667.3102353587706,0.018684783686745286,1.0,0.696864770906052,0.7612463967314999,0.8034909131065483,0.70625,0.007734558336093104,0.002337840920597205
21059,0.0,0.7941567311972538,0.26215098101317647,0.8158333333333333,660.1592757025182,0.014403850361797156,1.0,0.6846152002288269,0.767811987795923,0.8199775745446256,0.6929166666666666,0.011168152438756114,0.003225725945035261
21060,0.0,0.8076642975232686,0.23134670469933297,0.81375,663.7924358487837,0.02088181056561431,1.0,0.7159677300984753,0.7907217362032265,0.8237904277463516,0.6941666666666667,0.011750478147071282,0.004190743587536438
21061,0.0,0.8111042778241263,0.2780813527737363,0.8108333333333333,653.3588401836495,0.025734330942429866,1.0,0.7283316164464112,0.7812481830868583,0.8345961404351445,0.6954166666666667,0.008163714920874483,0.0041561322433994515
21062,0.0,0.8164419858938643,0.2645365285807851,0.8158333333333333,626.4913411586327,0.019976827991270887,1.0,0.7102024759412461,0.7843070518332492,0.8337741226619693,0.6820833333333334,0.009475696632458327,0.004728208329792374
21063,0.0,0.7821647621019124,0.21926135333574895,0.7975,656.1396467476278,0.02126549659528678,1.0,0.7046671746048567,0.7636666899622008,0.8035951492022322,0.6995833333333333,0.014531299036123284,0.0064225928461830355
21064,0.0,0.8124821314221834,0.2594695933316896,0.8,656.4836441574248,0.022274467661635815,1.0,0.7373868348003537,0.7872216870093981,0.8267276267606782,0.6916666666666667,0.007762709717117392,0.004089231382067576
21065,0.0,0.8025564531171362,0.24393562663519824,0.81875,664.2531528800621,0.015518144196944954,1.0,0.7241135773683719,0.7818584059739303,0.8328345987061504,0.7058333333333333,0.008382982224194988,0.005476835780835274
21066,0.0,0.791867857882335,0.2780090826566725,0.8054166666666667,654.6238267865024,0.02948785534022839,1.0,0.7003293000053751,0.7754778994328408,0.8216017616738508,0.6954166666666667,0.013914776066899497,0.008008076458858635
21067,0.0,0.7846368499574093,0.2713813512296539,0.79375,629.3883994981747,0.022713413036230513,1.0,0.6877394794220143,0.7626879228705721,0.8116233668460054,0.69,0.00909110598796044,0.004101021624564804
21068,0.0,0.775643753887657,0.2412203400311021,0.7991666666666667,656.7212221097557,0.016059541604071883,1.0,0.6789606514913265,0.7532380930735598,0.7976389159070267,0.6958333333333333,0.00868467917807567,0.0031369003903879786
21069,0.0,0.80734484773071,0.23055444513266332,0.8054166666666667,646.4583556000289,0.024126650100197065,1.0,0.7111793045603771,0.7863513271492303,0.8204008633655542,0.6908333333333333,0.012274466825272846,0.0032451368852343195
21070,0.0,0.8105662274544411,0.27211089392766113,0.805,656.6882387953963,0.016491058585735102,1.0,0.7132720469120676,0.7779365031011771,0.8379162644629709,0.6975,0.009550549327563914,0.0029244205155004627
21071,0.0,0.7941962605737499,0.2302579133723955,0.7908333333333334,671.2084836097767,0.018301523804349733,1.0,0.6996870939348807,0.7755303818895691,0.8163235461584075,0.6970833333333334,0.011625303913978273,0.006575138831851945
21072,0.0,0.7901270578246308,0.24993541650525153,0.8070833333333334,643.0730355311348,0.024013736278147874,1.0,0.6990913698379628,0.7697814266004622,0.8086130201359017,0.6833333333333333,0.007251641206080303,0.003301444110428322
21073,0.0,0.807509218411884,0.2496049484973738,0.81375,634.4391159405793,0.025736313019307677,1.0,0.7166242409085439,0.7826266016132705,0.8294039907492826,0.6779166666666666,0.012356703538289798,0.005337692959506062
21074,0.0,0.7704417358766926,0.245599033651059,0.8070833333333334,638.1198070318034,0.020352592733232765,1.0,0.7015999932377874,0.7553904114426314,0.795503731724005,0.6845833333333333,0.0059803631427026,0.00294530901703865
21075,0.0,0.8009015767215404,0.24004350819735173,0.8120833333333334,668.7992067547096,0.012591568520308329,1.0,0.6968427465497401,0.7801608897428669,0.8151845952419122,0.7041666666666667,0.014992706522144872,0.004640613758099346
21076,0.0,0.7964145207153226,0.23883736572609016,0.8108333333333333,647.8119309709759,0.014514354060528912,1.0,0.7140847910370478,0.7767340267857301,0.8151255330139109,0.6925,0.013300061480144518,0.004736952812279528
21077,0.0,0.8025877497452664,0.2695844606421275,0.8133333333333334,621.9284346258937,0.025158200521262247,1.0,0.7040383584812647,0.7753693925288054,0.8216221752317153,0.6816666666666666,0.007707201494049649,0.004342931120874504
21078,0.0,0.7761137109208311,0.2610869739818317,0.8033333333333333,652.9590179396722,0.015813147565171937,1.0,0.6920796989794893,0.7544485085226853,0.8030362329380937,0.69375,0.016026919065342333,0.004518024633696428
21079,0.0,0.7971493677513851,0.24850225268568324,0.82,660.0190871194327,0.02480533228705348,1.0,0.7116045254919174,0.7743069921039166,0.8182630780875972,0.6983333333333334,0.008351150719966617,0.004904979654947437
21080,0.0,0.7838936444428618,0.2484849310451829,0.7983333333333333,666.3810519689417,0.0174074037152158,1.0,0.6934733611316991,0.7605979694715018,0.8043199748210181,0.69375,0.01140526862630847,0.004891323883719538
21081,0.0,0.8177947905481175,0.24796748511192612,0.8275,650.49794716295,0.02149614630197426,1.0,0.7312778245115402,0.8037477726927528,0.8379081830502509,0.69125,0.009499411081339868,0.0044192264461596215
21082,0.0,0.798021038612897,0.25563104832032274,0.8154166666666667,640.4790222614322,0.0245500658894641,1.0,0.7015871264585922,0.7814646937260402,0.818558234864449,0.6904166666666667,0.00954724421182823,0.0033740865015496483
21083,0.0,0.7879627997624892,0.23271999273959942,0.8066666666666666,666.790541017981,0.01752149927790235,1.0,0.6947023527726753,0.765785062117022,0.8133852075921085,0.7025,0.008329994692573799,0.0036971415862574863
21084,0.0,0.8138947233024717,0.23815444789794485,0.8175,654.7723219337005,0.014641997760667387,1.0,0.7145475285103421,0.7926226994804207,0.8327105739744711,0.6979166666666666,0.011503555387840316,0.006233157588804384
21085,0.0,0.7950365070985059,0.24338824108461532,0.805,640.7400040843816,0.02010831852316204,1.0,0.710691011115645,0.7782263309010352,0.8102710999620821,0.6904166666666667,0.013545008104571382,0.00544908365628996
21086,0.0,0.7954728735295996,0.25956807295436296,0.8120833333333334,680.9646886863385,0.019144687318590446,1.0,0.7108790390065465,0.7763439060513224,0.8222328709025354,0.7070833333333333,0.007329652288404892,0.0032632455723345245
21087,0.0,0.7909464083124802,0.24798817389129152,0.81875,641.9677589127809,0.019877106609435754,1.0,0.6920339996669382,0.76077008263455,0.8129303124883359,0.6870833333333334,0.010195929637640277,0.007232385696090985
21088,0.0,0.817224356366665,0.2856475444687449,0.8279166666666666,677.9960370637673,0.02483962539588546,1.0,0.7172468798273193,0.7906238669802149,0.8484461778654718,0.7070833333333333,0.019063030631329952,0.006510905913602131
21089,0.0,0.7830566705965535,0.22936746112099457,0.8075,642.5895810125827,0.022369832487937603,1.0,0.6911524453485061,0.7679964765368704,0.8107607470409787,0.6970833333333334,0.0105778426444066,0.0057027831026157235
21090,0.0,0.7941656498298161,0.24701565327878114,0.8108333333333333,663.4783903605119,0.01932468597718887,1.0,0.7193483170875817,0.7829338242513938,0.818698654870735,0.7025,0.010841091795735034,0.007106169160083153
21091,0.0,0.7915465881951053,0.26632575839899847,0.8141666666666667,643.0575413695551,0.01371106136568419,1.0,0.6951455936497709,0.7652016091339472,0.8122210514252096,0.6904166666666667,0.012613339035007557,0.005419795036635144
21092,0.0,0.8073077644067832,0.23956114051187116,0.8104166666666667,686.1313344441185,0.01439314834556078,1.0,0.7243748915722817,0.7924907691297661,0.8214301179785942,0.7129166666666666,0.010421574903316981,0.004569581500525602
21093,0.0,0.8020652371236606,0.23759878323363193,0.8129166666666666,630.7049061159144,0.01667311276834639,1.0,0.7143823566936253,0.7714662440471793,0.8241981470554619,0.6954166666666667,0.011256829325286112,0.007149646398167146
21094,0.0,0.779802918559903,0.25388260853837197,0.8020833333333334,662.2452992164463,0.01879243229453732,1.0,0.6899641612723436,0.7560123320245977,0.8026468833461302,0.685,0.009004759013533111,0.004441100422660097
21095,0.0,0.8164822278001321,0.26297557881835576,0.8166666666666667,636.6026183884131,0.020588171448451962,1.0,0.7227577903800583,0.7978736778413966,0.8385359669333186,0.68875,0.011922443570910336,0.004956896387856197
21096,0.0,0.807993981418463,0.2656257671986517,0.8091666666666667,649.5366954819475,0.016528588872671,1.0,0.6927504162962753,0.7741127937179768,0.8350434987866124,0.6870833333333334,0.007085093545166751,0.0019708576975128213
21097,0.0,0.8196126540987899,0.266619738554947,0.8075,607.4427439592612,0.0211542546648943,1.0,0.7255767290054265,0.7962977416918801,0.8329835075207738,0.6816666666666666,0.009143021488999065,0.005263923071252354
21098,0.0,0.8088799853489986,0.2514064865150088,0.8183333333333334,648.3434323585766,0.012842692028631312,1.0,0.7109535863993912,0.7777056746666595,0.8332208337887133,0.69875,0.006887453444803316,0.004196129782637074
21099,0.0,0.8106201619531882,0.25095704110026984,0.8208333333333333,653.0720349100291,0.018230500366651994,1.0,0.7166692022695295,0.7887237496690752,0.8278365957096459,0.6995833333333333,0.009394648345224403,0.006165079202938444
21100,0.0,0.814075333966764,0.26604050025526055,0.8083333333333333,653.4876597747615,0.01678169977216569,1.0,0.7304039248056005,0.7953706910383582,0.8426640244538983,0.6975,0.0062436829840465434,0.0029739073315040243
21001,0.25,0.7961505248016166,0.24226295992524519,0.80375,639.0063372830593,0.01929333064368368,1.0,0.711217718495309,0.767127794648482,0.826372165948626,0.6879166666666666,0.014165592810856928,0.005148682003200318
21002,0.25,0.8116898147160635,0.2620130597393863,0.80625,653.5237142995729,0.015363703655980216,1.0,0.7182932708101217,0.783022915929388,0.8426202826674724,0.6916666666666667,0.009399037801814645,0.003322404626365246
21003,0.25,0.7952934585622567,0.24530734711701982,0.8054166666666667,649.9808154163046,0.01902774528487061,1.0,0.7100527860113216,0.7758364031100626,0.8211905831650255,0.6954166666666667,0.009517899908776984,0.0032066005149210355
21004,0.25,0.8350075346512633,0.2328930134462119,0.8170833333333334,665.9440099073511,0.02637924170129202,1.0,0.74318187669813,0.8099464995511424,0.8494874471030822,0.70125,0.011858796534507672,0.007226867557459619
21005,0.25,0.8136461627028293,0.2491460486292679,0.8054166666666667,657.8368159090063,0.015242490259883378,1.0,0.732796508069851,0.8010073559817577,0.8342145015779424,0.6875,0.00981769068712567,0.003046079539591504
21006,0.25,0.7980952691806186,0.24425831596611922,0.8041666666666667,648.3583114921971,0.019398203982948826,1.0,0.6946838837255761,0.7675744033751478,0.814998243093408,0.6904166666666667,0.010776022434464048,0.004987936619226772
21007,0.25,0.8035695913329959,0.2556488612427014,0.8133333333333334,634.0478368601036,0.012115394456647376,1.0,0.6991924035940688,0.7851589461205913,0.8275270310339048,0.6866666666666666,0.009516244670956677,0.002964347830220102
21008,0.25,0.7972490137788603,0.2595175585384564,0.8154166666666667,672.2382550774939,0.022195762960497998,1.0,0.6877006929990149,0.77275036958566,0.8162838659850098,0.7029166666666666,0.005748603015280064,0.003009755595078854
21009,0.25,0.7917765346654255,0.2585521455813699,0.8029166666666666,640.8805312107064,0.023194327184929996,1.0,0.7007696490163877,0.7697918543836016,0.8108907966718586,0.6883333333333334,0.006976999058331333,0.0028424017970871615
21010,0.25,0.8053134967896937,0.2586966015545867,0.8108333333333333,653.9587134804669,0.017201144351324492,1.0,0.71213721478086,0.7874234203911333,0.8238313335338859,0.7033333333333334,0.008640450390297066,0.00394619705668632
21011,0.25,0.8193066333813904,0.260750773499646,0.81625,647.9545347673744,0.02427180331782097,1.0,0.752473679236122,0.8002680221649194,0.838264507439292,0.695,0.006918720266764905,0.002320107935015617
21012,0.25,0.8169240534142034,0.21133455879338164,0.8075,646.6043399709147,0.019063730711872076,1.0,0.7454017934524769,0.8050965202698058,0.8327894465518787,0.6875,0.010391101337719795,0.0026400434884737076
21013,0.25,0.8090818517842122,0.24771408504787795,0.805,629.3016498000433,0.019336256387786303,1.0,0.722003625634271,0.780150897200868,0.8340236580936371,0.6758333333333333,0.01166040532689528,0.004554414905676735
21014,0.25,0.8045654008326599,0.25285097867451684,0.8033333333333333,649.3708200721858,0.01439845580093502,1.0,0.7109629327631459,0.7870672723997196,0.8278261149322675,0.6966666666666667,0.008764768431891161,0.0031934144111954756
21015,0.25,0.7836853473265883,0.23113169136364822,0.805,634.5447425164614,0.014346324068526737,1.0,0.7012450504713604,0.7719098749526664,0.8067919098363491,0.6979166666666666,0.00918646522171966,0.0038289320403166326
21016,0.25,0.805223508539616,0.2503675903885925,0.815,645.9058455344069,0.025201451532839796,1.0,0.6942746863880694,0.7748488626745416,0.8226125531664974,0.69875,0.007615484806522573,0.002708659936542245
21017,0.25,0.8330171472003043,0.263436065750644,0.8133333333333334,650.31672585771,0.015782279851648665,1.0,0.7330933445907621,0.8034709834967706,0.8541021380376066,0.6970833333333334,0.011257023941207481,0.0039762474214262555
21018,0.25,0.8231749804707318,0.267161061478073,0.8070833333333334,636.4618353766926,0.020626871858860498,1.0,0.7042424236814162,0.7900844956896973,0.8431359586863839,0.6916666666666667,0.007750723727075104,0.004999893198356272
21019,0.25,0.8278981078457007,0.24415131714809024,0.8154166666666667,643.1389553002211,0.02075123467850981,1.0,0.7356374232517026,0.8086197311144241,0.8461298380147639,0.6929166666666666,0.012801066094253521,0.005334255273198043
21020,0.25,0.80173084602353,0.2455694629027117,0.8154166666666667,654.5850256662886,0.020729554828723292,1.0,0.7061039406403348,0.7848689395060132,0.8185022936840697,0.68875,0.007796383937520757,0.002589990465450766
21021,0.25,0.7823096069070439,0.26486869029405696,0.8054166666666667,634.41649613386,0.022860514168394352,1.0,0.680065277940981,0.7600448465534678,0.8115003377328314,0.6783333333333333,0.006046072535019458,0.0030845308778040936
21022,0.25,0.8110546733338306,0.2331015100806488,0.8095833333333333,639.3327893376601,0.014284504464727982,1.0,0.7016426413951197,0.7772443034584433,0.8284608009777262,0.68375,0.009523394858640009,0.002352786035759397
21023,0.25,0.8147833822453452,0.27690181123483754,0.82125,655.8716050402538,0.011054112235521696,1.0,0.7236420439073757,0.7869872006192447,0.8371066709933469,0.7058333333333333,0.00657194878796844,0.0029933184609340297
21024,0.25,0.8221502999756061,0.23661999651172458,0.8141666666666667,676.1523357570413,0.013872369372979731,1.0,0.718026455427732,0.7900279022846949,0.8354439579859672,0.71,0.010597603389355875,0.007675699707968094
21025,0.25,0.7999961181936426,0.24313549344261987,0.8070833333333334,672.6810308558967,0.02249768523137798,1.0,0.7146310663986699,0.7747369625817515,0.8231859142150156,0.7045833333333333,0.00753315161030015,0.003577710219126824
21026,0.25,0.7986110510986482,0.25241877357455256,0.8058333333333333,691.6285794757861,0.027571921131758197,1.0,0.7108398324205418,0.789356346821379,0.8126786240140078,0.7145833333333333,0.006699542990339788,0.0036253693730742484
21027,0.25,0.7926196248039371,0.2760802146528412,0.8158333333333333,654.436170307383,0.021349943155307693,1.0,0.6943737895337795,0.7690614645751019,0.8255673416561646,0.6925,0.006783668670698525,0.0021900914427709747
21028,0.25,0.8047579564976032,0.23935679378095848,0.80375,665.389761773414,0.020022227807977074,1.0,0.7073537821016899,0.7811588188007351,0.8229060568951614,0.7033333333333334,0.006532445462706922,0.0034954137464450145
21029,0.25,0.8036482008633864,0.23487911414509763,0.81,629.169972041563,0.02692905281930248,1.0,0.7176556645905936,0.7877012363698054,0.8270531294046858,0.6858333333333333,0.00974659157968119,0.004155601609518043
21030,0.25,0.7921959961706035,0.2643521730413769,0.8145833333333333,648.7234599329452,0.019121882602920283,1.0,0.7183957536297413,0.7715359852355285,0.8115091017532797,0.7,0.005374665049413288,0.002768391560383614
21031,0.25,0.7932988968864658,0.23487699742327206,0.81,663.655430137846,0.013522176310364023,1.0,0.7100868227819638,0.769711916351071,0.807213973793658,0.6966666666666667,0.009963528538916482,0.005425833316463779
21032,0.25,0.7907325676260079,0.2559440031261433,0.8054166666666667,647.8015295486304,0.025223103620715014,1.0,0.6983582218635003,0.7663812147979607,0.815905327344435,0.6829166666666666,0.006520929005436353,0.0033668141203070526
21033,0.25,0.79083296931288,0.24321660455445,0.8075,632.3953878992711,0.03202648372035264,1.0,0.6923210297824763,0.7747685581677384,0.8245305024925362,0.6875,0.006555570356576639,0.0029613319098003247
21034,0.25,0.8009086458269475,0.2521900625313818,0.8120833333333334,633.0567717206948,0.01710255023455223,1.0,0.7136120396306785,0.7726486157349207,0.8219562707568288,0.6829166666666666,0.00821147484948846,0.003190608201880917
21035,0.25,0.8213202955002696,0.24993578588393134,0.8220833333333334,638.2950459697809,0.01898220141593372,1.0,0.7397067348662906,0.807645368521294,0.8387599232615675,0.6904166666666667,0.01359765280215361,0.003449995435672045
21036,0.25,0.8259617651140622,0.2802712152254628,0.8225,656.7897985624029,0.017221412427489768,1.0,0.7144644627561324,0.7917823206026542,0.8524109847480298,0.7004166666666667,0.012089561218364757,0.00598038444221492
21037,0.25,0.8013742259218277,0.21073927572565287,0.8233333333333334,663.0260170744702,0.025632235493704268,1.0,0.7205176010008274,0.7867095564789547,0.8203108796400246,0.7016666666666667,0.007999501671485358,0.003952455653970215
21038,0.25,0.8038264855604256,0.23452792584535898,0.8075,632.3575589128583,0.02689501181071053,1.0,0.7073428380477478,0.7766352748597695,0.831156785047791,0.6916666666666667,0.012932789793542605,0.004230248558568239
21039,0.25,0.8106919647005831,0.2747528459744494,0.8091666666666667,630.115464880691,0.02717356575850335,1.0,0.7052632422019312,0.7798292668855678,0.8450352736050831,0.6875,0.009841722272658308,0.003686471379751738
21040,0.25,0.8143632704141534,0.24691965733998036,0.8145833333333333,655.3202815097188,0.022747807758105042,1.0,0.7172227514710835,0.7876574181303861,0.8367967652754948,0.6945833333333333,0.006674089012172632,0.0046374041297057725
21041,0.25,0.7879028085315898,0.2662174089934379,0.8095833333333333,644.0119095809168,0.024050514362991347,1.0,0.694501482796623,0.7576048822287481,0.8115821511904321,0.6941666666666667,0.006977733021353139,0.002499991402869787
21042,0.25,0.8235912090914722,0.26386118236824946,0.8166666666666667,639.8267691276301,0.019724451022387166,1.0,0.7178638111185797,0.8043789484702675,0.8474527184801783,0.6854166666666667,0.011315832216222767,0.0045429800594618056
21043,0.25,0.79255919997736,0.23475129095104164,0.8054166666666667,663.97987589506,0.01754776809356928,1.0,0.7046746302638678,0.7715227232050931,0.8129304129469543,0.7041666666666667,0.009965279660139895,0.0049860200165707065
21044,0.25,0.8131887367346488,0.22607187629804193,0.8116666666666666,640.774523395591,0.023950679926801118,1.0,0.7245670922886742,0.7895199644257137,0.831784902568734,0.6908333333333333,0.013321131799787339,0.005049281457187064
21045,0.25,0.8066314614868794,0.23891054424072955,0.80625,665.78202373789,0.020105577165872152,1.0,0.7021492888817086,0.7786344993626958,0.8319364155016876,0.6975,0.013240378726030103,0.004072181669488605
21046,0.25,0.8102576676911957,0.2537715786129564,0.8104166666666667,649.5232151996747,0.0167318170092748,1.0,0.7017739691643823,0.7852342722466203,0.8334062322516225,0.69125,0.004908070289028952,0.002270401113640487
21047,0.25,0.8260279719831514,0.2465701622086226,0.8208333333333333,651.9903630776024,0.02466750453638632,1.0,0.7441688937811504,0.8110807415109677,0.8355186770689365,0.6895833333333333,0.009515873169665472,0.00437298070404012
21048,0.25,0.787268613231705,0.25856073465882895,0.8229166666666666,633.2215151121557,0.023895059211493486,1.0,0.7145364524137859,0.7602593874796161,0.8123220214927424,0.6795833333333333,0.010291620532816017,0.005048037904562991
21049,0.25,0.8198051822113039,0.26888716746026925,0.8125,641.9250721344345,0.035256816852737016,1.0,0.7033377601512711,0.7935329737001395,0.8490602031940078,0.6866666666666666,0.008752337488106178,0.0034860438098428662
21050,0.25,0.8250906389940829,0.26603752122191787,0.8079166666666666,648.1531010290566,0.020635450703469206,1.0,0.7190179556862867,0.7989100808777535,0.8403233182563097,0.6945833333333333,0.011205856580904124,0.005991854792800011
21051,0.25,0.7874217162218842,0.26079282263302556,0.8091666666666667,654.2498302351132,0.02190044869733936,1.0,0.7152247487075133,0.7714483913249673,0.8143941444534613,0.6929166666666666,0.012988446203635352,0.0033121399823087734
21052,0.25,0.7834430709699534,0.2390354033241014,0.8008333333333333,647.6717263392362,0.013134587372225042,1.0,0.6849647192212082,0.7570033761572488,0.8181134736315897,0.6929166666666666,0.010438866556772416,0.0049577039033545664
21053,0.25,0.8083317733112183,0.24262812720791266,0.8129166666666666,640.2828772500527,0.014479599523492521,1.0,0.717328335627333,0.7965812492280019,0.8339409977252894,0.6870833333333334,0.009481986780793423,0.00396508978673391
21054,0.25,0.8064674526109867,0.25391803105697436,0.8141666666666667,663.0525632059438,0.022675255710872203,1.0,0.7027752600077579,0.7802544607772374,0.8279556030406885,0.705,0.010624672384349918,0.003960926030562938
21055,0.25,0.8080094753487965,0.26804851740116425,0.7920833333333334,642.8517014261342,0.02054880330790481,1.0,0.7131852143287059,0.7840674733399083,0.830239189417512,0.6795833333333333,0.012113542455871339,0.004637477016107222
21056,0.25,0.8183909348954861,0.24164220320027724,0.8091666666666667,649.7902517295726,0.017235587468389643,1.0,0.7288271370524156,0.7932627650742448,0.8402310459689915,0.6945833333333333,0.007651132768822524,0.002219463759080229
21057,0.25,0.8003812366677084,0.2534967798936578,0.8095833333333333,684.3972790552083,0.02441223237538214,1.0,0.7162584493248969,0.7810037058190751,0.8232851861827001,0.71375,0.007341590901242427,0.004875999426513545
21058,0.25,0.8014563305929563,0.24464372384187852,0.8008333333333333,665.5215007063825,0.019812367692737084,1.0,0.711645691277252,0.7768732830197019,0.817146211977609,0.705,0.008069022660211884,0.002337840920597205
21059,0.25,0.792346651443268,0.25423485731274825,0.8158333333333333,658.7916487971602,0.01565662957960748,1.0,0.6846380660118846,0.7669580165427361,0.8224197898238657,0.6925,0.011327804239977719,0.003225725945035261
21060,0.25,0.8187758613024828,0.24418533711400744,0.81375,656.9633824105008,0.028393328335823337,1.0,0.7213144174692747,0.7962389569950115,0.8331302486407979,0.6920833333333334,0.011014200761560249,0.004190743587536438
21061,0.25,0.8218272364564554,0.2771327909231323,0.8108333333333333,636.4937376516602,0.023297008561766475,1.0,0.7389101924563184,0.7905510691737412,0.8478805309573245,0.68625,0.00848203066553293,0.0041561322433994515
21062,0.25,0.8165129886240343,0.2642327050382136,0.8158333333333333,631.985450778214,0.020084603352689405,1.0,0.713947357315838,0.7836768979734368,0.8362825315061911,0.68375,0.009746970451430057,0.004728208329792374
21063,0.25,0.7826789203597977,0.23585720186725978,0.7975,650.0096141217538,0.022903704983156258,1.0,0.7029125249704622,0.7577548073230738,0.8087500557283975,0.6966666666666667,0.014869408124570906,0.0064225928461830355
21064,0.25,0.8198874083080138,0.2603084654022762,0.8,651.0832305757468,0.02202119268003928,1.0,0.7453821152743719,0.7943499509986961,0.8339158473603394,0.6875,0.00768034144232271,0.004089231382067576
21065,0.25,0.8097435778048101,0.23659296053488776,0.81875,634.6275305395002,0.019693786780945532,1.0,0.7365760946450322,0.789530945968648,0.8353081613996751,0.6908333333333333,0.008731382752497291,0.005476835780835274
21066,0.25,0.7962059567118206,0.2782493269184613,0.8054166666666667,657.8836962534313,0.02947902390661789,1.0,0.7042845164154999,0.7769056805486778,0.8259423923580713,0.69875,0.01404017805100644,0.008008076458858635
21067,0.25,0.7776344846875441,0.26852756082895235,0.79375,626.6833201989916,0.024619009789280735,1.0,0.6838121149635321,0.7569111670123841,0.8035469372108665,0.6895833333333333,0.009232593619930922,0.004101021624564804
21068,0.25,0.7794363150614588,0.24927454837561025,0.7991666666666667,666.2440627768917,0.015870765299413666,1.0,0.6785231132256915,0.7563501075514301,0.8047068680027772,0.7008333333333333,0.008179255248520567,0.0031369003903879786
21069,0.25,0.8121609122462397,0.24091410845577457,0.8054166666666667,656.6957199578524,0.024586681814993527,1.0,0.7041622324495371,0.7852494896838698,0.827952163585,0.6966666666666667,0.011681710506460273,0.0032451368852343195
21070,0.25,0.8234556994894617,0.2787943741129364,0.805,653.0259383709017,0.02053307015249302,1.0,0.7249041551073073,0.788570799014524,0.850988017684137,0.695,0.009969810155994198,0.0029244205155004627
21071,0.25,0.7987154440468196,0.22382528648758454,0.7908333333333334,670.655947409937,0.019490515841064083,1.0,0.7049123913886216,0.7826432356740513,0.82317513336527,0.6970833333333334,0.01174574862709203,0.006575138831851945
21072,0.25,0.7993989687054195,0.24453696427698987,0.8070833333333334,638.4401692587301,0.026015104859802123,1.0,0.7107978029272032,0.777557895207271,0.8151814883260599,0.6808333333333333,0.007784187453544939,0.003301444110428322
21073,0.25,0.8095588142454612,0.25753818666791733,0.81375,635.3060268145655,0.02790189355606239,1.0,0.7142610279206502,0.7864033797512311,0.8344142974495662,0.67875,0.01170007031711416,0.005337692959506062
21074,0.25,0.7752316053337694,0.24510865301827223,0.8070833333333334,648.3701980788046,0.018774679203747275,1.0,0.7056021885714433,0.7613942816020759,0.7996207353050429,0.69,0.006216829083888765,0.00294530901703865
21075,0.25,0.8012236656919657,0.2521067092927955,0.8120833333333334,681.4282907897435,0.011964890135480868,1.0,0.6906928304690217,0.7789233745573485,0.8172329834232116,0.71,0.014320585717718614,0.004640613758099346
21076,0.25,0.7964703406704358,0.2323506193447535,0.8108333333333333,631.2790464252193,0.015447813191324797,1.0,0.7152683078532049,0.7769171414804144,0.8157019046802467,0.6829166666666666,0.014155063344599927,0.004736952812279528
21077,0.25,0.8014569402191538,0.26700125626539933,0.8133333333333334,632.388563481642,0.022761499765020836,1.0,0.7019192185097521,0.7706445457871175,0.8233871706935308,0.6879166666666666,0.00716023720355967,0.004342931120874504
21078,0.25,0.7820777294663099,0.2608221234167836,0.8033333333333333,653.5981305291411,0.014884856600777818,1.0,0.6909493171909683,0.7537285751026177,0.8116944213184585,0.695,0.015812361666477058,0.004518024633696428
21079,0.25,0.8003008956948408,0.2531885603532896,0.82,640.801396870921,0.028433004843164487,1.0,0.7136540540142007,0.7773014784492206,0.8232839132420149,0.69,0.008743449530426559,0.004904979654947437
21080,0.25,0.7846935704023738,0.24619746502682008,0.7983333333333333,663.6723042218337,0.016286621184771248,1.0,0.6855543555045159,0.7594875995723277,0.8021170999501228,0.6929166666666666,0.011892856040770571,0.004891323883719538
21081,0.25,0.8322186082320997,0.2543668635236362,0.8275,639.4551958412671,0.021381402446954495,1.0,0.7418096081117939,0.8190311138604812,0.8517879793253349,0.6870833333333334,0.009637662496962343,0.0044192264461596215
21082,0.25,0.797209550364957,0.24230351095485578,0.8154166666666667,642.0102371897326,0.02305594045247371,1.0,0.6998430680812141,0.778439630592202,0.8165035737168314,0.6920833333333334,0.009686607088529083,0.0033740865015496483
21083,0.25,0.7862531794081816,0.23928713706359356,0.8066666666666666,664.4102412140957,0.020079248341971213,1.0,0.6884779143444657,0.7604873153923106,0.8134858652199191,0.6991666666666667,0.008309784902765316,0.0036971415862574863
21084,0.25,0.8115684438732186,0.23196163603756398,0.8175,658.5761089280408,0.013802502957336744,1.0,0.707744378518142,0.7919181427539232,0.8316056898282159,0.7,0.011884428048267021,0.006233157588804384
21085,0.25,0.8050792059626979,0.24031513146160988,0.805,642.9290445053294,0.01922096423094755,1.0,0.7214741001428315,0.7861984876259092,0.8264910582346143,0.69125,0.013048842244878749,0.00544908365628996
21086,0.25,0.8051223882691342,0.24955757541751059,0.8120833333333334,670.0915488251511,0.017742557655177457,1.0,0.718126080547515,0.7866509517798547,0.8291903348016364,0.7020833333333333,0.0077393260231443045,0.0032632455723345245
21087,0.25,0.7921243128990672,0.26778960365046706,0.81875,646.4303196339949,0.022379604217542017,1.0,0.6907709098712534,0.7540986632786645,0.8182359318389092,0.6891666666666667,0.010265619768153775,0.007232385696090985
21088,0.25,0.8304453736535937,0.29917395469444374,0.8279166666666666,671.6099740747898,0.026755568308865083,1.0,0.7259663342233876,0.802233675244946,0.861869039445041,0.7041666666666667,0.018443501751547194,0.006510905913602131
21089,0.25,0.7812808786554574,0.22899081812519453,0.8075,649.6544911824369,0.025528718688674998,1.0,0.6873564456850579,0.7648473167922617,0.8121208841869058,0.7016666666666667,0.010380246815595025,0.0057027831026157235
21090,0.25,0.8039123779526538,0.24938783820703042,0.8108333333333333,664.57278828453,0.02169846717343939,1.0,0.7229267372832148,0.7897979085470468,0.827667757677767,0.7025,0.010145111651988812,0.007106169160083153
21091,0.25,0.8122118771350577,0.26090684122010477,0.8141666666666667,643.5491844881395,0.016087160945748205,1.0,0.7134371212891765,0.7845172938627614,0.8314222142811967,0.6920833333333334,0.012623392216019663,0.005419795036635144
21092,0.25,0.8098392892860815,0.2379660567827352,0.8104166666666667,667.888004377296,0.017097605617730677,1.0,0.726645983362493,0.793189268969218,0.8236718410462069,0.70375,0.010903287725722804,0.004569581500525602
21093,0.25,0.8198177129269123,0.23804242636520256,0.8129166666666666,630.452262296446,0.017143856079482354,1.0,0.7261823181897645,0.7868583727678348,0.8376860810555378,0.695,0.011577063411106326,0.007149646398167146
21094,0.25,0.7882152561182053,0.2511868850939643,0.8020833333333334,660.0635300545218,0.016578504023105498,1.0,0.69039410818627,0.7610568016467706,0.8108660543316092,0.68125,0.008850221815102697,0.004441100422660097
21095,0.25,0.8269858547269673,0.2640166238090648,0.8166666666666667,636.697579956847,0.02364973321573797,1.0,0.736452582894617,0.808407262423097,0.8440188722671744,0.6883333333333334,0.011881532279557527,0.004956896387856197
21096,0.25,0.8205318453061032,0.27348822593392347,0.8091666666666667,644.4925826397723,0.01643117080005737,1.0,0.7042563711836533,0.784872027926496,0.8458799864827445,0.685,0.007425101669633524,0.0019708576975128213
21097,0.25,0.8246431043958029,0.2677460824319976,0.8075,610.2342799627244,0.023817166822273264,1.0,0.7288760641678493,0.8031086946638456,0.8374159733114632,0.6820833333333334,0.009239970433817916,0.005263923071252354
21098,0.25,0.8173724594930792,0.2500258787765216,0.8183333333333334,661.403328044124,0.011293396782082705,1.0,0.7169938526182996,0.7851806963899014,0.8400752181524768,0.7054166666666667,0.007183607951386917,0.004196129782637074
21099,0.25,0.8258084862808311,0.25315456015500243,0.8208333333333333,673.8607732673472,0.02088833861287607,1.0,0.733482911646507,0.8069084053156192,0.8404595181192163,0.70875,0.00950979837105094,0.006165079202938444
21100,0.25,0.8164130171767646,0.260274983056138,0.8083333333333333,646.8922335079706,0.018715924257951693,1.0,0.730901556537274,0.7989428610056359,0.845672461484631,0.6958333333333333,0.006179302873080085,0.0029739073315040243
21001,0.5,0.7987314668910617,0.24427029658987404,0.80375,649.8604267096397,0.01873735363545717,1.0,0.714164646702681,0.7697581760783696,0.8278626104615261,0.6929166666666666,0.013570645394292884,0.005148682003200318
21002,0.5,0.8184502989796797,0.26235472008305777,0.80625,659.3194605999763,0.018109893657048917,1.0,0.7279808078335164,0.7915172600966369,0.8442178206386071,0.6954166666666667,0.008724462093193415,0.003322404626365246
21003,0.5,0.7944450029227559,0.24901297576787512,0.8054166666666667,641.7555384902893,0.020148761477082312,1.0,0.7013390944907072,0.7721198854021465,0.8238840920687905,0.69,0.010248567244903525,0.0032066005149210355
21004,0.5,0.8383948950593646,0.2347246481918813,0.8170833333333334,670.3792016839866,0.02524406003648532,1.0,0.7413645253684569,0.8101591588227804,0.8534784898925951,0.7033333333333334,0.01108483594379827,0.007226867557459619
21005,0.5,0.8257198183551475,0.25417730354147977,0.8054166666666667,651.93390373705,0.01615629445074256,1.0,0.7438355067991272,0.8109299608405877,0.8438988021804793,0.6854166666666667,0.0102041399416825,0.003046079539591504
21006,0.5,0.8099571547213803,0.24415637329537562,0.8041666666666667,638.2476152535903,0.020416754189979798,1.0,0.7091500465598367,0.780520358175597,0.8272543403135474,0.685,0.010170300480771324,0.004987936619226772
21007,0.5,0.8044791454781323,0.2528944523195004,0.8133333333333334,627.2487180625267,0.013476823360087774,1.0,0.7068295276288988,0.7879888972028729,0.828611618669164,0.68375,0.010394907080311497,0.002964347830220102
21008,0.5,0.7958264262376425,0.26210775874909054,0.8154166666666667,665.4822227783977,0.023576023611916644,1.0,0.6861773769611165,0.7723792989512686,0.8170284820337863,0.7,0.00581909569942555,0.003009755595078854
21009,0.5,0.7870683427286956,0.25639946791736085,0.8029166666666666,635.7274431515573,0.02363754723489338,1.0,0.696356435006284,0.7630059619625761,0.8067771135343039,0.685,0.007097844053675475,0.0028424017970871615
21010,0.5,0.8246216219597495,0.2589496422881364,0.8108333333333333,661.9787085203443,0.0175335949826881,1.0,0.7284120011100865,0.8073931600844501,0.8410779594957515,0.7075,0.008526621321454009,0.00394619705668632
21011,0.5,0.8209579552599721,0.2520175327340688,0.81625,653.9986180408778,0.023277764748320526,1.0,0.753968006751791,0.8029554423629087,0.8392617127215801,0.6995833333333333,0.006544033075594765,0.002320107935015617
21012,0.5,0.821991103863244,0.21869400880729448,0.8075,655.379901348151,0.019319645077033494,1.0,0.7350962711285703,0.8042230832062892,0.8362896777425877,0.6916666666666667,0.009378148510346775,0.0026400434884737076
21013,0.5,0.8187299666112311,0.25337638571178883,0.805,621.3394466567554,0.022587053852019964,1.0,0.7202900066521749,0.789239438649839,0.8403747376127414,0.67125,0.011151310176658073,0.004554414905676735
21014,0.5,0.8041873277085085,0.25280176775809404,0.8033333333333333,642.6619508020292,0.015693271814476845,1.0,0.7061786823222913,0.7848607523429153,0.8292633151485096,0.6925,0.009761013104387309,0.0031934144111954756
21015,0.5,0.7936675247169627,0.242026363521593,0.805,634.9991431479032,0.021732994539667025,1.0,0.7100359028214159,0.7796684831684578,0.8166135996980338,0.7,0.008943141936285382,0.0038289320403166326
21016,0.5,0.8137216492036597,0.25544182786585234,0.815,655.6732199027477,0.02356108113833265,1.0,0.6991880972080956,0.7834767461491053,0.8326946824310881,0.7041666666666667,0.007800771048008535,0.002708659936542245
21017,0.5,0.8376949590766676,0.26555277818730477,0.8133333333333334,638.1517251712346,0.013834649090130265,1.0,0.7370992072321545,0.8074352788015076,0.856999508209012,0.6895833333333333,0.011423437884055473,0.0039762474214262555
21018,0.5,0.8249145616631187,0.2710078627643548,0.8070833333333334,634.163122983434,0.024758363371376466,1.0,0.7048947923325307,0.7921824423089274,0.8502156883549626,0.6895833333333333,0.007501767341611198,0.004999893198356272
21019,0.5,0.8220889185307436,0.24220567343958,0.8154166666666667,650.5852317612181,0.01977001983882483,1.0,0.730644029005137,0.8063724751170869,0.8421647033097482,0.6975,0.013511533428578026,0.005334255273198043
21020,0.5,0.8018514585088394,0.2555357622072408,0.8154166666666667,649.815270597659,0.01983431223130562,1.0,0.7089977689036058,0.7849988892015881,0.8220331307773889,0.68625,0.007954649548159493,0.002589990465450766
21021,0.5,0.7892062104265264,0.2726524791325472,0.8054166666666667,624.9187298044269,0.018912953163661584,1.0,0.6814842021400709,0.7635296768203126,0.81706374583421,0.6754166666666667,0.006229710320299127,0.0030845308778040936
21022,0.5,0.816680991771159,0.23303876047918531,0.8095833333333333,663.0037109161551,0.01660245308111335,1.0,0.7071767560137772,0.7872872876690931,0.8377227738657632,0.69625,0.009445230717031653,0.002352786035759397
21023,0.5,0.8216425791302492,0.2817341328647122,0.82125,660.2531670300232,0.012693191696233576,1.0,0.7302736321288907,0.7916117056779898,0.8475462713456203,0.70875,0.006087774419489849,0.0029933184609340297
21024,0.5,0.8354086326864191,0.23388684458279135,0.8141666666666667,660.0831253599786,0.015341682094462175,1.0,0.7277869191396599,0.8052503588160854,0.8452093385111593,0.7020833333333333,0.010985949380555722,0.007675699707968094
21025,0.5,0.802256527722711,0.24234231123753508,0.8070833333333334,673.2830562481734,0.018293968772438336,1.0,0.7144744919137678,0.7755299910706307,0.8289119283626846,0.7054166666666667,0.007724205521952196,0.003577710219126824
21026,0.5,0.8010493927465779,0.2424779510689592,0.8058333333333333,690.096397138871,0.027982050694574725,1.0,0.7092444785153907,0.7894653729880109,0.8146864535735235,0.7120833333333333,0.006908070799656983,0.0036253693730742484
21027,0.5,0.80145361633628,0.2696631974434212,0.8158333333333333,662.445072326736,0.020332758256046524,1.0,0.7018698456776409,0.7797700186419568,0.8337676502024196,0.6945833333333333,0.0070722846718981386,0.0021900914427709747
21028,0.5,0.8107307591198901,0.23289944370075624,0.80375,663.5509786443449,0.021306969736175133,1.0,0.7145553353957927,0.7879934382543963,0.8275416876231511,0.70125,0.006808196934778203,0.0034954137464450145
21029,0.5,0.8054455231775434,0.23712469820643936,0.81,635.985809218686,0.02693339666165854,1.0,0.7169532497411268,0.7857170551760012,0.8301610835747322,0.6895833333333333,0.009519612232445346,0.004155601609518043
21030,0.5,0.8002813256894573,0.2564960937831861,0.8145833333333333,643.2156493774322,0.022773459509289072,1.0,0.7214310186887711,0.7769738707746637,0.8184504189148953,0.6979166666666666,0.005867915079643749,0.002768391560383614
21031,0.5,0.7997534797120285,0.24562794510141703,0.81,670.3262349204471,0.012842806942160515,1.0,0.7147555203220248,0.7775589724733198,0.8160596661287743,0.7,0.009693361884826739,0.005425833316463779
21032,0.5,0.7943057207376267,0.248851369467818,0.8054166666666667,655.1976651835726,0.025408281702315565,1.0,0.7076269264562751,0.7726288997849836,0.8165261443741478,0.6870833333333334,0.006391806660027015,0.0033668141203070526
21033,0.5,0.7971659721703793,0.24457719236360267,0.8075,644.6838211968162,0.028550831248277918,1.0,0.6966774848133529,0.7781443288221462,0.8311640131579223,0.6933333333333334,0.007068494851572567,0.0029613319098003247
21034,0.5,0.812367252741144,0.2535466887771126,0.8120833333333334,629.7820061034608,0.014952454849499933,1.0,0.7222037429128906,0.7797617848064978,0.8360757022849742,0.68125,0.008521438273271295,0.003190608201880917
21035,0.5,0.8202925437394947,0.24311489325780963,0.8220833333333334,636.2252853563709,0.017314559778257847,1.0,0.739864655113135,0.8070579967424306,0.8343079604511555,0.6895833333333333,0.012881683417055366,0.003449995435672045
21036,0.5,0.8217703843085232,0.28007955423650394,0.8225,649.575425939486,0.018648265239063627,1.0,0.7080442126445045,0.787165398713541,0.8446975415062361,0.6979166666666666,0.012154868044139793,0.00598038444221492
21037,0.5,0.814082507649552,0.22081830355650098,0.8233333333333334,647.6635450189331,0.026790855408597193,1.0,0.7349947062035537,0.7973191596003866,0.8330478885961891,0.6933333333333334,0.008302868870650256,0.003952455653970215
21038,0.5,0.8013430201205182,0.2332179521363133,0.8075,634.9246521313883,0.027363424668160826,1.0,0.7075049314750602,0.7757342078539825,0.8296501838244867,0.6925,0.013182283758104166,0.004230248558568239
21039,0.5,0.8143423166246627,0.26950295666551,0.8091666666666667,645.1859219896944,0.02415897204282052,1.0,0.7030700394278168,0.7846720799575575,0.8520749334976755,0.6975,0.010390815221780269,0.003686471379751738
21040,0.5,0.8180929219851443,0.2581949620395169,0.8145833333333333,659.6290590622934,0.02008901032267523,1.0,0.718042518404534,0.7878571629095845,0.8435757845624565,0.6958333333333333,0.006395857406262324,0.0046374041297057725
21041,0.5,0.7884942509024433,0.2706752479637508,0.8095833333333333,627.0153041105164,0.02442133500312442,1.0,0.698436725737602,0.760632935829219,0.8129091497265036,0.68625,0.00674286370365525,0.002499991402869787
21042,0.5,0.8277826004137135,0.25956184167689694,0.8166666666666667,633.4907758732288,0.01553606513300787,1.0,0.7239096001128381,0.8119874383546556,0.8517072135089514,0.6820833333333334,0.011790156197419677,0.0045429800594618056
21043,0.5,0.8013406513333117,0.25106665354075863,0.8054166666666667,662.2209510179277,0.02346875171613414,1.0,0.7149706827162353,0.7805770838287154,0.821930091243686,0.70375,0.009805878742640278,0.0049860200165707065
21044,0.5,0.8168985821611869,0.22154921572531083,0.8116666666666666,652.0132950404261,0.022001928740684875,1.0,0.7196117604681893,0.7926252197483474,0.8334438745123307,0.6958333333333333,0.013024243014446641,0.005049281457187064
21045,0.5,0.8164399605032604,0.24042962022078695,0.80625,687.0576552512618,0.020347365956724147,1.0,0.7141690015885427,0.7903043726557366,0.8380362741455367,0.7083333333333334,0.012884598376419934,0.004072181669488605
21046,0.5,0.815955721175474,0.2496372406051362,0.8104166666666667,645.0357284541024,0.018581175575830226,1.0,0.7044352646677021,0.7898359517103355,0.8376601230370596,0.6895833333333333,0.0051732622023664965,0.002270401113640487
21047,0.5,0.8401398154915223,0.23741511803868828,0.8208333333333333,635.6314211588503,0.02250381146730856,1.0,0.7602467146598434,0.8275226165952062,0.8466156066472339,0.6804166666666667,0.011210769636064514,0.00437298070404012
21048,0.5,0.7988433774543259,0.25731606234144183,0.8229166666666666,638.9345157730131,0.02503747694984086,1.0,0.7285888887841826,0.7740839741247163,0.8239150184574127,0.68375,0.010378720224259341,0.005048037904562991
21049,0.5,0.8161824563669756,0.26199413236923613,0.8125,643.857362170514,0.034552210347726445,1.0,0.6991115032295113,0.7909256309572272,0.8476933777283323,0.68875,0.010006221108503884,0.0034860438098428662
21050,0.5,0.8282854341729642,0.2736821819050429,0.8079166666666666,642.9420813771827,0.02355409415802255,1.0,0.7201837110728672,0.8001857226514859,0.845491102375625,0.6925,0.011861608143023913,0.005991854792800011
21051,0.5,0.7843826462861088,0.2707167456269957,0.8091666666666667,665.5717732974861,0.021931047983038333,1.0,0.7065837804051825,0.7662445580280731,0.8109364498222403,0.69875,0.012068507428441639,0.0033121399823087734
21052,0.5,0.7915929260661354,0.2436138948694031,0.8008333333333333,650.1010763135332,0.013959886080142094,1.0,0.6918982981163389,0.7668262180487314,0.8255302964342736,0.6929166666666666,0.010249547309687775,0.0049577039033545664
21053,0.5,0.8074738995084482,0.24765882899054764,0.8129166666666666,636.6682508816475,0.014911669000886824,1.0,0.7144305382390007,0.7956944242481633,0.834596649267667,0.685,0.009180712683177777,0.00396508978673391
21054,0.5,0.8141199202580116,0.25530948683892557,0.8141666666666667,659.4837437713238,0.022045214274932067,1.0,0.7126823696146861,0.7884042540284953,0.8372295241939369,0.7020833333333333,0.011349430897468891,0.003960926030562938
21055,0.5,0.8041172251769226,0.26480417154990465,0.7920833333333334,632.869291690092,0.02048180077968477,1.0,0.7136203762668488,0.7847695914718208,0.8269947566638058,0.67625,0.012735287436614796,0.004637477016107222
21056,0.5,0.8133220237934058,0.24328578457122843,0.8091666666666667,644.6037101350571,0.019800350101157656,1.0,0.7196273668113384,0.7861899663017781,0.8340680176402743,0.6929166666666666,0.00805109438987239,0.002219463759080229
21057,0.5,0.7988091093287776,0.25324298795150546,0.8095833333333333,671.8344204038151,0.025139117036992845,1.0,0.7056986271910918,0.7788050750839971,0.8223933621740758,0.7066666666666667,0.0079834222962341,0.004875999426513545
21058,0.5,0.8054129821811262,0.2528691111018415,0.8008333333333333,662.3755196071413,0.021429311188992686,1.0,0.7172380904477084,0.7788536456176468,0.8224551165087564,0.70375,0.007815696865355996,0.002337840920597205
21059,0.5,0.7923625284428113,0.24250827313815965,0.8158333333333333,659.1310120936748,0.016954161875549906,1.0,0.6853550863582851,0.7685325048005512,0.8241762342840817,0.6929166666666666,0.012021778508451365,0.003225725945035261
21060,0.5,0.8304469773620614,0.25420689061634844,0.81375,656.3380359959689,0.033729694932841184,1.0,0.7284584276081103,0.8055293377697437,0.840098483397837,0.6920833333333334,0.010263424529599269,0.004190743587536438
21061,0.5,0.8230967065081962,0.2766334381009602,0.8108333333333333,636.0622989102387,0.02307263044988052,1.0,0.7347917147542229,0.7885634034387897,0.8516305935284649,0.6879166666666666,0.00896058362615764,0.0041561322433994515
21062,0.5,0.8175149757561615,0.26850932861065535,0.8158333333333333,630.0312209249894,0.021056171986325378,1.0,0.7144098706104667,0.7821874263424254,0.8391906334724537,0.6825,0.01108476526995469,0.004728208329792374
21063,0.5,0.7889427487606597,0.2381086327475616,0.7975,636.6569216117413,0.024987116527800984,1.0,0.708702643157249,0.7639404467175072,0.8154418395599706,0.6895833333333333,0.01545640156220547,0.0064225928461830355
21064,0.5,0.8228189608917791,0.25772579021951225,0.8,666.7005265259824,0.02132671202564956,1.0,0.7504654987940839,0.8010992183353955,0.8384750059213727,0.6954166666666667,0.007318245776090997,0.004089231382067576
21065,0.5,0.8152809387146494,0.23448713028732465,0.81875,644.7835702037512,0.022333537203340224,1.0,0.7402713483489948,0.7959593228623,0.8408684305878003,0.6958333333333333,0.008980439078864174,0.005476835780835274
21066,0.5,0.7979598906825439,0.2721031829281667,0.8054166666666667,658.3828118914254,0.02759933369285873,1.0,0.7044387163414528,0.7768575026559621,0.8255326413056991,0.7,0.014103469591986832,0.008008076458858635
21067,0.5,0.7743096748094406,0.26265336126956446,0.79375,645.4878775528243,0.023900353543224603,1.0,0.6819873876416155,0.754037887386329,0.8003654998156704,0.7,0.008859507875265496,0.004101021624564804
21068,0.5,0.7815929008427372,0.24565929731873293,0.7991666666666667,666.4138081241066,0.020280403055225174,1.0,0.6804777735011825,0.7588573095854562,0.8044353403137217,0.7008333333333333,0.008158401979023839,0.0031369003903879786
21069,0.5,0.8113196366514479,0.24323875530571143,0.8054166666666667,650.6385173514125,0.023755584333147096,1.0,0.70445406488598,0.7866000859597239,0.8263453214367981,0.69375,0.01147479685811534,0.0032451368852343195
21070,0.5,0.8236832085161582,0.2851702488761189,0.805,651.752890286943,0.02484198056299907,1.0,0.7245358244028054,0.7886301596833537,0.8543511288941911,0.6954166666666667,0.009410509000967047,0.0029244205155004627
21071,0.5,0.8190878209130799,0.227918732007823,0.7908333333333334,652.9058903789621,0.019519253839646658,1.0,0.7246809360032851,0.8050955114352453,0.8430279868838981,0.6895833333333333,0.012363771790416617,0.006575138831851945
21072,0.5,0.8052532229961685,0.25227686366118857,0.8070833333333334,642.3263123972536,0.02590901862467734,1.0,0.7078096742175138,0.7791747379021984,0.8227130219167579,0.68375,0.0075156634116015685,0.003301444110428322
21073,0.5,0.8123984122125555,0.2580651147511714,0.81375,640.8231401978508,0.029172712983676515,1.0,0.7085878103328255,0.7890297527363177,0.8358919349186291,0.6820833333333334,0.011076668924076778,0.005337692959506062
21074,0.5,0.7830025698605706,0.24458169523679033,0.8070833333333334,662.248059487298,0.01609850988394806,1.0,0.7085192855084128,0.767842728461595,0.8068884368926287,0.6983333333333334,0.006166767420391991,0.00294530901703865
21075,0.5,0.8066007845771596,0.2572265985478457,0.8120833333333334,665.9230660841745,0.01273168239705567,1.0,0.6959923213921196,0.7851389250425853,0.8217524744682689,0.7025,0.015215044978680125,0.004640613758099346
21076,0.5,0.7999825062212462,0.2343560722047672,0.8108333333333333,630.6774627657121,0.01577021411499418,1.0,0.7115241693725779,0.7793466257625027,0.8189029215996123,0.6833333333333333,0.014323194574156943,0.004736952812279528
21077,0.5,0.8125944771321477,0.2663643565136472,0.8133333333333334,650.5819739462318,0.021976368870507246,1.0,0.7090964841355474,0.7772431400215258,0.8339087703682805,0.6970833333333334,0.007055867759996038,0.004342931120874504
21078,0.5,0.7932189320893538,0.2678856733020061,0.8033333333333333,655.8042032573828,0.014204923310710736,1.0,0.7019931889111535,0.7608516647147493,0.821291247924464,0.6979166666666666,0.014625990836307862,0.004518024633696428
21079,0.5,0.8088664562353625,0.24693054094317768,0.82,632.9916964525476,0.028807711785676926,1.0,0.7189797106529521,0.7849467939069669,0.8311665952397882,0.68625,0.008721536475717991,0.004904979654947437
21080,0.5,0.7931407579824601,0.24498656653775258,0.7983333333333333,659.1454972595375,0.015641104820515974,1.0,0.689999070421145,0.7637000410297522,0.8081291910749804,0.6908333333333333,0.012176453893208239,0.004891323883719538
21081,0.5,0.8372497062279457,0.25678218815196396,0.8275,639.1951332881376,0.02289199341689734,1.0,0.7372811515370353,0.8206918894940958,0.857049759946844,0.685,0.00947977102967714,0.0044192264461596215
21082,0.5,0.80365334815734,0.24714047949211268,0.8154166666666667,643.9338120346733,0.02451304808163529,1.0,0.7071019139437744,0.7849315748949812,0.8225155397840083,0.6925,0.009739358238190932,0.0033740865015496483
21083,0.5,0.7928922224868209,0.23712795830606345,0.8066666666666666,674.4242189193537,0.020388604274999497,1.0,0.6992694098124834,0.7668304575761526,0.8189541333813585,0.7045833333333333,0.008048389508751409,0.0036971415862574863
21084,0.5,0.8198592539961517,0.23756755298159754,0.8175,653.6501381794319,0.015012966805608145,1.0,0.714596160251296,0.7957787820347193,0.8374330525928351,0.6983333333333334,0.01245831056995567,0.006233157588804384
21085,0.5,0.8176220325770885,0.25045924174915446,0.805,655.7907509412228,0.02216278023613262,1.0,0.726565540619254,0.7934509067072453,0.8390023063739978,0.6979166666666666,0.012076958734737365,0.00544908365628996
21086,0.5,0.806423172828865,0.2454623013892706,0.8120833333333334,664.48387892999,0.018337325470470952,1.0,0.720268782254356,0.7885798798242117,0.8289526209187786,0.7,0.00827373558052597,0.0032632455723345245
21087,0.5,0.7944464673575854,0.26568756878984373,0.81875,652.68456452656,0.023787109595107436,1.0,0.6892592090719071,0.7536892997135087,0.8200872896097443,0.6925,0.011143044383753522,0.007232385696090985
21088,0.5,0.8280853085850789,0.2943948936096435,0.8279166666666666,657.5984392684522,0.029053887414867797,1.0,0.7215550898278522,0.7964818305850556,0.8537324090077122,0.6958333333333333,0.020996278870112774,0.006510905913602131
21089,0.5,0.7871898459489589,0.2314753173763264,0.8075,639.5344174324161,0.0281161606681815,1.0,0.6954000306638448,0.7685002180052262,0.8173562419215941,0.6979166666666666,0.01032412643373823,0.0057027831026157235
21090,0.5,0.8108028676649638,0.266062774843551,0.8108333333333333,671.9174191567454,0.022358861812788913,1.0,0.7227406547705507,0.7934401205036439,0.8378274034263206,0.7066666666666667,0.009760508836797483,0.007106169160083153
21091,0.5,0.8149287671812593,0.26968788143437256,0.8141666666666667,649.5808845188278,0.02043442686486912,1.0,0.7123362182907623,0.7846209033972849,0.8380544914339365,0.69625,0.01269312215680892,0.005419795036635144
21092,0.5,0.8142330514559116,0.23610461127112597,0.8104166666666667,667.2171438547263,0.017388736265140498,1.0,0.7369034247187359,0.7989546023785551,0.8287604993456877,0.705,0.010129373158206419,0.004569581500525602
21093,0.5,0.820656981456496,0.24016611815449443,0.8129166666666666,620.5765041361665,0.01724574057972063,1.0,0.720641351181071,0.7833325441163194,0.8379861097336667,0.6904166666666667,0.01244831602282832,0.007149646398167146
21094,0.5,0.7900322177593533,0.2523465620752136,0.8020833333333334,664.0590928304579,0.017388234753804452,1.0,0.6913212188379348,0.76384464205251,0.8122330393288408,0.685,0.008355629437407796,0.004441100422660097
21095,0.5,0.8257520062824032,0.26015837235104794,0.8166666666666667,638.0173327617083,0.024057552550355035,1.0,0.7379865813048223,0.8075110796318553,0.8412959762808819,0.69,0.012500208323117263,0.004956896387856197
21096,0.5,0.8275100414789951,0.27575377771778065,0.8091666666666667,658.4705223610705,0.017147697971457612,1.0,0.7106641389196,0.7940112368361721,0.8540560918234864,0.6929166666666666,0.00739101298322297,0.0019708576975128213
21097,0.5,0.8305375779712064,0.2639089786687567,0.8075,618.8339625077452,0.02462320040329592,1.0,0.7354230789940672,0.8116741510380167,0.8434476690694028,0.68625,0.009183551416371965,0.005263923071252354
21098,0.5,0.8144475184499961,0.25596612978836836,0.8183333333333334,655.9360883742415,0.014343463050082404,1.0,0.7139858975672814,0.7807048933693642,0.837640969529367,0.70375,0.007007947465086027,0.004196129782637074
21099,0.5,0.8277236562122621,0.25813147500706307,0.8208333333333333,677.2649005698098,0.022980449014595426,1.0,0.7328353449617594,0.8097927694168158,0.8453937064582898,0.71,0.009723331974530316,0.006165079202938444
21100,0.5,0.8127945037325883,0.2637777500141563,0.8083333333333333,637.3256139612116,0.02167718850568401,1.0,0.7233938213441506,0.7920229096341006,0.8410548082672749,0.6916666666666667,0.006039789812389442,0.0029739073315040243
21001,0.75,0.7994222229934957,0.24523177358327994,0.80375,661.0965437018585,0.019689321485167735,1.0,0.7161507798635488,0.7722357653399952,0.8286865285810527,0.6991666666666667,0.01312112718344931,0.005148682003200318
21002,0.75,0.8223614118298878,0.2764777787771464,0.80625,655.3639589688316,0.018424608453815522,1.0,0.724602713713835,0.7940924972366293,0.8530127581267568,0.6925,0.009155713878539019,0.003322404626365246
21003,0.75,0.7990900165257739,0.2506265269098163,0.8054166666666667,631.9351755938796,0.020328709978243823,1.0,0.7027193698863001,0.77560313190511,0.8302090189067254,0.6854166666666667,0.011055376732799218,0.0032066005149210355
21004,0.75,0.8417429143615441,0.24425410165918843,0.8170833333333334,666.2714190604828,0.025121652282503005,1.0,0.7441155736590883,0.8130893481911495,0.8561800918512824,0.7004166666666667,0.011187822621673817,0.007226867557459619
21005,0.75,0.8328261027394713,0.25772498994072185,0.8054166666666667,663.6784735154331,0.019500821171823144,1.0,0.7484647433113151,0.816918468475592,0.8502217721235579,0.6908333333333333,0.00978722149520548,0.003046079539591504
21006,0.75,0.813186236722558,0.24026186021599233,0.8041666666666667,635.0081467058767,0.02028074287277253,1.0,0.7158740306341802,0.7859933581041998,0.8292036502315702,0.6829166666666666,0.010944458256454369,0.004987936619226772
21007,0.75,0.8071500806629983,0.2541846796917236,0.8133333333333334,623.6939952825476,0.013012872251217313,1.0,0.710456874041299,0.7918000645127601,0.8327103620337294,0.68125,0.010177498556407571,0.002964347830220102
21008,0.75,0.8017696926082762,0.25764253857243713,0.8154166666666667,669.4313711080549,0.02454734431195209,1.0,0.6951982640570228,0.7815338484339485,0.8233475342069203,0.7008333333333333,0.005468947223286123,0.003009755595078854
21009,0.75,0.7845781636244357,0.2499912669530948,0.8029166666666666,633.8928062745616,0.023521706509875562,1.0,0.6971003233669945,0.761077548018022,0.8047833103990506,0.68375,0.007248224239783824,0.0028424017970871615
21010,0.75,0.8292045933981981,0.2512176264511735,0.8108333333333333,659.8230863990301,0.017498207191200817,1.0,0.7319944547081566,0.812488656971703,0.8457617387738667,0.7045833333333333,0.008687244871329632,0.00394619705668632
21011,0.75,0.8161920930101293,0.25128419343689984,0.81625,654.2421474483099,0.022511177843988758,1.0,0.7529932535336658,0.8007862593779542,0.8357443812466275,0.6995833333333333,0.0063908032836477125,0.002320107935015617
21012,0.75,0.8338583112473397,0.22043610811073458,0.8075,651.4809405045135,0.015501658565653968,1.0,0.7407411370102904,0.8126572028389604,0.849298717458098,0.69,0.009864552442365107,0.0026400434884737076
21013,0.75,0.8201985093737364,0.24480018087707503,0.805,626.280134780849,0.02302182812187416,1.0,0.7230697507944349,0.7909741654123744,0.8413450162013405,0.67375,0.010879128354311762,0.004554414905676735
21014,0.75,0.8074984486016157,0.26209681648929817,0.8033333333333333,639.9722290047798,0.015502216645370116,1.0,0.7059223028306922,0.7824823732829608,0.832746574147707,0.69,0.00964498054561327,0.0031934144111954756
21015,0.75,0.8027137624439068,0.2514561260920873,0.805,648.5336385605257,0.023455750716893813,1.0,0.7174119806282638,0.7850270478974598,0.8247591084340086,0.7070833333333333,0.00871405240246807,0.0038289320403166326
21016,0.75,0.8199680415198484,0.25680792287967713,0.815,641.1984463046836,0.0252356743852929,1.0,0.695923579209581,0.7872438903821048,0.8384574935798487,0.69625,0.009064484801278978,0.002708659936542245
21017,0.75,0.8374033652909569,0.26564585599950513,0.8133333333333334,643.8190640633024,0.013418640990746182,1.0,0.7380392252258827,0.8076261975266922,0.8552226265667173,0.6929166666666666,0.011024499111622454,0.0039762474214262555
21018,0.75,0.83465098735991,0.26471401161491553,0.8070833333333334,657.1406514869261,0.02547726750376312,1.0,0.719911979468443,0.8057432057184447,0.8580330417804671,0.6991666666666667,0.007434391482894567,0.004999893198356272
21019,0.75,0.8260627180688147,0.2563013912358762,0.8154166666666667,655.5222665281804,0.023411781821969468,1.0,0.7298532050148689,0.8105972035998766,0.8476447393120078,0.70125,0.013360394071431135,0.005334255273198043
21020,0.75,0.809764291016128,0.2591406333311152,0.8154166666666667,649.819206801986,0.02183111900315612,1.0,0.7177846522507988,0.7939351609256485,0.8300750960065153,0.6854166666666667,0.007607502542404978,0.002589990465450766
21021,0.75,0.7931400763868366,0.26868898262548335,0.8054166666666667,625.1873550948555,0.017927582908874952,1.0,0.6858556036572365,0.770870305372617,0.8183297096096777,0.6754166666666667,0.006471535595538698,0.0030845308778040936
21022,0.75,0.8206314177427183,0.23232046370293596,0.8095833333333333,664.5820261906396,0.01734456024055863,1.0,0.708445686203541,0.7939896358935985,0.8411650320045463,0.6966666666666667,0.00951333108279492,0.002352786035759397
21023,0.75,0.8203621728788559,0.27540189488463745,0.82125,646.427695187001,0.01347285939304056,1.0,0.7267216535870776,0.7910542753734988,0.844744639966442,0.7020833333333333,0.006026527639383984,0.0029933184609340297
21024,0.75,0.8390777092848427,0.235083449660567,0.8141666666666667,654.9100505843048,0.014623260020143187,1.0,0.7288057112267768,0.8111638874299217,0.8504111840845751,0.6995833333333333,0.010922267073516371,0.007675699707968094
21025,0.75,0.8017728266225881,0.25019261893374584,0.8070833333333334,659.3791587419207,0.017264823775361506,1.0,0.71043951462587,0.7731606251885326,0.8296800342200011,0.6979166666666666,0.008714414393006199,0.003577710219126824
21026,0.75,0.8047686263400665,0.24499129222491411,0.8058333333333333,684.1529190918849,0.027362086090207502,1.0,0.7125701003269926,0.792070505588027,0.8169385537085545,0.7095833333333333,0.0071726956592474255,0.0036253693730742484
21027,0.75,0.8071102558242425,0.2626863044234093,0.8158333333333333,657.7081128756026,0.01840270472074765,1.0,0.7078976988248714,0.7860638522087491,0.8396026865123761,0.6929166666666666,0.0070288305430936645,0.0021900914427709747
21028,0.75,0.8154808186246838,0.23578647328502303,0.80375,669.6140515182642,0.018928424812493697,1.0,0.7172728653492045,0.7930294696989236,0.8321395312591726,0.70375,0.006952526923681696,0.0034954137464450145
21029,0.75,0.8168037401176282,0.24892563223877096,0.81,641.2747341438876,0.028600478058510626,1.0,0.7184648058893508,0.7904028984686493,0.8406301983094897,0.6908333333333333,0.010133435903437992,0.004155601609518043
21030,0.75,0.8025580457805168,0.2634408428331348,0.8145833333333333,637.2738763902107,0.024609601861906683,1.0,0.7241246028513306,0.7791044395853789,0.821890256986859,0.69625,0.006196502222139599,0.002768391560383614
21031,0.75,0.8062325499431814,0.24825490395049343,0.81,659.0602621041751,0.013629757730185614,1.0,0.7228612593909988,0.7865458885767919,0.822613483721169,0.6945833333333333,0.00995823665682586,0.005425833316463779
21032,0.75,0.796494926734521,0.2535510415854852,0.8054166666666667,658.9590905127986,0.025475713326794783,1.0,0.7082983155779556,0.7747179219765093,0.8172508016605734,0.6891666666666667,0.006525219915728987,0.0033668141203070526
21033,0.75,0.802269431123679,0.24253022954271217,0.8075,659.0042720289983,0.02791333825127717,1.0,0.7039084402068608,0.7844931028496382,0.8365776308321783,0.7004166666666667,0.007304814989141653,0.0029613319098003247
21034,0.75,0.8115272178759642,0.24517796455952012,0.8120833333333334,633.5788189418836,0.016470006681805833,1.0,0.7212844969972754,0.7795506576796142,0.833776804386809,0.6825,0.008487342942260535,0.003190608201880917
21035,0.75,0.8203661975137382,0.24338985554812478,0.8220833333333334,651.6295448010216,0.01661908996801626,1.0,0.7373187135039121,0.8066830619884245,0.8351961999320046,0.6979166666666666,0.011680108705464284,0.003449995435672045
21036,0.75,0.8278920268482691,0.2861474659947234,0.8225,645.2393173669647,0.019775237325739704,1.0,0.71320690192778,0.7917039184493307,0.8505761697806057,0.695,0.012476705599296915,0.00598038444221492
21037,0.75,0.8249031477522935,0.2209384039308484,0.8233333333333334,646.6568098629537,0.030769424805955438,1.0,0.7468069017600083,0.8082119920340162,0.8422174509491354,0.69375,0.00842942079204261,0.003952455653970215
21038,0.75,0.8025500375194493,0.23626475717668943,0.8075,647.1478690869403,0.0256875610024588,1.0,0.7077581292876212,0.7769441354416774,0.8315485184843043,0.6979166666666666,0.013351491766200721,0.004230248558568239
21039,0.75,0.8160586977414087,0.26310671146835923,0.8091666666666667,648.8068088422203,0.02316058341754909,1.0,0.7046049525730722,0.7860947985909559,0.8551247813928863,0.6970833333333334,0.011619234224419312,0.003686471379751738
21040,0.75,0.8235248171431717,0.2579511110561376,0.8145833333333333,666.6447774927326,0.019701499177750874,1.0,0.7237518386554269,0.7909110739372553,0.8500860535004802,0.7,0.006722059369722414,0.0046374041297057725
21041,0.75,0.7962895470632502,0.2715646395708075,0.8095833333333333,634.4013373994287,0.026900687165123373,1.0,0.7096546125875322,0.7714184551455122,0.8193961819684031,0.6895833333333333,0.006518981795485959,0.002499991402869787
21042,0.75,0.8298425488418474,0.2628188979925771,0.8166666666666667,636.1535746387175,0.015846881352202694,1.0,0.7206308720123288,0.8130511647944002,0.8549524699953255,0.6845833333333333,0.011802743299446139,0.0045429800594618056
21043,0.75,0.8063369437127493,0.25523070578694423,0.8054166666666667,659.1894977559883,0.022856993370790567,1.0,0.7187292955863394,0.7859345513952762,0.8250068980926778,0.7025,0.009743595881798474,0.0049860200165707065
21044,0.75,0.826474279265982,0.221026833583874,0.8116666666666666,654.7180883625964,0.022065630318534975,1.0,0.727590001070203,0.8048268938863106,0.8423569845382763,0.6979166666666666,0.012800176701837312,0.005049281457187064
21045,0.75,0.8230192345085302,0.23739162793933855,0.80625,685.0596638647796,0.020677672798509517,1.0,0.7186666769811022,0.7972787327301534,0.8433524774447951,0.7066666666666667,0.013621700894485785,0.004072181669488605
21046,0.75,0.818397751717557,0.24960005150532869,0.8104166666666667,647.558103379783,0.018992362895361208,1.0,0.7085023384708588,0.7941841942747601,0.8384863352253057,0.6908333333333333,0.005253829399323456,0.002270401113640487
21047,0.75,0.8418506310643358,0.24259110199995296,0.8208333333333333,636.4833872581078,0.02201814561698283,1.0,0.7598596972581132,0.8308038787692351,0.8519611080159312,0.6816666666666666,0.012443249082574749,0.00437298070404012
21048,0.75,0.803935386386839,0.2639432431564415,0.8229166666666666,640.7842511436766,0.023706695975005736,1.0,0.7353024535451307,0.7812721857523955,0.8309926174348746,0.6845833333333333,0.010518620281967641,0.005048037904562991
21049,0.75,0.8135317347881925,0.2588277720177452,0.8125,643.8397991632463,0.03627886991564899,1.0,0.696733385670523,0.7900251762300009,0.844870231700334,0.6895833333333333,0.011391667333207,0.0034860438098428662
21050,0.75,0.8298140540165442,0.272817014444745,0.8079166666666666,647.0891930919549,0.025011036779265874,1.0,0.7182314572591902,0.8024512788331627,0.8458592263304168,0.69375,0.011880201406804241,0.005991854792800011
21051,0.75,0.7891225227917107,0.2739165340423727,0.8091666666666667,671.273345007309,0.02269281409661265,1.0,0.7064892672999925,0.7692465333693206,0.8153562767033082,0.6995833333333333,0.012216704564759656,0.0033121399823087734
21052,0.75,0.8010622488654824,0.2434973346137835,0.8008333333333333,650.5873131782664,0.017405292231332775,1.0,0.697466230114783,0.7757275347096079,0.8294220428353494,0.6920833333333334,0.010269341574421493,0.0049577039033545664
21053,0.75,0.8102403005034775,0.24395388349700736,0.8129166666666666,650.7879118972409,0.013186663063545073,1.0,0.7205854971392585,0.7992327961009333,0.8374150541837576,0.6941666666666667,0.008964438831748512,0.00396508978673391
21054,0.75,0.8136768487844249,0.2555473620418439,0.8141666666666667,663.206765733521,0.02057217086137018,1.0,0.7103118521562395,0.7882251605101002,0.8375839733081366,0.7041666666666667,0.01191442934268849,0.003960926030562938
21055,0.75,0.796914320166297,0.2664982210009482,0.7920833333333334,636.0608727194356,0.020359177744652145,1.0,0.707175112149717,0.7813833903394847,0.822955779398969,0.68,0.012948929161302027,0.004637477016107222
21056,0.75,0.8188875765801243,0.24988185885078562,0.8091666666666667,645.9521176743093,0.02064581716928419,1.0,0.7235041098538365,0.7939504421658984,0.8385013570889671,0.6929166666666666,0.008034247798568622,0.002219463759080229
21057,0.75,0.8076020313574024,0.2519167488924148,0.8095833333333333,654.1621742551455,0.02579271420102533,1.0,0.7146558514074693,0.7891904300226802,0.8312546821987656,0.6979166666666666,0.008369004258098748,0.004875999426513545
21058,0.75,0.8065958336878034,0.25365429106933723,0.8008333333333333,664.9029480512163,0.02414302613409673,1.0,0.7172054669312289,0.7812240350855513,0.8250000358762738,0.7058333333333333,0.008661793439562599,0.002337840920597205
21059,0.75,0.7984436783491948,0.24093508116042883,0.8158333333333333,677.1849233466241,0.019341250667351585,1.0,0.6958986881790611,0.7775748429516333,0.8305991394818771,0.7020833333333333,0.012168840894882783,0.003225725945035261
21060,0.75,0.8404213919930068,0.2530282368697151,0.81375,651.3710573454387,0.034537980544226805,1.0,0.7373101167466773,0.8132934895191741,0.849630292022627,0.6895833333333333,0.010845425019449047,0.004190743587536438
21061,0.75,0.8167791391350456,0.2783715524783365,0.8108333333333333,628.0651787813462,0.022228041103465192,1.0,0.7252160579358676,0.7823800652773052,0.8468711550590073,0.6829166666666666,0.009270075360416376,0.0041561322433994515
21062,0.75,0.8216490636939683,0.2623877431337988,0.8158333333333333,645.4852607073417,0.017791916420120988,1.0,0.7158570711210632,0.7856409291557376,0.842961142606625,0.69125,0.010877286447819426,0.004728208329792374
21063,0.75,0.7947999469850938,0.2519687142191793,0.7975,644.9241847829554,0.027462013392608994,1.0,0.7085373313425275,0.7668537013883945,0.822308891210567,0.6941666666666667,0.015725813289857248,0.0064225928461830355
21064,0.75,0.8239653415252985,0.2562810299832816,0.8,670.3555552105832,0.022245059042715145,1.0,0.7477793511988932,0.8020582223889905,0.8407808312796384,0.6979166666666666,0.006672976693331988,0.004089231382067576
21065,0.75,0.8223542600044405,0.24095818357206059,0.81875,645.6970832551237,0.020947456124954786,1.0,0.7463651763156909,0.8033974810803397,0.8465277679003812,0.6958333333333333,0.009221819248311603,0.005476835780835274
21066,0.75,0.8049351830290813,0.27247293384671906,0.8054166666666667,659.7807988388321,0.02757527498339928,1.0,0.7074899922771788,0.7826998134655239,0.8332681339441417,0.69875,0.01497661158181576,0.008008076458858635
21067,0.75,0.7792480420726932,0.2571577657527991,0.79375,646.9360594677037,0.021738681008145095,1.0,0.6842607416747197,0.7574349499990879,0.8035430074414672,0.7016666666666667,0.008754746757320594,0.004101021624564804
21068,0.75,0.7896632306560183,0.24763163480493824,0.7991666666666667,666.5756558737392,0.021866223699722444,1.0,0.6905887735654956,0.7675507038565835,0.8110983527762146,0.7,0.008301458215579751,0.0031369003903879786
21069,0.75,0.8194551526406016,0.2461894254595566,0.8054166666666667,651.2369076601889,0.024589374713981326,1.0,0.709964138828969,0.7944064660056042,0.8365719780029779,0.6945833333333333,0.01032988876694321,0.0032451368852343195
21070,0.75,0.8263900088861895,0.2916939238664103,0.805,643.7616453369105,0.026654659425831458,1.0,0.7326155318856179,0.7936913364233017,0.8578558073665215,0.69,0.009342438662603475,0.0029244205155004627
21071,0.75,0.8235539006325583,0.22523725760982558,0.7908333333333334,654.4899105620506,0.02099168597472343,1.0,0.7260938917710963,0.8082997370676791,0.8481240910668957,0.6904166666666667,0.01239267716746532,0.006575138831851945
21072,0.75,0.7997431658606535,0.24492859352723742,0.8070833333333334,635.9481597747742,0.0228698666326102,1.0,0.7008609619840366,0.7743066211474076,0.8185152173537101,0.6808333333333333,0.007868879004081166,0.003301444110428322
21073,0.75,0.821861470848345,0.26165797352983716,0.81375,627.0842148722339,0.025248919527302342,1.0,0.71656557264762,0.800863301048885,0.8453107227666243,0.6754166666666667,0.011762012789979787,0.005337692959506062
21074,0.75,0.7842452146565282,0.24684970643001802,0.8070833333333334,665.8818676823666,0.017363823804341445,1.0,0.7101222964861406,0.767914980314483,0.8090014722540002,0.7020833333333333,0.005664714622863834,0.00294530901703865
21075,0.75,0.8133705879651383,0.261487792024144,0.8120833333333334,658.6438632086492,0.010861726803709636,1.0,0.7001137271947501,0.7891104494154582,0.8283956408084284,0.7,0.015473417120241117,0.004640613758099346
21076,0.75,0.8000253312947746,0.23043443766768668,0.8108333333333333,639.5637891709437,0.014910026324933351,1.0,0.7100972207781916,0.7804354367739482,0.8185231298915339,0.6883333333333334,0.013731044395382407,0.004736952812279528
21077,0.75,0.8186478794723049,0.2673308542678843,0.8133333333333334,651.6621631335302,0.022080028282277998,1.0,0.7167604162600748,0.7843034525642735,0.8401945927774883,0.6958333333333333,0.0075083908549933446,0.004342931120874504
21078,0.75,0.798121296562848,0.27455044503788834,0.8033333333333333,661.600558850557,0.013746076778166399,1.0,0.7051455682824833,0.76301049729332,0.8254143351935778,0.6991666666666667,0.014213470958411282,0.004518024633696428
21079,0.75,0.8102920021179523,0.24729459733581075,0.82,636.6361351914634,0.029439186759837584,1.0,0.720432743912361,0.786673735762151,0.8305116295713676,0.6879166666666666,0.008668096485676948,0.004904979654947437
21080,0.75,0.7950900162366956,0.24424038833723916,0.7983333333333333,658.6604013090539,0.01671395076512212,1.0,0.6899840280819233,0.7664280423969881,0.8078780270323418,0.6908333333333333,0.012277967052961122,0.004891323883719538
21081,0.75,0.8424510437265618,0.2582163088065666,0.8275,640.6772952839223,0.02123162070098906,1.0,0.7348028003141707,0.8228718291264507,0.861625265629622,0.6858333333333333,0.00907344471294357,0.0044192264461596215
21082,0.75,0.8063165431849064,0.24372286888680447,0.8154166666666667,653.7123690703014,0.024369034531243308,1.0,0.7113466839997774,0.7900405628314958,0.8253610515436078,0.6970833333333334,0.009855063976388058,0.0033740865015496483
21083,0.75,0.7994139870261179,0.23619156068129252,0.8066666666666666,675.9979982978502,0.021098699268689312,1.0,0.7064898526674133,0.7735785661217599,0.8225814254504373,0.705,0.008134557342692339,0.0036971415862574863
21084,0.75,0.8218579145194297,0.2283135296159063,0.8175,656.8169519156463,0.015087349959979589,1.0,0.7151809762479152,0.7990891594714753,0.8379727472900819,0.6991666666666667,0.012819789112688213,0.006233157588804384
21085,0.75,0.8223147185401266,0.2512627275376909,0.805,655.664801324192,0.021338121761864247,1.0,0.7257140711977905,0.7953503362640267,0.8423443474030881,0.6983333333333334,0.011793225991125415,0.00544908365628996
21086,0.75,0.8066070454955345,0.23907107126457214,0.8120833333333334,649.3502110358073,0.01620927968320703,1.0,0.7208161616448107,0.7913334358165808,0.8285315738032156,0.6933333333333334,0.008938642538154004,0.0032632455723345245
21087,0.75,0.7972355184572055,0.2706912474868181,0.81875,659.4844950852079,0.025091684263461686,1.0,0.6885103638994364,0.7552471740717497,0.8224873382405066,0.6958333333333333,0.011612175395255185,0.007232385696090985
21088,0.75,0.8314739043274743,0.28902957491257747,0.8279166666666666,649.4975979934234,0.029790021319247698,1.0,0.7243662841599706,0.7992531350387911,0.8542912767985623,0.6920833333333334,0.021891638657317126,0.006510905913602131
21089,0.75,0.7884306659162726,0.22681493753217213,0.8075,636.1919152009848,0.027258685422016257,1.0,0.693189873801558,0.7682231193305644,0.8205428824275527,0.6958333333333333,0.010583050360407081,0.0057027831026157235
21090,0.75,0.8098452641086454,0.2699034936619745,0.8108333333333333,667.8820202498473,0.023490922924315667,1.0,0.7163867851004533,0.7921482709595493,0.8364665276326508,0.7041666666666667,0.009617753824804677,0.007106169160083153
21091,0.75,0.8194159779863682,0.2745361427301695,0.8141666666666667,652.1231047189613,0.02003962647654718,1.0,0.7165779583963976,0.7886482312604843,0.8455256977625785,0.6966666666666667,0.013107609951531178,0.005419795036635144
21092,0.75,0.8163422849733268,0.23855291169043596,0.8104166666666667,668.6302705711379,0.01749155060263349,1.0,0.7347110402216175,0.7999071964966024,0.8296239401297194,0.7066666666666667,0.009682154781832162,0.004569581500525602
21093,0.75,0.8249995331684994,0.23494431168730187,0.8129166666666666,619.1154410415622,0.02014105544947252,1.0,0.726532016463122,0.7893914369149292,0.8423195479248465,0.6895833333333333,0.013106273589789826,0.007149646398167146
21094,0.75,0.7942413614057275,0.25398315896325685,0.8020833333333334,670.3453609876742,0.01925910855123882,1.0,0.6953366768220647,0.7684605091320338,0.8169809451671922,0.68875,0.008513055996762114,0.004441100422660097
21095,0.75,0.8318041642003534,0.2587199700112956,0.8166666666666667,648.2091653726882,0.024970621466457135,1.0,0.7447376298586174,0.8137554478456305,0.8431321581189558,0.695,0.012068462269854677,0.004956896387856197
21096,0.75,0.8223985480087116,0.2646295445183155,0.8091666666666667,674.5233568145632,0.017789948188894206,1.0,0.7067862308499789,0.7912732996935292,0.8476602790767137,0.7008333333333333,0.007499277384504125,0.0019708576975128213
21097,0.75,0.8308476823615552,0.2599440949967241,0.8075,624.1203436563525,0.023893782750132705,1.0,0.7324887057252644,0.8107554735845307,0.843501680156288,0.69,0.008753703569114023,0.005263923071252354
21098,0.75,0.8158770560210179,0.26225238050112126,0.8183333333333334,665.7971204124419,0.016141450529890976,1.0,0.718231841652279,0.7851867157821681,0.8379769924360069,0.7066666666666667,0.007056970666452383,0.004196129782637074
21099,0.75,0.8378092714329471,0.25706072996657586,0.8208333333333333,675.4676172453437,0.020708732840381043,1.0,0.7382887932405859,0.8199349178278145,0.8531071611388225,0.7083333333333334,0.009969138578933834,0.006165079202938444
21100,0.75,0.8188715062549492,0.26383264090575986,0.8083333333333333,638.7229289541015,0.023123760521161555,1.0,0.7269452164018341,0.7979468851702775,0.8444886862329235,0.6920833333333334,0.00532820342817783,0.0029739073315040243
21001,1.0,0.8062060895691985,0.24217012499362586,0.80375,648.4582272010509,0.019287448213501063,1.0,0.7231004755724438,0.7816993816666754,0.8350889421813094,0.6916666666666667,0.01354609346210192,0.005148682003200318
21002,1.0,0.8255144647601578,0.282402361542073,0.80625,654.5807015902946,0.019565231811764616,1.0,0.7249144960673615,0.7960731587037453,0.8562856513369038,0.6920833333333334,0.008481908490435163,0.003322404626365246
21003,1.0,0.8010136234319195,0.255827660505059,0.8054166666666667,640.172998859873,0.020501184788122708,1.0,0.7031292094195392,0.7780120423221996,0.8314799585951025,0.6895833333333333,0.010659045311061315,0.0032066005149210355
21004,1.0,0.8413067287664575,0.24868948948397798,0.8170833333333334,649.9788496742906,0.024686833624704994,1.0,0.7430155059873401,0.8111057464707498,0.8548807497311038,0.6920833333333334,0.01123921515474658,0.007226867557459619
21005,1.0,0.8324733635824301,0.24980620613685509,0.8054166666666667,656.2897847309349,0.017019757205000922,1.0,0.7479234504881862,0.8165198243846745,0.8489685140053345,0.6879166666666666,0.010623324523880463,0.003046079539591504
21006,1.0,0.8141435501347956,0.24014905979166332,0.8041666666666667,633.9347419268182,0.02147055176922433,1.0,0.7166101762607905,0.7870429636005393,0.8313118667751986,0.6816666666666666,0.011091191859339829,0.004987936619226772
21007,1.0,0.8063230861362136,0.2606547745022279,0.8133333333333334,619.3439315715046,0.015303265806367598,1.0,0.7048143525716535,0.788728341266295,0.8306918204011122,0.67875,0.009953796608830133,0.002964347830220102
21008,1.0,0.8044698790198983,0.2569082214860065,0.8154166666666667,681.7043036038003,0.024976330779592642,1.0,0.6980474508503592,0.7849154090563399,0.8265451349448555,0.7070833333333333,0.004938373447061757,0.003009755595078854
21009,1.0,0.789815693603377,0.2524204796596788,0.8029166666666666,640.5406726214949,0.023619595438017362,1.0,0.7012930560193816,0.7665185352674472,0.8095989963695468,0.6858333333333333,0.007474282454711487,0.0028424017970871615
21010,1.0,0.8368669884468811,0.2508431736632846,0.8108333333333333,664.6417824886187,0.017341784302079798,1.0,0.7425966436541651,0.821757035858527,0.8523886762852154,0.7058333333333333,0.009220269840481028,0.00394619705668632
21011,1.0,0.8086580761002276,0.25149417020388115,0.81625,647.1093496341068,0.022488384248750142,1.0,0.7460370740301082,0.7934665639424274,0.8299498883341837,0.69625,0.006814757067757155,0.002320107935015617
21012,1.0,0.8425363352613872,0.2235567804597539,0.8075,643.9569135766305,0.014572614083570138,1.0,0.7487082083389207,0.8212326740362808,0.8571819958414656,0.685,0.009862764935855245,0.0026400434884737076
21013,1.0,0.8220807689483868,0.24442545180036002,0.805,627.4079082552948,0.02411919718942741,1.0,0.723278984089101,0.7907046396667468,0.8420007187950618,0.6741666666666667,0.010648781860807954,0.004554414905676735
21014,1.0,0.8127003317367607,0.26146016386827536,0.8033333333333333,658.4450520474372,0.016810949382713956,1.0,0.7116628936199041,0.7861277651903613,0.8355962606587036,0.7008333333333333,0.009554493332934993,0.0031934144111954756
21015,1.0,0.8142782691831151,0.25642781578141466,0.805,640.3857351643362,0.02466362655533237,1.0,0.7254177771742835,0.7971921178441973,0.8352452827649445,0.70125,0.008933817888917393,0.0038289320403166326
21016,1.0,0.8192663764973492,0.2507599233291155,0.815,646.090810083154,0.026355333558638134,1.0,0.6988683983024235,0.7884440800363435,0.8374878171333899,0.6995833333333333,0.009277414197609558,0.002708659936542245
21017,1.0,0.841197762064164,0.2671943630176522,0.8133333333333334,650.1725515562437,0.011847580713064233,1.0,0.7412640895254925,0.8090251743230161,0.8597476112287589,0.6966666666666667,0.01055548733794898,0.0039762474214262555
21018,1.0,0.8375956033473241,0.26295247874757516,0.8070833333333334,668.2639415966983,0.02488323205619305,1.0,0.7232148722980942,0.8090830432593803,0.8606980904985992,0.7029166666666666,0.007373994507875626,0.004999893198356272
21019,1.0,0.8341157516240183,0.2583694541493104,0.8154166666666667,647.7989269428175,0.022602237521343844,1.0,0.7371355591298167,0.8185586172681656,0.8553932513953287,0.69625,0.014019080740806796,0.005334255273198043
21020,1.0,0.8136723193676431,0.2613726807291758,0.8154166666666667,655.919541296698,0.022310815815359365,1.0,0.7214845968759082,0.7992693169772309,0.8333924459401663,0.6879166666666666,0.007515573391903647,0.002589990465450766
21021,1.0,0.7964292462214981,0.2649071184160234,0.8054166666666667,631.8680792931311,0.018333674917920935,1.0,0.686228723538972,0.7721761165077922,0.8197298378744029,0.67875,0.006784211434051278,0.0030845308778040936
21022,1.0,0.8322827065814064,0.22907613954889708,0.8095833333333333,663.3682845439996,0.01630419393684536,1.0,0.717352481630145,0.805821411403438,0.8507074856561396,0.695,0.009781410203983026,0.002352786035759397
21023,1.0,0.8265637479683714,0.2729169191024911,0.82125,637.6201313979985,0.013936666830789873,1.0,0.7320296871467571,0.7983789604128295,0.8480627583264223,0.6975,0.006134745281983596,0.0029933184609340297
21024,1.0,0.8465780301502459,0.23608114890905252,0.8141666666666667,648.2730136620353,0.014438697785936584,1.0,0.7345508041677888,0.819574540259982,0.8577208540373523,0.6945833333333333,0.010669571664753796,0.007675699707968094
21025,1.0,0.8044877237610116,0.2537356617382374,0.8070833333333334,671.5559704035342,0.01584408435222651,1.0,0.7099224109681035,0.776598766462264,0.8318147543613111,0.7054166666666667,0.00856354690496874,0.003577710219126824
21026,1.0,0.8067393777800673,0.24876231470721247,0.8058333333333333,696.9775166957995,0.027681658565319754,1.0,0.7137053153345205,0.7915793894991019,0.8197413244978983,0.71625,0.0074093053753277825,0.0036253693730742484
21027,1.0,0.8104687012308442,0.2542921462279567,0.8158333333333333,644.6975581049712,0.016933496502051098,1.0,0.7120436146033183,0.792230710043332,0.8425783305994163,0.6866666666666666,0.007718788282588856,0.0021900914427709747
21028,1.0,0.8141384707834741,0.23952941590814103,0.80375,668.5271710414215,0.021250513656808048,1.0,0.7125628756870369,0.7910892620801557,0.8322363065723763,0.7041666666666667,0.006715046999883064,0.0034954137464450145
21029,1.0,0.8215424224183125,0.24932718142365481,0.81,652.5336248505351,0.028328925316430005,1.0,0.7210959495891406,0.7950609261989797,0.8461481113003153,0.6966666666666667,0.010134964986034667,0.004155601609518043
21030,1.0,0.8064997302925654,0.25990073290968985,0.8145833333333333,633.6279936683993,0.026173701488412415,1.0,0.724177768349885,0.7852879803840414,0.8259044843770528,0.6945833333333333,0.006456134541594643,0.002768391560383614
21031,1.0,0.8090990481821925,0.25078831756521097,0.81,654.4081708147687,0.014772165261291213,1.0,0.724012257712025,0.7894623201783713,0.8254485924424835,0.6916666666666667,0.010019552660042287,0.005425833316463779
21032,1.0,0.8013260491341144,0.2560170420817292,0.8054166666666667,662.1363587813225,0.0254464476679894,1.0,0.7130085116977518,0.7810842189033322,0.8217055140710806,0.6916666666666667,0.006426533436349927,0.0033668141203070526
21033,1.0,0.7999849386508602,0.23871854261843123,0.8075,666.3786947732649,0.027491974172311334,1.0,0.7000116067113721,0.7823322704266685,0.8337199150458571,0.7041666666666667,0.007173381907726877,0.0029613319098003247
21034,1.0,0.8152048697712208,0.24735377262058744,0.8120833333333334,630.5917890873093,0.018477754690193124,1.0,0.7265533988449514,0.7841118937988668,0.8360233352097586,0.6808333333333333,0.008395893415524214,0.003190608201880917
21035,1.0,0.8218323459696514,0.2432034245709298,0.8220833333333334,656.1191485181246,0.0165695373891406,1.0,0.7392557608334687,0.8081890553945794,0.8368242110305059,0.7004166666666667,0.011160924638006081,0.003449995435672045
21036,1.0,0.8275284479910358,0.2857495142077853,0.8225,641.9571498586164,0.022116969231111654,1.0,0.7138916634450032,0.7927060580124026,0.8487436196891978,0.6945833333333333,0.013203882208184385,0.00598038444221492
21037,1.0,0.8352651720599891,0.22464571722105978,0.8233333333333334,647.127930549284,0.03340168712056374,1.0,0.7523801056315128,0.8173127864919298,0.8523679987371727,0.6941666666666667,0.008482128298361464,0.003952455653970215
21038,1.0,0.80141222807917,0.23411750692225433,0.8075,646.1741095672669,0.024793334852964765,1.0,0.7035265598349348,0.7746334010086198,0.8291178714527558,0.6975,0.014221621981653134,0.004230248558568239
21039,1.0,0.8216694267058424,0.26074400531739095,0.8091666666666667,651.9643046263473,0.022769645100448665,1.0,0.7109206509592417,0.7925617891123695,0.8561377092349394,0.69875,0.01159173187361339,0.003686471379751738
21040,1.0,0.8262421322119451,0.2643477460423768,0.8145833333333333,659.0298047161143,0.021103030389886073,1.0,0.7240484534554509,0.7930732015882273,0.8543589863547503,0.695,0.007216008960215446,0.0046374041297057725
21041,1.0,0.7936678606068713,0.27011007607696286,0.8095833333333333,632.4694442023188,0.028613286702832585,1.0,0.7049164297910829,0.7694511861421418,0.8184536575658056,0.6883333333333334,0.006331075062568348,0.002499991402869787
21042,1.0,0.8344171483408919,0.27041119175103484,0.8166666666666667,625.7913786978402,0.016177221860026403,1.0,0.7231539144876967,0.818470738387117,0.8588299741160815,0.6791666666666667,0.011994091305838773,0.0045429800594618056
21043,1.0,0.8105054256650185,0.26375517679300275,0.8054166666666667,653.93384850536,0.021763964508370683,1.0,0.7227003898404023,0.7904421331126188,0.8287323486407433,0.7008333333333333,0.01001329809265202,0.0049860200165707065
21044,1.0,0.8267894245939738,0.2164509896365957,0.8116666666666666,646.0151106577464,0.022434242198449087,1.0,0.7239321232408265,0.8042949347269546,0.8421779010691851,0.6925,0.013531050815756904,0.005049281457187064
21045,1.0,0.8240696232339638,0.23821131786387095,0.80625,682.2293148854224,0.02198231749879057,1.0,0.7177684953342383,0.798405384563851,0.8440873406071883,0.7070833333333333,0.014303450723774383,0.004072181669488605
21046,1.0,0.8213412421995697,0.2547308488099276,0.8104166666666667,653.2424919281708,0.019917438575903987,1.0,0.708155045276495,0.7960670033446804,0.8400988398212527,0.6933333333333334,0.005015770404271499,0.002270401113640487
21047,1.0,0.8453673744392398,0.24548496269432468,0.8208333333333333,629.1230447378219,0.022614393037896526,1.0,0.7643150823908152,0.836142093786468,0.8558300093227411,0.6775,0.013340577445776934,0.00437298070404012
21048,1.0,0.8110261813338699,0.2712194525457525,0.8229166666666666,646.221486312033,0.024073745659782736,1.0,0.741248774536493,0.7873990379320088,0.8369671091478194,0.6879166666666666,0.010373989938216381,0.005048037904562991
21049,1.0,0.8178263872949533,0.25542326494572026,0.8125,646.0511606881327,0.037162340308979594,1.0,0.6996654975899138,0.7960138621474345,0.8474304498305795,0.69,0.012840503833856095,0.0034860438098428662
21050,1.0,0.8372844911296995,0.27418415672246954,0.8079166666666666,658.9957762931397,0.02538228305118501,1.0,0.7239752814694066,0.8094915039519279,0.8508711327076307,0.7,0.012225434777849587,0.005991854792800011
21051,1.0,0.7945412667632548,0.2771992607224235,0.8091666666666667,675.0278164767395,0.021432081651798,1.0,0.711990066593513,0.7761541836460363,0.8203236307860313,0.70125,0.011925829468526045,0.0033121399823087734
21052,1.0,0.8014516305742875,0.24607193011650483,0.8008333333333333,654.2273282946664,0.017636009452295383,1.0,0.6956844294448633,0.7758146666992928,0.8293542559922854,0.6941666666666667,0.010351182351556505,0.0049577039033545664
21053,1.0,0.8134700858604776,0.24676007860067325,0.8129166666666666,650.3603097790442,0.013498341187768053,1.0,0.725316578921551,0.8036227986714087,0.8405325526883182,0.6920833333333334,0.008995586022536545,0.00396508978673391
21054,1.0,0.8156797795250343,0.2536758863793627,0.8141666666666667,665.2341982717635,0.0208163941027059,1.0,0.70910705837495,0.7892165941601521,0.8395797643629743,0.70375,0.01234357028815308,0.003960926030562938
21055,1.0,0.7948392742396345,0.26919252666419585,0.7920833333333334,638.5125027190413,0.02129039509689073,1.0,0.7060739066788211,0.7797764275031871,0.8204834372286257,0.68,0.013119472632737035,0.004637477016107222
21056,1.0,0.8239021713201511,0.24760359954614805,0.8091666666666667,639.2025309670722,0.01977306407784184,1.0,0.7272248467130881,0.7991025696314331,0.8415356681419639,0.6895833333333333,0.00898818586885941,0.002219463759080229
21057,1.0,0.809877737365198,0.25055191759506856,0.8095833333333333,644.5716720186508,0.027564730978472753,1.0,0.7140504733086319,0.7900135624364566,0.8336840545331401,0.6945833333333333,0.008614132447806596,0.004875999426513545
21058,1.0,0.8072547461693701,0.25178251361194653,0.8008333333333333,667.5679131776865,0.024599649227018388,1.0,0.716893815278145,0.783247521264927,0.8257102402845808,0.7066666666666667,0.009017956153868677,0.002337840920597205
21059,1.0,0.8014484077189628,0.24516493430964528,0.8158333333333333,683.8567849821882,0.01960375454615439,1.0,0.7011029889331603,0.784264477908651,0.8328751338962406,0.705,0.01157322997075871,0.003225725945035261
21060,1.0,0.8424148824603608,0.24622195436480973,0.81375,648.4453383949594,0.035479248730767236,1.0,0.7375271536717604,0.8151561172170524,0.8502060613977753,0.6879166666666666,0.011451101075575641,0.004190743587536438
21061,1.0,0.8184556345057095,0.27887793652530996,0.8108333333333333,624.9605215684078,0.020876410587903377,1.0,0.7283082019357257,0.784204417247225,0.8476830953599962,0.6820833333333334,0.00948656183662273,0.0041561322433994515
21062,1.0,0.825309196832002,0.2698023816332192,0.8158333333333333,644.7539527977608,0.016387729172225647,1.0,0.7194465202224479,0.7901070622560904,0.8465030267256107,0.69125,0.011247459540791847,0.004728208329792374
21063,1.0,0.7949108452451097,0.25221745921881084,0.7975,643.810079318226,0.028978376865842082,1.0,0.7080859378186382,0.766780975347826,0.822208943535239,0.6941666666666667,0.014968278294911113,0.0064225928461830355
21064,1.0,0.828784687299065,0.26056336453519696,0.8,672.7854701788192,0.019869234952749778,1.0,0.7519560827810037,0.8072957277912067,0.8451951021189232,0.69875,0.006345119561627706,0.004089231382067576
21065,1.0,0.8280114302851713,0.24791108924515848,0.81875,643.8527543456764,0.022564320523518675,1.0,0.7511688729838243,0.8093417060483482,0.8511767939952793,0.6941666666666667,0.009113113970529435,0.005476835780835274
21066,1.0,0.813171517913768,0.2733556500796483,0.8054166666666667,667.8620363411267,0.02685071915177558,1.0,0.7169065055610453,0.7914517653251903,0.8409009293121403,0.7041666666666667,0.015152863938680238,0.008008076458858635
21067,1.0,0.7831027440193045,0.25721938650836856,0.79375,641.2371591690629,0.021668309273480672,1.0,0.6806733605145286,0.7601183314150619,0.8061721167661001,0.6979166666666666,0.008754763646675294,0.004101021624564804
21068,1.0,0.79470665053285,0.24574223999389935,0.7991666666666667,663.6646554734934,0.021295202356464274,1.0,0.6970041647119328,0.7750002614694258,0.8147388855308921,0.6991666666666667,0.008454237046324987,0.0031369003903879786
21069,1.0,0.8209159995428328,0.2504418493560909,0.8054166666666667,652.2376394105158,0.027185649623671735,1.0,0.7107409357741621,0.7960929595887538,0.838135748437623,0.6945833333333333,0.010429622867117046,0.0032451368852343195
21070,1.0,0.832104975839904,0.28934070621928204,0.805,649.6552645358486,0.028174861463848115,1.0,0.7381299364046042,0.7989175232283916,0.859609813016489,0.6933333333333334,0.0093847914863821,0.0029244205155004627
21071,1.0,0.8279122625668922,0.22401657051864757,0.7908333333333334,651.7806911816288,0.023364934707713805,1.0,0.7303803713852562,0.8138366019250938,0.8502943288533686,0.6879166666666666,0.012130598267716721,0.006575138831851945
21072,1.0,0.797459843324385,0.24563672756004273,0.8070833333333334,643.2623636314743,0.022430830147145604,1.0,0.6944510497324738,0.7710297271139013,0.8160675244477016,0.685,0.007227998699002665,0.003301444110428322
21073,1.0,0.824851474842832,0.2565902436740019,0.81375,633.8469025299657,0.025703399675586876,1.0,0.7218595377840636,0.8053580871679159,0.8478823391352477,0.67875,0.012380685063684086,0.005337692959506062
21074,1.0,0.7847646928171291,0.24673540367709124,0.8070833333333334,656.7118437863733,0.01671312952082678,1.0,0.7100752055489564,0.7680635598164761,0.8119832886515191,0.6970833333333334,0.00596886167666323,0.00294530901703865
21075,1.0,0.8103540954138133,0.2589068939915839,0.8120833333333334,656.068231682882,0.011187256376158035,1.0,0.6928391917662038,0.7859668051277052,0.824208293530286,0.69875,0.015553060324967033,0.004640613758099346
21076,1.0,0.8045905939611792,0.23525346014378323,0.8108333333333333,649.137925456126,0.01597118527420854,1.0,0.7132347271931665,0.784496061380127,0.8227721228114335,0.6929166666666666,0.012671116260249016,0.004736952812279528
21077,1.0,0.8198665132442953,0.26391139648785494,0.8133333333333334,663.8270177947916,0.02083798321068297,1.0,0.713787989661866,0.7873581971576649,0.8423361288514148,0.7004166666666667,0.0075431898243764695,0.004342931120874504
21078,1.0,0.806201205454982,0.27734858463778667,0.8033333333333333,667.0254538477909,0.013425447329528809,1.0,0.7109697451490148,0.7706752819739915,0.8317345214656773,0.70125,0.013800830052972888,0.004518024633696428
21079,1.0,0.8139288160221465,0.2495229636377457,0.82,643.3082476427566,0.031177045775964876,1.0,0.7232544236320735,0.7918897912256498,0.833938734322,0.6920833333333334,0.008154389565338411,0.004904979654947437
21080,1.0,0.8004760515069583,0.24660673495591257,0.7983333333333333,658.6767110774163,0.016522035252527777,1.0,0.6963957055993021,0.77209146416998,0.8131129756809355,0.6904166666666667,0.012184912171847608,0.004891323883719538
21081,1.0,0.8422928111396021,0.2647227823011925,0.8275,646.3081443301653,0.020323600634474796,1.0,0.733573547342215,0.8213690556846025,0.8595850965863517,0.69,0.009066610054761583,0.0044192264461596215
21082,1.0,0.8144167335513804,0.24344337302769362,0.8154166666666667,659.5251752000613,0.02416632383617309,1.0,0.7195102706552382,0.7985106484533122,0.8330574202747194,0.7,0.009578000986107608,0.0033740865015496483
21083,1.0,0.8009683477964954,0.23763164586398156,0.8066666666666666,679.5259485689032,0.020653929221121383,1.0,0.7055109662712019,0.7754246407731819,0.8233353284070805,0.7079166666666666,0.0077180526225924416,0.0036971415862574863
21084,1.0,0.8243964575394496,0.2293677397783076,0.8175,664.0842239125761,0.018332871347515912,1.0,0.715654461548515,0.7989959352291116,0.8400211198123697,0.7020833333333333,0.012638046527065808,0.006233157588804384
21085,1.0,0.8268899361316824,0.24750852592662678,0.805,663.1195643004996,0.020969807513036374,1.0,0.729336607975312,0.8005044739473661,0.8468466536332622,0.7020833333333333,0.011894610040442531,0.00544908365628996
21086,1.0,0.808887998582063,0.24001891435596664,0.8120833333333334,650.7890959401143,0.016028523889725456,1.0,0.7235642964751343,0.7950484831277231,0.8295552388222394,0.69375,0.009134778222643823,0.0032632455723345245
21087,1.0,0.798048561011733,0.2757043870255101,0.81875,671.2027072443033,0.025458593908168344,1.0,0.6866388186933272,0.7578125316081658,0.822383900595037,0.7016666666666667,0.011571073000663894,0.007232385696090985
21088,1.0,0.8351027784074144,0.2854432612439151,0.8279166666666666,659.2476424632429,0.028058032696815925,1.0,0.7292413849780585,0.8038378730570201,0.856156460144164,0.6970833333333334,0.021899384535780667,0.006510905913602131
21089,1.0,0.7926163430622507,0.22448874629536075,0.8075,646.7142441892253,0.02700119979909319,1.0,0.6929406619939381,0.7712720764343826,0.8238722148467144,0.70125,0.010223916478623876,0.0057027831026157235
21090,1.0,0.8180863303774569,0.26851751785440203,0.8108333333333333,669.3696058903959,0.023352402853098805,1.0,0.7229375238001141,0.8005939039703639,0.842679582192922,0.7058333333333333,0.009515801421564591,0.007106169160083153
21091,1.0,0.8235996119554199,0.275354949784322,0.8141666666666667,646.5982938004792,0.020157965829013594,1.0,0.7186273471698552,0.7918582752188592,0.8500165947172199,0.6941666666666667,0.012549704073842701,0.005419795036635144
21092,1.0,0.8186717428780401,0.23263654419920682,0.8104166666666667,660.1460227766565,0.017670782593888178,1.0,0.7348017939326454,0.8017339125962906,0.8318196850491848,0.7020833333333333,0.010185292292972083,0.004569581500525602
21093,1.0,0.8251799316899064,0.23273646134666237,0.8129166666666666,622.917022198682,0.019977532762278878,1.0,0.7278869265725374,0.7926089688330844,0.841990060914784,0.6933333333333334,0.012885183801479794,0.007149646398167146
21094,1.0,0.7941520739081632,0.25620757473352346,0.8020833333333334,666.4615028544304,0.02139294685789951,1.0,0.6947331638096512,0.7680898075920127,0.8156234996777944,0.6875,0.008418323274309433,0.004441100422660097
21095,1.0,0.836897542765064,0.26619500351082,0.8166666666666667,657.2216848009018,0.024710517323544137,1.0,0.7445283975599967,0.8174971538017354,0.8491573327695577,0.69875,0.011701997272936776,0.004956896387856197
21096,1.0,0.8263207259002566,0.2624817183921514,0.8091666666666667,683.7742324643007,0.01762969293401876,1.0,0.7115378243232863,0.795488672294525,0.8501695109655416,0.7045833333333333,0.007154712064628157,0.0019708576975128213
21097,1.0,0.8314597757864417,0.2595464896894738,0.8075,623.4652379070839,0.022470589981301595,1.0,0.730346079527409,0.8097084106148811,0.8454393822255064,0.6891666666666667,0.009257909553980986,0.005263923071252354
21098,1.0,0.8232557869313188,0.26369349905656564,0.8183333333333334,664.4106079633218,0.01615924261635072,1.0,0.7258514633011424,0.7942369724339648,0.8423893604194979,0.705,0.007417644069958499,0.004196129782637074
21099,1.0,0.8473280644949018,0.26006580696571463,0.8208333333333333,672.710829759619,0.02231612875660758,1.0,0.7485096254277942,0.8309051090309423,0.8623374974038859,0.7070833333333333,0.009859860393049619,0.006165079202938444
21100,1.0,0.8150460079589784,0.26005606415592325,0.8083333333333333,643.6346060699998,0.02574527901732826,1.0,0.7206611359826007,0.7947407243188981,0.8402106620615188,0.695,0.005767646552094128,0.0029739073315040243
