seed,rule_accuracy,retained_fraction_before,retained_fraction_after,weighted_component_absence_error_before,weighted_net_absence_error_before,component_prevalence_before,low_response_weight_mass_before,bound_net_only_lower_before,bound_net_only_upper_before,bound_gross_lower_before,bound_gross_sharp_lower_before,bound_gross_upper_before,weighted_component_absence_error_after,weighted_net_absence_error_after,component_prevalence_after,low_response_weight_mass_after,bound_net_only_lower_after,bound_net_only_upper_after,bound_gross_lower_after,bound_gross_sharp_lower_after,bound_gross_upper_after,rdfl_soft_latent_mse_before,rdfl_soft_latent_mse_after
21001,0.5,0.6841666666666667,0.54,0.7891560197014396,0.23378858685314066,0.80375,634.7168250732556,0.018192420934036675,1.0,0.7062291709672173,0.7616753089405943,0.8171479165266042,0.7979617950764178,0.21689307295763696,0.80375,327.7723084831582,0.016568015186766205,1.0,0.7148684138683629,0.7711039729086862,0.8209617902870777,0.013783611317311473,0.04067651030228584
21002,0.5,0.6916666666666667,0.5345833333333333,0.8062790269465259,0.2580011036564407,0.80625,652.6558559155712,0.01530015555846577,1.0,0.712085384311274,0.778254581885925,0.8368845932174804,0.8088846789496147,0.26287440425127395,0.80625,314.4078729403785,0.007679588639879126,1.0,0.7269468691877863,0.7887153183549769,0.8352500901017855,0.00925525647485934,0.033147975644948174
21003,0.5,0.6879166666666666,0.5458333333333333,0.7925368803656748,0.2504079993192137,0.8054166666666667,639.5300909150026,0.018387680537961124,1.0,0.7049079307308226,0.7715124812230754,0.8185539711396501,0.7668464276673415,0.2515564185438805,0.8054166666666667,332.62503225409455,0.014865617241265389,1.0,0.6927350887625747,0.7441220943871848,0.8109382549581816,0.009346269882585422,0.02711926751997307
21004,0.5,0.7029166666666666,0.5483333333333333,0.8313397489808858,0.238584142286169,0.8170833333333334,670.3861851577985,0.028757480737491885,1.0,0.7402085472500165,0.808804596009046,0.8452512446135239,0.8091000171601033,0.2257370566717718,0.8170833333333334,343.7544565428343,0.03348001374808671,1.0,0.7282592849963913,0.7943295704021549,0.8188077699819145,0.011321392259411995,0.02451440750602064
21005,0.5,0.6866666666666666,0.5383333333333333,0.8060770978822894,0.24508589830091287,0.8054166666666667,656.5454109435343,0.014886232403909214,1.0,0.7286305462870778,0.7939708875443334,0.8280403973839723,0.8057991969932128,0.24717749717268447,0.8054166666666667,341.1942520752773,0.011099351393861957,1.0,0.725768368683975,0.792493452875061,0.8236636673456542,0.010009939902202477,0.0366616424340528
21006,0.5,0.6854166666666667,0.5504166666666667,0.7903585551340456,0.23531118645974336,0.8041666666666667,638.4856916697418,0.016515068978714756,1.0,0.6927262615381261,0.7650577338366955,0.8048762031000192,0.7987580795608241,0.22240349993731182,0.8041666666666667,351.6282570718935,0.020844950027977528,1.0,0.7010566742570734,0.7670364753907399,0.8091220714987511,0.010072662788653538,0.02612215424064689
21007,0.5,0.6925,0.5529166666666666,0.7926127175585996,0.25308965630917707,0.8133333333333334,649.2306437228374,0.013361087904787848,1.0,0.695313616335213,0.7728048201806365,0.8166293246897831,0.8101232337100279,0.23636947602332792,0.8133333333333334,351.27702417022624,0.011576709547351243,1.0,0.708659896796867,0.7985759910590938,0.8306954790852122,0.008818386721753672,0.02571216051221519
21008,0.5,0.6983333333333334,0.55,0.8025342502293183,0.2566448039392199,0.8154166666666667,663.3962107034639,0.021328489071609225,1.0,0.68749395149343,0.7799785262397839,0.8181203268221835,0.8106228482622209,0.26843180367629743,0.8154166666666667,351.08108519352925,0.03002428444759137,1.0,0.7050940101331661,0.7937906323198048,0.8268428882048788,0.006626804271203066,0.023560555155391044
21009,0.5,0.6933333333333334,0.54375,0.7849947521171082,0.2633231781622953,0.8029166666666666,649.4652496720396,0.02327680770971556,1.0,0.692473107252387,0.7673862517772834,0.8057518447596681,0.7569915682545122,0.25322693303450433,0.8029166666666666,335.78919361559366,0.028275678190966783,1.0,0.6512298672010892,0.7398823182771714,0.7872456434716039,0.007043164029937424,0.02335164277724323
21010,0.5,0.6975,0.55875,0.793038616839618,0.2464569403105035,0.8108333333333333,639.3971486130597,0.016279501139212414,1.0,0.7026173230550449,0.7753991923733298,0.8116885783928359,0.7867565961031936,0.22715518804621776,0.8108333333333333,341.8688895791969,0.010108516358997564,1.0,0.6933801216074769,0.7638487689538228,0.8078531722924942,0.009424046081995053,0.029620548638061014
21011,0.5,0.695,0.55625,0.816763763362046,0.24925726482961372,0.81625,645.4619838474184,0.020268082473599142,1.0,0.7512988390202913,0.8016509405178834,0.8341376680328728,0.8335532778490589,0.2407223660046703,0.81625,349.4761748012455,0.02931819438333065,1.0,0.7792814663547858,0.8244501153288234,0.8492180274315629,0.007715326611251546,0.023100746358790513
21012,0.5,0.68625,0.53625,0.8080603193299628,0.21720944389959665,0.8075,639.0935513442707,0.01776913574083501,1.0,0.7380798696048781,0.794986680485384,0.8261132430731372,0.7903484287097908,0.21037118520914852,0.8075,323.32350065812085,0.024379611742678175,1.0,0.7164930845763829,0.7757932290084215,0.806260490851116,0.009856428506750104,0.03171520869050192
21013,0.5,0.6729166666666667,0.5266666666666666,0.79576976209209,0.24091087126095548,0.805,626.739821182064,0.021130685778177633,1.0,0.7150769760245202,0.7697371658648801,0.8180098418245066,0.7682835745705844,0.23610271945772415,0.805,316.44212050564175,0.01963217011188428,1.0,0.694855332834411,0.7462874862289746,0.8042783744642843,0.013189522939574668,0.035555550746257665
21014,0.5,0.6966666666666667,0.5458333333333333,0.797468703123325,0.24842976846660217,0.8033333333333333,649.2199900913581,0.014270935895015944,1.0,0.7021033303937753,0.7805389692009304,0.8178638446806211,0.7961995396183605,0.25534442703381294,0.8033333333333333,332.85732356991343,0.014305178025651953,1.0,0.7049270005740601,0.7771678410973806,0.817598547780103,0.008921750260756645,0.022670163892911054
21015,0.5,0.6983333333333334,0.5675,0.7856759298616122,0.23933972078271368,0.805,636.367021124544,0.015076339521118318,1.0,0.7007360684612897,0.7733903328434498,0.8053359200448009,0.8004653486845964,0.23237109908626985,0.805,353.6760381762238,0.022504413094457037,1.0,0.7146992163388383,0.7859047141840403,0.8186328860692608,0.009261129922772027,0.02114252752412888
21016,0.5,0.7029166666666666,0.5604166666666667,0.7978785232781964,0.24114135699675912,0.815,656.3059527257539,0.024187963337956198,1.0,0.686768667179541,0.7699642878025407,0.813472158525321,0.8131249357855146,0.2473244663732007,0.815,353.6480384436139,0.019744451373356068,1.0,0.6993460816795579,0.7930483806695572,0.8186583990852694,0.008051408033722132,0.01941842178529811
21017,0.5,0.6925,0.5545833333333333,0.8295648609575821,0.2735260941205514,0.8133333333333334,644.6151886193516,0.019672483276267833,1.0,0.7325411856260106,0.800766507160688,0.8499836826940673,0.824909627652208,0.2700253665297073,0.8133333333333334,348.20404090245637,0.018729176251983698,1.0,0.7224534998317433,0.80362648821103,0.8500606324495606,0.01184226431219959,0.032831876377304475
21018,0.5,0.6858333333333333,0.5395833333333333,0.8292575330076483,0.2534353518903336,0.8070833333333334,623.9137909393711,0.01773713514756108,1.0,0.7193769994053082,0.7988000054124996,0.8461062242706614,0.8140697661531386,0.2590952406994141,0.8070833333333334,313.07259708984736,0.019029491052361673,1.0,0.7283016144557916,0.788305077367406,0.844452913470065,0.007985729093900391,0.022387965287531262
21019,0.5,0.695,0.55,0.8256014719503508,0.24420957767684387,0.8154166666666667,648.6635368088209,0.020929806419162016,1.0,0.7314226879684858,0.8060548219828423,0.8434615858850699,0.8205928631057895,0.24679775387013445,0.8154166666666667,336.52982914133304,0.024810766173134432,1.0,0.7261212630304477,0.7993543438844904,0.8344114739691235,0.012268640692175769,0.02768796403032277
21020,0.5,0.6945833333333333,0.5404166666666667,0.8007492848749952,0.2491445600288255,0.8154166666666667,664.7886414339199,0.023668002569731818,1.0,0.711916685852785,0.7835258157925141,0.8165472063147879,0.8016084571513284,0.2515858895078762,0.8154166666666667,334.43304029886104,0.01784775182603623,1.0,0.7242653089294951,0.7834498841287176,0.8230082664070462,0.006762526541941239,0.02427428969595151
21021,0.5,0.6841666666666667,0.5366666666666666,0.7711680502734065,0.2613303510536099,0.8054166666666667,642.7186560827998,0.02233761202681685,1.0,0.6662429528478042,0.7512199541729904,0.8018723526054119,0.7956316030405514,0.2394935063086976,0.8054166666666667,331.21529731356634,0.028865187749001466,1.0,0.6954057936777507,0.7827660713019067,0.8191220883248803,0.005800661052285944,0.018284827050616497
21022,0.5,0.6875,0.5341666666666667,0.8116533095813632,0.2416502911515517,0.8095833333333333,649.3301153410752,0.012387431167200803,1.0,0.700727917554259,0.7798057146473221,0.8301812766885078,0.80785091640402,0.22669636512268565,0.8095833333333333,320.29630050117396,0.01123543574063076,1.0,0.6855709120352673,0.7755329952807112,0.8254077761534756,0.008783285358253377,0.031242814634644168
21023,0.5,0.6995833333333333,0.5520833333333334,0.8134567290988219,0.2659974854148596,0.82125,642.9619161191337,0.015385637890356546,1.0,0.7268487435022839,0.7899770659352634,0.8322674701929489,0.8164894502444882,0.27215560589952126,0.82125,330.87807345305254,0.006416909264743614,1.0,0.7185663284622472,0.7929669733815735,0.8352554588714444,0.0065549598239776595,0.01901626919668269
21024,0.5,0.7045833333333333,0.54625,0.8087319928958608,0.2369054449787933,0.8141666666666667,667.5048088037714,0.014990191894637303,1.0,0.7063957991409686,0.7810369522962028,0.8224505309252517,0.8009405038963621,0.22495776154771466,0.8141666666666667,331.89081277356246,0.009061120714081959,1.0,0.703639635541793,0.7760580284759199,0.8143987426311197,0.010847974369326203,0.02112517580028519
21025,0.5,0.70375,0.5533333333333333,0.7993262629391208,0.2417703808238598,0.8070833333333334,671.2782866727129,0.02420575735974141,1.0,0.719298282462811,0.7787178462488805,0.820424424539623,0.7961868524035638,0.2419580997687856,0.8070833333333334,350.4342974308306,0.017333308174750216,1.0,0.7201285444159217,0.7731140515045027,0.8121511125692599,0.007257095844154917,0.021454991799963127
21026,0.5,0.7058333333333333,0.5583333333333333,0.7950770798407362,0.2570537140166573,0.8058333333333333,673.3548677527672,0.028907567199761768,1.0,0.7073737272092179,0.7825480809419842,0.8110650821225129,0.802513339089925,0.28437194152936435,0.8058333333333333,363.59634530835194,0.02757446594254926,1.0,0.6919897148963173,0.7793105140192024,0.8229701094432262,0.006498551924646484,0.016542843161778755
21027,0.5,0.6920833333333334,0.5470833333333334,0.785621358211994,0.2770254059143201,0.8158333333333333,654.907311882604,0.024045755780275634,1.0,0.6872253944287391,0.7637467195008666,0.8173832878221927,0.800287361666507,0.27910787120394626,0.8158333333333333,348.30945279719947,0.023536575901005267,1.0,0.7104037723588962,0.775768903389324,0.8327750123704837,0.006316869625563787,0.019727811426469226
21028,0.5,0.7041666666666667,0.55125,0.8025096835667653,0.23132358452665705,0.80375,664.6929227700361,0.020287848601916056,1.0,0.7045563955389277,0.7775398249149735,0.815766959514966,0.7840056509842099,0.23087854294771543,0.80375,342.63515696412446,0.02105962482180728,1.0,0.688187083989969,0.756242509514479,0.7993735338009018,0.0068867340515336,0.023320134680172067
21029,0.5,0.6925,0.5508333333333333,0.7905762907792648,0.23437257736377481,0.81,643.0534644617134,0.02537411155269353,1.0,0.7094957482153886,0.7764628574754038,0.8179276138107772,0.7963464244399139,0.24780278019072172,0.81,340.8094433321712,0.02733988434070838,1.0,0.705113224753654,0.7769358276379086,0.8299226269519014,0.009254122182403483,0.024922026051195978
21030,0.5,0.6991666666666667,0.5579166666666666,0.7930263297110801,0.262061462785518,0.8145833333333333,648.0095149816541,0.013156087090305212,1.0,0.7155239055612738,0.7720224874821237,0.8103662995176613,0.7726007337393831,0.26538844560697145,0.8145833333333333,347.48998302318427,0.006694290479215511,1.0,0.684719762071105,0.7471739700135789,0.793073968213053,0.005130755001655515,0.013170118090274335
21031,0.5,0.7016666666666667,0.5429166666666667,0.7967300870886846,0.24109050091712866,0.81,672.4586808326385,0.01616074738408139,1.0,0.7156016754275225,0.7771993499570484,0.8127605867402515,0.8167665530341942,0.23816031281937694,0.81,332.95648265160025,0.01331329517321693,1.0,0.7479218783578354,0.7922525682809484,0.8409791929459187,0.009328125119999333,0.025748084251123977
21032,0.5,0.6916666666666667,0.5354166666666667,0.7788127774375442,0.26514030224553986,0.8054166666666667,662.2810614160368,0.024302447293837192,1.0,0.6830469617932607,0.752060507240508,0.8080889960084718,0.8010781030420455,0.2687452168374329,0.8054166666666667,332.1444649587594,0.031918748418563396,1.0,0.7064124282505719,0.7728144543243604,0.8141946288946317,0.00575590637083105,0.02067913908734015
21033,0.5,0.6925,0.55,0.7890127934175294,0.24075454915460204,0.8075,643.5302256979289,0.028876457434775335,1.0,0.689304995843618,0.7740739121967003,0.81973472638381,0.7821867045182901,0.24845869212532065,0.8075,337.8277302975937,0.019903818527594673,1.0,0.6901999655919505,0.7683602991795523,0.8212256103020102,0.00676291020381368,0.020156048882495437
21034,0.5,0.6879166666666666,0.5354166666666667,0.7972019394371689,0.2614877214998925,0.8120833333333334,641.247559453675,0.016712923265979555,1.0,0.7077181625170597,0.7710193621270743,0.8173200990187849,0.8205390914848707,0.2732522978305674,0.8120833333333334,315.9408069081434,0.013778241518911126,1.0,0.7279449963247911,0.8055125239661299,0.8405224171396182,0.008143783771529826,0.023843448678327408
21035,0.5,0.6866666666666666,0.54625,0.8205372860018136,0.25391272003822807,0.8220833333333334,632.1870733626049,0.021618776234043516,1.0,0.7380306010037694,0.8041344532216734,0.8379717383321064,0.8056584304594722,0.25728709297143826,0.8220833333333334,332.5943094605805,0.024240868526774567,1.0,0.7465652938977659,0.7956703151698198,0.828763644375565,0.013623998169140814,0.028875840716545708
21036,0.5,0.6933333333333334,0.54875,0.8254325074593012,0.27709783232059265,0.8225,642.1795297336005,0.014324133387881745,1.0,0.7167643185884875,0.7951194944793919,0.8524538518141815,0.8298190480726654,0.2996166291800216,0.8225,335.20728608049774,0.02216707948070935,1.0,0.7401514496649654,0.7953284285411198,0.856856455946407,0.012424452565093542,0.026973793406500305
21037,0.5,0.69625,0.5425,0.7940170337464435,0.21093616981693417,0.8233333333333334,652.4088583381158,0.023952983249580197,1.0,0.7167675529483397,0.7815883293453924,0.8137352120933625,0.7834531561891329,0.18310883918807228,0.8233333333333334,326.93045102788085,0.018302480809052904,1.0,0.7063387211489967,0.7712892806133419,0.8061710946365714,0.007755491493951002,0.02539877083509945
21038,0.5,0.695,0.5525,0.797702370920281,0.24550741144962704,0.8075,638.4973912649059,0.027282995145684302,1.0,0.7055973554718845,0.770980922044,0.8254092502946175,0.8207157771379816,0.2489534203540941,0.8075,338.9950311859567,0.02549054936368198,1.0,0.7345026508488479,0.7954975414439105,0.835551045190729,0.012951643919906525,0.029537008976747128
21039,0.5,0.6966666666666667,0.5495833333333333,0.8075320724394609,0.2652516264196828,0.8091666666666667,646.1316083767815,0.026491862473753923,1.0,0.7087564402223635,0.781170812449403,0.8338268773585493,0.8015312545290576,0.25771761030512064,0.8091666666666667,336.6131738505465,0.03497679834399913,1.0,0.7163044956107532,0.7831932060379472,0.8263928811182005,0.00910009027424279,0.02946429693020094
21040,0.5,0.6966666666666667,0.5441666666666667,0.8168319745842956,0.24748307578850004,0.8145833333333333,656.2246888895892,0.025264088004620447,1.0,0.7193149405784096,0.7898215483156138,0.8323921527637362,0.8105570418796206,0.24698362904104168,0.8145833333333333,331.4731632259413,0.023853812816188313,1.0,0.7095819379310812,0.7865336626988563,0.8286196646699663,0.007050014132144839,0.01992531058415843
21041,0.5,0.6925,0.545,0.7882853121872823,0.2634710698149418,0.8095833333333333,641.9919326013005,0.022733214847259577,1.0,0.6913393687083454,0.7568368164374849,0.8112842907833636,0.7750919592007666,0.28309313307019274,0.8095833333333333,325.0659597379238,0.020173102249471112,1.0,0.6661715786722259,0.7384120699201594,0.8014443040809426,0.006956813844831268,0.021859166468990613
21042,0.5,0.6904166666666667,0.53625,0.8253203358111215,0.25921669999728575,0.8166666666666667,652.4145739347632,0.015908814183292982,1.0,0.7226148040121391,0.8044791545081736,0.8482850513298549,0.8398183336717098,0.28400083500896883,0.8166666666666667,319.0728111488043,0.015760994427298967,1.0,0.7210599695420448,0.8145442437018133,0.8611689898168926,0.011400621903336426,0.02270036106350424
21043,0.5,0.705,0.5625,0.7875427938095573,0.2303037583119178,0.8054166666666667,663.6431466233184,0.01803190394131135,1.0,0.7010736967610195,0.7649962474417616,0.8102878330165248,0.7941147817514443,0.24153871043063785,0.8054166666666667,359.23109146013803,0.017945674241988126,1.0,0.7221471094766754,0.7740643402587314,0.8164226967101136,0.010361256902871995,0.023899421465790938
21044,0.5,0.6916666666666667,0.5458333333333333,0.8033810826889717,0.21953712729827957,0.8116666666666666,638.7031827224098,0.025586080178338022,1.0,0.7099798450133482,0.7826806071684396,0.8222089369990325,0.8156456271202408,0.22683849394766617,0.8116666666666666,328.6273204822451,0.016016920136484827,1.0,0.7208496841621272,0.7935616996444462,0.8378930416202776,0.013841862549366162,0.03779773278082858
21045,0.5,0.6920833333333334,0.5425,0.8008658547792663,0.2430752731914705,0.80625,654.8126477885842,0.020853275936203283,1.0,0.70024393073138,0.7737873124268083,0.8308146981335404,0.7968982055160894,0.2549337454570367,0.80625,336.2416664551633,0.016927531741193873,1.0,0.7183483161741752,0.7780260915203142,0.8362157788289178,0.013532816015043381,0.03531624860116466
21046,0.5,0.6920833333333334,0.5429166666666667,0.8009734875397394,0.24764910710593388,0.8104166666666667,645.908949998508,0.014407842934457859,1.0,0.6979918903541351,0.7778844094411939,0.8220161685185617,0.7861487269152437,0.25032315012797524,0.8104166666666667,330.69561969097583,0.01461031788472894,1.0,0.6871455132898034,0.7672246392897702,0.810694364926897,0.0048277492779987595,0.012201896025998263
21047,0.5,0.6816666666666666,0.5370833333333334,0.8265918458235828,0.26045864180351364,0.8208333333333333,639.8880257640188,0.026400650678510038,1.0,0.7361714210255835,0.8085746234512237,0.8397581644079997,0.8277638652912415,0.2624401201547654,0.8208333333333333,331.165584545925,0.020905761223607714,1.0,0.7295928619353519,0.8134822318041676,0.8421904045615196,0.009273180927139526,0.02389633001607014
21048,0.5,0.68875,0.5429166666666667,0.7885956190682673,0.2505284752932805,0.8229166666666666,650.4303387899603,0.021470255488047655,1.0,0.7163710930466033,0.763449842893391,0.8096968173284858,0.8103330149997958,0.22757508527702336,0.8229166666666666,338.1943561642511,0.018119014968998117,1.0,0.7437724772922419,0.7934915207226719,0.8346086376690541,0.009859656853502353,0.033280094468257665
21049,0.5,0.68375,0.5383333333333333,0.8207537530528545,0.2699776817080377,0.8125,636.2537992061552,0.030972453539390616,1.0,0.70768483705894,0.7972505191497186,0.8517376383956479,0.8260812583254447,0.27444685757203674,0.8125,325.9442817892048,0.029610953791871338,1.0,0.7390725267565812,0.8040076124919835,0.8654646550448266,0.008971978329641453,0.025248783476879418
21050,0.5,0.7016666666666667,0.5475,0.8182230351901526,0.26016710065112836,0.8079166666666666,657.2028815489691,0.020136034636231516,1.0,0.7172791203638801,0.7932692273291916,0.8339419442119487,0.8136216021313734,0.2708932676631304,0.8079166666666666,330.9867852792288,0.022289309550669954,1.0,0.6830282596371462,0.7825431288426565,0.8284800035697095,0.01092679864225787,0.025903690226108823
21051,0.5,0.7004166666666667,0.5466666666666666,0.7913060847634649,0.25851761738408796,0.8091666666666667,671.7172867598395,0.025087881286176693,1.0,0.7170548572768971,0.774956841428267,0.8150078671576964,0.7754995544131964,0.22488151056990874,0.8091666666666667,347.3297079255722,0.021696616352817534,1.0,0.7133297553406834,0.764594856264226,0.7933159863438182,0.011892889074838597,0.035262200851271255
21052,0.5,0.6895833333333333,0.5433333333333333,0.7824588338308893,0.24375574954707832,0.8008333333333333,640.3912800553039,0.017162197577145325,1.0,0.6928526541982845,0.7578930535558861,0.8138458815594516,0.8018752563287455,0.25277416281424875,0.8008333333333333,327.38011085058406,0.019124852213508306,1.0,0.7255414822124355,0.7770497196875578,0.8361097496965457,0.010735573700372205,0.0261642890734277
21053,0.5,0.6858333333333333,0.545,0.8081274609455036,0.2315644961915089,0.8129166666666666,636.846637360645,0.015241998529842262,1.0,0.7120052251107517,0.7942769126219489,0.8282713477120114,0.7886919896675855,0.2368161532921785,0.8129166666666666,337.28346987764894,0.020908846851192243,1.0,0.6923983083088117,0.7732151488781238,0.8101208639296493,0.010015211359858073,0.024646326086926813
21054,0.5,0.70375,0.55625,0.8062252490879455,0.2499111761578283,0.8141666666666667,657.8096052782611,0.0247479374401224,1.0,0.7070687306904746,0.7825132766888584,0.8254333473931232,0.8097904377088997,0.277450951820557,0.8141666666666667,348.3987646057147,0.017335835237321084,1.0,0.6787378884210704,0.7746900499404902,0.8344124830290799,0.009512442846428527,0.026009256516513736
21055,0.5,0.6791666666666667,0.5383333333333333,0.8032520273052306,0.26975649088222714,0.7920833333333334,642.0904711121584,0.02303735742415756,1.0,0.7063416082370356,0.7806223755663975,0.8279204507069297,0.8257461071067658,0.2654684733124473,0.7920833333333334,336.81861482836473,0.0199496330168217,1.0,0.721708092721807,0.8079749974876882,0.8528329577172828,0.011943461298801906,0.03462167841188278
21056,0.5,0.6866666666666666,0.5391666666666667,0.8147901893487481,0.2396888930125484,0.8091666666666667,639.9952334303405,0.01792024572994762,1.0,0.7229424952162145,0.7910657474058196,0.8335030366440308,0.8062306038956454,0.23245670138828942,0.8091666666666667,322.04899571363256,0.02005458819072609,1.0,0.7270595465057563,0.7847446999468922,0.8321834851691174,0.007727040681762782,0.027495610556369017
21057,0.5,0.7058333333333333,0.54875,0.795466227253775,0.2547901236200465,0.8095833333333333,670.0006877289665,0.023107308730220086,1.0,0.7210163800675634,0.7814957525793818,0.8182699708553847,0.8214984467402807,0.25023789372127914,0.8095833333333333,334.70010313218563,0.015031299699374792,1.0,0.7256895850772122,0.8026792631111234,0.8348872368889433,0.007011150913925484,0.022279347717576507
21058,0.5,0.70625,0.56,0.7881203314297776,0.2592927283415323,0.8008333333333333,667.3102353587706,0.018684783686745286,1.0,0.696864770906052,0.7612463967314999,0.8034909131065483,0.7894153101365831,0.24772707062278043,0.8008333333333333,355.75775122026675,0.028231082286511423,1.0,0.6997890893157308,0.7658917698093387,0.8000473115004271,0.007734558336093104,0.021215431519296134
21059,0.5,0.6929166666666666,0.53875,0.7941567311972538,0.26215098101317647,0.8158333333333333,660.1592757025182,0.014403850361797156,1.0,0.6846152002288269,0.767811987795923,0.8199775745446256,0.812247896186413,0.2725445033100476,0.8158333333333333,329.63256083749474,0.014818415745947033,1.0,0.7207855482909988,0.7933742845842774,0.8411568164228687,0.011168152438756114,0.03326167558748761
21060,0.5,0.6941666666666667,0.5591666666666667,0.8076642975232686,0.23134670469933297,0.81375,663.7924358487837,0.02088181056561431,1.0,0.7159677300984753,0.7907217362032265,0.8237904277463516,0.8061402405380488,0.230686394170527,0.81375,375.3305443737901,0.020130397750468078,1.0,0.7234994656232313,0.7910323206249942,0.8119944951704059,0.011750478147071282,0.03399924885327897
21061,0.5,0.6954166666666667,0.5495833333333333,0.8111042778241263,0.2780813527737363,0.8108333333333333,653.3588401836495,0.025734330942429866,1.0,0.7283316164464112,0.7812481830868583,0.8345961404351445,0.8202432100242252,0.30246185244214163,0.8108333333333333,339.9233816141664,0.03204686986146711,1.0,0.7412400654253091,0.7794297645463326,0.8408525963486149,0.008163714920874483,0.021393801504261734
21062,0.5,0.6820833333333334,0.5408333333333334,0.8164419858938643,0.2645365285807851,0.8158333333333333,626.4913411586327,0.019976827991270887,1.0,0.7102024759412461,0.7843070518332492,0.8337741226619693,0.7936075797517431,0.25739476671792605,0.8158333333333333,324.0423906258099,0.020970752698004993,1.0,0.6933794085503932,0.7596594979175306,0.8171474682188565,0.009475696632458327,0.02854672501238241
21063,0.5,0.6995833333333333,0.5495833333333333,0.7821647621019124,0.21926135333574895,0.7975,656.1396467476278,0.02126549659528678,1.0,0.7046671746048567,0.7636666899622008,0.8035951492022322,0.7713850562219073,0.22311172373265822,0.7975,333.91351737600235,0.024257639753670523,1.0,0.6855749078494758,0.7504390666042696,0.8042322311855555,0.014531299036123284,0.029033126612217436
21064,0.5,0.6916666666666667,0.5441666666666667,0.8124821314221834,0.2594695933316896,0.8,656.4836441574248,0.022274467661635815,1.0,0.7373868348003537,0.7872216870093981,0.8267276267606782,0.8176485544267214,0.23740809189552955,0.8,343.49663756690927,0.02348105387951561,1.0,0.7512983008611461,0.7970044722738354,0.8327745174806931,0.007762709717117392,0.021154776651298134
21065,0.5,0.7058333333333333,0.5504166666666667,0.8025564531171362,0.24393562663519824,0.81875,664.2531528800621,0.015518144196944954,1.0,0.7241135773683719,0.7818584059739303,0.8328345987061504,0.8146417890401909,0.23523116550818637,0.81875,332.1437325101763,0.017111987076035465,1.0,0.7537777051872,0.7906060429579947,0.8411966811399719,0.008382982224194988,0.02039812390067785
21066,0.5,0.6954166666666667,0.5545833333333333,0.791867857882335,0.2780090826566725,0.8054166666666667,654.6238267865024,0.02948785534022839,1.0,0.7003293000053751,0.7754778994328408,0.8216017616738508,0.8175729838193039,0.2858934256135277,0.8054166666666667,353.69750570441124,0.02264734362303107,1.0,0.713240103749918,0.797058558386067,0.8396676236037692,0.013914776066899497,0.032028000476741564
21067,0.5,0.69,0.55,0.7846368499574093,0.2713813512296539,0.79375,629.3883994981747,0.022713413036230513,1.0,0.6877394794220143,0.7626879228705721,0.8116233668460054,0.740871209366502,0.24753388599671974,0.79375,330.6532440995668,0.020055917175222277,1.0,0.6502347882550599,0.7265552205469632,0.7786911716013865,0.00909110598796044,0.021345212470808974
21068,0.5,0.6958333333333333,0.55125,0.775643753887657,0.2412203400311021,0.7991666666666667,656.7212221097557,0.016059541604071883,1.0,0.6789606514913265,0.7532380930735598,0.7976389159070267,0.7718846549599678,0.2581503127557276,0.7991666666666667,347.2653737145609,0.017962374425271887,1.0,0.6723568360103312,0.754184952253394,0.8012521484744263,0.00868467917807567,0.02592085715585786
21069,0.5,0.6908333333333333,0.5454166666666667,0.80734484773071,0.23055444513266332,0.8054166666666667,646.4583556000289,0.024126650100197065,1.0,0.7111793045603771,0.7863513271492303,0.8204008633655542,0.811175242239568,0.2388416941569897,0.8054166666666667,333.6277954935053,0.023174833382496755,1.0,0.7251242261368771,0.7887278725687754,0.8211860920633206,0.012274466825272846,0.03357654733352137
21070,0.5,0.6975,0.5529166666666666,0.8105662274544411,0.27211089392766113,0.805,656.6882387953963,0.016491058585735102,1.0,0.7132720469120676,0.7779365031011771,0.8379162644629709,0.811993867626747,0.2732979333898886,0.805,344.36118414911664,0.023414280024533773,1.0,0.7109109291071718,0.7804840734986433,0.8451440865677747,0.009550549327563914,0.02447733541978396
21071,0.5,0.6970833333333334,0.5391666666666667,0.7941962605737499,0.2302579133723955,0.7908333333333334,671.2084836097767,0.018301523804349733,1.0,0.6996870939348807,0.7755303818895691,0.8163235461584075,0.8095696560901966,0.22721429836680182,0.7908333333333334,333.2412077386234,0.017300748358157054,1.0,0.7038655532451414,0.7879862618178993,0.8271097334876168,0.011625303913978273,0.028954127902517345
21072,0.5,0.6833333333333333,0.545,0.7901270578246308,0.24993541650525153,0.8070833333333334,643.0730355311348,0.024013736278147874,1.0,0.6990913698379628,0.7697814266004622,0.8086130201359017,0.7741206688414242,0.24797967377445268,0.8070833333333334,345.3206281559832,0.01648201207228266,1.0,0.6847474347232076,0.7503917315403104,0.7918879384839209,0.007251641206080303,0.021022975217343223
21073,0.5,0.6779166666666666,0.5391666666666667,0.807509218411884,0.2496049484973738,0.81375,634.4391159405793,0.025736313019307677,1.0,0.7166242409085439,0.7826266016132705,0.8294039907492826,0.7912978966492011,0.23787802754924625,0.81375,336.3837894538967,0.024823223040342603,1.0,0.7070036864651368,0.764198114735664,0.8151270402471278,0.012356703538289798,0.035035571501267716
21074,0.5,0.6845833333333333,0.5379166666666667,0.7704417358766926,0.245599033651059,0.8070833333333334,638.1198070318034,0.020352592733232765,1.0,0.7015999932377874,0.7553904114426314,0.795503731724005,0.7632518255955214,0.24992391880189177,0.8070833333333334,323.36668133701767,0.01578339859209621,1.0,0.6730572936146252,0.7449634707173595,0.8009421638467553,0.0059803631427026,0.019306334537792166
21075,0.5,0.7041666666666667,0.5475,0.8009015767215404,0.24004350819735173,0.8120833333333334,668.7992067547096,0.012591568520308329,1.0,0.6968427465497401,0.7801608897428669,0.8151845952419122,0.7801040298532144,0.24366693704138553,0.8120833333333334,333.97134783774004,0.013100760468481873,1.0,0.6978722186612285,0.7536697177055859,0.7976806625861723,0.014992706522144872,0.04331231288762448
21076,0.5,0.6925,0.5483333333333333,0.7964145207153226,0.23883736572609016,0.8108333333333333,647.8119309709759,0.014514354060528912,1.0,0.7140847910370478,0.7767340267857301,0.8151255330139109,0.8059949141436205,0.2253519464763166,0.8108333333333333,343.0654208956743,0.012746058446482878,1.0,0.7374523867992986,0.7881180922334533,0.8159751500967709,0.013300061480144518,0.033007063158984724
21077,0.5,0.6816666666666666,0.5379166666666667,0.8025877497452664,0.2695844606421275,0.8133333333333334,621.9284346258937,0.025158200521262247,1.0,0.7040383584812647,0.7753693925288054,0.8216221752317153,0.8019618121168312,0.289493427702169,0.8133333333333334,313.65474727269606,0.016408138075745142,1.0,0.6866186680203025,0.7625974156244363,0.8192386589082951,0.007707201494049649,0.02498751040556116
21078,0.5,0.69375,0.5495833333333333,0.7761137109208311,0.2610869739818317,0.8033333333333333,652.9590179396722,0.015813147565171937,1.0,0.6920796989794893,0.7544485085226853,0.8030362329380937,0.8033079615386329,0.2529367760997355,0.8033333333333333,347.58596795036146,0.01436623742882335,1.0,0.7208149713465409,0.7833297442965806,0.8272118727861556,0.016026919065342333,0.04163406988211251
21079,0.5,0.6983333333333334,0.5616666666666666,0.7971493677513851,0.24850225268568324,0.82,660.0190871194327,0.02480533228705348,1.0,0.7116045254919174,0.7743069921039166,0.8182630780875972,0.7900472018472815,0.25683473916398586,0.82,367.7203424017472,0.021989454872366705,1.0,0.7022705595961082,0.7675357722438922,0.8130571184175656,0.008351150719966617,0.01766984437209509
21080,0.5,0.69375,0.5366666666666666,0.7838936444428618,0.2484849310451829,0.7983333333333333,666.3810519689417,0.0174074037152158,1.0,0.6934733611316991,0.7605979694715018,0.8043199748210181,0.7849823589946475,0.26269815497844773,0.7983333333333333,332.58766498129455,0.017085157216318946,1.0,0.6883220294398542,0.7597781114867648,0.8040711714025494,0.01140526862630847,0.02847256581965471
21081,0.5,0.69125,0.5470833333333334,0.8177947905481175,0.24796748511192612,0.8275,650.49794716295,0.02149614630197426,1.0,0.7312778245115402,0.8037477726927528,0.8379081830502509,0.8369301111782729,0.22579144025373168,0.8275,342.5941535729123,0.029140015780286885,1.0,0.7504559146598165,0.8260860869920725,0.8572172818296322,0.009499411081339868,0.03031096288150259
21082,0.5,0.6904166666666667,0.5433333333333333,0.798021038612897,0.25563104832032274,0.8154166666666667,640.4790222614322,0.0245500658894641,1.0,0.7015871264585922,0.7814646937260402,0.818558234864449,0.7843835924792719,0.24081772633732942,0.8154166666666667,327.78673812667324,0.021955716028743577,1.0,0.6875140997442156,0.7674466459438626,0.8096640430359768,0.00954724421182823,0.02881194233168743
21083,0.5,0.7025,0.5508333333333333,0.7879627997624892,0.23271999273959942,0.8066666666666666,666.790541017981,0.01752149927790235,1.0,0.6947023527726753,0.765785062117022,0.8133852075921085,0.7643257483204078,0.22894370542575393,0.8066666666666666,341.5922227594351,0.023849625320155377,1.0,0.6948368108653793,0.7372359111077568,0.7942753115249391,0.008329994692573799,0.02457220091350361
21084,0.5,0.6979166666666666,0.55375,0.8138947233024717,0.23815444789794485,0.8175,654.7723219337005,0.014641997760667387,1.0,0.7145475285103421,0.7926226994804207,0.8327105739744711,0.8134243839142906,0.25375065936543056,0.8175,346.03427229395663,0.01828189834819783,1.0,0.7053105621339903,0.789112404992593,0.8356505844135141,0.011503555387840316,0.030291432299100435
21085,0.5,0.6904166666666667,0.54625,0.7950365070985059,0.24338824108461532,0.805,640.7400040843816,0.02010831852316204,1.0,0.710691011115645,0.7782263309010352,0.8102710999620821,0.7782642516351377,0.26489516578898814,0.805,329.93754465957767,0.023056610385085618,1.0,0.6880205890178296,0.754520807758474,0.7969145188274186,0.013545008104571382,0.032944356170164044
21086,0.5,0.7070833333333333,0.5591666666666667,0.7954728735295996,0.25956807295436296,0.8120833333333334,680.9646886863385,0.019144687318590446,1.0,0.7108790390065465,0.7763439060513224,0.8222328709025354,0.7805205381252681,0.24796170314354615,0.8120833333333334,367.3816896341558,0.018509976703254244,1.0,0.69798625043037,0.7674878164540959,0.8000056368265172,0.007329652288404892,0.023684425497714056
21087,0.5,0.6870833333333334,0.5370833333333334,0.7909464083124802,0.24798817389129152,0.81875,641.9677589127809,0.019877106609435754,1.0,0.6920339996669382,0.76077008263455,0.8129303124883359,0.8092770627421024,0.25345986079773425,0.81875,321.47330833166166,0.015560857221933478,1.0,0.7003537266904957,0.774815427444569,0.8371790851372197,0.010195929637640277,0.025558933081358346
21088,0.5,0.7070833333333333,0.56,0.817224356366665,0.2856475444687449,0.8279166666666666,677.9960370637673,0.02483962539588546,1.0,0.7172468798273193,0.7906238669802149,0.8484461778654718,0.8427713212820472,0.26175401801520226,0.8279166666666666,364.8743224221653,0.024112783800376108,1.0,0.7440978203363926,0.8231953025028157,0.8645199947182468,0.019063030631329952,0.05059827910926671
21089,0.5,0.6970833333333334,0.5545833333333333,0.7830566705965535,0.22936746112099457,0.8075,642.5895810125827,0.022369832487937603,1.0,0.6911524453485061,0.7679964765368704,0.8107607470409787,0.7803400784542565,0.23126727892028,0.8075,335.78940607485583,0.03411164529438636,1.0,0.6851426971045065,0.7633135349675018,0.8081655472266507,0.0105778426444066,0.02270347277614242
21090,0.5,0.7025,0.5508333333333333,0.7941656498298161,0.24701565327878114,0.8108333333333333,663.4783903605119,0.01932468597718887,1.0,0.7193483170875817,0.7829338242513938,0.818698654870735,0.7825938475532084,0.22721270232597798,0.8108333333333333,337.95580474195015,0.015073777335608482,1.0,0.7105336281772225,0.7705726623508115,0.8011467832279897,0.010841091795735034,0.030243698953179507
21091,0.5,0.6904166666666667,0.55375,0.7915465881951053,0.26632575839899847,0.8141666666666667,643.0575413695551,0.01371106136568419,1.0,0.6951455936497709,0.7652016091339472,0.8122210514252096,0.78178035877647,0.26106529967904546,0.8141666666666667,348.65494301238675,0.02246014483535234,1.0,0.6831921196255503,0.7643659477662333,0.8119771707178385,0.012613339035007557,0.030329619974690504
21092,0.5,0.7129166666666666,0.5608333333333333,0.8073077644067832,0.23956114051187116,0.8104166666666667,686.1313344441185,0.01439314834556078,1.0,0.7243748915722817,0.7924907691297661,0.8214301179785942,0.8103703048687285,0.2480168592341784,0.8104166666666667,366.22977185077355,0.013392276920788248,1.0,0.7221437093561097,0.7956038263930739,0.8257112185099846,0.010421574903316981,0.027360556693903984
21093,0.5,0.6954166666666667,0.56125,0.8020652371236606,0.23759878323363193,0.8129166666666666,630.7049061159144,0.01667311276834639,1.0,0.7143823566936253,0.7714662440471793,0.8241981470554619,0.7993468076607526,0.23320060028816278,0.8129166666666666,345.59671553201855,0.013306871794560839,1.0,0.7088670653146861,0.7680588939174053,0.82609679108569,0.011256829325286112,0.02723785361830346
21094,0.5,0.685,0.5345833333333333,0.779802918559903,0.25388260853837197,0.8020833333333334,662.2452992164463,0.01879243229453732,1.0,0.6899641612723436,0.7560123320245977,0.8026468833461302,0.779479906624191,0.24845158141887838,0.8020833333333334,342.6326527469507,0.02629415314763082,1.0,0.6957910884855455,0.7630499774477594,0.8060977504157462,0.009004759013533111,0.02237516525293649
21095,0.5,0.68875,0.5425,0.8164822278001321,0.26297557881835576,0.8166666666666667,636.6026183884131,0.020588171448451962,1.0,0.7227577903800583,0.7978736778413966,0.8385359669333186,0.8106796404298854,0.25599064324246407,0.8166666666666667,323.8257057345534,0.015849333154083288,1.0,0.7243443210544217,0.7939234311766903,0.8320368019662456,0.011922443570910336,0.03018559776068075
21096,0.5,0.6870833333333334,0.53125,0.807993981418463,0.2656257671986517,0.8091666666666667,649.5366954819475,0.016528588872671,1.0,0.6927504162962753,0.7741127937179768,0.8350434987866124,0.8307030868384353,0.2651958436271627,0.8091666666666667,314.82851987960777,0.01885568498674652,1.0,0.7312197996853125,0.8094610808138221,0.849790620289004,0.007085093545166751,0.019528143866938158
21097,0.5,0.6816666666666666,0.5441666666666667,0.8196126540987899,0.266619738554947,0.8075,607.4427439592612,0.0211542546648943,1.0,0.7255767290054265,0.7962977416918801,0.8329835075207738,0.8440985464796552,0.2684392735196575,0.8075,310.359668129193,0.01763587433735495,1.0,0.7458308118603635,0.8177260953011598,0.8573800012401077,0.009143021488999065,0.021181893220617323
21098,0.5,0.69875,0.55125,0.8088799853489986,0.2514064865150088,0.8183333333333334,648.3434323585766,0.012842692028631312,1.0,0.7109535863993912,0.7777056746666595,0.8332208337887133,0.8059161493030153,0.2722036266058644,0.8183333333333334,335.5756534329942,0.01267892520772236,1.0,0.7157544804819412,0.7858379234651792,0.8327834548083833,0.006887453444803316,0.020021230081965442
21099,0.5,0.6995833333333333,0.5475,0.8106201619531882,0.25095704110026984,0.8208333333333333,653.0720349100291,0.018230500366651994,1.0,0.7166692022695295,0.7887237496690752,0.8278365957096459,0.8235735485423059,0.24976388013082199,0.8208333333333333,327.57215998591295,0.010674244608627684,1.0,0.7303893543356277,0.804192517663662,0.8354577450945698,0.009394648345224403,0.023130092275985045
21100,0.5,0.6975,0.5516666666666666,0.814075333966764,0.26604050025526055,0.8083333333333333,653.4876597747615,0.01678169977216569,1.0,0.7304039248056005,0.7953706910383582,0.8426640244538983,0.7971098985286056,0.30541952893252305,0.8083333333333333,339.5707310386714,0.018984027227310563,1.0,0.7219012754054432,0.7726356279419591,0.8288927894554582,0.0062436829840465434,0.01508033601488437
21001,0.7,0.6841666666666667,0.5108333333333334,0.7891560197014396,0.23378858685314066,0.80375,634.7168250732556,0.018192420934036675,1.0,0.7062291709672173,0.7616753089405943,0.8171479165266042,0.6440744509507128,0.23961992671440635,0.80375,264.4642410808118,0.022974045711971702,1.0,0.5527532855625265,0.5973685402434711,0.6947988104394759,0.013783611317311473,0.04877554428811947
21002,0.7,0.6916666666666667,0.5133333333333333,0.8062790269465259,0.2580011036564407,0.80625,652.6558559155712,0.01530015555846577,1.0,0.712085384311274,0.778254581885925,0.8368845932174804,0.6793160880122276,0.2551094131056365,0.80625,270.75074016571557,0.00891788191546091,1.0,0.5901056497031312,0.6419951385604169,0.7268886716780034,0.00925525647485934,0.03996771670840166
21003,0.7,0.6879166666666666,0.5083333333333333,0.7925368803656748,0.2504079993192137,0.8054166666666667,639.5300909150026,0.018387680537961124,1.0,0.7049079307308226,0.7715124812230754,0.8185539711396501,0.6291203548814439,0.23465447826091698,0.8054166666666667,256.4533654585483,0.023180340814493182,1.0,0.5669278687560164,0.5918477611949715,0.6902076619118905,0.009346269882585422,0.038896354903876613
21004,0.7,0.7029166666666666,0.5133333333333333,0.8313397489808858,0.238584142286169,0.8170833333333334,670.3861851577985,0.028757480737491885,1.0,0.7402085472500165,0.808804596009046,0.8452512446135239,0.6838017817022071,0.22478440170508412,0.8170833333333334,271.606957090584,0.03030010931203988,1.0,0.5802969155954897,0.6409823674363528,0.6980122777031853,0.011321392259411995,0.02959375570152069
21005,0.7,0.6866666666666666,0.5095833333333334,0.8060770978822894,0.24508589830091287,0.8054166666666667,656.5454109435343,0.014886232403909214,1.0,0.7286305462870778,0.7939708875443334,0.8280403973839723,0.6666923329234382,0.22792695893354376,0.8054166666666667,279.69664019762797,0.013539794023530546,1.0,0.5968472222019842,0.6504610209938776,0.7015150539100351,0.010009939902202477,0.045564575110245746
21006,0.7,0.6854166666666667,0.51375,0.7903585551340456,0.23531118645974336,0.8041666666666667,638.4856916697418,0.016515068978714756,1.0,0.6927262615381261,0.7650577338366955,0.8048762031000192,0.6533659673325777,0.2074575215742023,0.8041666666666667,273.2052115098894,0.020780894114771305,1.0,0.5538936766148294,0.608878483661677,0.6726529731471856,0.010072662788653538,0.03510034548097156
21007,0.7,0.6925,0.5208333333333334,0.7926127175585996,0.25308965630917707,0.8133333333333334,649.2306437228374,0.013361087904787848,1.0,0.695313616335213,0.7728048201806365,0.8166293246897831,0.6616484564254123,0.2348880417984604,0.8133333333333334,285.6792671227422,0.014234956986673316,1.0,0.5609550846025622,0.6353032564822103,0.6951722414742751,0.008818386721753672,0.03368040872070189
21008,0.7,0.6983333333333334,0.5154166666666666,0.8025342502293183,0.2566448039392199,0.8154166666666667,663.3962107034639,0.021328489071609225,1.0,0.68749395149343,0.7799785262397839,0.8181203268221835,0.6485797102160323,0.2569223363977187,0.8154166666666667,276.5749379450448,0.030881172493353908,1.0,0.5409359382324889,0.6176457021558535,0.6859646744078899,0.006626804271203066,0.033088163847516755
21009,0.7,0.6933333333333334,0.5191666666666667,0.7849947521171082,0.2633231781622953,0.8029166666666666,649.4652496720396,0.02327680770971556,1.0,0.692473107252387,0.7673862517772834,0.8057518447596681,0.6297718614828399,0.23917178086421836,0.8029166666666666,282.522630676026,0.03360674915124402,1.0,0.5401867837827793,0.6026376888565369,0.6657300128579142,0.007043164029937424,0.029800054186970133
21010,0.7,0.6975,0.5220833333333333,0.793038616839618,0.2464569403105035,0.8108333333333333,639.3971486130597,0.016279501139212414,1.0,0.7026173230550449,0.7753991923733298,0.8116885783928359,0.6517515779734252,0.2139603977770786,0.8108333333333333,266.4368367410169,0.012970380917345724,1.0,0.5550758418274616,0.6157483162493532,0.6892218474018336,0.009424046081995053,0.04152571140432381
21011,0.7,0.695,0.5145833333333333,0.816763763362046,0.24925726482961372,0.81625,645.4619838474184,0.020268082473599142,1.0,0.7512988390202913,0.8016509405178834,0.8341376680328728,0.6761117396216674,0.21689802939966082,0.81625,260.78395304560456,0.02527367620807508,1.0,0.6170539859252779,0.6529000852388823,0.7002621787748575,0.007715326611251546,0.033539313787962294
21012,0.7,0.68625,0.5066666666666667,0.8080603193299628,0.21720944389959665,0.8075,639.0935513442707,0.01776913574083501,1.0,0.7380798696048781,0.794986680485384,0.8261132430731372,0.6512138171060631,0.20659064332201182,0.8075,258.9089112938475,0.027419378283869384,1.0,0.5773994703493579,0.6330373932174173,0.6811260334333754,0.009856428506750104,0.04184948863220121
21013,0.7,0.6729166666666667,0.50125,0.79576976209209,0.24091087126095548,0.805,626.739821182064,0.021130685778177633,1.0,0.7150769760245202,0.7697371658648801,0.8180098418245066,0.6330833633802696,0.23710975948792296,0.805,261.8491301852332,0.018988614102123737,1.0,0.5380360584357453,0.5858906277652558,0.6794386056609494,0.013189522939574668,0.042130243741494315
21014,0.7,0.6966666666666667,0.50875,0.797468703123325,0.24842976846660217,0.8033333333333333,649.2199900913581,0.014270935895015944,1.0,0.7021033303937753,0.7805389692009304,0.8178638446806211,0.6187516197737268,0.26913772015483695,0.8033333333333333,250.09770056880086,0.012376018212686775,1.0,0.539424044718391,0.5860789508685267,0.663225505613027,0.008921750260756645,0.031886847837271345
21015,0.7,0.6983333333333334,0.5354166666666667,0.7856759298616122,0.23933972078271368,0.805,636.367021124544,0.015076339521118318,1.0,0.7007360684612897,0.7733903328434498,0.8053359200448009,0.6620551252975821,0.21855975975202943,0.805,283.74963587509166,0.012374710375483816,1.0,0.5872609176523499,0.6415506099023773,0.6957024619019616,0.009261129922772027,0.02708727892347838
21016,0.7,0.7029166666666666,0.5304166666666666,0.7978785232781964,0.24114135699675912,0.815,656.3059527257539,0.024187963337956198,1.0,0.686768667179541,0.7699642878025407,0.813472158525321,0.6588068329119824,0.23511247346406824,0.815,289.68805753071706,0.008203811959468356,1.0,0.5455704031563955,0.6181056999968709,0.6785274466428328,0.008051408033722132,0.027013189931300752
21017,0.7,0.6925,0.5254166666666666,0.8295648609575821,0.2735260941205514,0.8133333333333334,644.6151886193516,0.019672483276267833,1.0,0.7325411856260106,0.800766507160688,0.8499836826940673,0.7220182327287719,0.274474211874286,0.8133333333333334,287.10700584903543,0.013150557324716795,1.0,0.6175028753009983,0.6826476647847886,0.7608967079928641,0.01184226431219959,0.040776471157418004
21018,0.7,0.6858333333333333,0.5108333333333334,0.8292575330076483,0.2534353518903336,0.8070833333333334,623.9137909393711,0.01773713514756108,1.0,0.7193769994053082,0.7988000054124996,0.8461062242706614,0.6705299903539744,0.23628303212603874,0.8070833333333334,252.64634891621634,0.01855911277643099,1.0,0.564461873706014,0.6174443937979072,0.7081799737361923,0.007985729093900391,0.029876937144906156
21019,0.7,0.695,0.5154166666666666,0.8256014719503508,0.24420957767684387,0.8154166666666667,648.6635368088209,0.020929806419162016,1.0,0.7314226879684858,0.8060548219828423,0.8434615858850699,0.7149476428270064,0.23419644603428644,0.8154166666666667,262.3950285124208,0.02511161696605642,1.0,0.59307886492686,0.6742487044315992,0.7402925389956224,0.012268640692175769,0.03677692660670098
21020,0.7,0.6945833333333333,0.50625,0.8007492848749952,0.2491445600288255,0.8154166666666667,664.7886414339199,0.023668002569731818,1.0,0.711916685852785,0.7835258157925141,0.8165472063147879,0.6462782483990883,0.24269653605859975,0.8154166666666667,260.95910783431736,0.020731595217700214,1.0,0.5537567732046449,0.6104448786531996,0.6775352654041596,0.006762526541941239,0.0321670328724562
21021,0.7,0.6841666666666667,0.5091666666666667,0.7711680502734065,0.2613303510536099,0.8054166666666667,642.7186560827998,0.02233761202681685,1.0,0.6662429528478042,0.7512199541729904,0.8018723526054119,0.6272352048234755,0.23066072695148715,0.8054166666666667,269.065128516864,0.023323755252804314,1.0,0.5410357523806367,0.5979582157224074,0.6746423174908341,0.005800661052285944,0.024434272478000927
21022,0.7,0.6875,0.5016666666666667,0.8116533095813632,0.2416502911515517,0.8095833333333333,649.3301153410752,0.012387431167200803,1.0,0.700727917554259,0.7798057146473221,0.8301812766885078,0.6510620344144417,0.21180542676925782,0.8095833333333333,252.89285547109682,0.011535869744195616,1.0,0.526541676161775,0.5904427836672713,0.6839302279615577,0.008783285358253377,0.04227788730349096
21023,0.7,0.6995833333333333,0.5195833333333333,0.8134567290988219,0.2659974854148596,0.82125,642.9619161191337,0.015385637890356546,1.0,0.7268487435022839,0.7899770659352634,0.8322674701929489,0.6914441997240003,0.26888836131807453,0.82125,260.95135047146164,0.006523359182033209,1.0,0.5870629234049469,0.6577863098093599,0.7181452442677546,0.0065549598239776595,0.025386484804133306
21024,0.7,0.7045833333333333,0.5141666666666667,0.8087319928958608,0.2369054449787933,0.8141666666666667,667.5048088037714,0.014990191894637303,1.0,0.7063957991409686,0.7810369522962028,0.8224505309252517,0.66194182922216,0.20826241885584174,0.8141666666666667,263.54690925912405,0.007616491212433109,1.0,0.5613475576706264,0.6192235707430238,0.6788901053553764,0.010847974369326203,0.027816842885324256
21025,0.7,0.70375,0.5258333333333334,0.7993262629391208,0.2417703808238598,0.8070833333333334,671.2782866727129,0.02420575735974141,1.0,0.719298282462811,0.7787178462488805,0.820424424539623,0.6604647052740743,0.23947342494215954,0.8070833333333334,291.17624591835056,0.02429520186325348,1.0,0.581864585402741,0.6227585256338657,0.695131305801451,0.007257095844154917,0.028442060853605053
21026,0.7,0.7058333333333333,0.52375,0.7950770798407362,0.2570537140166573,0.8058333333333333,673.3548677527672,0.028907567199761768,1.0,0.7073737272092179,0.7825480809419842,0.8110650821225129,0.6567396782297048,0.2454587078944393,0.8058333333333333,291.7330289307112,0.03541518219807871,1.0,0.5665999322134184,0.6278212440453211,0.6856634067776872,0.006498551924646484,0.02340935343699089
21027,0.7,0.6920833333333334,0.5220833333333333,0.785621358211994,0.2770254059143201,0.8158333333333333,654.907311882604,0.024045755780275634,1.0,0.6872253944287391,0.7637467195008666,0.8173832878221927,0.6600984468842315,0.27109917318234206,0.8158333333333333,294.4098974936101,0.024758194839703693,1.0,0.5811074417247558,0.6242979833954475,0.7159546555452494,0.006316869625563787,0.025263190375289457
21028,0.7,0.7041666666666667,0.5225,0.8025096835667653,0.23132358452665705,0.80375,664.6929227700361,0.020287848601916056,1.0,0.7045563955389277,0.7775398249149735,0.815766959514966,0.6465513860123714,0.23563061001904098,0.80375,280.69671879292696,0.029864292431271644,1.0,0.5506341314034744,0.5999637504118842,0.6759980321172772,0.0068867340515336,0.0294600640318918
21029,0.7,0.6925,0.515,0.7905762907792648,0.23437257736377481,0.81,643.0534644617134,0.02537411155269353,1.0,0.7094957482153886,0.7764628574754038,0.8179276138107772,0.6309359945658066,0.20146554228486,0.81,265.8743964490092,0.04256780989098863,1.0,0.5574415805485019,0.6060546416443138,0.6770349379020768,0.009254122182403483,0.03880946061925102
21030,0.7,0.6991666666666667,0.5279166666666667,0.7930263297110801,0.262061462785518,0.8145833333333333,648.0095149816541,0.013156087090305212,1.0,0.7155239055612738,0.7720224874821237,0.8103662995176613,0.6485760743635225,0.2500130195330774,0.8145833333333333,281.8658940695289,0.008252856886619458,1.0,0.5637838355347577,0.6116201086442079,0.6764311734024281,0.005130755001655515,0.01821088938972734
21031,0.7,0.7016666666666667,0.5108333333333334,0.7967300870886846,0.24109050091712866,0.81,672.4586808326385,0.01616074738408139,1.0,0.7156016754275225,0.7771993499570484,0.8127605867402515,0.6530990394411236,0.23240762500836204,0.81,265.42172714680294,0.01670077269493885,1.0,0.5854763185292152,0.6125330058546931,0.6861779013080902,0.009328125119999333,0.03444879479208525
21032,0.7,0.6916666666666667,0.5045833333333334,0.7788127774375442,0.26514030224553986,0.8054166666666667,662.2810614160368,0.024302447293837192,1.0,0.6830469617932607,0.752060507240508,0.8080889960084718,0.6610655724608303,0.270780695688963,0.8054166666666667,267.0727716567991,0.0340871167406313,1.0,0.5585582755104023,0.6101587193215229,0.6985086171689292,0.00575590637083105,0.026543560823780028
21033,0.7,0.6925,0.5179166666666667,0.7890127934175294,0.24075454915460204,0.8075,643.5302256979289,0.028876457434775335,1.0,0.689304995843618,0.7740739121967003,0.81973472638381,0.6497535099194274,0.20812570069022895,0.8075,268.37206198329613,0.018538746456479294,1.0,0.5703759471050567,0.6258145352166639,0.7050466103203945,0.00676291020381368,0.02886859825057282
21034,0.7,0.6879166666666666,0.5104166666666666,0.7972019394371689,0.2614877214998925,0.8120833333333334,641.247559453675,0.016712923265979555,1.0,0.7077181625170597,0.7710193621270743,0.8173200990187849,0.6621566717979559,0.2694173589748244,0.8120833333333334,259.68939700618535,0.01291199710853115,1.0,0.5625712377777836,0.6193787776158899,0.6941701006399164,0.008143783771529826,0.02907808638462157
21035,0.7,0.6866666666666666,0.5116666666666667,0.8205372860018136,0.25391272003822807,0.8220833333333334,632.1870733626049,0.021618776234043516,1.0,0.7380306010037694,0.8041344532216734,0.8379717383321064,0.6698809457520759,0.23825677406757786,0.8220833333333334,258.4535577981062,0.024282451984252187,1.0,0.6132445810978628,0.6543591151163711,0.7062166267478125,0.013623998169140814,0.03567357134610205
21036,0.7,0.6933333333333334,0.5175,0.8254325074593012,0.27709783232059265,0.8225,642.1795297336005,0.014324133387881745,1.0,0.7167643185884875,0.7951194944793919,0.8524538518141815,0.6938220219714468,0.28166801228607197,0.8225,269.3927099688103,0.017954319497883873,1.0,0.6111079448363798,0.6397689372755383,0.7373714625977407,0.012424452565093542,0.03650187665053706
21037,0.7,0.69625,0.5091666666666667,0.7940170337464435,0.21093616981693417,0.8233333333333334,652.4088583381158,0.023952983249580197,1.0,0.7167675529483397,0.7815883293453924,0.8137352120933625,0.6470932558216703,0.18725637396187508,0.8233333333333334,258.9096786188511,0.01631267116493559,1.0,0.5789637703061622,0.6258255742165012,0.6854280144690836,0.007755491493951002,0.03128538152033522
21038,0.7,0.695,0.5245833333333333,0.797702370920281,0.24550741144962704,0.8075,638.4973912649059,0.027282995145684302,1.0,0.7055973554718845,0.770980922044,0.8254092502946175,0.6953796737484627,0.23885787330254166,0.8075,280.0363368630002,0.022021847784450342,1.0,0.5967973019838531,0.6437510623186651,0.7204802811729626,0.012951643919906525,0.0365167911919182
21039,0.7,0.6966666666666667,0.5154166666666666,0.8075320724394609,0.2652516264196828,0.8091666666666667,646.1316083767815,0.026491862473753923,1.0,0.7087564402223635,0.781170812449403,0.8338268773585493,0.679501330371037,0.24184261006371482,0.8091666666666667,263.98525092142995,0.02801151369095193,1.0,0.5970931213137909,0.6409037417822049,0.7212853328285275,0.00910009027424279,0.04140731572851327
21040,0.7,0.6966666666666667,0.5158333333333334,0.8168319745842956,0.24748307578850004,0.8145833333333333,656.2246888895892,0.025264088004620447,1.0,0.7193149405784096,0.7898215483156138,0.8323921527637362,0.6969610802631476,0.249869628419705,0.8145833333333333,271.80909691942315,0.02908989757441934,1.0,0.5892653090415421,0.6545814747579588,0.7245624604642257,0.007050014132144839,0.02431131915901958
21041,0.7,0.6925,0.5170833333333333,0.7882853121872823,0.2634710698149418,0.8095833333333333,641.9919326013005,0.022733214847259577,1.0,0.6913393687083454,0.7568368164374849,0.8112842907833636,0.6295301327599355,0.2743142182483924,0.8095833333333333,265.2772179095589,0.011845596486827401,1.0,0.5129822970946614,0.5731957227617297,0.6707065668336792,0.006956813844831268,0.02926505048843219
21042,0.7,0.6904166666666667,0.5025,0.8253203358111215,0.25921669999728575,0.8166666666666667,652.4145739347632,0.015908814183292982,1.0,0.7226148040121391,0.8044791545081736,0.8482850513298549,0.7093250621966439,0.286383447621239,0.8166666666666667,244.65707374077772,0.013918315341404072,1.0,0.5825736750034272,0.6649847637802633,0.7469789068047825,0.011400621903336426,0.029677039074384494
21043,0.7,0.705,0.5316666666666666,0.7875427938095573,0.2303037583119178,0.8054166666666667,663.6431466233184,0.01803190394131135,1.0,0.7010736967610195,0.7649962474417616,0.8102878330165248,0.6453088113615538,0.2646947998690053,0.8054166666666667,294.4662929323155,0.02292196498388427,1.0,0.5734721637607791,0.6106605605207349,0.6878852417726156,0.010361256902871995,0.027300860591822892
21044,0.7,0.6916666666666667,0.5154166666666666,0.8033810826889717,0.21953712729827957,0.8116666666666666,638.7031827224098,0.025586080178338022,1.0,0.7099798450133482,0.7826806071684396,0.8222089369990325,0.6817880224559656,0.24459463840635937,0.8116666666666666,265.5843527407968,0.027259896963377175,1.0,0.5672184848863656,0.6357707798258654,0.7129439082802259,0.013841862549366162,0.04690719232095251
21045,0.7,0.6920833333333334,0.5120833333333333,0.8008658547792663,0.2430752731914705,0.80625,654.8126477885842,0.020853275936203283,1.0,0.70024393073138,0.7737873124268083,0.8308146981335404,0.6545034321983093,0.2547065458935944,0.80625,274.7236286663899,0.01581671597033849,1.0,0.572639802449724,0.6105497673553183,0.7135453371499051,0.013532816015043381,0.04998176219348483
21046,0.7,0.6920833333333334,0.5083333333333333,0.8009734875397394,0.24764910710593388,0.8104166666666667,645.908949998508,0.014407842934457859,1.0,0.6979918903541351,0.7778844094411939,0.8220161685185617,0.6375978119296942,0.25753175395180794,0.8104166666666667,256.6478061132502,0.018042716095255824,1.0,0.5403578795600033,0.5987394867258926,0.672275798567006,0.0048277492779987595,0.01708351497245606
21047,0.7,0.6816666666666666,0.4945833333333333,0.8265918458235828,0.26045864180351364,0.8208333333333333,639.8880257640188,0.026400650678510038,1.0,0.7361714210255835,0.8085746234512237,0.8397581644079997,0.6865501341385085,0.2534618392703491,0.8208333333333333,241.1628876110739,0.017822808855572303,1.0,0.5888313717761094,0.6629857834620773,0.713375183020635,0.009273180927139526,0.037063927240003035
21048,0.7,0.68875,0.505,0.7885956190682673,0.2505284752932805,0.8229166666666666,650.4303387899603,0.021470255488047655,1.0,0.7163710930466033,0.763449842893391,0.8096968173284858,0.6443997834908507,0.2173864480076191,0.8229166666666666,258.24333251526866,0.019856267156355595,1.0,0.5768706867228421,0.6153259401588369,0.686700096408909,0.009859656853502353,0.044147624204437706
21049,0.7,0.68375,0.5070833333333333,0.8207537530528545,0.2699776817080377,0.8125,636.2537992061552,0.030972453539390616,1.0,0.70768483705894,0.7972505191497186,0.8517376383956479,0.6807914883742983,0.28880040857500244,0.8125,260.9508454657151,0.0393142879136517,1.0,0.5981058729734583,0.6378915367850339,0.737443301101991,0.008971978329641453,0.03262989215291912
21050,0.7,0.7016666666666667,0.5095833333333334,0.8182230351901526,0.26016710065112836,0.8079166666666666,657.2028815489691,0.020136034636231516,1.0,0.7172791203638801,0.7932692273291916,0.8339419442119487,0.6724320526791429,0.2471805776355898,0.8079166666666666,252.71908597204094,0.019148170485595122,1.0,0.5453162217194792,0.6238145772005474,0.7033433511860314,0.01092679864225787,0.0356185704596773
21051,0.7,0.7004166666666667,0.51625,0.7913060847634649,0.25851761738408796,0.8091666666666667,671.7172867598395,0.025087881286176693,1.0,0.7170548572768971,0.774956841428267,0.8150078671576964,0.632597804602675,0.23772879116005616,0.8091666666666667,283.5550531118474,0.03178335867853363,1.0,0.5687510104351664,0.608660563673235,0.6665555103181987,0.011892889074838597,0.04297948845559731
21052,0.7,0.6895833333333333,0.50625,0.7824588338308893,0.24375574954707832,0.8008333333333333,640.3912800553039,0.017162197577145325,1.0,0.6928526541982845,0.7578930535558861,0.8138458815594516,0.6545746198806393,0.2514896620530382,0.8008333333333333,250.18133166343017,0.015424095377083176,1.0,0.5925142554102825,0.6156020039861405,0.7033699962282521,0.010735573700372205,0.032099226912314954
21053,0.7,0.6858333333333333,0.51,0.8081274609455036,0.2315644961915089,0.8129166666666666,636.846637360645,0.015241998529842262,1.0,0.7120052251107517,0.7942769126219489,0.8282713477120114,0.6479453158834034,0.20489056994776156,0.8129166666666666,262.37823504482924,0.025183203309058023,1.0,0.5559886324145124,0.6221855225951887,0.679303119114586,0.010015211359858073,0.0308362294096758
21054,0.7,0.70375,0.5208333333333334,0.8062252490879455,0.2499111761578283,0.8141666666666667,657.8096052782611,0.0247479374401224,1.0,0.7070687306904746,0.7825132766888584,0.8254333473931232,0.6631168132484206,0.27029405596912653,0.8141666666666667,272.8496996102233,0.021085734948578023,1.0,0.5367877527052292,0.6132799865132709,0.703889338127699,0.009512442846428527,0.03639080103943352
21055,0.7,0.6791666666666667,0.5116666666666667,0.8032520273052306,0.26975649088222714,0.7920833333333334,642.0904711121584,0.02303735742415756,1.0,0.7063416082370356,0.7806223755663975,0.8279204507069297,0.6997439859135111,0.25821357609514933,0.7920833333333334,280.09806939319594,0.023989482589498068,1.0,0.5936335527198173,0.6671159312647538,0.7349118237307795,0.011943461298801906,0.0419284742301492
21056,0.7,0.6866666666666666,0.50875,0.8147901893487481,0.2396888930125484,0.8091666666666667,639.9952334303405,0.01792024572994762,1.0,0.7229424952162145,0.7910657474058196,0.8335030366440308,0.6687172194615827,0.20119308182610532,0.8091666666666667,257.8767549597536,0.021775692381001247,1.0,0.5829655195117164,0.6358417250180985,0.7041980838845874,0.007727040681762782,0.037159185612424005
21057,0.7,0.7058333333333333,0.5170833333333333,0.795466227253775,0.2547901236200465,0.8095833333333333,670.0006877289665,0.023107308730220086,1.0,0.7210163800675634,0.7814957525793818,0.8182699708553847,0.6684977887543928,0.2511123059537657,0.8095833333333333,269.02581927361433,0.024734918049781795,1.0,0.5846022775826456,0.6415583361838187,0.6985860111148973,0.007011150913925484,0.02985720969751909
21058,0.7,0.70625,0.5266666666666666,0.7881203314297776,0.2592927283415323,0.8008333333333333,667.3102353587706,0.018684783686745286,1.0,0.696864770906052,0.7612463967314999,0.8034909131065483,0.6402076191113428,0.2342997214579269,0.8008333333333333,287.5217902499941,0.02478438675231512,1.0,0.5398479674355554,0.5955885299254156,0.6630370633448599,0.007734558336093104,0.03382003322128122
21059,0.7,0.6929166666666666,0.5116666666666667,0.7941567311972538,0.26215098101317647,0.8158333333333333,660.1592757025182,0.014403850361797156,1.0,0.6846152002288269,0.767811987795923,0.8199775745446256,0.6661720898556118,0.2568898420130801,0.8158333333333333,269.17254165105976,0.014431755579761162,1.0,0.5644131636860392,0.6261756211203807,0.7083233087268473,0.011168152438756114,0.03907355284709472
21060,0.7,0.6941666666666667,0.5170833333333333,0.8076642975232686,0.23134670469933297,0.81375,663.7924358487837,0.02088181056561431,1.0,0.7159677300984753,0.7907217362032265,0.8237904277463516,0.6667028069531898,0.22699457171913207,0.81375,286.69646163731045,0.03176309595099154,1.0,0.587778242765768,0.6409841890131877,0.684248218282852,0.011750478147071282,0.043493824197057086
21061,0.7,0.6954166666666667,0.52125,0.8111042778241263,0.2780813527737363,0.8108333333333333,653.3588401836495,0.025734330942429866,1.0,0.7283316164464112,0.7812481830868583,0.8345961404351445,0.6707678751801966,0.3013900335628882,0.8108333333333333,275.99834515397504,0.027259118355570048,1.0,0.5731450075052603,0.6107123379602065,0.7172748255919877,0.008163714920874483,0.027793182508367292
21062,0.7,0.6820833333333334,0.5133333333333333,0.8164419858938643,0.2645365285807851,0.8158333333333333,626.4913411586327,0.019976827991270887,1.0,0.7102024759412461,0.7843070518332492,0.8337741226619693,0.6806248855202518,0.26865921710122553,0.8158333333333333,268.5549577607095,0.0219956003936498,1.0,0.5758853998606555,0.6238428477551354,0.7191810799921348,0.009475696632458327,0.03313224857252925
21063,0.7,0.6995833333333333,0.5241666666666667,0.7821647621019124,0.21926135333574895,0.7975,656.1396467476278,0.02126549659528678,1.0,0.7046671746048567,0.7636666899622008,0.8035951492022322,0.640141078011064,0.22983729505900274,0.7975,284.73104433108557,0.02934748656903099,1.0,0.5522613298321067,0.6073966755839953,0.6821741332969506,0.014531299036123284,0.03179583554312948
21064,0.7,0.6916666666666667,0.51,0.8124821314221834,0.2594695933316896,0.8,656.4836441574248,0.022274467661635815,1.0,0.7373868348003537,0.7872216870093981,0.8267276267606782,0.6909691318683276,0.255216796892365,0.8,270.75508305079126,0.0334828914456258,1.0,0.6197076063678622,0.6601407418724652,0.7218159569714259,0.007762709717117392,0.02592962014767932
21065,0.7,0.7058333333333333,0.5195833333333333,0.8025564531171362,0.24393562663519824,0.81875,664.2531528800621,0.015518144196944954,1.0,0.7241135773683719,0.7818584059739303,0.8328345987061504,0.6897969948070867,0.25757559558657445,0.81875,266.58449495663547,0.01771252790385579,1.0,0.6139961994843596,0.6529881337806714,0.7375727113634433,0.008382982224194988,0.02478302187380816
21066,0.7,0.6954166666666667,0.5179166666666667,0.791867857882335,0.2780090826566725,0.8054166666666667,654.6238267865024,0.02948785534022839,1.0,0.7003293000053751,0.7754778994328408,0.8216017616738508,0.6571553365056769,0.2659906027913113,0.8054166666666667,272.9268394124515,0.027164268075045746,1.0,0.5438781130761402,0.621299554659256,0.7027466992570768,0.013914776066899497,0.04095876492572564
21067,0.7,0.69,0.52125,0.7846368499574093,0.2713813512296539,0.79375,629.3883994981747,0.022713413036230513,1.0,0.6877394794220143,0.7626879228705721,0.8116233668460054,0.5971165972373499,0.22777274329999728,0.79375,271.43044487520103,0.01774149112777842,1.0,0.5006694977480755,0.5727541944850758,0.6542409673934563,0.00909110598796044,0.025199648551761825
21068,0.7,0.6958333333333333,0.5129166666666667,0.775643753887657,0.2412203400311021,0.7991666666666667,656.7212221097557,0.016059541604071883,1.0,0.6789606514913265,0.7532380930735598,0.7976389159070267,0.5864719783993145,0.23055273809965163,0.7991666666666667,266.1612931309653,0.020367235839632406,1.0,0.49403950589392265,0.5520028862772979,0.627096084989916,0.00868467917807567,0.03787380352950921
21069,0.7,0.6908333333333333,0.5183333333333333,0.80734484773071,0.23055444513266332,0.8054166666666667,646.4583556000289,0.024126650100197065,1.0,0.7111793045603771,0.7863513271492303,0.8204008633655542,0.6676865568110296,0.24769258200809047,0.8054166666666667,273.6793354383601,0.029734820506757773,1.0,0.5804847477384034,0.6284577775507411,0.692197791817876,0.012274466825272846,0.03829363147404307
21070,0.7,0.6975,0.52,0.8105662274544411,0.27211089392766113,0.805,656.6882387953963,0.016491058585735102,1.0,0.7132720469120676,0.7779365031011771,0.8379162644629709,0.6703431663497115,0.27260711159928575,0.805,273.8673974600055,0.01647534541556911,1.0,0.5490871488944677,0.604509464094983,0.7229804966162322,0.009550549327563914,0.0325232137936755
21071,0.7,0.6970833333333334,0.5083333333333333,0.7941962605737499,0.2302579133723955,0.7908333333333334,671.2084836097767,0.018301523804349733,1.0,0.6996870939348807,0.7755303818895691,0.8163235461584075,0.6691916209859411,0.24285325497766885,0.7908333333333334,265.744597448629,0.02455711772802008,1.0,0.5719461118604867,0.6360134515856908,0.7139116802084625,0.011625303913978273,0.03632820482692665
21072,0.7,0.6833333333333333,0.50875,0.7901270578246308,0.24993541650525153,0.8070833333333334,643.0730355311348,0.024013736278147874,1.0,0.6990913698379628,0.7697814266004622,0.8086130201359017,0.6422815104766222,0.22570810817723516,0.8070833333333334,267.3466537868065,0.019205111152693015,1.0,0.5517014694295437,0.6047982777503048,0.6720507917521596,0.007251641206080303,0.028531679805122678
21073,0.7,0.6779166666666666,0.5125,0.807509218411884,0.2496049484973738,0.81375,634.4391159405793,0.025736313019307677,1.0,0.7166242409085439,0.7826266016132705,0.8294039907492826,0.6603692998394818,0.2448140825597452,0.81375,278.34714774642043,0.03154161865298496,1.0,0.5772067296510801,0.6206632993472853,0.7009466521647014,0.012356703538289798,0.04337030280697673
21074,0.7,0.6845833333333333,0.5129166666666667,0.7704417358766926,0.245599033651059,0.8070833333333334,638.1198070318034,0.020352592733232765,1.0,0.7015999932377874,0.7553904114426314,0.795503731724005,0.6039678393382205,0.24355314051878607,0.8070833333333334,270.54640913313676,0.018367960314312794,1.0,0.5165580436391809,0.5747165894807199,0.6564091178760896,0.0059803631427026,0.024554463557150477
21075,0.7,0.7041666666666667,0.5183333333333333,0.8009015767215404,0.24004350819735173,0.8120833333333334,668.7992067547096,0.012591568520308329,1.0,0.6968427465497401,0.7801608897428669,0.8151845952419122,0.639151572797309,0.24103469559594623,0.8120833333333334,270.66021739715336,0.005081199758811465,1.0,0.5453154074521762,0.5905427173136862,0.6719236285119449,0.014992706522144872,0.057411227294903784
21076,0.7,0.6925,0.51625,0.7964145207153226,0.23883736572609016,0.8108333333333333,647.8119309709759,0.014514354060528912,1.0,0.7140847910370478,0.7767340267857301,0.8151255330139109,0.664495505336989,0.22164606784457103,0.8108333333333333,272.3796998221143,0.01894806967738041,1.0,0.5873885031110532,0.631372280214877,0.6907637269773368,0.013300061480144518,0.040450436903270395
21077,0.7,0.6816666666666666,0.51,0.8025877497452664,0.2695844606421275,0.8133333333333334,621.9284346258937,0.025158200521262247,1.0,0.7040383584812647,0.7753693925288054,0.8216221752317153,0.6603167949061824,0.2714786692863373,0.8133333333333334,255.78165114294728,0.020268589465471654,1.0,0.539950298150882,0.5964969381985151,0.6956640442513711,0.007707201494049649,0.031396080563654484
21078,0.7,0.69375,0.5170833333333333,0.7761137109208311,0.2610869739818317,0.8033333333333333,652.9590179396722,0.015813147565171937,1.0,0.6920796989794893,0.7544485085226853,0.8030362329380937,0.6349923569814351,0.23519948277965871,0.8033333333333333,279.4674240519049,0.011100996812325908,1.0,0.5390252096553105,0.5965322408214851,0.6790356445686269,0.016026919065342333,0.05295861269631618
21079,0.7,0.6983333333333334,0.5220833333333333,0.7971493677513851,0.24850225268568324,0.82,660.0190871194327,0.02480533228705348,1.0,0.7116045254919174,0.7743069921039166,0.8182630780875972,0.6573818942760501,0.24782365927156427,0.82,286.33761853171654,0.02133195919250307,1.0,0.5478972216042824,0.6099511753217023,0.693542196403677,0.008351150719966617,0.024731888299702322
21080,0.7,0.69375,0.5079166666666667,0.7838936444428618,0.2484849310451829,0.7983333333333333,666.3810519689417,0.0174074037152158,1.0,0.6934733611316991,0.7605979694715018,0.8043199748210181,0.6310126530409963,0.2570454283798182,0.7983333333333333,270.6795814035507,0.017298358894064742,1.0,0.5317523138738394,0.5864767817377884,0.6665222377515292,0.01140526862630847,0.03697618423121497
21081,0.7,0.69125,0.50875,0.8177947905481175,0.24796748511192612,0.8275,650.49794716295,0.02149614630197426,1.0,0.7312778245115402,0.8037477726927528,0.8379081830502509,0.7022276925451647,0.230428379925581,0.8275,261.46670868924014,0.02513256290934149,1.0,0.6388970253231134,0.6803768972688267,0.7396569989876896,0.009499411081339868,0.03991440225413968
21082,0.7,0.6904166666666667,0.5070833333333333,0.798021038612897,0.25563104832032274,0.8154166666666667,640.4790222614322,0.0245500658894641,1.0,0.7015871264585922,0.7814646937260402,0.818558234864449,0.641644960130719,0.22366730904820456,0.8154166666666667,249.23746919586262,0.026516957592502916,1.0,0.5354425728529146,0.609083736463498,0.6810633482920391,0.00954724421182823,0.0360742672037556
21083,0.7,0.7025,0.5179166666666667,0.7879627997624892,0.23271999273959942,0.8066666666666666,666.790541017981,0.01752149927790235,1.0,0.6947023527726753,0.765785062117022,0.8133852075921085,0.6186689790503764,0.2102016415523555,0.8066666666666666,271.49414450748117,0.026324127682594067,1.0,0.5424698384123025,0.5814650820701576,0.6563513308530989,0.008329994692573799,0.03140027047588613
21084,0.7,0.6979166666666666,0.51625,0.8138947233024717,0.23815444789794485,0.8175,654.7723219337005,0.014641997760667387,1.0,0.7145475285103421,0.7926226994804207,0.8327105739744711,0.6655352965179491,0.2435619299879499,0.8175,267.13881750559403,0.023681183626330347,1.0,0.5668483773608517,0.6274591279084639,0.69806904506397,0.011503555387840316,0.04224212200701168
21085,0.7,0.6904166666666667,0.51125,0.7950365070985059,0.24338824108461532,0.805,640.7400040843816,0.02010831852316204,1.0,0.710691011115645,0.7782263309010352,0.8102710999620821,0.5904498925277922,0.23247366456454766,0.805,255.32993492544256,0.018364316091626906,1.0,0.5060110483735654,0.5534106360013208,0.6179951904112969,0.013545008104571382,0.04444223069271708
21086,0.7,0.7070833333333333,0.5295833333333333,0.7954728735295996,0.25956807295436296,0.8120833333333334,680.9646886863385,0.019144687318590446,1.0,0.7108790390065465,0.7763439060513224,0.8222328709025354,0.6558111364502998,0.24418110589198722,0.8120833333333334,305.318606987324,0.031030757647815543,1.0,0.5670715601817002,0.6218037628230002,0.6904149676783438,0.007329652288404892,0.02880276754244845
21087,0.7,0.6870833333333334,0.5070833333333333,0.7909464083124802,0.24798817389129152,0.81875,641.9677589127809,0.019877106609435754,1.0,0.6920339996669382,0.76077008263455,0.8129303124883359,0.6611256823862794,0.24826393195198412,0.81875,259.4554963987558,0.018677950481810847,1.0,0.5371460552747953,0.6040989404170373,0.7015887477447322,0.010195929637640277,0.0317086502486743
21088,0.7,0.7070833333333333,0.5204166666666666,0.817224356366665,0.2856475444687449,0.8279166666666666,677.9960370637673,0.02483962539588546,1.0,0.7172468798273193,0.7906238669802149,0.8484461778654718,0.7001108120849187,0.26394612064992556,0.8279166666666666,282.90361298634616,0.027908324970136622,1.0,0.6039659222560436,0.6617137517197886,0.750867971815106,0.019063030631329952,0.061985693496881024
21089,0.7,0.6970833333333334,0.5245833333333333,0.7830566705965535,0.22936746112099457,0.8075,642.5895810125827,0.022369832487937603,1.0,0.6911524453485061,0.7679964765368704,0.8107607470409787,0.6162394633516889,0.22757177242713528,0.8075,270.7674661016923,0.029623945370054066,1.0,0.5369724819768719,0.5840445580684558,0.6684605598029386,0.0105778426444066,0.030277605539120886
21090,0.7,0.7025,0.5183333333333333,0.7941656498298161,0.24701565327878114,0.8108333333333333,663.4783903605119,0.01932468597718887,1.0,0.7193483170875817,0.7829338242513938,0.818698654870735,0.6456676797712524,0.2042105667082203,0.8108333333333333,265.6635117039407,0.011570045106305151,1.0,0.5686662439387626,0.6243597161150122,0.6803660772704413,0.010841091795735034,0.04242012575130366
21091,0.7,0.6904166666666667,0.52625,0.7915465881951053,0.26632575839899847,0.8141666666666667,643.0575413695551,0.01371106136568419,1.0,0.6951455936497709,0.7652016091339472,0.8122210514252096,0.6361827220225693,0.23964290542570377,0.8141666666666667,288.0553916639247,0.023777820241947294,1.0,0.536469849747957,0.601104689229861,0.6762037321483708,0.012613339035007557,0.03723115502272621
21092,0.7,0.7129166666666666,0.5295833333333333,0.8073077644067832,0.23956114051187116,0.8104166666666667,686.1313344441185,0.01439314834556078,1.0,0.7243748915722817,0.7924907691297661,0.8214301179785942,0.6950526191403416,0.2303853855942092,0.8104166666666667,300.6094125528007,0.01631569177961512,1.0,0.6054947347922286,0.6674203906536221,0.7189493852359088,0.010421574903316981,0.03688962963167997
21093,0.7,0.6954166666666667,0.5233333333333333,0.8020652371236606,0.23759878323363193,0.8129166666666666,630.7049061159144,0.01667311276834639,1.0,0.7143823566936253,0.7714662440471793,0.8241981470554619,0.6553668214066519,0.21217162130642717,0.8129166666666666,262.03894410379655,0.015531870586733165,1.0,0.5694475320601114,0.6141019618548335,0.7018942132376333,0.011256829325286112,0.0380378787038479
21094,0.7,0.685,0.5045833333333334,0.779802918559903,0.25388260853837197,0.8020833333333334,662.2452992164463,0.01879243229453732,1.0,0.6899641612723436,0.7560123320245977,0.8026468833461302,0.6136565795933082,0.2494193480448177,0.8020833333333334,280.2040225376312,0.02598393812227092,1.0,0.5341619235085693,0.579795920784972,0.6561363008425205,0.009004759013533111,0.030446687299689367
21095,0.7,0.68875,0.5054166666666666,0.8164822278001321,0.26297557881835576,0.8166666666666667,636.6026183884131,0.020588171448451962,1.0,0.7227577903800583,0.7978736778413966,0.8385359669333186,0.6872426820256624,0.2567232618800773,0.8166666666666667,243.80270614882173,0.018331957625089858,1.0,0.5977267727274741,0.657897299996113,0.718449765636706,0.011922443570910336,0.03593081947475035
21096,0.7,0.6870833333333334,0.5,0.807993981418463,0.2656257671986517,0.8091666666666667,649.5366954819475,0.016528588872671,1.0,0.6927504162962753,0.7741127937179768,0.8350434987866124,0.6715294207838987,0.2762851945561743,0.8091666666666667,249.54688844968203,0.01978108172921135,1.0,0.5675577384172228,0.6307780268172755,0.7131786025736179,0.007085093545166751,0.025706937003500973
21097,0.7,0.6816666666666666,0.5091666666666667,0.8196126540987899,0.266619738554947,0.8075,607.4427439592612,0.0211542546648943,1.0,0.7255767290054265,0.7962977416918801,0.8329835075207738,0.6718621118625825,0.26869158584085345,0.8075,233.6783336354703,0.023531453997354367,1.0,0.5703011036623004,0.6170229269125546,0.6980606378298083,0.009143021488999065,0.025771580612954887
21098,0.7,0.69875,0.51625,0.8088799853489986,0.2514064865150088,0.8183333333333334,648.3434323585766,0.012842692028631312,1.0,0.7109535863993912,0.7777056746666595,0.8332208337887133,0.6443730915243182,0.26713460107088793,0.8183333333333334,258.482991906796,0.012426442007015898,1.0,0.5434956884821244,0.5930836071716481,0.6929647004080244,0.006887453444803316,0.02805453261237338
21099,0.7,0.6995833333333333,0.5133333333333333,0.8106201619531882,0.25095704110026984,0.8208333333333333,653.0720349100291,0.018230500366651994,1.0,0.7166692022695295,0.7887237496690752,0.8278365957096459,0.6730617745927012,0.23899451433179836,0.8208333333333333,257.26698133396906,0.009467532216286538,1.0,0.5612071992211555,0.6369128118327194,0.7029084316724848,0.009394648345224403,0.029481622326884994
21100,0.7,0.6975,0.5154166666666666,0.814075333966764,0.26604050025526055,0.8083333333333333,653.4876597747615,0.01678169977216569,1.0,0.7304039248056005,0.7953706910383582,0.8426640244538983,0.6605515658819684,0.2944036013131343,0.8083333333333333,264.5238832905735,0.028150274791846175,1.0,0.5739856138313207,0.6215730591910633,0.7150626209981497,0.0062436829840465434,0.024357705839026612
21001,0.9,0.6841666666666667,0.48125,0.7891560197014396,0.23378858685314066,0.80375,634.7168250732556,0.018192420934036675,1.0,0.7062291709672173,0.7616753089405943,0.8171479165266042,0.39165522962587496,0.25810784494653893,0.80375,202.63594271559327,0.023141951101594813,1.0,0.29388908712759343,0.31544728113494913,0.4694643668862677,0.013783611317311473,0.06288720600402394
21002,0.9,0.6916666666666667,0.48125,0.8062790269465259,0.2580011036564407,0.80625,652.6558559155712,0.01530015555846577,1.0,0.712085384311274,0.778254581885925,0.8368845932174804,0.46020524008969027,0.2776501192390663,0.80625,202.05714289659764,0.021479371029467054,1.0,0.3718586972280306,0.38402141552576424,0.546823348248877,0.00925525647485934,0.051344172805691236
21003,0.9,0.6879166666666666,0.48,0.7925368803656748,0.2504079993192137,0.8054166666666667,639.5300909150026,0.018387680537961124,1.0,0.7049079307308226,0.7715124812230754,0.8185539711396501,0.4023253152446118,0.24533455430479376,0.8054166666666667,196.14580036375293,0.02517252935063532,1.0,0.3240295462267544,0.3388738629472936,0.48715360316700257,0.009346269882585422,0.04647481516404427
21004,0.9,0.7029166666666666,0.47291666666666665,0.8313397489808858,0.238584142286169,0.8170833333333334,670.3861851577985,0.028757480737491885,1.0,0.7402085472500165,0.808804596009046,0.8452512446135239,0.44255050985327,0.20675595365301885,0.8170833333333334,185.17432416512594,0.021287003936560193,1.0,0.339312967119532,0.37528193856542597,0.47894036623112995,0.011321392259411995,0.04318259882337672
21005,0.9,0.6866666666666666,0.46791666666666665,0.8060770978822894,0.24508589830091287,0.8054166666666667,656.5454109435343,0.014886232403909214,1.0,0.7286305462870778,0.7939708875443334,0.8280403973839723,0.3959491602761401,0.21367246384495348,0.8054166666666667,189.15062450061882,0.020021265630751472,1.0,0.32841709285084164,0.3592150661665033,0.46749725095456074,0.010009939902202477,0.06630305880477899
21006,0.9,0.6854166666666667,0.4766666666666667,0.7903585551340456,0.23531118645974336,0.8041666666666667,638.4856916697418,0.016515068978714756,1.0,0.6927262615381261,0.7650577338366955,0.8048762031000192,0.4060003968974891,0.1970016193624383,0.8041666666666667,196.64532955175437,0.018238241920261238,1.0,0.2979180934704653,0.3340220162356388,0.44805230080907454,0.010072662788653538,0.046637420952772006
21007,0.9,0.6925,0.48333333333333334,0.7926127175585996,0.25308965630917707,0.8133333333333334,649.2306437228374,0.013361087904787848,1.0,0.695313616335213,0.7728048201806365,0.8166293246897831,0.4031769281356904,0.22721888174521326,0.8133333333333334,204.38685471333912,0.011061042010769526,1.0,0.30980540729636563,0.35100852396014254,0.47115210070106556,0.008818386721753672,0.04662541527481662
21008,0.9,0.6983333333333334,0.48375,0.8025342502293183,0.2566448039392199,0.8154166666666667,663.3962107034639,0.021328489071609225,1.0,0.68749395149343,0.7799785262397839,0.8181203268221835,0.42253190072806013,0.21666447382209664,0.8154166666666667,207.20937323404706,0.024982848925384035,1.0,0.33065573392905434,0.3655170284381418,0.47243188348492976,0.006626804271203066,0.04731745659090258
21009,0.9,0.6933333333333334,0.48333333333333334,0.7849947521171082,0.2633231781622953,0.8029166666666666,649.4652496720396,0.02327680770971556,1.0,0.692473107252387,0.7673862517772834,0.8057518447596681,0.3818401014181928,0.22486793707381506,0.8029166666666666,205.12439686912887,0.02880246114151451,1.0,0.3102389510607219,0.33096312515966986,0.4475612470319286,0.007043164029937424,0.042080263193147636
21010,0.9,0.6975,0.49625,0.793038616839618,0.2464569403105035,0.8108333333333333,639.3971486130597,0.016279501139212414,1.0,0.7026173230550449,0.7753991923733298,0.8116885783928359,0.43090399812211566,0.20536270700499254,0.8108333333333333,210.07491977566315,0.01287796937925633,1.0,0.35401204005434145,0.3772155439317515,0.4831875361573456,0.009424046081995053,0.05340234623334229
21011,0.9,0.695,0.48583333333333334,0.816763763362046,0.24925726482961372,0.81625,645.4619838474184,0.020268082473599142,1.0,0.7512988390202913,0.8016509405178834,0.8341376680328728,0.44844911508770796,0.22045171272174882,0.81625,200.04018186413433,0.02873512949989159,1.0,0.3684325403387787,0.4035261535074282,0.5017121929192455,0.007715326611251546,0.040515075258116685
21012,0.9,0.68625,0.4741666666666667,0.8080603193299628,0.21720944389959665,0.8075,639.0935513442707,0.01776913574083501,1.0,0.7380798696048781,0.794986680485384,0.8261132430731372,0.4000625559943082,0.1919250841563334,0.8075,189.31272244377914,0.023755049726316448,1.0,0.3407354283184133,0.3710980508862594,0.4557244629762965,0.009856428506750104,0.052544419851308755
21013,0.9,0.6729166666666667,0.47541666666666665,0.79576976209209,0.24091087126095548,0.805,626.739821182064,0.021130685778177633,1.0,0.7150769760245202,0.7697371658648801,0.8180098418245066,0.43913876659892925,0.2441467080658387,0.805,209.2115622895806,0.03371079596584394,1.0,0.3572845688146031,0.38007235250299815,0.5057638777640391,0.013189522939574668,0.04891072935113248
21014,0.9,0.6966666666666667,0.48625,0.797468703123325,0.24842976846660217,0.8033333333333333,649.2199900913581,0.014270935895015944,1.0,0.7021033303937753,0.7805389692009304,0.8178638446806211,0.40253049462462287,0.22856756104775297,0.8033333333333333,200.15883032996186,0.020459820285917953,1.0,0.32767644755660447,0.35518187592272127,0.46568970102663343,0.008921750260756645,0.038383848290660334
21015,0.9,0.6983333333333334,0.4979166666666667,0.7856759298616122,0.23933972078271368,0.805,636.367021124544,0.015076339521118318,1.0,0.7007360684612897,0.7733903328434498,0.8053359200448009,0.393956454066271,0.20006973935348346,0.805,204.31976085152723,0.016726677018613818,1.0,0.3310978851913489,0.3605864621048028,0.4551887564929799,0.009261129922772027,0.04104152187537015
21016,0.9,0.7029166666666666,0.5058333333333334,0.7978785232781964,0.24114135699675912,0.815,656.3059527257539,0.024187963337956198,1.0,0.686768667179541,0.7699642878025407,0.813472158525321,0.46640862406496003,0.23516324638254024,0.815,235.68652479345337,0.023047596948038207,1.0,0.3396405930801985,0.39291999791783405,0.5057481855127648,0.008051408033722132,0.03298106298596057
21017,0.9,0.6925,0.48083333333333333,0.8295648609575821,0.2735260941205514,0.8133333333333334,644.6151886193516,0.019672483276267833,1.0,0.7325411856260106,0.800766507160688,0.8499836826940673,0.477400443098824,0.2815510871832274,0.8133333333333334,192.93482329440621,0.021447957318007933,1.0,0.3733980318672885,0.4045431085029686,0.5456218372478963,0.01184226431219959,0.051898619739157686
21018,0.9,0.6858333333333333,0.4816666666666667,0.8292575330076483,0.2534353518903336,0.8070833333333334,623.9137909393711,0.01773713514756108,1.0,0.7193769994053082,0.7988000054124996,0.8461062242706614,0.48928409377858834,0.2777587810341123,0.8070833333333334,190.7610327657924,0.028801898802655795,1.0,0.3585169061093085,0.3943872454056099,0.5391482127779447,0.007985729093900391,0.035816748566879185
21019,0.9,0.695,0.48333333333333334,0.8256014719503508,0.24420957767684387,0.8154166666666667,648.6635368088209,0.020929806419162016,1.0,0.7314226879684858,0.8060548219828423,0.8434615858850699,0.5036660952877716,0.20622553840350416,0.8154166666666667,195.3723257315836,0.021570717654397782,1.0,0.3867041721177996,0.4387684745361626,0.5540726256391502,0.012268640692175769,0.04746371443707033
21020,0.9,0.6945833333333333,0.47333333333333333,0.8007492848749952,0.2491445600288255,0.8154166666666667,664.7886414339199,0.023668002569731818,1.0,0.711916685852785,0.7835258157925141,0.8165472063147879,0.38542765812600593,0.21629414934815616,0.8154166666666667,194.15002526880028,0.030989101492970076,1.0,0.3069625515099746,0.33295089491038815,0.4354839446705409,0.006762526541941239,0.04316484564285861
21021,0.9,0.6841666666666667,0.48541666666666666,0.7711680502734065,0.2613303510536099,0.8054166666666667,642.7186560827998,0.02233761202681685,1.0,0.6662429528478042,0.7512199541729904,0.8018723526054119,0.3896419411054094,0.23284643593388338,0.8054166666666667,218.22524864973116,0.026906516199539172,1.0,0.3191724019625293,0.34210496264226,0.47563423306161623,0.005800661052285944,0.030424778256299186
21022,0.9,0.6875,0.47541666666666665,0.8116533095813632,0.2416502911515517,0.8095833333333333,649.3301153410752,0.012387431167200803,1.0,0.700727917554259,0.7798057146473221,0.8301812766885078,0.4436919842654811,0.22713744516240905,0.8095833333333333,195.01867747762338,0.011404428559921513,1.0,0.30391381349083985,0.33765289734659104,0.4906623799638978,0.008783285358253377,0.04751774609235863
21023,0.9,0.6995833333333333,0.4866666666666667,0.8134567290988219,0.2659974854148596,0.82125,642.9619161191337,0.015385637890356546,1.0,0.7268487435022839,0.7899770659352634,0.8322674701929489,0.4438442508594046,0.2324366668294245,0.82125,187.94025596097927,0.012321187689452593,1.0,0.3400457221561603,0.36883887670262844,0.4946693524583128,0.0065549598239776595,0.03496176224210374
21024,0.9,0.7045833333333333,0.48541666666666666,0.8087319928958608,0.2369054449787933,0.8141666666666667,667.5048088037714,0.014990191894637303,1.0,0.7063957991409686,0.7810369522962028,0.8224505309252517,0.4316626289348833,0.2137069695596179,0.8141666666666667,200.96422798179765,0.01691221091247725,1.0,0.31936141140547736,0.3512812334234747,0.4661619112366413,0.010847974369326203,0.03328108282937679
21025,0.9,0.70375,0.49,0.7993262629391208,0.2417703808238598,0.8070833333333334,671.2782866727129,0.02420575735974141,1.0,0.719298282462811,0.7787178462488805,0.820424424539623,0.4133516151369806,0.20582736660913262,0.8070833333333334,215.38493702490285,0.019745960808401287,1.0,0.3282592429040841,0.349122505906086,0.47045903774769876,0.007257095844154917,0.04268299641784125
21026,0.9,0.7058333333333333,0.48791666666666667,0.7950770798407362,0.2570537140166573,0.8058333333333333,673.3548677527672,0.028907567199761768,1.0,0.7073737272092179,0.7825480809419842,0.8110650821225129,0.4013693546711962,0.20451580627904814,0.8058333333333333,216.74752150472494,0.043698786914809884,1.0,0.33537168178039795,0.36244636105182143,0.44815718823138034,0.006498551924646484,0.03161892447935197
21027,0.9,0.6920833333333334,0.48791666666666667,0.785621358211994,0.2770254059143201,0.8158333333333333,654.907311882604,0.024045755780275634,1.0,0.6872253944287391,0.7637467195008666,0.8173832878221927,0.4342865024392947,0.28311966883610795,0.8158333333333333,222.53654389910295,0.028260785822823875,1.0,0.345361175937168,0.3699111841850355,0.5203796702432238,0.006316869625563787,0.03311436458609631
21028,0.9,0.7041666666666667,0.4891666666666667,0.8025096835667653,0.23132358452665705,0.80375,664.6929227700361,0.020287848601916056,1.0,0.7045563955389277,0.7775398249149735,0.815766959514966,0.4466575301907209,0.21685588878730172,0.80375,209.63741457925497,0.025798846850363575,1.0,0.34076929759474034,0.3739816127157682,0.4860854966045059,0.0068867340515336,0.0386488522796782
21029,0.9,0.6925,0.48333333333333334,0.7905762907792648,0.23437257736377481,0.81,643.0534644617134,0.02537411155269353,1.0,0.7094957482153886,0.7764628574754038,0.8179276138107772,0.3851879807025305,0.21615697596110875,0.81,197.006875763932,0.04563454576540021,1.0,0.3106455563691987,0.3479033981623647,0.4674951256985482,0.009254122182403483,0.049621475493671456
21030,0.9,0.6991666666666667,0.4920833333333333,0.7930263297110801,0.262061462785518,0.8145833333333333,648.0095149816541,0.013156087090305212,1.0,0.7155239055612738,0.7720224874821237,0.8103662995176613,0.3895033990799835,0.19890520995598385,0.8145833333333333,201.83016892403555,0.00199876454795271,1.0,0.3032212737037051,0.33029782284772397,0.44038386693148146,0.005130755001655515,0.030412610329041124
21031,0.9,0.7016666666666667,0.48041666666666666,0.7967300870886846,0.24109050091712866,0.81,672.4586808326385,0.01616074738408139,1.0,0.7156016754275225,0.7771993499570484,0.8127605867402515,0.3982701793859051,0.21356129681830485,0.81,202.4035647930748,0.026114891381987963,1.0,0.3219282842971181,0.3425871728155796,0.4515293631349732,0.009328125119999333,0.044077260892347155
21032,0.9,0.6916666666666667,0.48,0.7788127774375442,0.26514030224553986,0.8054166666666667,662.2810614160368,0.024302447293837192,1.0,0.6830469617932607,0.752060507240508,0.8080889960084718,0.41774739496338426,0.22924471085643838,0.8054166666666667,215.51102507962156,0.033055053517084626,1.0,0.31563518725796363,0.34538063619325415,0.4765305852295549,0.00575590637083105,0.03564152234652472
21033,0.9,0.6925,0.4875,0.7890127934175294,0.24075454915460204,0.8075,643.5302256979289,0.028876457434775335,1.0,0.689304995843618,0.7740739121967003,0.81973472638381,0.39144177061755486,0.22736242148171257,0.8075,203.81652858320984,0.025538287722193243,1.0,0.3156949620767984,0.3491801264634196,0.48353681602994864,0.00676291020381368,0.035823045890563156
21034,0.9,0.6879166666666666,0.4845833333333333,0.7972019394371689,0.2614877214998925,0.8120833333333334,641.247559453675,0.016712923265979555,1.0,0.7077181625170597,0.7710193621270743,0.8173200990187849,0.4333531895843034,0.23570496426431167,0.8120833333333334,203.77047891347365,0.011547839293537983,1.0,0.3393833697053762,0.36568139593768456,0.4897389277015374,0.008143783771529826,0.036028091784309685
21035,0.9,0.6866666666666666,0.47291666666666665,0.8205372860018136,0.25391272003822807,0.8220833333333334,632.1870733626049,0.021618776234043516,1.0,0.7380306010037694,0.8041344532216734,0.8379717383321064,0.4340308028942794,0.22441714474471539,0.8220833333333334,175.70952341007168,0.019951087621492877,1.0,0.3649175520413564,0.3914619490440185,0.49675839545990713,0.013623998169140814,0.04758789979803484
21036,0.9,0.6933333333333334,0.485,0.8254325074593012,0.27709783232059265,0.8225,642.1795297336005,0.014324133387881745,1.0,0.7167643185884875,0.7951194944793919,0.8524538518141815,0.4843457305442905,0.2922278474219787,0.8225,199.9897988196987,0.019184792463538748,1.0,0.3740644305227442,0.39489855458491785,0.5615461371969757,0.012424452565093542,0.04974633054002002
21037,0.9,0.69625,0.47875,0.7940170337464435,0.21093616981693417,0.8233333333333334,652.4088583381158,0.023952983249580197,1.0,0.7167675529483397,0.7815883293453924,0.8137352120933625,0.37842761196773894,0.20310510224468992,0.8233333333333334,196.59802382785426,0.020973741783634505,1.0,0.32307460779364416,0.3415457976940013,0.43877569682035905,0.007755491493951002,0.039071380021110144
21038,0.9,0.695,0.49041666666666667,0.797702370920281,0.24550741144962704,0.8075,638.4973912649059,0.027282995145684302,1.0,0.7055973554718845,0.770980922044,0.8254092502946175,0.44333432030948,0.2485243463132041,0.8075,205.2785913993764,0.016493268653618384,1.0,0.33678986778222497,0.3602200740453379,0.5246422155304328,0.012951643919906525,0.04929746610010816
21039,0.9,0.6966666666666667,0.4875,0.8075320724394609,0.2652516264196828,0.8091666666666667,646.1316083767815,0.026491862473753923,1.0,0.7087564402223635,0.781170812449403,0.8338268773585493,0.45760036082003536,0.2560950282542481,0.8091666666666667,204.15160300531187,0.026798765115971734,1.0,0.34886613213529316,0.3859236792032973,0.5369700315342874,0.00910009027424279,0.052130050037847445
21040,0.9,0.6966666666666667,0.48541666666666666,0.8168319745842956,0.24748307578850004,0.8145833333333333,656.2246888895892,0.025264088004620447,1.0,0.7193149405784096,0.7898215483156138,0.8323921527637362,0.48436550250115895,0.23064746441306985,0.8145833333333333,207.00743658782687,0.02703957609961019,1.0,0.3758441605050535,0.4119413735632379,0.5254379700720396,0.007050014132144839,0.03474819613786644
21041,0.9,0.6925,0.49,0.7882853121872823,0.2634710698149418,0.8095833333333333,641.9919326013005,0.022733214847259577,1.0,0.6913393687083454,0.7568368164374849,0.8112842907833636,0.4128649028865874,0.2498978546640107,0.8095833333333333,205.30240054987289,0.018665985663483077,1.0,0.29011011451732227,0.32790808500808727,0.47991311411006116,0.006956813844831268,0.03445587094355263
21042,0.9,0.6904166666666667,0.4775,0.8253203358111215,0.25921669999728575,0.8166666666666667,652.4145739347632,0.015908814183292982,1.0,0.7226148040121391,0.8044791545081736,0.8482850513298549,0.4614482710320865,0.26385657300492205,0.8166666666666667,189.95770909066405,0.017926170615186955,1.0,0.34153154629689025,0.3898687047952129,0.535056839789955,0.011400621903336426,0.037473831056695224
21043,0.9,0.705,0.4975,0.7875427938095573,0.2303037583119178,0.8054166666666667,663.6431466233184,0.01803190394131135,1.0,0.7010736967610195,0.7649962474417616,0.8102878330165248,0.44887466209705673,0.21516630276914347,0.8054166666666667,221.5583406966849,0.025951386156119447,1.0,0.3777845590068664,0.39006028896100003,0.5138419011573636,0.010361256902871995,0.03644503574229464
21044,0.9,0.6916666666666667,0.4875,0.8033810826889717,0.21953712729827957,0.8116666666666666,638.7031827224098,0.025586080178338022,1.0,0.7099798450133482,0.7826806071684396,0.8222089369990325,0.44340049894687683,0.24300440814556867,0.8116666666666666,205.7704591551483,0.03718590662717899,1.0,0.3512348892465284,0.37914706017283717,0.49698161315023587,0.013841862549366162,0.05697998882746933
21045,0.9,0.6920833333333334,0.4791666666666667,0.8008658547792663,0.2430752731914705,0.80625,654.8126477885842,0.020853275936203283,1.0,0.70024393073138,0.7737873124268083,0.8308146981335404,0.4140391398646432,0.2631737884718311,0.80625,203.17900913344354,0.025471854689669456,1.0,0.31727660026550325,0.3316912039856988,0.5032102691051871,0.013532816015043381,0.06528119391114087
21046,0.9,0.6920833333333334,0.4795833333333333,0.8009734875397394,0.24764910710593388,0.8104166666666667,645.908949998508,0.014407842934457859,1.0,0.6979918903541351,0.7778844094411939,0.8220161685185617,0.4021765318487157,0.2414370213006,0.8104166666666667,196.7720286802189,0.024442353663311094,1.0,0.3170673869998026,0.33146809689286943,0.471249641819406,0.0048277492779987595,0.0233956831763065
21047,0.9,0.6816666666666666,0.4683333333333333,0.8265918458235828,0.26045864180351364,0.8208333333333333,639.8880257640188,0.026400650678510038,1.0,0.7361714210255835,0.8085746234512237,0.8397581644079997,0.47772561698910804,0.21475966280166914,0.8208333333333333,186.59389694366013,0.012919012384048448,1.0,0.3745798734094842,0.4280851254999978,0.5177548267921331,0.009273180927139526,0.04925270836232154
21048,0.9,0.68875,0.47625,0.7885956190682673,0.2505284752932805,0.8229166666666666,650.4303387899603,0.021470255488047655,1.0,0.7163710930466033,0.763449842893391,0.8096968173284858,0.38251619049484714,0.20827904005992126,0.8229166666666666,196.8001288777313,0.0115235444965938,1.0,0.29320858041054926,0.3119513548871461,0.4481857296770464,0.009859656853502353,0.06064503068201392
21049,0.9,0.68375,0.47375,0.8207537530528545,0.2699776817080377,0.8125,636.2537992061552,0.030972453539390616,1.0,0.70768483705894,0.7972505191497186,0.8517376383956479,0.4555913089983519,0.27802280275333513,0.8125,187.3072685139608,0.03367479021316048,1.0,0.363141756396979,0.3856236783063302,0.5394834872794577,0.008971978329641453,0.044419702388654725
21050,0.9,0.7016666666666667,0.48041666666666666,0.8182230351901526,0.26016710065112836,0.8079166666666666,657.2028815489691,0.020136034636231516,1.0,0.7172791203638801,0.7932692273291916,0.8339419442119487,0.45674393096147603,0.2644808458195012,0.8079166666666666,189.6495281909028,0.02167094026595716,1.0,0.34338620438647205,0.38081590430512713,0.5059426418306023,0.01092679864225787,0.04229554742370548
21051,0.9,0.7004166666666667,0.48583333333333334,0.7913060847634649,0.25851761738408796,0.8091666666666667,671.7172867598395,0.025087881286176693,1.0,0.7170548572768971,0.774956841428267,0.8150078671576964,0.4093702569183426,0.24564592672932425,0.8091666666666667,218.15849385580867,0.04131093774474433,1.0,0.3441613736735536,0.359030390798099,0.4733527521481796,0.011892889074838597,0.05181320578745827
21052,0.9,0.6895833333333333,0.48333333333333334,0.7824588338308893,0.24375574954707832,0.8008333333333333,640.3912800553039,0.017162197577145325,1.0,0.6928526541982845,0.7578930535558861,0.8138458815594516,0.3950843082169912,0.24562559514078303,0.8008333333333333,203.6404216790982,0.01228133499095191,1.0,0.31299221622313084,0.32938333902469763,0.4776445662724859,0.010735573700372205,0.03882098922120911
21053,0.9,0.6858333333333333,0.48125,0.8081274609455036,0.2315644961915089,0.8129166666666666,636.846637360645,0.015241998529842262,1.0,0.7120052251107517,0.7942769126219489,0.8282713477120114,0.42553347735725133,0.19178373137852325,0.8129166666666666,200.73963549605367,0.02311397525148152,1.0,0.36059619940432824,0.38420447960028986,0.4894399725490101,0.010015211359858073,0.03772556808148531
21054,0.9,0.70375,0.49416666666666664,0.8062252490879455,0.2499111761578283,0.8141666666666667,657.8096052782611,0.0247479374401224,1.0,0.7070687306904746,0.7825132766888584,0.8254333473931232,0.4469403510762233,0.247335662592555,0.8141666666666667,214.4054034544822,0.023842315644020076,1.0,0.318843846786972,0.37885455207577284,0.5058720354493619,0.009512442846428527,0.049299565485348654
21055,0.9,0.6791666666666667,0.47625,0.8032520273052306,0.26975649088222714,0.7920833333333334,642.0904711121584,0.02303735742415756,1.0,0.7063416082370356,0.7806223755663975,0.8279204507069297,0.4331165718023291,0.24628313463683088,0.7920833333333334,203.02606569524332,0.025166871474281604,1.0,0.34100504621735167,0.3664734848678596,0.5018734880403549,0.011943461298801906,0.05485499148612638
21056,0.9,0.6866666666666666,0.475,0.8147901893487481,0.2396888930125484,0.8091666666666667,639.9952334303405,0.01792024572994762,1.0,0.7229424952162145,0.7910657474058196,0.8335030366440308,0.41411366684798007,0.2234765610704874,0.8091666666666667,188.1085120565146,0.025541466136826483,1.0,0.3052426005131303,0.34002720216487603,0.47338631782308127,0.007727040681762782,0.04251462364156169
21057,0.9,0.7058333333333333,0.4895833333333333,0.795466227253775,0.2547901236200465,0.8095833333333333,670.0006877289665,0.023107308730220086,1.0,0.7210163800675634,0.7814957525793818,0.8182699708553847,0.3849425518873799,0.22974868554118094,0.8095833333333333,210.63243094295368,0.0223105682400554,1.0,0.3195619191852584,0.34405556221106987,0.453894538954711,0.007011150913925484,0.03622192494167347
21058,0.9,0.70625,0.4995833333333333,0.7881203314297776,0.2592927283415323,0.8008333333333333,667.3102353587706,0.018684783686745286,1.0,0.696864770906052,0.7612463967314999,0.8034909131065483,0.4312102503679445,0.2096453952307992,0.8008333333333333,227.17943091346552,0.021457756076671726,1.0,0.32460260064892626,0.3560066391515378,0.47009405901887175,0.007734558336093104,0.042761189705671575
21059,0.9,0.6929166666666666,0.48083333333333333,0.7941567311972538,0.26215098101317647,0.8158333333333333,660.1592757025182,0.014403850361797156,1.0,0.6846152002288269,0.767811987795923,0.8199775745446256,0.41353642635875754,0.25539547989247763,0.8158333333333333,208.2822220897066,0.0135577909212827,1.0,0.3050198895311002,0.3339395575133503,0.490575499022954,0.011168152438756114,0.05122365375989152
21060,0.9,0.6941666666666667,0.4795833333333333,0.8076642975232686,0.23134670469933297,0.81375,663.7924358487837,0.02088181056561431,1.0,0.7159677300984753,0.7907217362032265,0.8237904277463516,0.44539366240356953,0.1955261271171904,0.81375,206.39553655623888,0.029585752297176204,1.0,0.36773308956486,0.3999787424978457,0.48430054711712167,0.011750478147071282,0.05795400290415965
21061,0.9,0.6954166666666667,0.4825,0.8111042778241263,0.2780813527737363,0.8108333333333333,653.3588401836495,0.025734330942429866,1.0,0.7283316164464112,0.7812481830868583,0.8345961404351445,0.4075771893221827,0.26591340533434843,0.8108333333333333,193.80129593066573,0.024297674096765687,1.0,0.28632244982604005,0.31208379573530237,0.4780175414496924,0.008163714920874483,0.0419911342530535
21062,0.9,0.6820833333333334,0.47833333333333333,0.8164419858938643,0.2645365285807851,0.8158333333333333,626.4913411586327,0.019976827991270887,1.0,0.7102024759412461,0.7843070518332492,0.8337741226619693,0.45058312671612977,0.2689217478956904,0.8158333333333333,190.331904484465,0.02052744412567448,1.0,0.33270408736576484,0.35275609397557484,0.5076331186153141,0.009475696632458327,0.04920652744253962
21063,0.9,0.6995833333333333,0.48833333333333334,0.7821647621019124,0.21926135333574895,0.7975,656.1396467476278,0.02126549659528678,1.0,0.7046671746048567,0.7636666899622008,0.8035951492022322,0.38886631020980744,0.2274081075305546,0.7975,213.5730738693976,0.041527637472781785,1.0,0.30962506335633055,0.33584769838807127,0.4449038785752627,0.014531299036123284,0.042964031124228357
21064,0.9,0.6916666666666667,0.47583333333333333,0.8124821314221834,0.2594695933316896,0.8,656.4836441574248,0.022274467661635815,1.0,0.7373868348003537,0.7872216870093981,0.8267276267606782,0.44390097390890787,0.21741855921756445,0.8,201.71245302480685,0.02611331606265595,1.0,0.34051553784058725,0.3701888018588147,0.49026367761115525,0.007762709717117392,0.0359748044341803
21065,0.9,0.7058333333333333,0.49375,0.8025564531171362,0.24393562663519824,0.81875,664.2531528800621,0.015518144196944954,1.0,0.7241135773683719,0.7818584059739303,0.8328345987061504,0.4645002591444225,0.2544618663905343,0.81875,211.12311723985945,0.017628980446637833,1.0,0.38559147038707525,0.4031054431495342,0.5506968819825865,0.008382982224194988,0.03184273960895639
21066,0.9,0.6954166666666667,0.485,0.791867857882335,0.2780090826566725,0.8054166666666667,654.6238267865024,0.02948785534022839,1.0,0.7003293000053751,0.7754778994328408,0.8216017616738508,0.41949782140983133,0.26784844395520313,0.8054166666666667,205.55375494862267,0.021473009976285862,1.0,0.32763969850244323,0.37188981144449634,0.5076537293783622,0.013914776066899497,0.05105840853204166
21067,0.9,0.69,0.49083333333333334,0.7846368499574093,0.2713813512296539,0.79375,629.3883994981747,0.022713413036230513,1.0,0.6877394794220143,0.7626879228705721,0.8116233668460054,0.3833825086837163,0.2535422652827351,0.79375,204.97357619646786,0.019087051821847497,1.0,0.2919995593789675,0.32773468815366263,0.46624685143326083,0.00909110598796044,0.0304605676083909
21068,0.9,0.6958333333333333,0.4895833333333333,0.775643753887657,0.2412203400311021,0.7991666666666667,656.7212221097557,0.016059541604071883,1.0,0.6789606514913265,0.7532380930735598,0.7976389159070267,0.3690190910404307,0.2122682296849258,0.7991666666666667,215.93000851381254,0.0158429569476031,1.0,0.26109945950862673,0.300875376077953,0.43318280470988835,0.00868467917807567,0.04793529284627706
21069,0.9,0.6908333333333333,0.4825,0.80734484773071,0.23055444513266332,0.8054166666666667,646.4583556000289,0.024126650100197065,1.0,0.7111793045603771,0.7863513271492303,0.8204008633655542,0.44406486005629886,0.22306524810967343,0.8054166666666667,200.63846832529185,0.025908814972468667,1.0,0.3365734644762977,0.3764236100675101,0.4811473321270432,0.012274466825272846,0.05065422610405218
21070,0.9,0.6975,0.48291666666666666,0.8105662274544411,0.27211089392766113,0.805,656.6882387953963,0.016491058585735102,1.0,0.7132720469120676,0.7779365031011771,0.8379162644629709,0.4288519506765057,0.2632977911533765,0.805,196.9917370175139,0.020045136618877347,1.0,0.29173458706155836,0.32458291345210494,0.5149492047588552,0.009550549327563914,0.044883768097334194
21071,0.9,0.6970833333333334,0.4820833333333333,0.7941962605737499,0.2302579133723955,0.7908333333333334,671.2084836097767,0.018301523804349733,1.0,0.6996870939348807,0.7755303818895691,0.8163235461584075,0.4056906360875978,0.23013453501174005,0.7908333333333334,206.6669269192769,0.035801772050397106,1.0,0.3103296518541043,0.3499066928185522,0.47755516722024377,0.011625303913978273,0.04284862949279211
21072,0.9,0.6833333333333333,0.4816666666666667,0.7901270578246308,0.24993541650525153,0.8070833333333334,643.0730355311348,0.024013736278147874,1.0,0.6990913698379628,0.7697814266004622,0.8086130201359017,0.41350579493581985,0.22398732572704072,0.8070833333333334,210.22817645288538,0.024423092512657743,1.0,0.32684523217482836,0.3512699564679193,0.4605395658844023,0.007251641206080303,0.03494647401904287
21073,0.9,0.6779166666666666,0.47458333333333336,0.807509218411884,0.2496049484973738,0.81375,634.4391159405793,0.025736313019307677,1.0,0.7166242409085439,0.7826266016132705,0.8294039907492826,0.42997688828029834,0.2549321924639456,0.81375,196.17854451478044,0.030736039427244077,1.0,0.32755157678892427,0.35970159167179505,0.4956869282713845,0.012356703538289798,0.0600326388703428
21074,0.9,0.6845833333333333,0.48625,0.7704417358766926,0.245599033651059,0.8070833333333334,638.1198070318034,0.020352592733232765,1.0,0.7015999932377874,0.7553904114426314,0.795503731724005,0.37338950966164614,0.19398371264674266,0.8070833333333334,211.04053775745962,0.01380079490235245,1.0,0.3065744109604388,0.32787906723435134,0.44443062864869676,0.0059803631427026,0.03337607161788572
21075,0.9,0.7041666666666667,0.4825,0.8009015767215404,0.24004350819735173,0.8120833333333334,668.7992067547096,0.012591568520308329,1.0,0.6968427465497401,0.7801608897428669,0.8151845952419122,0.3739003481996126,0.20811193098625663,0.8120833333333334,193.1295867660152,0.009875085314627972,1.0,0.27692016613509307,0.302076267637113,0.42336180885121505,0.014992706522144872,0.07505104918812205
21076,0.9,0.6925,0.4845833333333333,0.7964145207153226,0.23883736572609016,0.8108333333333333,647.8119309709759,0.014514354060528912,1.0,0.7140847910370478,0.7767340267857301,0.8151255330139109,0.43645874552165165,0.21298697078250176,0.8108333333333333,205.53450047374827,0.016084603044972216,1.0,0.3562084290856418,0.38283225415161043,0.4905675057635388,0.013300061480144518,0.05511023559609794
21077,0.9,0.6816666666666666,0.48625,0.8025877497452664,0.2695844606421275,0.8133333333333334,621.9284346258937,0.025158200521262247,1.0,0.7040383584812647,0.7753693925288054,0.8216221752317153,0.42459539000295005,0.2547496436780556,0.8133333333333334,203.05387549092308,0.019453218001355133,1.0,0.31943925778727583,0.3442031872689365,0.48289543681648406,0.007707201494049649,0.04109132397873337
21078,0.9,0.69375,0.48875,0.7761137109208311,0.2610869739818317,0.8033333333333333,652.9590179396722,0.015813147565171937,1.0,0.6920796989794893,0.7544485085226853,0.8030362329380937,0.39630590716264547,0.25324412707543587,0.8033333333333333,218.3865116880478,0.02336392913696775,1.0,0.3013950704558004,0.33610764134604354,0.46071973510927705,0.016026919065342333,0.06327677398921594
21079,0.9,0.6983333333333334,0.49375,0.7971493677513851,0.24850225268568324,0.82,660.0190871194327,0.02480533228705348,1.0,0.7116045254919174,0.7743069921039166,0.8182630780875972,0.4694461967366152,0.2432969645203735,0.82,224.0363437970376,0.025271002004008326,1.0,0.36879716201821167,0.40625481285239556,0.5241615774691633,0.008351150719966617,0.032601450728488225
21080,0.9,0.69375,0.48375,0.7838936444428618,0.2484849310451829,0.7983333333333333,666.3810519689417,0.0174074037152158,1.0,0.6934733611316991,0.7605979694715018,0.8043199748210181,0.4073916909282293,0.23455629003229933,0.7983333333333333,217.89976960282297,0.021488377674508435,1.0,0.31223605527656806,0.3407381262171944,0.4652702263128652,0.01140526862630847,0.04748129463321397
21081,0.9,0.69125,0.47291666666666665,0.8177947905481175,0.24796748511192612,0.8275,650.49794716295,0.02149614630197426,1.0,0.7312778245115402,0.8037477726927528,0.8379081830502509,0.427640401976708,0.21991625117469477,0.8275,185.79185837816905,0.035369302843482074,1.0,0.3654201510870465,0.3919266706479532,0.4980617899069004,0.009499411081339868,0.05014696038175315
21082,0.9,0.6904166666666667,0.47583333333333333,0.798021038612897,0.25563104832032274,0.8154166666666667,640.4790222614322,0.0245500658894641,1.0,0.7015871264585922,0.7814646937260402,0.818558234864449,0.37365485320150094,0.19860085416133647,0.8154166666666667,182.24555522139752,0.018889691018602772,1.0,0.26162337852247386,0.3209567691593974,0.441409276939559,0.00954724421182823,0.04702886989560669
21083,0.9,0.7025,0.49083333333333334,0.7879627997624892,0.23271999273959942,0.8066666666666666,666.790541017981,0.01752149927790235,1.0,0.6947023527726753,0.765785062117022,0.8133852075921085,0.37800430613657093,0.21865689833866295,0.8066666666666666,213.91560464037195,0.026567346465972107,1.0,0.30817942710836876,0.3261116908145095,0.4528617520862448,0.008329994692573799,0.038526123787433544
21084,0.9,0.6979166666666666,0.48541666666666666,0.8138947233024717,0.23815444789794485,0.8175,654.7723219337005,0.014641997760667387,1.0,0.7145475285103421,0.7926226994804207,0.8327105739744711,0.4482139055695013,0.2293700873131924,0.8175,201.34232343246248,0.021486607074552185,1.0,0.3601659420695309,0.38668520825096653,0.5008686745061798,0.011503555387840316,0.05627049673237925
21085,0.9,0.6904166666666667,0.48291666666666666,0.7950365070985059,0.24338824108461532,0.805,640.7400040843816,0.02010831852316204,1.0,0.710691011115645,0.7782263309010352,0.8102710999620821,0.3662141661902109,0.19509259681158928,0.805,196.07016625508822,0.008108162064957503,1.0,0.2966011080955569,0.3137927656148865,0.4110614189630297,0.013545008104571382,0.06078414270195432
21086,0.9,0.7070833333333333,0.49,0.7954728735295996,0.25956807295436296,0.8120833333333334,680.9646886863385,0.019144687318590446,1.0,0.7108790390065465,0.7763439060513224,0.8222328709025354,0.40287036434214735,0.2632395265812484,0.8120833333333334,218.13971759758002,0.030874897481977512,1.0,0.32624427602343925,0.3515118739644619,0.47723835866693876,0.007329652288404892,0.04070949358028891
21087,0.9,0.6870833333333334,0.48041666666666666,0.7909464083124802,0.24798817389129152,0.81875,641.9677589127809,0.019877106609435754,1.0,0.6920339996669382,0.76077008263455,0.8129303124883359,0.4388253378593567,0.265645800800953,0.81875,200.43993331746987,0.01918827675859338,1.0,0.320868217537284,0.3550301511036766,0.4992571963989526,0.010195929637640277,0.03865358207050054
21088,0.9,0.7070833333333333,0.48875,0.817224356366665,0.2856475444687449,0.8279166666666666,677.9960370637673,0.02483962539588546,1.0,0.7172468798273193,0.7906238669802149,0.8484461778654718,0.48718812820114915,0.2634416147239693,0.8279166666666666,216.0321885494852,0.03819356707807432,1.0,0.3815570448083425,0.41256543730770434,0.5691961589778064,0.019063030631329952,0.08324838392929057
21089,0.9,0.6970833333333334,0.4945833333333333,0.7830566705965535,0.22936746112099457,0.8075,642.5895810125827,0.022369832487937603,1.0,0.6911524453485061,0.7679964765368704,0.8107607470409787,0.3818146928927376,0.20764661905340862,0.8075,207.5751649825051,0.018552847674113745,1.0,0.3011614942274703,0.3351929123363037,0.4584049578027764,0.0105778426444066,0.037848328495433584
21090,0.9,0.7025,0.4875,0.7941656498298161,0.24701565327878114,0.8108333333333333,663.4783903605119,0.01932468597718887,1.0,0.7193483170875817,0.7829338242513938,0.818698654870735,0.40002182876440173,0.1759062026284879,0.8108333333333333,200.25089493407938,0.017550142197081637,1.0,0.3368526902522374,0.367461832796972,0.45993590013565105,0.010841091795735034,0.05195597315003235
21091,0.9,0.6904166666666667,0.48833333333333334,0.7915465881951053,0.26632575839899847,0.8141666666666667,643.0575413695551,0.01371106136568419,1.0,0.6951455936497709,0.7652016091339472,0.8122210514252096,0.41773415143813786,0.2458835921536184,0.8141666666666667,208.056307804229,0.01924414039091867,1.0,0.3146377900688876,0.34513641751547236,0.4768281035688998,0.012613339035007557,0.0496478089356854
21092,0.9,0.7129166666666666,0.4870833333333333,0.8073077644067832,0.23956114051187116,0.8104166666666667,686.1313344441185,0.01439314834556078,1.0,0.7243748915722817,0.7924907691297661,0.8214301179785942,0.4374481901273822,0.19704254703220855,0.8104166666666667,207.1517666185282,0.02034656524355525,1.0,0.34384096581498524,0.3883711056891234,0.48422447140120894,0.010421574903316981,0.04963489248645394
21093,0.9,0.6954166666666667,0.49666666666666665,0.8020652371236606,0.23759878323363193,0.8129166666666666,630.7049061159144,0.01667311276834639,1.0,0.7143823566936253,0.7714662440471793,0.8241981470554619,0.4460463942487804,0.25204229245178944,0.8129166666666666,205.26917886003233,0.024699056120653373,1.0,0.3293206729573842,0.3612942365169386,0.5091797635766979,0.011256829325286112,0.04360155200445386
21094,0.9,0.685,0.4708333333333333,0.779802918559903,0.25388260853837197,0.8020833333333334,662.2452992164463,0.01879243229453732,1.0,0.6899641612723436,0.7560123320245977,0.8026468833461302,0.37376137268612,0.2248343745828644,0.8020833333333334,205.9086998926805,0.03938440990432905,1.0,0.29722599738529815,0.32467809532874675,0.436145958274276,0.009004759013533111,0.041050881793824684
21095,0.9,0.68875,0.4766666666666667,0.8164822278001321,0.26297557881835576,0.8166666666666667,636.6026183884131,0.020588171448451962,1.0,0.7227577903800583,0.7978736778413966,0.8385359669333186,0.462471808909608,0.24308392274972504,0.8166666666666667,183.92647722809153,0.029002928928524536,1.0,0.37400649611137315,0.4087218244041323,0.5170559461624047,0.011922443570910336,0.046110693256785275
21096,0.9,0.6870833333333334,0.4716666666666667,0.807993981418463,0.2656257671986517,0.8091666666666667,649.5366954819475,0.016528588872671,1.0,0.6927504162962753,0.7741127937179768,0.8350434987866124,0.41708730980824776,0.31099255398669423,0.8091666666666667,190.27992903635032,0.014752135559504956,1.0,0.2996077520228391,0.3303561801561721,0.49613800242806855,0.007085093545166751,0.03242158444806481
21097,0.9,0.6816666666666666,0.48375,0.8196126540987899,0.266619738554947,0.8075,607.4427439592612,0.0211542546648943,1.0,0.7255767290054265,0.7962977416918801,0.8329835075207738,0.4436470493334766,0.2292354903249265,0.8075,178.60902173590117,0.03601633378993811,1.0,0.34016079631790835,0.36861851604812346,0.4835220109815946,0.009143021488999065,0.03265236020981714
21098,0.9,0.69875,0.48333333333333334,0.8088799853489986,0.2514064865150088,0.8183333333333334,648.3434323585766,0.012842692028631312,1.0,0.7109535863993912,0.7777056746666595,0.8332208337887133,0.4071604236799699,0.26083537220888847,0.8183333333333334,187.19196115355857,0.022267958302100363,1.0,0.29280843394549383,0.3152138492483828,0.48225196127331643,0.006887453444803316,0.03426204698294154
21099,0.9,0.6995833333333333,0.4875,0.8106201619531882,0.25095704110026984,0.8208333333333333,653.0720349100291,0.018230500366651994,1.0,0.7166692022695295,0.7887237496690752,0.8278365957096459,0.42695981771926816,0.22825434036786824,0.8208333333333333,204.48685840848384,0.012518891797875338,1.0,0.3143003177690963,0.35702899361198515,0.4819441405003605,0.009394648345224403,0.036594841780116016
21100,0.9,0.6975,0.47791666666666666,0.814075333966764,0.26604050025526055,0.8083333333333333,653.4876597747615,0.01678169977216569,1.0,0.7304039248056005,0.7953706910383582,0.8426640244538983,0.4212315160333905,0.28758831926518486,0.8083333333333333,183.70155512281423,0.029696772374698293,1.0,0.31325856432510446,0.3596602030024041,0.5142170747505205,0.0062436829840465434,0.036537597188967486
21001,1.0,0.6841666666666667,0.46625,0.7891560197014396,0.23378858685314066,0.80375,634.7168250732556,0.018192420934036675,1.0,0.7062291709672173,0.7616753089405943,0.8171479165266042,0.2301937327255743,0.2570957938473253,0.80375,173.84402732227045,0.022613743406935935,1.0,0.11623563617227149,0.12985971634579135,0.3323941255392458,0.013783611317311473,0.06943480282957279
21002,1.0,0.6916666666666667,0.4658333333333333,0.8062790269465259,0.2580011036564407,0.80625,652.6558559155712,0.01530015555846577,1.0,0.712085384311274,0.778254581885925,0.8368845932174804,0.24934709034940666,0.2872030438595994,0.80625,168.43087644309975,0.02576760528166133,1.0,0.13210087811258442,0.14075466024491592,0.36794115381435893,0.00925525647485934,0.0597991298353471
21003,1.0,0.6879166666666666,0.46791666666666665,0.7925368803656748,0.2504079993192137,0.8054166666666667,639.5300909150026,0.018387680537961124,1.0,0.7049079307308226,0.7715124812230754,0.8185539711396501,0.22864178258109394,0.24058842788669713,0.8054166666666667,172.00686369196399,0.03964884753522346,1.0,0.14226861826108675,0.1504720188489963,0.325374622602068,0.009346269882585422,0.051471263037301304
21004,1.0,0.7029166666666666,0.45708333333333334,0.8313397489808858,0.238584142286169,0.8170833333333334,670.3861851577985,0.028757480737491885,1.0,0.7402085472500165,0.808804596009046,0.8452512446135239,0.24740965568120588,0.21769541736725437,0.8170833333333334,150.23777958618837,0.021231316239586785,1.0,0.13338096728191673,0.14685402131047523,0.30948508379716383,0.011321392259411995,0.050211723886184154
21005,1.0,0.6866666666666666,0.4525,0.8060770978822894,0.24508589830091287,0.8054166666666667,656.5454109435343,0.014886232403909214,1.0,0.7286305462870778,0.7939708875443334,0.8280403973839723,0.1778212018591099,0.18719555969642013,0.8054166666666667,154.85584370471372,0.013550405144507956,1.0,0.11463845288717543,0.126494260291064,0.2709394410681176,0.010009939902202477,0.07903410377847779
21006,1.0,0.6854166666666667,0.46416666666666667,0.7903585551340456,0.23531118645974336,0.8041666666666667,638.4856916697418,0.016515068978714756,1.0,0.6927262615381261,0.7650577338366955,0.8048762031000192,0.21796370403424906,0.19150007932880672,0.8041666666666667,171.15965540011837,0.015111417972933147,1.0,0.12130721552274944,0.1235827452265931,0.27211963512270354,0.010072662788653538,0.0498434294349003
21007,1.0,0.6925,0.46625,0.7926127175585996,0.25308965630917707,0.8133333333333334,649.2306437228374,0.013361087904787848,1.0,0.695313616335213,0.7728048201806365,0.8166293246897831,0.20112345081302319,0.20862776553737722,0.8133333333333334,168.53940576474116,0.007480337198964063,1.0,0.1146023852421453,0.12482144946716744,0.2936378229687047,0.008818386721753672,0.053500573278236166
21008,1.0,0.6983333333333334,0.46708333333333335,0.8025342502293183,0.2566448039392199,0.8154166666666667,663.3962107034639,0.021328489071609225,1.0,0.68749395149343,0.7799785262397839,0.8181203268221835,0.23307197949412514,0.20994594861957272,0.8154166666666667,170.80876775786703,0.024452377487732005,1.0,0.13733107144462411,0.14546885454481392,0.29360601581536355,0.006626804271203066,0.055769868569741754
21009,1.0,0.6933333333333334,0.4683333333333333,0.7849947521171082,0.2633231781622953,0.8029166666666666,649.4652496720396,0.02327680770971556,1.0,0.692473107252387,0.7673862517772834,0.8057518447596681,0.19677117063178517,0.20021203153808112,0.8029166666666666,173.84639581088567,0.028232322258431065,1.0,0.12274089830532484,0.13098833391427867,0.27431669749005116,0.007043164029937424,0.048981602239187544
21010,1.0,0.6975,0.47625,0.793038616839618,0.2464569403105035,0.8108333333333333,639.3971486130597,0.016279501139212414,1.0,0.7026173230550449,0.7753991923733298,0.8116885783928359,0.21853975285577953,0.18552477330449002,0.8108333333333333,169.33749189335444,0.021881382219563476,1.0,0.13925018330847524,0.1519354965814327,0.2889596705334358,0.009424046081995053,0.06425139669726718
21011,1.0,0.695,0.46416666666666667,0.816763763362046,0.24925726482961372,0.81625,645.4619838474184,0.020268082473599142,1.0,0.7512988390202913,0.8016509405178834,0.8341376680328728,0.22935085399869337,0.20532242070590953,0.81625,153.47064929189995,0.030938687970341248,1.0,0.1517196556479453,0.16578982353758967,0.30242147061333,0.007715326611251546,0.049444005310181526
21012,1.0,0.68625,0.45625,0.8080603193299628,0.21720944389959665,0.8075,639.0935513442707,0.01776913574083501,1.0,0.7380798696048781,0.794986680485384,0.8261132430731372,0.19711489068348842,0.17886998193569775,0.8075,152.78326966074255,0.018634000089935262,1.0,0.1270436964819622,0.14242776233018514,0.27263040473677325,0.009856428506750104,0.05875104699213082
21013,1.0,0.6729166666666667,0.45625,0.79576976209209,0.24091087126095548,0.805,626.739821182064,0.021130685778177633,1.0,0.7150769760245202,0.7697371658648801,0.8180098418245066,0.24516091981596622,0.24881716682817184,0.805,169.57153669781758,0.03569401096379521,1.0,0.13497571658870472,0.1489439188848395,0.3273607032584489,0.013189522939574668,0.05911646579627457
21014,1.0,0.6966666666666667,0.4716666666666667,0.797468703123325,0.24842976846660217,0.8033333333333333,649.2199900913581,0.014270935895015944,1.0,0.7021033303937753,0.7805389692009304,0.8178638446806211,0.20828310268772413,0.2067187078159704,0.8033333333333333,166.0787675466305,0.03067950089261087,1.0,0.1321853635270105,0.14210292895624338,0.28800993228393984,0.008921750260756645,0.04428372355670562
21015,1.0,0.6983333333333334,0.4820833333333333,0.7856759298616122,0.23933972078271368,0.805,636.367021124544,0.015076339521118318,1.0,0.7007360684612897,0.7733903328434498,0.8053359200448009,0.20460955183706667,0.1806368487304349,0.805,171.47398536688843,0.01993066552323713,1.0,0.14920306400432798,0.1590157624324713,0.2775708780781574,0.009261129922772027,0.04752298342268972
21016,1.0,0.7029166666666666,0.48041666666666666,0.7978785232781964,0.24114135699675912,0.815,656.3059527257539,0.024187963337956198,1.0,0.686768667179541,0.7699642878025407,0.813472158525321,0.26197571942616255,0.2175104078192675,0.815,179.74141479884253,0.02465768968428009,1.0,0.14538239823835783,0.16004996720614942,0.3189141587322926,0.008051408033722132,0.04110890592240984
21017,1.0,0.6925,0.46208333333333335,0.8295648609575821,0.2735260941205514,0.8133333333333334,644.6151886193516,0.019672483276267833,1.0,0.7325411856260106,0.800766507160688,0.8499836826940673,0.28794373760313824,0.2792061018518218,0.8133333333333334,154.29269441627474,0.03330072026167084,1.0,0.15723766946847054,0.16762789027839553,0.3732509692568809,0.01184226431219959,0.06134953839967006
21018,1.0,0.6858333333333333,0.4633333333333333,0.8292575330076483,0.2534353518903336,0.8070833333333334,623.9137909393711,0.01773713514756108,1.0,0.7193769994053082,0.7988000054124996,0.8461062242706614,0.3000717005804813,0.27712825039168054,0.8070833333333334,152.199275188455,0.03849037025959766,1.0,0.16662870398687815,0.17521649689439184,0.3691399062290125,0.007985729093900391,0.0432807846111509
21019,1.0,0.695,0.46458333333333335,0.8256014719503508,0.24420957767684387,0.8154166666666667,648.6635368088209,0.020929806419162016,1.0,0.7314226879684858,0.8060548219828423,0.8434615858850699,0.261175099874055,0.2323362228614308,0.8154166666666667,153.1160712093671,0.027523703047973757,1.0,0.15898744208907015,0.1783673384121579,0.3368379913079802,0.012268640692175769,0.05221966160951985
21020,1.0,0.6945833333333333,0.45916666666666667,0.8007492848749952,0.2491445600288255,0.8154166666666667,664.7886414339199,0.023668002569731818,1.0,0.711916685852785,0.7835258157925141,0.8165472063147879,0.20357769758098593,0.19634663574155425,0.8154166666666667,166.31831103971174,0.034415384973799694,1.0,0.12279847336479699,0.13473400538291025,0.26672335283557747,0.006762526541941239,0.04794756846240963
21021,1.0,0.6841666666666667,0.4691666666666667,0.7711680502734065,0.2613303510536099,0.8054166666666667,642.7186560827998,0.02233761202681685,1.0,0.6662429528478042,0.7512199541729904,0.8018723526054119,0.1992096360957636,0.22812512917732972,0.8054166666666667,183.66175446970163,0.02785810124643227,1.0,0.12080308730196972,0.12940188785722037,0.30665839693204267,0.005800661052285944,0.03656463913040264
21022,1.0,0.6875,0.46125,0.8116533095813632,0.2416502911515517,0.8095833333333333,649.3301153410752,0.012387431167200803,1.0,0.700727917554259,0.7798057146473221,0.8301812766885078,0.2459260830075283,0.2386643232529247,0.8095833333333333,162.1846021427424,0.004011864738684425,1.0,0.11024520364504167,0.1184195119851072,0.32010554801080576,0.008783285358253377,0.054732429936352606
21023,1.0,0.6995833333333333,0.47291666666666665,0.8134567290988219,0.2659974854148596,0.82125,642.9619161191337,0.015385637890356546,1.0,0.7268487435022839,0.7899770659352634,0.8322674701929489,0.244288658821565,0.21948899837104754,0.82125,158.71168310206994,0.014590275415388031,1.0,0.13788034335359164,0.14916945321296005,0.32049344665512636,0.0065549598239776595,0.037996164826960326
21024,1.0,0.7045833333333333,0.4716666666666667,0.8087319928958608,0.2369054449787933,0.8141666666666667,667.5048088037714,0.014990191894637303,1.0,0.7063957991409686,0.7810369522962028,0.8224505309252517,0.25126747864599974,0.21996522273284394,0.8141666666666667,170.5179231181858,0.021823299183589575,1.0,0.12780226897534508,0.14285322844736037,0.30496969326908646,0.010847974369326203,0.036261915730971025
21025,1.0,0.70375,0.4683333333333333,0.7993262629391208,0.2417703808238598,0.8070833333333334,671.2782866727129,0.02420575735974141,1.0,0.719298282462811,0.7787178462488805,0.820424424539623,0.21326091126850624,0.21349490582086014,0.8070833333333334,171.22312126582528,0.019840336707637175,1.0,0.11719899483840295,0.13246584957012458,0.29597601228071924,0.007257095844154917,0.04947799571518362
21026,1.0,0.7058333333333333,0.46791666666666665,0.7950770798407362,0.2570537140166573,0.8058333333333333,673.3548677527672,0.028907567199761768,1.0,0.7073737272092179,0.7825480809419842,0.8110650821225129,0.2007833031682833,0.18931803052322158,0.8058333333333333,172.65135519610664,0.049878316078682594,1.0,0.14215536754349836,0.15191914923817876,0.2631378624467119,0.006498551924646484,0.03778676607908682
21027,1.0,0.6920833333333334,0.46791666666666665,0.785621358211994,0.2770254059143201,0.8158333333333333,654.907311882604,0.024045755780275634,1.0,0.6872253944287391,0.7637467195008666,0.8173832878221927,0.21315035068116997,0.2543536005331332,0.8158333333333333,178.4307080011642,0.031648840435836004,1.0,0.12230560585234734,0.13286226015465483,0.3297284900285968,0.006316869625563787,0.04045215993741089
21028,1.0,0.7041666666666667,0.47333333333333333,0.8025096835667653,0.23132358452665705,0.80375,664.6929227700361,0.020287848601916056,1.0,0.7045563955389277,0.7775398249149735,0.815766959514966,0.24574597509585286,0.20390914805965235,0.80375,174.0400598663937,0.028631510022423066,1.0,0.13991518064122657,0.15038121630896434,0.2963780968311778,0.0068867340515336,0.04544201854192906
21029,1.0,0.6925,0.47291666666666665,0.7905762907792648,0.23437257736377481,0.81,643.0534644617134,0.02537411155269353,1.0,0.7094957482153886,0.7764628574754038,0.8179276138107772,0.22249400511196635,0.23109007825380476,0.81,173.20849310520072,0.046131221078718296,1.0,0.1530635942498909,0.17009650416502986,0.3240384658812365,0.009254122182403483,0.05524906755863112
21030,1.0,0.6991666666666667,0.47791666666666666,0.7930263297110801,0.262061462785518,0.8145833333333333,648.0095149816541,0.013156087090305212,1.0,0.7155239055612738,0.7720224874821237,0.8103662995176613,0.21429783220348234,0.18091147223258708,0.8145833333333333,170.70196977314504,0.002363247400652631,1.0,0.12364029337473635,0.13456419097119177,0.28012288061441776,0.005130755001655515,0.03432773510954454
21031,1.0,0.7016666666666667,0.4666666666666667,0.7967300870886846,0.24109050091712866,0.81,672.4586808326385,0.01616074738408139,1.0,0.7156016754275225,0.7771993499570484,0.8127605867402515,0.20559177849112437,0.19246810435588618,0.81,172.06596531652502,0.027091827294645092,1.0,0.11988709984716941,0.1292628327692374,0.26824128985120443,0.009328125119999333,0.050305802576313695
21032,1.0,0.6916666666666667,0.4666666666666667,0.7788127774375442,0.26514030224553986,0.8054166666666667,662.2810614160368,0.024302447293837192,1.0,0.6830469617932607,0.752060507240508,0.8080889960084718,0.21695769239159604,0.25521321981467276,0.8054166666666667,187.07559873455327,0.02738854507048168,1.0,0.11397125117115464,0.12224987362084543,0.3206007395904649,0.00575590637083105,0.03871964729230245
21033,1.0,0.6925,0.47125,0.7890127934175294,0.24075454915460204,0.8075,643.5302256979289,0.028876457434775335,1.0,0.689304995843618,0.7740739121967003,0.81973472638381,0.1977017416252748,0.223937460745867,0.8075,169.2346247222891,0.020384229214615943,1.0,0.1266598507446019,0.14089527179387643,0.31452471734971754,0.00676291020381368,0.041410651624015686
21034,1.0,0.6879166666666666,0.47041666666666665,0.7972019394371689,0.2614877214998925,0.8120833333333334,641.247559453675,0.016712923265979555,1.0,0.7077181625170597,0.7710193621270743,0.8173200990187849,0.2458583263169752,0.24589812065054098,0.8120833333333334,172.43943139059718,0.035617340041262005,1.0,0.14257553972773382,0.1484936246074521,0.3206713817090977,0.008143783771529826,0.038362760491602886
21035,1.0,0.6866666666666666,0.46,0.8205372860018136,0.25391272003822807,0.8220833333333334,632.1870733626049,0.021618776234043516,1.0,0.7380306010037694,0.8041344532216734,0.8379717383321064,0.23427630995540683,0.20845280024177407,0.8220833333333334,148.16572794504563,0.024611140401611564,1.0,0.1529007018676008,0.16428941761564103,0.308664871650697,0.013623998169140814,0.055610592484114554
21036,1.0,0.6933333333333334,0.465,0.8254325074593012,0.27709783232059265,0.8225,642.1795297336005,0.014324133387881745,1.0,0.7167643185884875,0.7951194944793919,0.8524538518141815,0.27928183306740717,0.2955228690537172,0.8225,155.54439364790517,0.018510307851875782,1.0,0.14586652395503932,0.15413173306244424,0.3908419722895671,0.012424452565093542,0.058062177136333847
21037,1.0,0.69625,0.46541666666666665,0.7940170337464435,0.21093616981693417,0.8233333333333334,652.4088583381158,0.023952983249580197,1.0,0.7167675529483397,0.7815883293453924,0.8137352120933625,0.19406163083770767,0.18509086380132883,0.8233333333333334,166.74365806688644,0.03436067577628278,1.0,0.13240424960849456,0.14543251388707013,0.27121187674787284,0.007755491493951002,0.043611251834341565
21038,1.0,0.695,0.47583333333333333,0.797702370920281,0.24550741144962704,0.8075,638.4973912649059,0.027282995145684302,1.0,0.7055973554718845,0.770980922044,0.8254092502946175,0.2469470452909177,0.26307430295512535,0.8075,171.52380535625866,0.025638567529059048,1.0,0.13628131280315514,0.1474764478255297,0.35008590793369293,0.012951643919906525,0.05571438025622785
21039,1.0,0.6966666666666667,0.47,0.8075320724394609,0.2652516264196828,0.8091666666666667,646.1316083767815,0.026491862473753923,1.0,0.7087564402223635,0.781170812449403,0.8338268773585493,0.2509020161879588,0.2691156419368248,0.8091666666666667,166.01247671605068,0.028250799626361785,1.0,0.13891816550617794,0.1483022378270356,0.3532431469897353,0.00910009027424279,0.060053796491404486
21040,1.0,0.6966666666666667,0.4666666666666667,0.8168319745842956,0.24748307578850004,0.8145833333333333,656.2246888895892,0.025264088004620447,1.0,0.7193149405784096,0.7898215483156138,0.8323921527637362,0.2826283058574651,0.24869673903394993,0.8145833333333333,167.5552317918173,0.04409375769294078,1.0,0.16505781931529595,0.17684283807234974,0.343569244410532,0.007050014132144839,0.04088272818699302
21041,1.0,0.6925,0.47875,0.7882853121872823,0.2634710698149418,0.8095833333333333,641.9919326013005,0.022733214847259577,1.0,0.6913393687083454,0.7568368164374849,0.8112842907833636,0.2448637966234762,0.2517720797011458,0.8095833333333333,179.99285556859454,0.02191440605578758,1.0,0.12093947591313332,0.1326944524568018,0.3268957121131839,0.006956813844831268,0.03799764969303102
21042,1.0,0.6904166666666667,0.45916666666666667,0.8253203358111215,0.25921669999728575,0.8166666666666667,652.4145739347632,0.015908814183292982,1.0,0.7226148040121391,0.8044791545081736,0.8482850513298549,0.24089291316409897,0.2410259452892467,0.8166666666666667,150.12843466114361,0.01072133318225136,1.0,0.13969847504380065,0.15032319230642088,0.3406908969671308,0.011400621903336426,0.045765406649512765
21043,1.0,0.705,0.48,0.7875427938095573,0.2303037583119178,0.8054166666666667,663.6431466233184,0.01803190394131135,1.0,0.7010736967610195,0.7649962474417616,0.8102878330165248,0.23799629587486662,0.23204272547957325,0.8054166666666667,185.0329179185601,0.03558395149686202,1.0,0.14783584483645426,0.15713035512589033,0.31957415542106055,0.010361256902871995,0.03846628707148363
21044,1.0,0.6916666666666667,0.47041666666666665,0.8033810826889717,0.21953712729827957,0.8116666666666666,638.7031827224098,0.025586080178338022,1.0,0.7099798450133482,0.7826806071684396,0.8222089369990325,0.25262099929205634,0.2286113865074963,0.8116666666666666,168.0287085281139,0.03373076038213613,1.0,0.1620165701326794,0.1739352811511044,0.3241885937645068,0.013841862549366162,0.06489206085172872
21045,1.0,0.6920833333333334,0.46291666666666664,0.8008658547792663,0.2430752731914705,0.80625,654.8126477885842,0.020853275936203283,1.0,0.70024393073138,0.7737873124268083,0.8308146981335404,0.2312351391997463,0.2750551965907464,0.80625,169.6169577279698,0.02461632523402808,1.0,0.11883359620935438,0.12669740751547867,0.34685377590746025,0.013532816015043381,0.07575515891271258
21046,1.0,0.6920833333333334,0.46541666666666665,0.8009734875397394,0.24764910710593388,0.8104166666666667,645.908949998508,0.014407842934457859,1.0,0.6979918903541351,0.7778844094411939,0.8220161685185617,0.22226823229976367,0.21392669560145064,0.8104166666666667,165.29221387626336,0.01699760351780593,1.0,0.1257369428161028,0.13204352152040857,0.3044962795709993,0.0048277492779987595,0.02779054112622377
21047,1.0,0.6816666666666666,0.44958333333333333,0.8265918458235828,0.26045864180351364,0.8208333333333333,639.8880257640188,0.026400650678510038,1.0,0.7361714210255835,0.8085746234512237,0.8397581644079997,0.24154788707868768,0.2079158158896458,0.8208333333333333,146.30033925271988,0.026685861084028,1.0,0.15682205081058875,0.16274420888840724,0.29913469547978955,0.009273180927139526,0.059648374336130704
21048,1.0,0.68875,0.46541666666666665,0.7885956190682673,0.2505284752932805,0.8229166666666666,650.4303387899603,0.021470255488047655,1.0,0.7163710930466033,0.763449842893391,0.8096968173284858,0.21825781552932808,0.20919161643133968,0.8229166666666666,175.89408099322984,0.009986616826477612,1.0,0.11454055732744262,0.12527244828896755,0.29628693086832747,0.009859656853502353,0.06652232897356658
21049,1.0,0.68375,0.45875,0.8207537530528545,0.2699776817080377,0.8125,636.2537992061552,0.030972453539390616,1.0,0.70768483705894,0.7972505191497186,0.8517376383956479,0.2644353017431949,0.3118103625995099,0.8125,155.04564844376142,0.04713149350501351,1.0,0.15603684400936682,0.1679861461906265,0.3915824675062556,0.008971978329641453,0.04978254223170448
21050,1.0,0.7016666666666667,0.46625,0.8182230351901526,0.26016710065112836,0.8079166666666666,657.2028815489691,0.020136034636231516,1.0,0.7172791203638801,0.7932692273291916,0.8339419442119487,0.25493492398577317,0.23050174251648742,0.8079166666666666,160.34081977287073,0.013158742732391841,1.0,0.14679812265582734,0.1526545785623576,0.31936338530064007,0.01092679864225787,0.04802131916706941
21051,1.0,0.7004166666666667,0.4658333333333333,0.7913060847634649,0.25851761738408796,0.8091666666666667,671.7172867598395,0.025087881286176693,1.0,0.7170548572768971,0.774956841428267,0.8150078671576964,0.1975490549361704,0.21942202587365295,0.8091666666666667,174.69393159580943,0.04040276551480406,1.0,0.12268884555855847,0.13468442493228056,0.28868500233737476,0.011892889074838597,0.06305123427143845
21052,1.0,0.6895833333333333,0.47208333333333335,0.7824588338308893,0.24375574954707832,0.8008333333333333,640.3912800553039,0.017162197577145325,1.0,0.6928526541982845,0.7578930535558861,0.8138458815594516,0.21734070251795246,0.24575175071420038,0.8008333333333333,177.99758632645114,0.01405061881992529,1.0,0.11582468194769821,0.12895910251684686,0.3302635352758478,0.010735573700372205,0.04202024942788276
21053,1.0,0.6858333333333333,0.4608333333333333,0.8081274609455036,0.2315644961915089,0.8129166666666666,636.846637360645,0.015241998529842262,1.0,0.7120052251107517,0.7942769126219489,0.8282713477120114,0.20884825481070218,0.20639381162276677,0.8129166666666666,154.44999273744628,0.024770132743778452,1.0,0.1404779525560823,0.15173802146513313,0.29190793207745075,0.010015211359858073,0.04438501944578268
21054,1.0,0.70375,0.47291666666666665,0.8062252490879455,0.2499111761578283,0.8141666666666667,657.8096052782611,0.0247479374401224,1.0,0.7070687306904746,0.7825132766888584,0.8254333473931232,0.24300809111743077,0.23078864797391888,0.8141666666666667,168.38606980424905,0.025115091161353492,1.0,0.1360214370664882,0.15037594391935682,0.31804560211203775,0.009512442846428527,0.058554400095823
21055,1.0,0.6791666666666667,0.4575,0.8032520273052306,0.26975649088222714,0.7920833333333334,642.0904711121584,0.02303735742415756,1.0,0.7063416082370356,0.7806223755663975,0.8279204507069297,0.22582863108821372,0.253478738969869,0.7920833333333334,163.18092292088033,0.027687357367984774,1.0,0.1283075416341661,0.13678462100416397,0.32289487706888453,0.011943461298801906,0.06173787948174313
21056,1.0,0.6866666666666666,0.45958333333333334,0.8147901893487481,0.2396888930125484,0.8091666666666667,639.9952334303405,0.01792024572994762,1.0,0.7229424952162145,0.7910657474058196,0.8335030366440308,0.24041309971602814,0.21884641207717995,0.8091666666666667,156.0498159684208,0.0179722556757634,1.0,0.13266186702085836,0.1431138516198833,0.3171586761114163,0.007727040681762782,0.04848213140135846
21057,1.0,0.7058333333333333,0.4691666666666667,0.795466227253775,0.2547901236200465,0.8095833333333333,670.0006877289665,0.023107308730220086,1.0,0.7210163800675634,0.7814957525793818,0.8182699708553847,0.1814319494020416,0.1923592850367522,0.8095833333333333,167.41157720933,0.022097212664664852,1.0,0.11410607206687479,0.1255204778313534,0.2726951950542187,0.007011150913925484,0.04285091248811928
21058,1.0,0.70625,0.47833333333333333,0.7881203314297776,0.2592927283415323,0.8008333333333333,667.3102353587706,0.018684783686745286,1.0,0.696864770906052,0.7612463967314999,0.8034909131065483,0.21805328007596717,0.20308214456010745,0.8008333333333333,180.81727040823148,0.017647671622676112,1.0,0.10707050039665295,0.11887441487113375,0.27477876018729797,0.007734558336093104,0.05024150037962304
21059,1.0,0.6929166666666666,0.4658333333333333,0.7941567311972538,0.26215098101317647,0.8158333333333333,660.1592757025182,0.014403850361797156,1.0,0.6846152002288269,0.767811987795923,0.8199775745446256,0.22702990721742708,0.23610430959956027,0.8158333333333333,175.80155365633755,0.011702086794994269,1.0,0.12023543841064106,0.1281017330308147,0.3239907638635009,0.011168152438756114,0.05991595720403553
21060,1.0,0.6941666666666667,0.45958333333333334,0.8076642975232686,0.23134670469933297,0.81375,663.7924358487837,0.02088181056561431,1.0,0.7159677300984753,0.7907217362032265,0.8237904277463516,0.2195060794073513,0.20473209938028447,0.81375,163.57716707232356,0.03733019301584926,1.0,0.13693739272043565,0.15075354964153387,0.28494555028938545,0.011750478147071282,0.06683774173588414
21061,1.0,0.6954166666666667,0.47041666666666665,0.8111042778241263,0.2780813527737363,0.8108333333333333,653.3588401836495,0.025734330942429866,1.0,0.7283316164464112,0.7812481830868583,0.8345961404351445,0.25853626172503336,0.2700078746507848,0.8108333333333333,166.45006840606084,0.028290290134135476,1.0,0.13364525459399934,0.14134349865348478,0.35074779552774066,0.008163714920874483,0.04665760260946533
21062,1.0,0.6820833333333334,0.46458333333333335,0.8164419858938643,0.2645365285807851,0.8158333333333333,626.4913411586327,0.019976827991270887,1.0,0.7102024759412461,0.7843070518332492,0.8337741226619693,0.2804168281938661,0.25412386468197756,0.8158333333333333,159.81127817251158,0.018824555353494282,1.0,0.14307486587775167,0.15444162689457627,0.3483621805692704,0.009475696632458327,0.05555571853168895
21063,1.0,0.6995833333333333,0.47458333333333336,0.7821647621019124,0.21926135333574895,0.7975,656.1396467476278,0.02126549659528678,1.0,0.7046671746048567,0.7636666899622008,0.8035951492022322,0.2208412901550752,0.2116241915455074,0.7975,183.4418767802569,0.04289743063969195,1.0,0.14797872884721347,0.1546769075599186,0.2974940527001987,0.014531299036123284,0.04601928108526401
21064,1.0,0.6916666666666667,0.4579166666666667,0.8124821314221834,0.2594695933316896,0.8,656.4836441574248,0.022274467661635815,1.0,0.7373868348003537,0.7872216870093981,0.8267276267606782,0.2460073720083571,0.218210473839238,0.8,163.26739697243096,0.03226229570193897,1.0,0.13443812833347452,0.1444373775780455,0.3032872384486958,0.007762709717117392,0.04171412514072946
21065,1.0,0.7058333333333333,0.4741666666666667,0.8025564531171362,0.24393562663519824,0.81875,664.2531528800621,0.015518144196944954,1.0,0.7241135773683719,0.7818584059739303,0.8328345987061504,0.22969763731218354,0.26312504136877374,0.81875,170.2610622601938,0.021859873633155804,1.0,0.1407515744246676,0.14894668409468437,0.34782419780625823,0.008382982224194988,0.0376616411051671
21066,1.0,0.6954166666666667,0.47125,0.791867857882335,0.2780090826566725,0.8054166666666667,654.6238267865024,0.02948785534022839,1.0,0.7003293000053751,0.7754778994328408,0.8216017616738508,0.21342201566563193,0.245844891009606,0.8054166666666667,173.21646685247174,0.03632207340856273,1.0,0.14104287079696823,0.15148069151763577,0.32579309815562224,0.013914776066899497,0.05941737193606948
21067,1.0,0.69,0.47833333333333333,0.7846368499574093,0.2713813512296539,0.79375,629.3883994981747,0.022713413036230513,1.0,0.6877394794220143,0.7626879228705721,0.8116233668460054,0.22541616373367312,0.24249617496768644,0.79375,174.99341190691462,0.027932108588653314,1.0,0.13529304943831152,0.14647376276354376,0.32247696440872325,0.00909110598796044,0.03402959376254499
21068,1.0,0.6958333333333333,0.4741666666666667,0.775643753887657,0.2412203400311021,0.7991666666666667,656.7212221097557,0.016059541604071883,1.0,0.6789606514913265,0.7532380930735598,0.7976389159070267,0.19693283510772985,0.1958063636499377,0.7991666666666667,183.4709655382565,0.018645837604569525,1.0,0.10886928814195863,0.11673337189106922,0.2756629471965034,0.00868467917807567,0.054019437214323174
21069,1.0,0.6908333333333333,0.46458333333333335,0.80734484773071,0.23055444513266332,0.8054166666666667,646.4583556000289,0.024126650100197065,1.0,0.7111793045603771,0.7863513271492303,0.8204008633655542,0.23312190847507,0.1946711185002055,0.8054166666666667,162.40330022497395,0.028210487523000254,1.0,0.13887878278783772,0.14955564612351366,0.2850923449520232,0.012274466825272846,0.06209308353605814
21070,1.0,0.6975,0.46958333333333335,0.8105662274544411,0.27211089392766113,0.805,656.6882387953963,0.016491058585735102,1.0,0.7132720469120676,0.7779365031011771,0.8379162644629709,0.2647341811233582,0.2877626076084166,0.805,169.18905689288079,0.021959111143629646,1.0,0.1287342732988505,0.1380855868736098,0.3708902645247311,0.009550549327563914,0.050624522618255174
21071,1.0,0.6970833333333334,0.4675,0.7941962605737499,0.2302579133723955,0.7908333333333334,671.2084836097767,0.018301523804349733,1.0,0.6996870939348807,0.7755303818895691,0.8163235461584075,0.20989798825807326,0.2104538142805689,0.7908333333333334,174.83465908024436,0.028377899499816683,1.0,0.12857102585079216,0.13823773397689781,0.2948469444994211,0.011625303913978273,0.050439386596684246
21072,1.0,0.6833333333333333,0.46375,0.7901270578246308,0.24993541650525153,0.8070833333333334,643.0730355311348,0.024013736278147874,1.0,0.6990913698379628,0.7697814266004622,0.8086130201359017,0.21740217914723842,0.22129606082427236,0.8070833333333334,172.45592359751424,0.04136953984211529,1.0,0.1264643156676591,0.14153510216785617,0.2863347136188727,0.007251641206080303,0.040203802406949554
21073,1.0,0.6779166666666666,0.45666666666666667,0.807509218411884,0.2496049484973738,0.81375,634.4391159405793,0.025736313019307677,1.0,0.7166242409085439,0.7826266016132705,0.8294039907492826,0.2320950705920737,0.24707557037683378,0.81375,159.03489692615437,0.02533878763009358,1.0,0.12225122983622279,0.13283065938972674,0.3194400513097922,0.012356703538289798,0.06679211446412947
21074,1.0,0.6845833333333333,0.4708333333333333,0.7704417358766926,0.245599033651059,0.8070833333333334,638.1198070318034,0.020352592733232765,1.0,0.7015999932377874,0.7553904114426314,0.795503731724005,0.17161870212771332,0.18873964899993903,0.8070833333333334,176.8336339571788,0.0120019968763175,1.0,0.11104165391846461,0.11730466679118914,0.2620571305874912,0.0059803631427026,0.03825051827267587
21075,1.0,0.7041666666666667,0.47125,0.8009015767215404,0.24004350819735173,0.8120833333333334,668.7992067547096,0.012591568520308329,1.0,0.6968427465497401,0.7801608897428669,0.8151845952419122,0.2101613895469423,0.176351970185036,0.8120833333333334,168.587437727775,0.011312652780053707,1.0,0.1192816657046974,0.12788150448644817,0.26682321195337955,0.014992706522144872,0.08564794536917428
21076,1.0,0.6925,0.46625,0.7964145207153226,0.23883736572609016,0.8108333333333333,647.8119309709759,0.014514354060528912,1.0,0.7140847910370478,0.7767340267857301,0.8151255330139109,0.20862101911884248,0.19695726656399182,0.8108333333333333,166.6522685581205,0.013836840458986553,1.0,0.1230930349790111,0.13211885755033378,0.28135460452060834,0.013300061480144518,0.06188175551852372
21077,1.0,0.6816666666666666,0.4666666666666667,0.8025877497452664,0.2695844606421275,0.8133333333333334,621.9284346258937,0.025158200521262247,1.0,0.7040383584812647,0.7753693925288054,0.8216221752317153,0.243941697889932,0.2333954182527516,0.8133333333333334,162.38997896623556,0.01989490972294544,1.0,0.12783094898765882,0.13969961100449932,0.3168405954829399,0.007707201494049649,0.05000021724980495
21078,1.0,0.69375,0.475,0.7761137109208311,0.2610869739818317,0.8033333333333333,652.9590179396722,0.015813147565171937,1.0,0.6920796989794893,0.7544485085226853,0.8030362329380937,0.22000909430526952,0.24019697767183698,0.8033333333333333,187.42343068357047,0.027223741262977542,1.0,0.1374813773851489,0.1445303282312387,0.3138036827019058,0.016026919065342333,0.07228661474677568
21079,1.0,0.6983333333333334,0.46958333333333335,0.7971493677513851,0.24850225268568324,0.82,660.0190871194327,0.02480533228705348,1.0,0.7116045254919174,0.7743069921039166,0.8182630780875972,0.2276616094912115,0.2211450462285709,0.82,173.35055561608402,0.028401126985917343,1.0,0.12979356040919765,0.14069099743346455,0.30805045954297217,0.008351150719966617,0.03915493594278283
21080,1.0,0.69375,0.46458333333333335,0.7838936444428618,0.2484849310451829,0.7983333333333333,666.3810519689417,0.0174074037152158,1.0,0.6934733611316991,0.7605979694715018,0.8043199748210181,0.19259002436155329,0.20337384296687316,0.7983333333333333,178.35942693111627,0.015038804455509725,1.0,0.09852266685130441,0.1055534339169296,0.268906257035467,0.01140526862630847,0.05791476026397854
21081,1.0,0.69125,0.45625,0.8177947905481175,0.24796748511192612,0.8275,650.49794716295,0.02149614630197426,1.0,0.7312778245115402,0.8037477726927528,0.8379081830502509,0.22038262248960538,0.22269377605388613,0.8275,152.02856956490118,0.03664658899821054,1.0,0.14970735275865063,0.16027841770212772,0.30644355544822904,0.009499411081339868,0.05599370626790814
21082,1.0,0.6904166666666667,0.4666666666666667,0.798021038612897,0.25563104832032274,0.8154166666666667,640.4790222614322,0.0245500658894641,1.0,0.7015871264585922,0.7814646937260402,0.818558234864449,0.2031075645014684,0.20311099445148217,0.8154166666666667,162.33469153921948,0.02623739201958046,1.0,0.12342530596408008,0.13778578093929528,0.28413549051324977,0.00954724421182823,0.050806983322286794
21083,1.0,0.7025,0.47375,0.7879627997624892,0.23271999273959942,0.8066666666666666,666.790541017981,0.01752149927790235,1.0,0.6947023527726753,0.765785062117022,0.8133852075921085,0.20471989986414738,0.2225789945167331,0.8066666666666666,177.77937539007445,0.015092695522590275,1.0,0.11121132115545088,0.1215386779100871,0.3000707865094491,0.008329994692573799,0.04441310227332547
21084,1.0,0.6979166666666666,0.46708333333333335,0.8138947233024717,0.23815444789794485,0.8175,654.7723219337005,0.014641997760667387,1.0,0.7145475285103421,0.7926226994804207,0.8327105739744711,0.23485382313089556,0.21920529661549806,0.8175,159.25922108894062,0.02088521699608953,1.0,0.13643431334563144,0.14739683109641277,0.31221259802269546,0.011503555387840316,0.0612358857359521
21085,1.0,0.6904166666666667,0.4691666666666667,0.7950365070985059,0.24338824108461532,0.805,640.7400040843816,0.02010831852316204,1.0,0.710691011115645,0.7782263309010352,0.8102710999620821,0.20915439875011377,0.1705647417223171,0.805,166.060617990788,0.021617218624939448,1.0,0.13480260496795912,0.14429282894658538,0.2679366266602455,0.013545008104571382,0.0684129933399397
21086,1.0,0.7070833333333333,0.4708333333333333,0.7954728735295996,0.25956807295436296,0.8120833333333334,680.9646886863385,0.019144687318590446,1.0,0.7108790390065465,0.7763439060513224,0.8222328709025354,0.21487086026416216,0.24345822908211925,0.8120833333333334,177.39215621482066,0.03458217167592927,1.0,0.1378941504958508,0.14143947715406846,0.31759588299989666,0.007329652288404892,0.0494520766599803
21087,1.0,0.6870833333333334,0.4691666666666667,0.7909464083124802,0.24798817389129152,0.81875,641.9677589127809,0.019877106609435754,1.0,0.6920339996669382,0.76077008263455,0.8129303124883359,0.24749692564065018,0.23601364471298575,0.81875,178.34567102939994,0.015958317897721445,1.0,0.12956886074478594,0.13887512363184462,0.3266295315203908,0.010195929637640277,0.04522723120763038
21088,1.0,0.7070833333333333,0.46708333333333335,0.817224356366665,0.2856475444687449,0.8279166666666666,677.9960370637673,0.02483962539588546,1.0,0.7172468798273193,0.7906238669802149,0.8484461778654718,0.2621742898385053,0.3024240810209198,0.8279166666666666,167.95451872781274,0.03721864664158518,1.0,0.14319543996493508,0.15479387206482456,0.3882100250270817,0.019063030631329952,0.09720676145270192
21089,1.0,0.6970833333333334,0.47875,0.7830566705965535,0.22936746112099457,0.8075,642.5895810125827,0.022369832487937603,1.0,0.6911524453485061,0.7679964765368704,0.8107607470409787,0.2017065661696877,0.21820055510363504,0.8075,174.629424766718,0.022053044164773637,1.0,0.1325667786690445,0.14628907966242924,0.30365015842823917,0.0105778426444066,0.04031281089506101
21090,1.0,0.7025,0.47291666666666665,0.7941656498298161,0.24701565327878114,0.8108333333333333,663.4783903605119,0.01932468597718887,1.0,0.7193483170875817,0.7829338242513938,0.818698654870735,0.1946035074933674,0.1945634086434699,0.8108333333333333,169.56448730833137,0.02072622479490887,1.0,0.13827067321959788,0.15065519217171094,0.29059718490565095,0.010841091795735034,0.05478163291435628
21091,1.0,0.6904166666666667,0.47208333333333335,0.7915465881951053,0.26632575839899847,0.8141666666666667,643.0575413695551,0.01371106136568419,1.0,0.6951455936497709,0.7652016091339472,0.8122210514252096,0.2292871060041956,0.22307827055007465,0.8141666666666667,173.92668467031083,0.00943772287910501,1.0,0.11654887271411439,0.13188205574055062,0.30572660991981077,0.012613339035007557,0.05765998094821948
21092,1.0,0.7129166666666666,0.46791666666666665,0.8073077644067832,0.23956114051187116,0.8104166666666667,686.1313344441185,0.01439314834556078,1.0,0.7243748915722817,0.7924907691297661,0.8214301179785942,0.19557834105660396,0.16849304521015906,0.8104166666666667,164.35681371167263,0.02564436995119404,1.0,0.11954667296078723,0.13372264726281538,0.2545341523971486,0.010421574903316981,0.06014253626723743
21093,1.0,0.6954166666666667,0.4816666666666667,0.8020652371236606,0.23759878323363193,0.8129166666666666,630.7049061159144,0.01667311276834639,1.0,0.7143823566936253,0.7714662440471793,0.8241981470554619,0.2703789304203595,0.24725823766750918,0.8129166666666666,171.10035776368284,0.020194754715106265,1.0,0.14611270362265802,0.1575858579348037,0.35196458613178055,0.011256829325286112,0.05102028179794227
21094,1.0,0.685,0.46125,0.779802918559903,0.25388260853837197,0.8020833333333334,662.2452992164463,0.01879243229453732,1.0,0.6899641612723436,0.7560123320245977,0.8026468833461302,0.21190824755913085,0.22746520268362097,0.8020833333333334,185.0349044172067,0.034324180017663304,1.0,0.11831093926268245,0.1267610470985946,0.2936674612750169,0.009004759013533111,0.04654257189920309
21095,1.0,0.68875,0.46166666666666667,0.8164822278001321,0.26297557881835576,0.8166666666666667,636.6026183884131,0.020588171448451962,1.0,0.7227577903800583,0.7978736778413966,0.8385359669333186,0.23387490367121286,0.24688756365322032,0.8166666666666667,152.49192966406474,0.03498156629581491,1.0,0.14710756000919328,0.1561904540466361,0.3259418616300377,0.011922443570910336,0.048091814362384654
21096,1.0,0.6870833333333334,0.46291666666666664,0.807993981418463,0.2656257671986517,0.8091666666666667,649.5366954819475,0.016528588872671,1.0,0.6927504162962753,0.7741127937179768,0.8350434987866124,0.26939976466402477,0.28946272730104394,0.8091666666666667,170.7020457839646,0.016444063657852837,1.0,0.13235769457036428,0.14047878661184074,0.37232562032673244,0.007085093545166751,0.03563001745782472
21097,1.0,0.6816666666666666,0.4716666666666667,0.8196126540987899,0.266619738554947,0.8075,607.4427439592612,0.0211542546648943,1.0,0.7255767290054265,0.7962977416918801,0.8329835075207738,0.28094444676035807,0.2183288261168804,0.8075,152.38736962127462,0.04221374882132257,1.0,0.1753793743480563,0.1880071226053383,0.3342430102299714,0.009143021488999065,0.03711746414548269
21098,1.0,0.69875,0.4741666666666667,0.8088799853489986,0.2514064865150088,0.8183333333333334,648.3434323585766,0.012842692028631312,1.0,0.7109535863993912,0.7777056746666595,0.8332208337887133,0.2594190943370954,0.265926466099977,0.8183333333333334,167.31650160536716,0.018936463260084073,1.0,0.12483445478365492,0.1386201331152569,0.3537387165650698,0.006887453444803316,0.03950598388184276
21099,1.0,0.6995833333333333,0.4666666666666667,0.8106201619531882,0.25095704110026984,0.8208333333333333,653.0720349100291,0.018230500366651994,1.0,0.7166692022695295,0.7887237496690752,0.8278365957096459,0.23178117940411672,0.21686662813140312,0.8208333333333333,160.99407211636597,0.012220656207246975,1.0,0.12907284495540572,0.14295843991046245,0.30161959816960254,0.009394648345224403,0.04470554111723419
21100,1.0,0.6975,0.4666666666666667,0.814075333966764,0.26604050025526055,0.8083333333333333,653.4876597747615,0.01678169977216569,1.0,0.7304039248056005,0.7953706910383582,0.8426640244538983,0.232694294149961,0.2671796708465031,0.8083333333333333,158.34559025709774,0.03445213256967081,1.0,0.14161485996203124,0.15550077512388458,0.350678990863831,0.0062436829840465434,0.04217790697380894
