scenario,seed,method,latent_effect_mse,latent_effect_skill_vs_zero,mean_abs_predicted_effect,class_accuracy,macro_f1_present,brier,training_coverage,effective_sample_size,false_net_absence,false_causal_absence
null_effect,1001,ZERO,0.0,,0.0,1.0,1.0,0.0,1.0,2400.0,,
null_effect,1001,DIRECT,0.01326988518927298,,0.09138856545648859,0.0,0.0,,1.0,2400.0,,
null_effect,1001,RDFL_SOFT,0.01797719290489006,,0.10608166030590319,0.7916666666666666,0.8837209302325582,0.5490587070323848,0.6941666666666667,1651.4027539797135,0.0,0.0
null_effect,1001,HARD_RDFL,0.018477971072841985,,0.10766127336589626,0.81,0.8950276243093923,0.5375645393077011,0.6941666666666667,1666.0,0.0,0.0
null_effect,1001,RANDOM_MATCHED,0.0005481940419004096,,0.02313267868280542,0.7758333333333334,0.8737681839511966,0.5367235258159649,0.6941666666666667,1651.4027539797135,0.0,0.0
null_effect,1001,ORDINARY_SOFT,0.002019823461314776,,0.03562094910352342,0.0,0.0,0.9331756031903375,1.0,2400.0,,
null_effect,1001,ORACLE_CLASS,0.0,,0.0,1.0,1.0,0.0,1.0,2400.0,0.0,0.0
null_effect,1002,ZERO,0.0,,0.0,1.0,1.0,0.0,1.0,2400.0,,
null_effect,1002,DIRECT,0.004175998635319528,,0.05134906733957184,0.0,0.0,,1.0,2400.0,,
null_effect,1002,RDFL_SOFT,0.006379954065500849,,0.06298598902875448,0.9333333333333333,0.9655172413793104,0.5030717711199003,0.7025,1669.9195191463532,0.0,0.0
null_effect,1002,HARD_RDFL,0.006544675477868546,,0.0635469828213535,0.9591666666666666,0.9791578051892812,0.48547232875811164,0.7025,1686.0,0.0,0.0
null_effect,1002,RANDOM_MATCHED,1.7270053175016052e-05,,0.0033227557872054694,0.83,0.907103825136612,0.49188197523322924,0.7025,1669.9195191463532,0.0,0.0
null_effect,1002,ORDINARY_SOFT,0.0007379898539522882,,0.02155613871047576,0.0,0.0,0.9255911011025724,1.0,2400.0,,
null_effect,1002,ORACLE_CLASS,0.0,,0.0,1.0,1.0,0.0,1.0,2400.0,0.0,0.0
null_effect,1003,ZERO,0.0,,0.0,1.0,1.0,0.0,1.0,2400.0,,
null_effect,1003,DIRECT,0.008375426308683152,,0.0727385572083903,0.0,0.0,,1.0,2400.0,,
null_effect,1003,RDFL_SOFT,0.012532737064081277,,0.09000699745817303,0.7633333333333333,0.8657844990548205,0.5588065719197961,0.675,1605.480688716989,0.0,0.0
null_effect,1003,HARD_RDFL,0.013216841630674558,,0.09176308369605023,0.8058333333333333,0.8924780802953391,0.5486966659064721,0.675,1620.0,0.0,0.0
null_effect,1003,RANDOM_MATCHED,0.001798648492145257,,0.042401586432870154,0.885,0.9389920424403183,0.5343988933707686,0.675,1605.480688716989,0.0,0.0
null_effect,1003,ORDINARY_SOFT,0.0016756092048252095,,0.03336326874955641,0.0,0.0,0.9346534858972025,1.0,2400.0,,
null_effect,1003,ORACLE_CLASS,0.0,,0.0,1.0,1.0,0.0,1.0,2400.0,0.0,0.0
null_effect,1004,ZERO,0.0,,0.0,1.0,1.0,0.0,1.0,2400.0,,
null_effect,1004,DIRECT,0.009342852993860517,,0.0774687567718972,0.0,0.0,,1.0,2400.0,,
null_effect,1004,RDFL_SOFT,0.014500125921012292,,0.09663199231759342,0.8675,0.92904953145917,0.5304358255461604,0.6841666666666667,1627.3794863468377,0.0,0.0
null_effect,1004,HARD_RDFL,0.01603284587874519,,0.10115958702766266,0.89,0.9417989417989417,0.5125373548195861,0.6841666666666667,1642.0,0.0,0.0
null_effect,1004,RANDOM_MATCHED,0.002118468408469954,,0.04584174549088549,0.8491666666666666,0.918431726002704,0.5188324475775382,0.6841666666666667,1627.3794863468377,0.0,0.0
null_effect,1004,ORDINARY_SOFT,0.003205030408028567,,0.048318740937221154,0.0,0.0,0.9314816849964241,1.0,2400.0,,
null_effect,1004,ORACLE_CLASS,0.0,,0.0,1.0,1.0,0.0,1.0,2400.0,0.0,0.0
null_effect,1005,ZERO,0.0,,0.0,1.0,1.0,0.0,1.0,2400.0,,
null_effect,1005,DIRECT,0.0098516010678712,,0.07957871662448639,0.0,0.0,,1.0,2400.0,,
null_effect,1005,RDFL_SOFT,0.0181569222452226,,0.10782347363398907,0.8458333333333333,0.9164785553047404,0.5208084618592573,0.6908333333333333,1642.6250501614995,0.0,0.0
null_effect,1005,HARD_RDFL,0.01907272850441133,,0.11029119663224492,0.8591666666666666,0.9242492155983864,0.5060465394755337,0.6908333333333333,1658.0,0.0,0.0
null_effect,1005,RANDOM_MATCHED,2.5502831381153666e-05,,0.004122274368523287,0.89,0.9417989417989417,0.5085011005377813,0.6908333333333333,1642.6250501614995,0.0,0.0
null_effect,1005,ORDINARY_SOFT,0.0014719287184122392,,0.030957435069720058,0.0,0.0,0.9324063272908291,1.0,2400.0,,
null_effect,1005,ORACLE_CLASS,0.0,,0.0,1.0,1.0,0.0,1.0,2400.0,0.0,0.0
null_effect,1006,ZERO,0.0,,0.0,1.0,1.0,0.0,1.0,2400.0,,
null_effect,1006,DIRECT,0.010440617397044782,,0.08238906220901741,0.0,0.0,,1.0,2400.0,,
null_effect,1006,RDFL_SOFT,0.015757260596314306,,0.10127858692099641,0.8725,0.931909212283044,0.5177528238850646,0.7033333333333334,1673.423459899123,0.0,0.0
null_effect,1006,HARD_RDFL,0.01452832428483864,,0.09705536039177914,0.8925,0.9431968295904888,0.5027263226967397,0.7033333333333334,1688.0,0.0,0.0
null_effect,1006,RANDOM_MATCHED,0.0007560298461988463,,0.026895809132713985,0.885,0.9389920424403183,0.49965726693491624,0.7033333333333334,1673.423459899123,0.0,0.0
null_effect,1006,ORDINARY_SOFT,0.0021098742458012525,,0.037024060779687895,0.0,0.0,0.9367656964280625,1.0,2400.0,,
null_effect,1006,ORACLE_CLASS,0.0,,0.0,1.0,1.0,0.0,1.0,2400.0,0.0,0.0
null_effect,1007,ZERO,0.0,,0.0,1.0,1.0,0.0,1.0,2400.0,,
null_effect,1007,DIRECT,0.008826784785965313,,0.07508370711523923,0.0,0.0,,1.0,2400.0,,
null_effect,1007,RDFL_SOFT,0.012644369498209185,,0.08840369915451611,0.9058333333333334,0.9505902929602099,0.5087874162004384,0.7020833333333333,1669.8412576803607,0.0,0.0
null_effect,1007,HARD_RDFL,0.013710708522664265,,0.0922252150286626,0.9075,0.9515072083879423,0.49494523965100445,0.7020833333333333,1685.0,0.0,0.0
null_effect,1007,RANDOM_MATCHED,0.00014854494472498248,,0.010504568252713665,0.9075,0.9515072083879423,0.5004038530735054,0.7020833333333333,1669.8412576803607,0.0,0.0
null_effect,1007,ORDINARY_SOFT,0.0016155397767415268,,0.03230179144424638,0.0,0.0,0.9305804525336403,1.0,2400.0,,
null_effect,1007,ORACLE_CLASS,0.0,,0.0,1.0,1.0,0.0,1.0,2400.0,0.0,0.0
null_effect,1008,ZERO,0.0,,0.0,1.0,1.0,0.0,1.0,2400.0,,
null_effect,1008,DIRECT,0.012248037526488679,,0.0879143695636584,0.0,0.0,,1.0,2400.0,,
null_effect,1008,RDFL_SOFT,0.02050672366010872,,0.11436156642626291,0.8158333333333333,0.898577329050023,0.5369565909706479,0.6816666666666666,1622.1681515518412,0.0,0.0
null_effect,1008,HARD_RDFL,0.020421857670197666,,0.11454873345675118,0.825,0.9041095890410958,0.5237652971271681,0.6816666666666666,1636.0,0.0,0.0
null_effect,1008,RANDOM_MATCHED,0.0015558339198769133,,0.03912562360741194,0.9216666666666666,0.9592367736339983,0.5191032746631066,0.6816666666666666,1622.1681515518412,0.0,0.0
null_effect,1008,ORDINARY_SOFT,0.002342526391290124,,0.03895146146686714,0.0,0.0,0.9295492218065415,1.0,2400.0,,
null_effect,1008,ORACLE_CLASS,0.0,,0.0,1.0,1.0,0.0,1.0,2400.0,0.0,0.0
null_effect,1009,ZERO,0.0,,0.0,1.0,1.0,0.0,1.0,2400.0,,
null_effect,1009,DIRECT,0.007327375813681041,,0.06857492478554073,0.0,0.0,,1.0,2400.0,,
null_effect,1009,RDFL_SOFT,0.016181020748719188,,0.09998073783683498,0.7975,0.8873435326842837,0.5267967341674792,0.6891666666666667,1639.6097956998572,0.0,0.0
null_effect,1009,HARD_RDFL,0.015304100274043957,,0.09759352475177084,0.8358333333333333,0.9105764866091693,0.5109769494956169,0.6891666666666667,1654.0,0.0,0.0
null_effect,1009,RANDOM_MATCHED,0.0003893601738443872,,0.019292890014709567,0.8933333333333333,0.9436619718309859,0.5054276870711535,0.6891666666666667,1639.6097956998572,0.0,0.0
null_effect,1009,ORDINARY_SOFT,0.0011688645226961515,,0.02746386571677722,0.0,0.0,0.9310265420562348,1.0,2400.0,,
null_effect,1009,ORACLE_CLASS,0.0,,0.0,1.0,1.0,0.0,1.0,2400.0,0.0,0.0
null_effect,1010,ZERO,0.0,,0.0,1.0,1.0,0.0,1.0,2400.0,,
null_effect,1010,DIRECT,0.01920487855596864,,0.11039264156913124,0.0,0.0,,1.0,2400.0,,
null_effect,1010,RDFL_SOFT,0.020879619142223693,,0.11448839626261301,0.8683333333333333,0.9295272078501338,0.5371770767079944,0.6983333333333334,1661.0245768302516,0.0,0.0
null_effect,1010,HARD_RDFL,0.02010195687711131,,0.1122282796308474,0.8808333333333334,0.9366415595923793,0.521510386236329,0.6983333333333334,1676.0,0.0,0.0
null_effect,1010,RANDOM_MATCHED,0.0006030060388772458,,0.02416572967208516,0.8016666666666666,0.8899167437557817,0.519972735555712,0.6983333333333334,1661.0245768302516,0.0,0.0
null_effect,1010,ORDINARY_SOFT,0.003328266302472893,,0.04596419260194614,0.0,0.0,0.9390222784906541,1.0,2400.0,,
null_effect,1010,ORACLE_CLASS,0.0,,0.0,1.0,1.0,0.0,1.0,2400.0,0.0,0.0
null_effect,1011,ZERO,0.0,,0.0,1.0,1.0,0.0,1.0,2400.0,,
null_effect,1011,DIRECT,0.0071270214698319345,,0.06676628938494454,0.0,0.0,,1.0,2400.0,,
null_effect,1011,RDFL_SOFT,0.014993331630396022,,0.09847849483980442,0.89,0.9417989417989417,0.5085371201118362,0.69,1641.6130872378126,0.0,0.0
null_effect,1011,HARD_RDFL,0.01303387169306043,,0.09249704635119514,0.9416666666666667,0.9699570815450643,0.4824530240395984,0.69,1656.0,0.0,0.0
null_effect,1011,RANDOM_MATCHED,0.0012042072402985056,,0.03454642207249028,0.935,0.9664082687338501,0.49488001937510795,0.69,1641.6130872378126,0.0,0.0
null_effect,1011,ORDINARY_SOFT,0.00196642434783037,,0.036494734776392965,0.0,0.0,0.9348061859509659,1.0,2400.0,,
null_effect,1011,ORACLE_CLASS,0.0,,0.0,1.0,1.0,0.0,1.0,2400.0,0.0,0.0
null_effect,1012,ZERO,0.0,,0.0,1.0,1.0,0.0,1.0,2400.0,,
null_effect,1012,DIRECT,0.011283906947349195,,0.08502707865663685,0.0,0.0,,1.0,2400.0,,
null_effect,1012,RDFL_SOFT,0.01737485121007208,,0.10588995246246799,0.8108333333333333,0.8955361251725725,0.5450091389308734,0.6854166666666667,1630.6673738404886,0.0,0.0
null_effect,1012,HARD_RDFL,0.017640639259686317,,0.10648375527527154,0.8491666666666666,0.918431726002704,0.5308562724432979,0.6854166666666667,1645.0,0.0,0.0
null_effect,1012,RANDOM_MATCHED,9.035757623854649e-05,,0.008707822817082957,0.7858333333333334,0.8800746616892208,0.5252884384305814,0.6854166666666667,1630.6673738404886,0.0,0.0
null_effect,1012,ORDINARY_SOFT,0.0017351063271433375,,0.033133807079535865,0.0,0.0,0.9366513433226373,1.0,2400.0,,
null_effect,1012,ORACLE_CLASS,0.0,,0.0,1.0,1.0,0.0,1.0,2400.0,0.0,0.0
null_effect,1013,ZERO,0.0,,0.0,1.0,1.0,0.0,1.0,2400.0,,
null_effect,1013,DIRECT,0.014261269314906623,,0.0964602980428396,0.0,0.0,,1.0,2400.0,,
null_effect,1013,RDFL_SOFT,0.02109869763793966,,0.11769100282909734,0.9166666666666666,0.9565217391304348,0.5172650807309622,0.6933333333333334,1649.7228510902735,0.0,0.0
null_effect,1013,HARD_RDFL,0.021940098757233153,,0.12011652617272285,0.9258333333333333,0.961488533102553,0.5050582130036074,0.6933333333333334,1664.0,0.0,0.0
null_effect,1013,RANDOM_MATCHED,4.1353797401973263e-05,,0.005076128472430506,0.945,0.9717223650385605,0.4990758909238024,0.6933333333333334,1649.7228510902735,0.0,0.0
null_effect,1013,ORDINARY_SOFT,0.002114719298176772,,0.037221062518546136,0.0,0.0,0.934755844677793,1.0,2400.0,,
null_effect,1013,ORACLE_CLASS,0.0,,0.0,1.0,1.0,0.0,1.0,2400.0,0.0,0.0
null_effect,1014,ZERO,0.0,,0.0,1.0,1.0,0.0,1.0,2400.0,,
null_effect,1014,DIRECT,0.006075832822057241,,0.06206599297454728,0.0,0.0,,1.0,2400.0,,
null_effect,1014,RDFL_SOFT,0.008484264345689057,,0.0734393882273336,0.8375,0.9115646258503401,0.5298129187437626,0.69625,1656.3517751285983,0.0,0.0
null_effect,1014,HARD_RDFL,0.007989941118455395,,0.07069201027943653,0.85,0.918918918918919,0.5204477314747771,0.69625,1671.0,0.0,0.0
null_effect,1014,RANDOM_MATCHED,3.564247795439324e-05,,0.005179013280309845,0.8441666666666666,0.9154993221870764,0.5199745194947946,0.69625,1656.3517751285983,0.0,0.0
null_effect,1014,ORDINARY_SOFT,0.0009144805109696893,,0.02415214384824974,0.0,0.0,0.9299908756826797,1.0,2400.0,,
null_effect,1014,ORACLE_CLASS,0.0,,0.0,1.0,1.0,0.0,1.0,2400.0,0.0,0.0
null_effect,1015,ZERO,0.0,,0.0,1.0,1.0,0.0,1.0,2400.0,,
null_effect,1015,DIRECT,0.01412386737319215,,0.09613797939899493,0.0,0.0,,1.0,2400.0,,
null_effect,1015,RDFL_SOFT,0.02175937243152941,,0.11817646277127053,0.8283333333333334,0.9061075660893345,0.5310025762023746,0.68625,1632.514148007263,0.0,0.0
null_effect,1015,HARD_RDFL,0.019333360085812677,,0.11132228949718524,0.8666666666666667,0.9285714285714286,0.5149413785154262,0.68625,1647.0,0.0,0.0
null_effect,1015,RANDOM_MATCHED,0.0006997654026290322,,0.025733782662318933,0.915,0.9556135770234987,0.509485691666253,0.68625,1632.514148007263,0.0,0.0
null_effect,1015,ORDINARY_SOFT,0.002874648816670238,,0.04362136446255631,0.0,0.0,0.944606022664907,1.0,2400.0,,
null_effect,1015,ORACLE_CLASS,0.0,,0.0,1.0,1.0,0.0,1.0,2400.0,0.0,0.0
null_effect,1016,ZERO,0.0,,0.0,1.0,1.0,0.0,1.0,2400.0,,
null_effect,1016,DIRECT,0.007840598125509366,,0.07063866020757106,0.0,0.0,,1.0,2400.0,,
null_effect,1016,RDFL_SOFT,0.015467593190339517,,0.09869679276053211,0.895,0.9445910290237467,0.5105469856157583,0.6725,1599.946975455135,0.0,0.0
null_effect,1016,HARD_RDFL,0.01582106606605095,,0.10023397476703806,0.9216666666666666,0.9592367736339983,0.48434008021052366,0.6725,1614.0,0.0,0.0
null_effect,1016,RANDOM_MATCHED,6.555542817070842e-05,,0.008013288199054372,0.8983333333333333,0.9464442493415277,0.49369577960780786,0.6725,1599.946975455135,0.0,0.0
null_effect,1016,ORDINARY_SOFT,0.0010713803276639427,,0.026075640580133504,0.0,0.0,0.9396058274786564,1.0,2400.0,,
null_effect,1016,ORACLE_CLASS,0.0,,0.0,1.0,1.0,0.0,1.0,2400.0,0.0,0.0
null_effect,1017,ZERO,0.0,,0.0,1.0,1.0,0.0,1.0,2400.0,,
null_effect,1017,DIRECT,0.008259181375938113,,0.07309164956089932,0.0,0.0,,1.0,2400.0,,
null_effect,1017,RDFL_SOFT,0.01351613095271791,,0.09183366182903013,0.8308333333333333,0.9076012744651798,0.5228475777910719,0.69125,1644.7939036611665,0.0,0.0
null_effect,1017,HARD_RDFL,0.011276904819348597,,0.08385687869837737,0.8783333333333333,0.935226264418811,0.5055544007162249,0.69125,1659.0,0.0,0.0
null_effect,1017,RANDOM_MATCHED,0.0008370050587230154,,0.028766445614446533,0.8008333333333333,0.8894030541416011,0.5215233975465562,0.69125,1644.7939036611665,0.0,0.0
null_effect,1017,ORDINARY_SOFT,0.0009558895017174515,,0.02490568277431819,0.0,0.0,0.9408779213818114,1.0,2400.0,,
null_effect,1017,ORACLE_CLASS,0.0,,0.0,1.0,1.0,0.0,1.0,2400.0,0.0,0.0
null_effect,1018,ZERO,0.0,,0.0,1.0,1.0,0.0,1.0,2400.0,,
null_effect,1018,DIRECT,0.010476022812072862,,0.08242292437357064,0.0,0.0,,1.0,2400.0,,
null_effect,1018,RDFL_SOFT,0.019284945493838503,,0.11256785977440377,0.8,0.8888888888888888,0.5390814958136704,0.6866666666666666,1633.573266959234,0.0,0.0
null_effect,1018,HARD_RDFL,0.017573607617482317,,0.10682665934340962,0.8033333333333333,0.8909426987060998,0.529629334615599,0.6866666666666666,1648.0,0.0,0.0
null_effect,1018,RANDOM_MATCHED,1.6212678390916443e-05,,0.0032560015036815783,0.8391666666666666,0.9125509741730856,0.5261266750913142,0.6866666666666666,1633.573266959234,0.0,0.0
null_effect,1018,ORDINARY_SOFT,0.002031049186947078,,0.0363198732245755,0.0,0.0,0.9280512442617682,1.0,2400.0,,
null_effect,1018,ORACLE_CLASS,0.0,,0.0,1.0,1.0,0.0,1.0,2400.0,0.0,0.0
null_effect,1019,ZERO,0.0,,0.0,1.0,1.0,0.0,1.0,2400.0,,
null_effect,1019,DIRECT,0.00570930166342723,,0.0597921563848397,0.0,0.0,,1.0,2400.0,,
null_effect,1019,RDFL_SOFT,0.009152590313942496,,0.07557001243947568,0.7658333333333334,0.8673902784332232,0.5486459425363983,0.6766666666666666,1609.7363829555143,0.0,0.0
null_effect,1019,HARD_RDFL,0.008223330597352693,,0.07165743233040647,0.8083333333333333,0.8940092165898618,0.5347674038522425,0.6766666666666666,1624.0,0.0,0.0
null_effect,1019,RANDOM_MATCHED,0.000997583116683063,,0.03155198176148351,0.8575,0.9232839838492598,0.5329765283107649,0.6766666666666666,1609.7363829555143,0.0,0.0
null_effect,1019,ORDINARY_SOFT,0.000805039555091384,,0.022403009136567262,0.0,0.0,0.9385018805145777,1.0,2400.0,,
null_effect,1019,ORACLE_CLASS,0.0,,0.0,1.0,1.0,0.0,1.0,2400.0,0.0,0.0
null_effect,1020,ZERO,0.0,,0.0,1.0,1.0,0.0,1.0,2400.0,,
null_effect,1020,DIRECT,0.006904580518455473,,0.06560314075550933,0.0,0.0,,1.0,2400.0,,
null_effect,1020,RDFL_SOFT,0.013905535948780419,,0.09428593679644766,0.855,0.921832884097035,0.5239503230999266,0.70875,1684.8641615358943,0.0,0.0
null_effect,1020,HARD_RDFL,0.014408054830122759,,0.09590243797590235,0.8658333333333333,0.9280928986154533,0.5065878477322031,0.70875,1701.0,0.0,0.0
null_effect,1020,RANDOM_MATCHED,0.0001525939256022376,,0.010206415188143737,0.8641666666666666,0.9271345552078677,0.503922517160548,0.70875,1684.8641615358943,0.0,0.0
null_effect,1020,ORDINARY_SOFT,0.0010817165155867525,,0.026209288313612873,0.0,0.0,0.9389468161411642,1.0,2400.0,,
null_effect,1020,ORACLE_CLASS,0.0,,0.0,1.0,1.0,0.0,1.0,2400.0,0.0,0.0
null_effect,1021,ZERO,0.0,,0.0,1.0,1.0,0.0,1.0,2400.0,,
null_effect,1021,DIRECT,0.006092286191006264,,0.062406549221653736,0.0,0.0,,1.0,2400.0,,
null_effect,1021,RDFL_SOFT,0.012254682605069896,,0.08855582317228114,0.8883333333333333,0.940864960282436,0.5154883797207909,0.6916666666666667,1645.48943427933,0.0,0.0
null_effect,1021,HARD_RDFL,0.011959012612665885,,0.08693152252464785,0.92,0.9583333333333334,0.49550996242896805,0.6916666666666667,1660.0,0.0,0.0
null_effect,1021,RANDOM_MATCHED,0.0008903896637448629,,0.029674155436648378,0.9108333333333334,0.9533362407326647,0.5063726673771122,0.6916666666666667,1645.48943427933,0.0,0.0
null_effect,1021,ORDINARY_SOFT,0.0013053917124652107,,0.0290447692051197,0.0,0.0,0.9302823593308178,1.0,2400.0,,
null_effect,1021,ORACLE_CLASS,0.0,,0.0,1.0,1.0,0.0,1.0,2400.0,0.0,0.0
null_effect,1022,ZERO,0.0,,0.0,1.0,1.0,0.0,1.0,2400.0,,
null_effect,1022,DIRECT,0.01032311751162515,,0.08076275829415228,0.0,0.0,,1.0,2400.0,,
null_effect,1022,RDFL_SOFT,0.01329140628253086,,0.09141473404396358,0.8283333333333334,0.9061075660893345,0.5193200317190685,0.69875,1661.5755225511364,0.0,0.0
null_effect,1022,HARD_RDFL,0.011508327280139003,,0.08514854762713267,0.84,0.9130434782608695,0.509226313405328,0.69875,1677.0,0.0,0.0
null_effect,1022,RANDOM_MATCHED,0.0003714787388707263,,0.019246181187577382,0.9416666666666667,0.9699570815450643,0.5008806615632344,0.69875,1661.5755225511364,0.0,0.0
null_effect,1022,ORDINARY_SOFT,0.0016038251282068183,,0.03174393162923755,0.0,0.0,0.936880519780736,1.0,2400.0,,
null_effect,1022,ORACLE_CLASS,0.0,,0.0,1.0,1.0,0.0,1.0,2400.0,0.0,0.0
null_effect,1023,ZERO,0.0,,0.0,1.0,1.0,0.0,1.0,2400.0,,
null_effect,1023,DIRECT,0.0062869046717374776,,0.06411151443802812,0.0,0.0,,1.0,2400.0,,
null_effect,1023,RDFL_SOFT,0.010700173998554496,,0.08399698278076535,0.8925,0.9431968295904888,0.5123934917967332,0.69375,1650.319241705801,0.0,0.0
null_effect,1023,HARD_RDFL,0.011712600591980501,,0.0873178850345139,0.91,0.9528795811518325,0.49670129204042723,0.69375,1665.0,0.0,0.0
null_effect,1023,RANDOM_MATCHED,0.0007824586818319277,,0.027517223325294667,0.8666666666666667,0.9285714285714286,0.512055964634088,0.69375,1650.319241705801,0.0,0.0
null_effect,1023,ORDINARY_SOFT,0.0014431310175929658,,0.03090595606448036,0.0,0.0,0.9252075012997849,1.0,2400.0,,
null_effect,1023,ORACLE_CLASS,0.0,,0.0,1.0,1.0,0.0,1.0,2400.0,0.0,0.0
null_effect,1024,ZERO,0.0,,0.0,1.0,1.0,0.0,1.0,2400.0,,
null_effect,1024,DIRECT,0.004630314228553137,,0.05408455756021666,0.0,0.0,,1.0,2400.0,,
null_effect,1024,RDFL_SOFT,0.0100341747287222,,0.07891937117707712,0.85,0.918918918918919,0.5228141799119532,0.6895833333333333,1640.5732448814138,0.0,0.0
null_effect,1024,HARD_RDFL,0.010804524862243375,,0.08139747413110268,0.8516666666666667,0.9198919891989199,0.5028406897537451,0.6895833333333333,1655.0,0.0,0.0
null_effect,1024,RANDOM_MATCHED,0.0014282380660731037,,0.037604091829438566,0.875,0.9333333333333333,0.5118069962833643,0.6895833333333333,1640.5732448814138,0.0,0.0
null_effect,1024,ORDINARY_SOFT,0.0012533222015712866,,0.02906009663655618,0.0,0.0,0.9406403718938255,1.0,2400.0,,
null_effect,1024,ORACLE_CLASS,0.0,,0.0,1.0,1.0,0.0,1.0,2400.0,0.0,0.0
null_effect,1025,ZERO,0.0,,0.0,1.0,1.0,0.0,1.0,2400.0,,
null_effect,1025,DIRECT,0.007761187741897843,,0.07100936513967991,0.0,0.0,,1.0,2400.0,,
null_effect,1025,RDFL_SOFT,0.01349707764769575,,0.09370623252083939,0.8383333333333334,0.9120580235720761,0.5245035440093939,0.6954166666666667,1653.1021257818625,0.0,0.0
null_effect,1025,HARD_RDFL,0.013026099022390275,,0.0920678148191394,0.8591666666666666,0.9242492155983864,0.5101393650602993,0.6954166666666667,1669.0,0.0,0.0
null_effect,1025,RANDOM_MATCHED,0.0005326338323363728,,0.022911069010442105,0.8758333333333334,0.9338071968014215,0.5010014350892117,0.6954166666666667,1653.1021257818625,0.0,0.0
null_effect,1025,ORDINARY_SOFT,0.0012101964233934043,,0.028144808315307027,0.0,0.0,0.9378925989001037,1.0,2400.0,,
null_effect,1025,ORACLE_CLASS,0.0,,0.0,1.0,1.0,0.0,1.0,2400.0,0.0,0.0
null_effect,1026,ZERO,0.0,,0.0,1.0,1.0,0.0,1.0,2400.0,,
null_effect,1026,DIRECT,0.010336430643699336,,0.08265146239609361,0.0,0.0,,1.0,2400.0,,
null_effect,1026,RDFL_SOFT,0.016857305957490312,,0.10489308381830348,0.8075,0.8934993084370678,0.527907990633229,0.695,1653.828964495447,0.0,0.0
null_effect,1026,HARD_RDFL,0.0178138129956153,,0.10781656347638512,0.8125,0.896551724137931,0.5213142836393452,0.695,1668.0,0.0,0.0
null_effect,1026,RANDOM_MATCHED,0.0001587671307207886,,0.011589647269348264,0.88,0.9361702127659575,0.5164993981664288,0.695,1653.828964495447,0.0,0.0
null_effect,1026,ORDINARY_SOFT,0.002006319717765485,,0.03621548212714143,0.0,0.0,0.924756692940433,1.0,2400.0,,
null_effect,1026,ORACLE_CLASS,0.0,,0.0,1.0,1.0,0.0,1.0,2400.0,0.0,0.0
null_effect,1027,ZERO,0.0,,0.0,1.0,1.0,0.0,1.0,2400.0,,
null_effect,1027,DIRECT,0.012049421811476422,,0.0881527486753611,0.0,0.0,,1.0,2400.0,,
null_effect,1027,RDFL_SOFT,0.019130034744891226,,0.11089667516713694,0.8158333333333333,0.898577329050023,0.5248849934696017,0.685,1628.6635423003518,0.0,0.0
null_effect,1027,HARD_RDFL,0.01881927965288203,,0.10979805653810788,0.845,0.9159891598915989,0.5107961271005439,0.685,1644.0,0.0,0.0
null_effect,1027,RANDOM_MATCHED,7.559630703783821e-05,,0.007561016099332969,0.8708333333333333,0.9309576837416481,0.5094313118541987,0.685,1628.6635423003518,0.0,0.0
null_effect,1027,ORDINARY_SOFT,0.001814591981069494,,0.03430975402255386,0.0,0.0,0.9360745093566135,1.0,2400.0,,
null_effect,1027,ORACLE_CLASS,0.0,,0.0,1.0,1.0,0.0,1.0,2400.0,0.0,0.0
null_effect,1028,ZERO,0.0,,0.0,1.0,1.0,0.0,1.0,2400.0,,
null_effect,1028,DIRECT,0.010243880421146056,,0.081241544713141,0.0,0.0,,1.0,2400.0,,
null_effect,1028,RDFL_SOFT,0.015148601346636337,,0.09852716473009948,0.8483333333333334,0.9179440937781785,0.5189964748155184,0.7004166666666667,1666.6215498177667,0.0,0.0
null_effect,1028,HARD_RDFL,0.013994982615026791,,0.09433172264075108,0.8858333333333334,0.9394608926204154,0.4986235260960865,0.7004166666666667,1681.0,0.0,0.0
null_effect,1028,RANDOM_MATCHED,0.00023764999440720598,,0.015196846048471565,0.8783333333333333,0.935226264418811,0.5055271556087108,0.7004166666666667,1666.6215498177667,0.0,0.0
null_effect,1028,ORDINARY_SOFT,0.001409336611304178,,0.0299876135089455,0.0,0.0,0.9429243466345886,1.0,2400.0,,
null_effect,1028,ORACLE_CLASS,0.0,,0.0,1.0,1.0,0.0,1.0,2400.0,0.0,0.0
null_effect,1029,ZERO,0.0,,0.0,1.0,1.0,0.0,1.0,2400.0,,
null_effect,1029,DIRECT,0.007588641596453598,,0.07060830749666307,0.0,0.0,,1.0,2400.0,,
null_effect,1029,RDFL_SOFT,0.01166989349706277,,0.08594091560390892,0.8516666666666667,0.9198919891989199,0.5362418215841767,0.6895833333333333,1639.4843339875317,0.0,0.0
null_effect,1029,HARD_RDFL,0.011678914314940793,,0.08639558990065535,0.87,0.93048128342246,0.526213920546071,0.6895833333333333,1655.0,0.0,0.0
null_effect,1029,RANDOM_MATCHED,0.00023598418205417757,,0.014943461081780508,0.8341666666666666,0.9095865515674694,0.524964933981839,0.6895833333333333,1639.4843339875317,0.0,0.0
null_effect,1029,ORDINARY_SOFT,0.0012807657361872335,,0.02912722496757548,0.0,0.0,0.9375585607523381,1.0,2400.0,,
null_effect,1029,ORACLE_CLASS,0.0,,0.0,1.0,1.0,0.0,1.0,2400.0,0.0,0.0
null_effect,1030,ZERO,0.0,,0.0,1.0,1.0,0.0,1.0,2400.0,,
null_effect,1030,DIRECT,0.006659705330111778,,0.06485147010717143,0.0,0.0,,1.0,2400.0,,
null_effect,1030,RDFL_SOFT,0.010244018948616498,,0.07969277467286222,0.8908333333333334,0.9422653151167916,0.5175317166567417,0.6958333333333333,1654.4520449613228,0.0,0.0
null_effect,1030,HARD_RDFL,0.009599151870024431,,0.07723060778942807,0.9158333333333334,0.9560678555893867,0.4977232997817822,0.6958333333333333,1670.0,0.0,0.0
null_effect,1030,RANDOM_MATCHED,5.39411764719693e-06,,0.0018367041252118313,0.9491666666666667,0.9739204788371099,0.4946836742333139,0.6958333333333333,1654.4520449613228,0.0,0.0
null_effect,1030,ORDINARY_SOFT,0.00111267281424084,,0.026925004884875682,0.0,0.0,0.938194502026599,1.0,2400.0,,
null_effect,1030,ORACLE_CLASS,0.0,,0.0,1.0,1.0,0.0,1.0,2400.0,0.0,0.0
strong_signal,1001,ZERO,0.9993721117105563,0.0,0.0,0.2708333333333333,0.14207650273224043,1.4583333333333333,1.0,2400.0,,
strong_signal,1001,DIRECT,0.11909350386648572,0.8808316717357245,0.7343581921135781,0.7066666666666667,0.5450204528617902,,1.0,2400.0,,
strong_signal,1001,RDFL_SOFT,0.15871311941992533,0.841187163860049,0.7486548037895578,0.71,0.7176539900334249,0.37741072707051976,0.7029166666666666,1671.300824944144,0.5545805947375894,0.5545805947375894
strong_signal,1001,HARD_RDFL,0.1607631023957115,0.8391358929152581,0.7409930966371784,0.7033333333333334,0.7111988256414392,0.3843130453929803,0.7029166666666666,1687.0,0.5545805947375894,0.5545805947375894
strong_signal,1001,RANDOM_MATCHED,0.9973927413591264,0.001980613955738675,0.027445162555988875,0.28,0.1948864747118911,0.7073401468998587,0.7029166666666666,1671.300824944144,0.5545805947375894,0.5545805947375894
strong_signal,1001,ORDINARY_SOFT,0.46430377775019255,0.535404508181166,0.3069482901186529,0.7058333333333333,0.544228039272522,0.39929540099825456,1.0,2400.0,,
strong_signal,1001,ORACLE_CLASS,0.23018377436712711,0.7696716051310083,0.7055246163116102,0.8333333333333334,0.82448082247081,0.2477107143654204,1.0,2400.0,0.0,0.0
strong_signal,1002,ZERO,1.0002291114874842,0.0,0.0,0.2966666666666667,0.1525278491859469,1.4066666666666667,1.0,2400.0,,
strong_signal,1002,DIRECT,0.11221939615660176,0.8878063087068967,0.7323386309311002,0.6883333333333334,0.5385788232882329,,1.0,2400.0,,
strong_signal,1002,RDFL_SOFT,0.14553853278590567,0.8544948041259577,0.7341998248604581,0.7341666666666666,0.7424213959667766,0.3520855661128753,0.7075,1682.7203148562305,0.5501238415467896,0.5501238415467896
strong_signal,1002,HARD_RDFL,0.14656395420467547,0.8534696175892003,0.7254163249835136,0.7233333333333334,0.7315449699931685,0.3602623022110615,0.7075,1698.0,0.5501238415467896,0.5501238415467896
strong_signal,1002,RANDOM_MATCHED,0.9945407119212579,0.005687096587067675,0.02118857944718936,0.2875,0.16990046989511706,0.7243937111962678,0.7075,1682.7203148562305,0.5501238415467896,0.5501238415467896
strong_signal,1002,ORDINARY_SOFT,0.4607710732278259,0.5393344705368621,0.3052884287269621,0.6866666666666666,0.5370878176020404,0.408743339070317,1.0,2400.0,,
strong_signal,1002,ORACLE_CLASS,0.23887666267028132,0.7611780541809692,0.7046482236253511,0.8233333333333334,0.8157795092631889,0.24337841039191663,1.0,2400.0,0.0,0.0
strong_signal,1003,ZERO,1.0001699057982352,0.0,0.0,0.27416666666666667,0.1434488772618269,1.4516666666666667,1.0,2400.0,,
strong_signal,1003,DIRECT,0.1165825490034393,0.8834372556826784,0.7785674374810553,0.7008333333333333,0.5413602008211448,,1.0,2400.0,,
strong_signal,1003,RDFL_SOFT,0.1521510073362333,0.8478748396105743,0.7806520635148797,0.7341666666666666,0.740523991846886,0.34875981837204395,0.7091666666666666,1685.9242146608267,0.5537260058663873,0.5537260058663873
strong_signal,1003,HARD_RDFL,0.15170939922999208,0.8483163726977839,0.7727717338070232,0.7333333333333333,0.7396219327386536,0.3558586110748455,0.7091666666666666,1702.0,0.5537260058663873,0.5537260058663873
strong_signal,1003,RANDOM_MATCHED,0.9992502749588048,0.0009194746153619038,0.007930612831001837,0.275,0.1710741092265229,0.7163345130467589,0.7091666666666666,1685.9242146608267,0.5537260058663873,0.5537260058663873
strong_signal,1003,ORDINARY_SOFT,0.4449334022776759,0.5551421816450528,0.32350233547636836,0.7025,0.5425539993775288,0.39268864026798916,1.0,2400.0,,
strong_signal,1003,ORACLE_CLASS,0.2389047522154427,0.7611358321916586,0.7272356670429251,0.8216666666666667,0.8056703371407844,0.25770980094978624,1.0,2400.0,0.0,0.0
strong_signal,1004,ZERO,1.0000192233206882,0.0,0.0,0.2575,0.1365142478462558,1.485,1.0,2400.0,,
strong_signal,1004,DIRECT,0.11973131131243128,0.8802709902767183,0.7735684958923386,0.7166666666666667,0.5484471412449251,,1.0,2400.0,,
strong_signal,1004,RDFL_SOFT,0.15635835297513517,0.8436446526938474,0.778100252726273,0.7258333333333333,0.7324181483436546,0.3674819872995338,0.7066666666666667,1680.8850792348107,0.5460179614280241,0.5460179614280241
strong_signal,1004,HARD_RDFL,0.15781300661157158,0.8421900270201468,0.7709153456372326,0.7166666666666667,0.7237979411040136,0.37899404770661055,0.7066666666666667,1696.0,0.5460179614280241,0.5460179614280241
strong_signal,1004,RANDOM_MATCHED,0.9949726413927006,0.005046484917789695,0.006296882546642071,0.2733333333333333,0.18344449653023123,0.6848401145190022,0.7066666666666667,1680.8850792348107,0.5460179614280241,0.5460179614280241
strong_signal,1004,ORDINARY_SOFT,0.4543344360053809,0.5456742976432923,0.31873500918757797,0.7158333333333333,0.548065891764263,0.38920183018898974,1.0,2400.0,,
strong_signal,1004,ORACLE_CLASS,0.2371464475842107,0.7628581110703688,0.7326751099850504,0.8316666666666667,0.8177314547110911,0.24422954606614533,1.0,2400.0,0.0,0.0
strong_signal,1005,ZERO,0.9991870690678021,0.0,0.0,0.2975,0.15285806037251123,1.405,1.0,2400.0,,
strong_signal,1005,DIRECT,0.09995023644937741,0.8999684448052089,0.7269462597862607,0.685,0.5364705822221285,,1.0,2400.0,,
strong_signal,1005,RDFL_SOFT,0.14424453128841178,0.8556381124677828,0.7245723629838899,0.7233333333333334,0.7309421986957397,0.35462775181789624,0.7120833333333333,1694.0347055903765,0.5468445207680575,0.5468445207680575
strong_signal,1005,HARD_RDFL,0.14537661999362517,0.8545051027038859,0.7213464653881737,0.7216666666666667,0.7293078602714121,0.3567368066887619,0.7120833333333333,1709.0,0.5468445207680575,0.5468445207680575
strong_signal,1005,RANDOM_MATCHED,0.9994565025313894,-0.0002696526725858295,0.01198176859878543,0.31416666666666665,0.2201951368437188,0.6952987601755086,0.7120833333333333,1694.0347055903765,0.5468445207680575,0.5468445207680575
strong_signal,1005,ORDINARY_SOFT,0.47099723979922187,0.5286195604606435,0.29298823801879365,0.6841666666666667,0.5358086830186437,0.4134919826308175,1.0,2400.0,,
strong_signal,1005,ORACLE_CLASS,0.23959329182277808,0.7602117769134982,0.698272289293925,0.8266666666666667,0.8213516226234021,0.24868334287705265,1.0,2400.0,0.0,0.0
strong_signal,1006,ZERO,0.9998583812906755,0.0,0.0,0.2758333333333333,0.14413237535379927,1.4483333333333333,1.0,2400.0,,
strong_signal,1006,DIRECT,0.10263943992487835,0.8973460223513,0.7658919939444412,0.7075,0.547124430473898,,1.0,2400.0,,
strong_signal,1006,RDFL_SOFT,0.14223151114571755,0.8577483433582695,0.7563575378041522,0.7416666666666667,0.7483202471653239,0.3555407754003508,0.70125,1668.7166154754618,0.5554442830234665,0.5554442830234665
strong_signal,1006,HARD_RDFL,0.1433521598297511,0.8566275359469371,0.7510522610532161,0.7358333333333333,0.7427794886774639,0.3613199032571135,0.70125,1683.0,0.5554442830234665,0.5554442830234665
strong_signal,1006,RANDOM_MATCHED,0.9978027457013035,0.0020559267470644516,0.03177025532723553,0.3225,0.26944622480311187,0.6839640302535773,0.70125,1668.7166154754618,0.5554442830234665,0.5554442830234665
strong_signal,1006,ORDINARY_SOFT,0.4526277317798337,0.5473081585858635,0.31217750726749766,0.7075,0.5472481128795271,0.3926070402845379,1.0,2400.0,,
strong_signal,1006,ORACLE_CLASS,0.2314156135124716,0.768551609065129,0.7089640842248699,0.8366666666666667,0.8265939646056489,0.23264166409417214,1.0,2400.0,0.0,0.0
strong_signal,1007,ZERO,1.0008796605560095,0.0,0.0,0.2808333333333333,0.14617219692040773,1.4383333333333332,1.0,2400.0,,
strong_signal,1007,DIRECT,0.1095424921265949,0.8905537833931586,0.7666313550021262,0.7008333333333333,0.5434870675929537,,1.0,2400.0,,
strong_signal,1007,RDFL_SOFT,0.14951715441978397,0.8506142543283135,0.765079837220034,0.7425,0.7492684513552184,0.3447581272317081,0.7195833333333334,1712.0843194610845,0.5339153937218196,0.5339153937218196
strong_signal,1007,HARD_RDFL,0.1517160454185652,0.8484172959071985,0.7626964760059272,0.745,0.7517063577347264,0.3432465608581418,0.7195833333333334,1727.0,0.5339153937218196,0.5339153937218196
strong_signal,1007,RANDOM_MATCHED,0.9921103653920056,0.00876158794068449,0.022886522552401978,0.32416666666666666,0.25000336783479243,0.6862005502591532,0.7195833333333334,1712.0843194610845,0.5339153937218196,0.5339153937218196
strong_signal,1007,ORDINARY_SOFT,0.4592622611941177,0.5411413786358812,0.3090939259546505,0.7008333333333333,0.5433930247852564,0.39832321430698414,1.0,2400.0,,
strong_signal,1007,ORACLE_CLASS,0.23320616554419984,0.7669987964240886,0.7244556546693879,0.8416666666666667,0.8309058774195784,0.2394936587673926,1.0,2400.0,0.0,0.0
strong_signal,1008,ZERO,1.0011156753139085,0.0,0.0,0.2575,0.1365142478462558,1.485,1.0,2400.0,,
strong_signal,1008,DIRECT,0.1036101214976016,0.8965053449341768,0.7747213962644605,0.7258333333333333,0.5554700570595333,,1.0,2400.0,,
strong_signal,1008,RDFL_SOFT,0.1384062623629084,0.8617479820006715,0.7729273517256071,0.6858333333333333,0.693813416275949,0.3904386099970887,0.6945833333333333,1651.9557497081155,0.5680875191933392,0.5680875191933392
strong_signal,1008,HARD_RDFL,0.1399936740325567,0.8601623393933369,0.7690803689834627,0.6875,0.695542766655699,0.39398537562955044,0.6945833333333333,1667.0,0.5680875191933392,0.5680875191933392
strong_signal,1008,RANDOM_MATCHED,0.9946688563464778,0.006439634426270713,0.022630688649039762,0.26166666666666666,0.1820973718745186,0.7175888843270818,0.6945833333333333,1651.9557497081155,0.5680875191933392,0.5680875191933392
strong_signal,1008,ORDINARY_SOFT,0.44008172298225523,0.5604087181591041,0.3214285315535037,0.7266666666666667,0.5560934296485182,0.3884169609467305,1.0,2400.0,,
strong_signal,1008,ORACLE_CLASS,0.22280221366692607,0.7774460842428979,0.7242316443135957,0.8408333333333333,0.8256279266287532,0.23976579556138924,1.0,2400.0,0.0,0.0
strong_signal,1009,ZERO,0.9991669087899437,0.0,0.0,0.2925,0.15087040618955513,1.415,1.0,2400.0,,
strong_signal,1009,DIRECT,0.11040930857162462,0.8894986337114211,0.7704967264106798,0.6858333333333333,0.535549605689004,,1.0,2400.0,,
strong_signal,1009,RDFL_SOFT,0.15507186543145043,0.8447988378445673,0.763790675613535,0.7433333333333333,0.7497201385291042,0.3363906899262046,0.70875,1684.9960779455432,0.5638719938216032,0.5638719938216032
strong_signal,1009,HARD_RDFL,0.15889718168659234,0.8409703320949378,0.7564616209186991,0.7341666666666666,0.7409304146368619,0.34323655912417933,0.70875,1701.0,0.5638719938216032,0.5638719938216032
strong_signal,1009,RANDOM_MATCHED,0.9991632148388463,3.6970310615114244e-06,0.019756609622229644,0.30583333333333335,0.1967269765713047,0.6899741594885617,0.70875,1684.9960779455432,0.5638719938216032,0.5638719938216032
strong_signal,1009,ORDINARY_SOFT,0.45296258398107037,0.546659742235021,0.3128557978192786,0.685,0.5348886991739779,0.4052300055973095,1.0,2400.0,,
strong_signal,1009,ORACLE_CLASS,0.2424402686819599,0.7573575880574639,0.7131101196999208,0.8375,0.8289399527583464,0.24710022990237068,1.0,2400.0,0.0,0.0
strong_signal,1010,ZERO,0.9993190080973264,0.0,0.0,0.29,0.14987080103359174,1.42,1.0,2400.0,,
strong_signal,1010,DIRECT,0.1046468210801953,0.8952818667189772,0.7201189369807904,0.6908333333333333,0.5387086201245493,,1.0,2400.0,,
strong_signal,1010,RDFL_SOFT,0.1399133604370621,0.8599912947683713,0.7310424116239755,0.7366666666666667,0.7439381008158685,0.3435913273550555,0.7225,1718.7221133357516,0.5431311380742109,0.5431311380742109
strong_signal,1010,HARD_RDFL,0.1412851860779694,0.8586185342886931,0.7272521416593624,0.74,0.74706912253748,0.3453470429662797,0.7225,1734.0,0.5431311380742109,0.5431311380742109
strong_signal,1010,RANDOM_MATCHED,1.0016054542673551,-0.0022880042824182656,0.04687617087161328,0.3025,0.1971320135075927,0.6934764574673393,0.7225,1718.7221133357516,0.5431311380742109,0.5431311380742109
strong_signal,1010,ORDINARY_SOFT,0.4722506739648198,0.5274275079946984,0.2971156962985153,0.6883333333333334,0.5368787591009813,0.405966924761789,1.0,2400.0,,
strong_signal,1010,ORACLE_CLASS,0.2255815082812641,0.774264767853496,0.7114145872616028,0.8316666666666667,0.8242216010933578,0.23907098612956473,1.0,2400.0,0.0,0.0
strong_signal,1011,ZERO,0.9994912521470879,0.0,0.0,0.28,0.14583333333333334,1.44,1.0,2400.0,,
strong_signal,1011,DIRECT,0.11489057145189426,0.885050948464943,0.7586393666347915,0.7,0.5425939071613952,,1.0,2400.0,,
strong_signal,1011,RDFL_SOFT,0.15178497460934226,0.8481377658050726,0.7600766605503179,0.7233333333333334,0.7302230631985891,0.3558826157907095,0.7191666666666666,1710.177560501244,0.5347288779850198,0.5347288779850198
strong_signal,1011,HARD_RDFL,0.15681785870782794,0.8431023199343117,0.7574383892139033,0.7266666666666667,0.7334162324590588,0.357609220591751,0.7191666666666666,1726.0,0.5347288779850198,0.5347288779850198
strong_signal,1011,RANDOM_MATCHED,0.9945291759740125,0.004964601903634458,0.007212122012901443,0.2941666666666667,0.21098156185875483,0.7011454112224004,0.7191666666666666,1710.177560501244,0.5347288779850198,0.5347288779850198
strong_signal,1011,ORDINARY_SOFT,0.45252009734323073,0.5472495668459971,0.31453289107841176,0.7,0.5425888363008039,0.3972572909273671,1.0,2400.0,,
strong_signal,1011,ORACLE_CLASS,0.2271667256065762,0.7727176449833042,0.7153120993950228,0.8383333333333334,0.8286595969921932,0.23301517170004904,1.0,2400.0,0.0,0.0
strong_signal,1012,ZERO,1.0027494514750752,0.0,0.0,0.2833333333333333,0.14718614718614717,1.4333333333333333,1.0,2400.0,,
strong_signal,1012,DIRECT,0.0999921518552977,0.900282017897685,0.7606100498568609,0.695,0.539757636122178,,1.0,2400.0,,
strong_signal,1012,RDFL_SOFT,0.1396792560081068,0.860703732320537,0.746478892896942,0.715,0.721227390542564,0.3657465972573895,0.715,1700.5494220739251,0.5537270488710175,0.5537270488710175
strong_signal,1012,HARD_RDFL,0.14087018021939654,0.8595160735194897,0.7405096145483128,0.71,0.7163094771292066,0.3725333613804716,0.715,1716.0,0.5537270488710175,0.5537270488710175
strong_signal,1012,RANDOM_MATCHED,0.9989041014132897,0.00383480644754175,0.024053892903248986,0.2875,0.17231392545143961,0.7172395097902822,0.715,1700.5494220739251,0.5537270488710175,0.5537270488710175
strong_signal,1012,ORDINARY_SOFT,0.4517227695882221,0.5495158148192212,0.310879495770976,0.6933333333333334,0.5384926239465982,0.401694981744475,1.0,2400.0,,
strong_signal,1012,ORACLE_CLASS,0.22891630490436696,0.7717113636236609,0.6991435284745879,0.825,0.815892167457112,0.2551518263032646,1.0,2400.0,0.0,0.0
strong_signal,1013,ZERO,0.9991979121987835,0.0,0.0,0.255,0.1354581673306773,1.49,1.0,2400.0,,
strong_signal,1013,DIRECT,0.11884050478632353,0.8810640981776982,0.751922004846777,0.7258333333333333,0.5546004457179242,,1.0,2400.0,,
strong_signal,1013,RDFL_SOFT,0.1574940473162475,0.842379527225318,0.7702021162967289,0.715,0.7216091303527635,0.36957384876207877,0.7133333333333334,1695.5889455526876,0.5309806413151015,0.5309806413151015
strong_signal,1013,HARD_RDFL,0.15913051807112014,0.8407417428235556,0.7638924119668009,0.7116666666666667,0.7187300606288322,0.3748595835214126,0.7133333333333334,1712.0,0.5309806413151015,0.5309806413151015
strong_signal,1013,RANDOM_MATCHED,0.9995333379683492,-0.0003356950264512548,0.015260384635828685,0.25166666666666665,0.14443893934210217,0.7158251802548833,0.7133333333333334,1695.5889455526876,0.5309806413151015,0.5309806413151015
strong_signal,1013,ORDINARY_SOFT,0.4541049151507968,0.545530560455719,0.3156937847898239,0.725,0.5539642111716024,0.38476510560180116,1.0,2400.0,,
strong_signal,1013,ORACLE_CLASS,0.23060770584297927,0.7692071780499262,0.7162656909324427,0.8341666666666666,0.8198867007291312,0.24073099316407043,1.0,2400.0,0.0,0.0
strong_signal,1014,ZERO,0.9994603202690591,0.0,0.0,0.2575,0.1365142478462558,1.485,1.0,2400.0,,
strong_signal,1014,DIRECT,0.10411036306678198,0.8958334203415349,0.7888729106253104,0.725,0.5545719149133551,,1.0,2400.0,,
strong_signal,1014,RDFL_SOFT,0.14703507591177126,0.8528855293903126,0.7868014839128818,0.7491666666666666,0.7543284728963577,0.3453827883827743,0.7058333333333333,1679.3533045401955,0.5637933671743234,0.5637933671743234
strong_signal,1014,HARD_RDFL,0.15010944994954767,0.8498094952792747,0.7850316416120405,0.7483333333333333,0.753319974836745,0.34808991091209746,0.7058333333333333,1694.0,0.5637933671743234,0.5637933671743234
strong_signal,1014,RANDOM_MATCHED,1.008043189343423,-0.008587503575983257,0.08482448117467657,0.26,0.1960486767917784,0.7299450132784762,0.7058333333333333,1679.3533045401955,0.5637933671743234,0.5637933671743234
strong_signal,1014,ORDINARY_SOFT,0.44981017975679277,0.5499469357265709,0.31682510151722376,0.7258333333333333,0.5551892813516983,0.38113711372522935,1.0,2400.0,,
strong_signal,1014,ORACLE_CLASS,0.22768371890792044,0.7721933384542701,0.7307381460941612,0.8425,0.8277330986660786,0.2282897799945573,1.0,2400.0,0.0,0.0
strong_signal,1015,ZERO,1.0002467225248597,0.0,0.0,0.2783333333333333,0.14515428074750109,1.4433333333333334,1.0,2400.0,,
strong_signal,1015,DIRECT,0.11024352842082448,0.8897836644317677,0.7211105147701704,0.6975,0.5401616644408519,,1.0,2400.0,,
strong_signal,1015,RDFL_SOFT,0.15467786016459595,0.8453602929343749,0.7242238559816386,0.6991666666666667,0.7054031421030542,0.39339950373715754,0.7025,1671.1694562715113,0.5305745546893122,0.5305745546893122
strong_signal,1015,HARD_RDFL,0.1568003053615078,0.8432383712633352,0.7182254413057012,0.6925,0.6986688074916088,0.4009862520686433,0.7025,1686.0,0.5305745546893122,0.5305745546893122
strong_signal,1015,RANDOM_MATCHED,0.9985257008756457,0.0017205971391435204,0.02412177298601526,0.30333333333333334,0.22153441149431138,0.6871291354066554,0.7025,1671.1694562715113,0.5305745546893122,0.5305745546893122
strong_signal,1015,ORDINARY_SOFT,0.4742389876339861,0.5258779889456728,0.2988645121074493,0.7,0.5425039046074368,0.40568514388336446,1.0,2400.0,,
strong_signal,1015,ORACLE_CLASS,0.2326558744189553,0.7674015128670687,0.6937439555261199,0.83,0.8219130094372096,0.24786003655562028,1.0,2400.0,0.0,0.0
strong_signal,1016,ZERO,0.9991677526591748,0.0,0.0,0.2725,0.14276358873608383,1.455,1.0,2400.0,,
strong_signal,1016,DIRECT,0.10830421503433925,0.891605573992856,0.7473077222476824,0.7058333333333333,0.5447607345211277,,1.0,2400.0,,
strong_signal,1016,RDFL_SOFT,0.15031780051767585,0.8495569936903772,0.7393119740015237,0.6991666666666667,0.7071143473722398,0.37959234201198,0.7108333333333333,1690.409949994592,0.5398830125332609,0.5398830125332609
strong_signal,1016,HARD_RDFL,0.15347719018848494,0.8463949724357873,0.7335862007420999,0.6975,0.705233947911596,0.3866630701761476,0.7108333333333333,1706.0,0.5398830125332609,0.5398830125332609
strong_signal,1016,RANDOM_MATCHED,0.9956742141219685,0.0034964484471287083,0.028147538512789907,0.2825,0.1824681866018528,0.6895800238520188,0.7108333333333333,1690.409949994592,0.5398830125332609,0.5398830125332609
strong_signal,1016,ORDINARY_SOFT,0.46097985772321826,0.5386361734589901,0.30595013651857395,0.7058333333333333,0.5448755685050087,0.39827414283630824,1.0,2400.0,,
strong_signal,1016,ORACLE_CLASS,0.23486675482097757,0.7649376151342899,0.7128575424240999,0.8375,0.8279549106487808,0.24622727700622643,1.0,2400.0,0.0,0.0
strong_signal,1017,ZERO,1.0012234862125715,0.0,0.0,0.2725,0.14276358873608383,1.455,1.0,2400.0,,
strong_signal,1017,DIRECT,0.11072145532493051,0.8894138453106333,0.784660352939147,0.7075,0.5457030129883378,,1.0,2400.0,,
strong_signal,1017,RDFL_SOFT,0.17242658031635855,0.8277841234342056,0.7951523805063838,0.7466666666666667,0.7482146449680301,0.3386731399797275,0.7058333333333333,1679.445615408973,0.5411360202439928,0.5411360202439928
strong_signal,1017,HARD_RDFL,0.1770436397458446,0.8231727060103581,0.7923158389661613,0.74,0.7416623805689544,0.34348029631450816,0.7058333333333333,1694.0,0.5411360202439928,0.5411360202439928
strong_signal,1017,RANDOM_MATCHED,0.9972119225344037,0.0040066615829625896,0.018125308137881664,0.29083333333333333,0.18883342891836488,0.6845220964181008,0.7058333333333333,1679.445615408973,0.5411360202439928,0.5411360202439928
strong_signal,1017,ORDINARY_SOFT,0.4531228942704708,0.5474308178840828,0.31973577058777425,0.7058333333333333,0.5448457754250763,0.38994055702654135,1.0,2400.0,,
strong_signal,1017,ORACLE_CLASS,0.2534173180553043,0.7468923556578448,0.7495032309582925,0.845,0.8326238367172888,0.23753546286819874,1.0,2400.0,0.0,0.0
strong_signal,1018,ZERO,1.0030117223664687,0.0,0.0,0.26666666666666666,0.14035087719298245,1.4666666666666666,1.0,2400.0,,
strong_signal,1018,DIRECT,0.12016496282415122,0.8801958540019468,0.7512636292234622,0.7158333333333333,0.5504956594999239,,1.0,2400.0,,
strong_signal,1018,RDFL_SOFT,0.15553781627871538,0.8449292138762394,0.7499545617299557,0.7166666666666667,0.7242983040855914,0.3686729810928563,0.70875,1685.8237359576235,0.5568874217160772,0.5568874217160772
strong_signal,1018,HARD_RDFL,0.1566648707419446,0.843805543595926,0.7429436142515687,0.7091666666666666,0.7170835008420386,0.37765822041697644,0.70875,1701.0,0.5568874217160772,0.5568874217160772
strong_signal,1018,RANDOM_MATCHED,1.0019339981472914,0.0010744881591558952,0.007991193394196716,0.2816666666666667,0.1983780421991261,0.706620567249713,0.70875,1685.8237359576235,0.5568874217160772,0.5568874217160772
strong_signal,1018,ORDINARY_SOFT,0.459800034363833,0.5415805976035875,0.3135160341309913,0.7166666666666667,0.5510354195570771,0.393051971279955,1.0,2400.0,,
strong_signal,1018,ORACLE_CLASS,0.24245304806329282,0.7582749606442704,0.7128574142915557,0.8266666666666667,0.813414814187228,0.24554393460377938,1.0,2400.0,0.0,0.0
strong_signal,1019,ZERO,1.0015245194037234,0.0,0.0,0.2658333333333333,0.14000438885231511,1.4683333333333333,1.0,2400.0,,
strong_signal,1019,DIRECT,0.11985660273235728,0.8803258428423538,0.7312454581323504,0.715,0.5497265619467583,,1.0,2400.0,,
strong_signal,1019,RDFL_SOFT,0.15234359198624112,0.8478883052439478,0.7352913584705648,0.7,0.7082329369125612,0.3856507894560854,0.70125,1668.1462391142743,0.5695498855158858,0.5695498855158858
strong_signal,1019,HARD_RDFL,0.1554625780746608,0.8447740668723533,0.7306478134800265,0.6991666666666667,0.7074601665094759,0.3938655398940276,0.70125,1683.0,0.5695498855158858,0.5695498855158858
strong_signal,1019,RANDOM_MATCHED,1.0002381532194011,0.0012844080792832058,0.005750811845259633,0.2758333333333333,0.16719979001858198,0.6944762844993613,0.70125,1668.1462391142743,0.5695498855158858,0.5695498855158858
strong_signal,1019,ORDINARY_SOFT,0.46118849160950426,0.5395135289507624,0.30900389378358256,0.7158333333333333,0.5504373486645532,0.3899033382974728,1.0,2400.0,,
strong_signal,1019,ORACLE_CLASS,0.2349699000873351,0.7653877708084182,0.7116498647522176,0.8425,0.8308567477363011,0.23136560870641962,1.0,2400.0,0.0,0.0
strong_signal,1020,ZERO,1.0017916602014552,0.0,0.0,0.2775,0.14481409001956946,1.445,1.0,2400.0,,
strong_signal,1020,DIRECT,0.10811622473187758,0.8920771363677195,0.7384535568846902,0.6941666666666667,0.537171747858848,,1.0,2400.0,,
strong_signal,1020,RDFL_SOFT,0.15442119394877601,0.8458549815460406,0.7435683174070756,0.71,0.7175290333397365,0.36472715425568125,0.6925,1646.8545756979777,0.554570520702475,0.554570520702475
strong_signal,1020,HARD_RDFL,0.15678420286456035,0.8434961987674844,0.7337132106043499,0.7058333333333333,0.7135855761102695,0.3750487069555684,0.6925,1662.0,0.554570520702475,0.554570520702475
strong_signal,1020,RANDOM_MATCHED,0.9999574622939204,0.0018309175254722643,0.017148999530123946,0.2683333333333333,0.17772870163040544,0.7142617151524271,0.6925,1646.8545756979777,0.554570520702475,0.554570520702475
strong_signal,1020,ORDINARY_SOFT,0.46667123636833724,0.5341633845559345,0.30300251633138164,0.6958333333333333,0.5383901533957457,0.4029985181356566,1.0,2400.0,,
strong_signal,1020,ORACLE_CLASS,0.24708541990813984,0.7533564814679609,0.6968621282588658,0.8275,0.8187819111301092,0.2530028232622152,1.0,2400.0,0.0,0.0
strong_signal,1021,ZERO,0.9994880820666132,0.0,0.0,0.2725,0.14276358873608383,1.455,1.0,2400.0,,
strong_signal,1021,DIRECT,0.11388750870097496,0.886054160380289,0.767090984742391,0.6983333333333334,0.5388253520182628,,1.0,2400.0,,
strong_signal,1021,RDFL_SOFT,0.16199960174707997,0.8379174252762294,0.7684772133059455,0.7316666666666667,0.7384473173099719,0.3539598683680065,0.69875,1662.2398048810433,0.5590668837319172,0.5590668837319172
strong_signal,1021,HARD_RDFL,0.1645041067677539,0.8354116374978545,0.7699348062650764,0.7291666666666666,0.73583746325147,0.3528803819729092,0.69875,1677.0,0.5590668837319172,0.5590668837319172
strong_signal,1021,RANDOM_MATCHED,1.0033353791159223,-0.003849267558402536,0.0509287479771997,0.27416666666666667,0.19699800295416417,0.702407839447605,0.69875,1662.2398048810433,0.5590668837319172,0.5590668837319172
strong_signal,1021,ORDINARY_SOFT,0.45861140531753164,0.5411537030343836,0.3120783033631397,0.6983333333333334,0.5388348610179596,0.39407407563272107,1.0,2400.0,,
strong_signal,1021,ORACLE_CLASS,0.24456821227142228,0.7553065247504147,0.7171333175142294,0.845,0.8322516786821087,0.2391135735888307,1.0,2400.0,0.0,0.0
strong_signal,1022,ZERO,0.9991723772387453,0.0,0.0,0.26416666666666666,0.13931004174906614,1.4716666666666667,1.0,2400.0,,
strong_signal,1022,DIRECT,0.09709723044845073,0.9028223431108224,0.8116962026555004,0.7158333333333333,0.5498073446879808,,1.0,2400.0,,
strong_signal,1022,RDFL_SOFT,0.13612154205153748,0.8637657073469994,0.7850505237225447,0.7266666666666667,0.732494971596684,0.34393383012524853,0.7170833333333333,1704.6680271427813,0.5301840188960065,0.5301840188960065
strong_signal,1022,HARD_RDFL,0.13685064681937106,0.8630359986556438,0.7755749493761088,0.7233333333333334,0.729281713788497,0.34950434416028137,0.7170833333333333,1721.0,0.5301840188960065,0.5301840188960065
strong_signal,1022,RANDOM_MATCHED,0.9977763869769789,0.0013971465720702403,0.009479784809082585,0.29333333333333333,0.22346392381651173,0.7139918409218313,0.7170833333333333,1704.6680271427813,0.5301840188960065,0.5301840188960065
strong_signal,1022,ORDINARY_SOFT,0.4356750481434096,0.5639640786033178,0.3245694345434509,0.7166666666666667,0.5510025822220909,0.3814244149471229,1.0,2400.0,,
strong_signal,1022,ORACLE_CLASS,0.22236319176725028,0.7774526229580523,0.7306527288835034,0.8408333333333333,0.8268345794309951,0.2343195574258642,1.0,2400.0,0.0,0.0
strong_signal,1023,ZERO,0.9995015866699106,0.0,0.0,0.275,0.14379084967320263,1.45,1.0,2400.0,,
strong_signal,1023,DIRECT,0.10911331226965035,0.8908322770820318,0.7740402193715631,0.7008333333333333,0.5416243427342257,,1.0,2400.0,,
strong_signal,1023,RDFL_SOFT,0.16005071270571014,0.8398694761066272,0.7622553960965855,0.7116666666666667,0.719469368816949,0.3651102149415172,0.7141666666666666,1698.4072299098557,0.5414841161944154,0.5414841161944154
strong_signal,1023,HARD_RDFL,0.1619355964641771,0.8379836524285009,0.7549782141575594,0.7083333333333334,0.7162874905453704,0.3725004071217565,0.7141666666666666,1714.0,0.5414841161944154,0.5414841161944154
strong_signal,1023,RANDOM_MATCHED,1.0061567448928352,-0.006658476896568066,0.07788529760352937,0.2916666666666667,0.18659722195180958,0.6850898109902874,0.7141666666666666,1698.4072299098557,0.5414841161944154,0.5414841161944154
strong_signal,1023,ORDINARY_SOFT,0.44901308074043766,0.55076301355715,0.3222613464397471,0.7025,0.542944578961528,0.3943913683531001,1.0,2400.0,,
strong_signal,1023,ORACLE_CLASS,0.24058947725663898,0.7592905499447751,0.7181777525895366,0.8241666666666667,0.813662483147783,0.25196771769490006,1.0,2400.0,0.0,0.0
strong_signal,1024,ZERO,1.0001396163096017,0.0,0.0,0.2608333333333333,0.13791584049350078,1.4783333333333333,1.0,2400.0,,
strong_signal,1024,DIRECT,0.11144983817520396,0.8885657198677512,0.7469324381498303,0.7141666666666666,0.5474447723323864,,1.0,2400.0,,
strong_signal,1024,RDFL_SOFT,0.1438849913036988,0.8561350945834767,0.7605950827226987,0.6966666666666667,0.7049078092510394,0.38843627330400515,0.6941666666666667,1651.964218468974,0.5752984845220721,0.5752984845220721
strong_signal,1024,HARD_RDFL,0.14603017535901117,0.8539902099890359,0.75331290747595,0.6916666666666667,0.7002186371976511,0.3974880889933121,0.6941666666666667,1666.0,0.5752984845220721,0.5752984845220721
strong_signal,1024,RANDOM_MATCHED,0.9954415122873744,0.0046974481818475855,0.033006570757335395,0.2916666666666667,0.2313923716666503,0.6965307313701876,0.6941666666666667,1651.964218468974,0.5752984845220721,0.5752984845220721
strong_signal,1024,ORDINARY_SOFT,0.4550540489569717,0.5450094751410128,0.3129167693204201,0.715,0.5480917236388216,0.3967772263252267,1.0,2400.0,,
strong_signal,1024,ORACLE_CLASS,0.22809022334629234,0.7719416173234707,0.706816891366285,0.8216666666666667,0.8058005043993691,0.25473674259212054,1.0,2400.0,0.0,0.0
strong_signal,1025,ZERO,0.999391149218875,0.0,0.0,0.27416666666666667,0.1434488772618269,1.4516666666666667,1.0,2400.0,,
strong_signal,1025,DIRECT,0.10308322645987175,0.89685397300102,0.7366445340853176,0.7075,0.546437086982317,,1.0,2400.0,,
strong_signal,1025,RDFL_SOFT,0.14470624440801116,0.8552055974068675,0.730084506276438,0.7066666666666667,0.7126398528497822,0.36885269184638575,0.7008333333333333,1668.1824606633802,0.5685223477208005,0.5685223477208005
strong_signal,1025,HARD_RDFL,0.14665023328057245,0.8532604242140883,0.7275086612828581,0.7116666666666667,0.7169919756026567,0.37270237135050566,0.7008333333333333,1682.0,0.5685223477208005,0.5685223477208005
strong_signal,1025,RANDOM_MATCHED,0.9973659425050387,0.0020264405137259134,0.009810193753567583,0.28583333333333333,0.17148709206740934,0.6941414001099517,0.7008333333333333,1668.1824606633802,0.5685223477208005,0.5685223477208005
strong_signal,1025,ORDINARY_SOFT,0.46337577902434496,0.5363419223929291,0.3020062963412777,0.7066666666666667,0.5463772614844514,0.39681464149637397,1.0,2400.0,,
strong_signal,1025,ORACLE_CLASS,0.23102478313504585,0.7688344715523896,0.7101974430410243,0.8416666666666667,0.8289672467213277,0.22777827360465105,1.0,2400.0,0.0,0.0
strong_signal,1026,ZERO,0.9996921545633751,0.0,0.0,0.27,0.14173228346456693,1.46,1.0,2400.0,,
strong_signal,1026,DIRECT,0.1099837121719496,0.8899824194179197,0.761018766884266,0.7133333333333334,0.5498232533269962,,1.0,2400.0,,
strong_signal,1026,RDFL_SOFT,0.15940290716895672,0.8405480062624104,0.7671308084698071,0.7391666666666666,0.7458520973055371,0.34801193712515877,0.6920833333333334,1645.8247461687124,0.5216930491825099,0.5216930491825099
strong_signal,1026,HARD_RDFL,0.1619815392190223,0.8379685801477863,0.7643856266991342,0.7441666666666666,0.7504700521195874,0.3480191919620337,0.6920833333333334,1661.0,0.5216930491825099,0.5216930491825099
strong_signal,1026,RANDOM_MATCHED,0.999066150568828,0.0006261967663641066,0.006936787935073863,0.2783333333333333,0.22080357585676735,0.711514894575047,0.6920833333333334,1645.8247461687124,0.5216930491825099,0.5216930491825099
strong_signal,1026,ORDINARY_SOFT,0.4713596337019813,0.5284952157018257,0.2988480359243292,0.7116666666666667,0.5487062517954966,0.39456757370719353,1.0,2400.0,,
strong_signal,1026,ORACLE_CLASS,0.23128675279665278,0.7686420247064263,0.7073281077401196,0.8425,0.8337039251590993,0.22942943931599696,1.0,2400.0,0.0,0.0
strong_signal,1027,ZERO,0.9992915197596539,0.0,0.0,0.27666666666666667,0.144473455178416,1.4466666666666668,1.0,2400.0,,
strong_signal,1027,DIRECT,0.13249653183046847,0.8674095304417914,0.7465116225019297,0.7033333333333334,0.5439419397212745,,1.0,2400.0,,
strong_signal,1027,RDFL_SOFT,0.1777759189967102,0.8220980409806057,0.7460728983026281,0.6808333333333333,0.6895807205034344,0.38859144329336104,0.7029166666666666,1671.4628148823329,0.5225620869761566,0.5225620869761566
strong_signal,1027,HARD_RDFL,0.18192443239932166,0.8179465863544229,0.7440687561809048,0.6816666666666666,0.6902499477155649,0.39164598070823015,0.7029166666666666,1687.0,0.5225620869761566,0.5225620869761566
strong_signal,1027,RANDOM_MATCHED,0.9981035899238309,0.0011887720573359184,0.033260738682957855,0.30666666666666664,0.22569934345429576,0.6897815419338174,0.7029166666666666,1671.4628148823329,0.5225620869761566,0.5225620869761566
strong_signal,1027,ORDINARY_SOFT,0.46585733021744413,0.5338123850690832,0.3108431668118761,0.7008333333333333,0.5420388019740655,0.4078139221409317,1.0,2400.0,,
strong_signal,1027,ORACLE_CLASS,0.2614299852994156,0.7383846654054527,0.7079473122166781,0.8141666666666667,0.803630902039347,0.2712563304464086,1.0,2400.0,0.0,0.0
strong_signal,1028,ZERO,0.9992446606587536,0.0,0.0,0.2866666666666667,0.1485319516407599,1.4266666666666667,1.0,2400.0,,
strong_signal,1028,DIRECT,0.11845594300994473,0.8814545149214483,0.7388668072398533,0.6941666666666667,0.5401380824614453,,1.0,2400.0,,
strong_signal,1028,RDFL_SOFT,0.16182305853928372,0.8380546177423639,0.7330218987975352,0.7083333333333334,0.7162318992783746,0.37125253782371315,0.7220833333333333,1717.4501448600565,0.5374407725032234,0.5374407725032234
strong_signal,1028,HARD_RDFL,0.16275806538764953,0.8371189041126814,0.7266690085604601,0.7083333333333334,0.7162823891084761,0.37581179493016803,0.7220833333333333,1733.0,0.5374407725032234,0.5374407725032234
strong_signal,1028,RANDOM_MATCHED,0.9997221228892822,-0.00047782314915134627,0.010700058303966057,0.2833333333333333,0.20070724587597735,0.718075724085886,0.7220833333333333,1717.4501448600565,0.5374407725032234,0.5374407725032234
strong_signal,1028,ORDINARY_SOFT,0.4585781644306356,0.5410751916069112,0.3116570178926355,0.6941666666666667,0.5402086402779513,0.40250121943927447,1.0,2400.0,,
strong_signal,1028,ORACLE_CLASS,0.23756177063628678,0.7622586539720174,0.710037964795796,0.8366666666666667,0.827597591973488,0.240610630148429,1.0,2400.0,0.0,0.0
strong_signal,1029,ZERO,0.9992978646924677,0.0,0.0,0.2708333333333333,0.14207650273224043,1.4583333333333333,1.0,2400.0,,
strong_signal,1029,DIRECT,0.09696842259047028,0.9029634446178746,0.7796993116904515,0.7183333333333334,0.5539130504813218,,1.0,2400.0,,
strong_signal,1029,RDFL_SOFT,0.1399469006719374,0.8599547686264637,0.7758693805348551,0.7391666666666666,0.7455091811895413,0.3428654323371159,0.7045833333333333,1675.1679235004242,0.5414347310773538,0.5414347310773538
strong_signal,1029,HARD_RDFL,0.1417968630087085,0.8581035064531572,0.7708080637023088,0.735,0.7416547934450172,0.34727061141634996,0.7045833333333333,1691.0,0.5414347310773538,0.5414347310773538
strong_signal,1029,RANDOM_MATCHED,0.9991309889493811,0.0001669929947643034,0.017635209128437097,0.2783333333333333,0.20421231009960106,0.7188420818976597,0.7045833333333333,1675.1679235004242,0.5414347310773538,0.5414347310773538
strong_signal,1029,ORDINARY_SOFT,0.44017082015677716,0.5595199032150049,0.3204813613806033,0.7183333333333334,0.5538687849367461,0.3849353503105944,1.0,2400.0,,
strong_signal,1029,ORACLE_CLASS,0.2224626677825295,0.7773810235739951,0.7268631410944025,0.8516666666666667,0.8399616681617329,0.2276067411779519,1.0,2400.0,0.0,0.0
strong_signal,1030,ZERO,0.9992940826017631,0.0,0.0,0.2733333333333333,0.1431064572425829,1.4533333333333334,1.0,2400.0,,
strong_signal,1030,DIRECT,0.09643267082333562,0.9034992075883573,0.7874233390624236,0.7116666666666667,0.5495527728085867,,1.0,2400.0,,
strong_signal,1030,RDFL_SOFT,0.14564181301216397,0.8542553032707141,0.7788840401727319,0.7275,0.7342234276730024,0.3478939349566065,0.71125,1691.077799463061,0.5497924324553085,0.5497924324553085
strong_signal,1030,HARD_RDFL,0.14732648570437296,0.8525694404986432,0.7721297535259207,0.7258333333333333,0.7327403266507154,0.3545679664703848,0.71125,1707.0,0.5497924324553085,0.5497924324553085
strong_signal,1030,RANDOM_MATCHED,0.9950373376406068,0.004259751994201255,0.00467706121789905,0.285,0.18940095201005655,0.7093038519834531,0.71125,1691.077799463061,0.5497924324553085,0.5497924324553085
strong_signal,1030,ORDINARY_SOFT,0.44259164912951765,0.5570956970172529,0.31990057075308775,0.7116666666666667,0.5495798449829096,0.3895136166044495,1.0,2400.0,,
strong_signal,1030,ORACLE_CLASS,0.23081771608924834,0.7690192305669508,0.7286484638115606,0.8308333333333333,0.8161240522424906,0.2431576371657748,1.0,2400.0,0.0,0.0
high_noise,1001,ZERO,0.9993721117105563,0.0,0.0,0.2708333333333333,0.14207650273224043,1.4583333333333333,1.0,2400.0,,
high_noise,1001,DIRECT,0.16214420185244074,0.8377539257375216,0.7631717735093154,0.6966666666666667,0.537605140447558,,1.0,2400.0,,
high_noise,1001,RDFL_SOFT,0.2375923203461078,0.7622584044901579,0.9315136652254226,0.6658333333333334,0.6746631629103362,0.4670470270523403,0.7016666666666667,1668.9559818602468,0.7018131967033464,0.7018131967033464
high_noise,1001,HARD_RDFL,0.2370740503774534,0.7627770000789094,0.9140388026889389,0.6575,0.6667995610499425,0.4734180210923574,0.7016666666666667,1684.0,0.7018131967033464,0.7018131967033464
high_noise,1001,RANDOM_MATCHED,0.9999790511995044,-0.00060732081857795,0.06821967074392851,0.2866666666666667,0.19499602567223648,0.705568129610511,0.7016666666666667,1668.9559818602468,0.7018131967033464,0.7018131967033464
high_noise,1001,ORDINARY_SOFT,0.47742498992902466,0.5222750521706582,0.2928242558872191,0.6966666666666667,0.5373088196307831,0.5145446880374689,1.0,2400.0,,
high_noise,1001,ORACLE_CLASS,0.23018377436712711,0.7696716051310083,0.7055246163116102,0.8333333333333334,0.82448082247081,0.2477107143654204,1.0,2400.0,0.0,0.0
high_noise,1002,ZERO,1.0002291114874842,0.0,0.0,0.2966666666666667,0.1525278491859469,1.4066666666666667,1.0,2400.0,,
high_noise,1002,DIRECT,0.12691034029814113,0.8731187296584407,0.7173817815876731,0.6858333333333333,0.5371155597952497,,1.0,2400.0,,
high_noise,1002,RDFL_SOFT,0.16522694695473802,0.8348108997657329,0.862825726353834,0.7008333333333333,0.7089998445751643,0.45878135717953644,0.7083333333333334,1683.9012699371544,0.7021923158162875,0.7021923158162875
high_noise,1002,HARD_RDFL,0.15734420676451585,0.8426918343433112,0.8467541589305004,0.6808333333333333,0.6888962208026497,0.4630196467448778,0.7083333333333334,1700.0,0.7021923158162875,0.7021923158162875
high_noise,1002,RANDOM_MATCHED,0.997439678403341,0.0027887941393696103,0.012039737387413537,0.2975,0.19410412568058377,0.6956337023177563,0.7083333333333334,1683.9012699371544,0.7021923158162875,0.7021923158162875
high_noise,1002,ORDINARY_SOFT,0.4692021840006866,0.5309052909858666,0.28456275305822776,0.6825,0.5337960832438513,0.5231135075591253,1.0,2400.0,,
high_noise,1002,ORACLE_CLASS,0.23887666267028132,0.7611780541809692,0.7046482236253511,0.8233333333333334,0.8157795092631889,0.24337841039191663,1.0,2400.0,0.0,0.0
high_noise,1003,ZERO,1.0001699057982352,0.0,0.0,0.27416666666666667,0.1434488772618269,1.4516666666666667,1.0,2400.0,,
high_noise,1003,DIRECT,0.140561787015029,0.8594620911905495,0.7641778264223233,0.6966666666666667,0.5383761259575318,,1.0,2400.0,,
high_noise,1003,RDFL_SOFT,0.19613793442239455,0.8038953848887735,0.9026156439152919,0.6941666666666667,0.70196088364894,0.45878546247432844,0.6908333333333333,1642.7641902462028,0.7308884300908396,0.7308884300908396
high_noise,1003,HARD_RDFL,0.1991557645357823,0.8008780674351162,0.880638490981006,0.6808333333333333,0.6889959613461064,0.46728751695527554,0.6908333333333333,1658.0,0.7308884300908396,0.7308884300908396
high_noise,1003,RANDOM_MATCHED,0.9961660118059551,0.0040032138230399195,0.022771756424975885,0.275,0.1757572625576923,0.7067140163337384,0.6908333333333333,1642.7641902462028,0.7308884300908396,0.7308884300908396
high_noise,1003,ORDINARY_SOFT,0.46945900406780616,0.5306207461889876,0.29273037701217536,0.6983333333333334,0.5393684380753346,0.5122612940148269,1.0,2400.0,,
high_noise,1003,ORACLE_CLASS,0.2389047522154427,0.7611358321916586,0.7272356670429251,0.8216666666666667,0.8056703371407844,0.25770980094978624,1.0,2400.0,0.0,0.0
high_noise,1004,ZERO,1.0000192233206882,0.0,0.0,0.2575,0.1365142478462558,1.485,1.0,2400.0,,
high_noise,1004,DIRECT,0.14725917006767222,0.8527436606881618,0.8190471727402446,0.7141666666666666,0.546415609922719,,1.0,2400.0,,
high_noise,1004,RDFL_SOFT,0.2079860912441065,0.7920179068623673,0.9517729031320145,0.6891666666666667,0.6967093031962874,0.4597435434561908,0.6920833333333334,1645.3570181386228,0.7016287148643452,0.7016287148643452
high_noise,1004,HARD_RDFL,0.2014063663102106,0.7985975053145321,0.9272428930874984,0.6608333333333334,0.6698164698954302,0.46840299429542587,0.6920833333333334,1661.0,0.7016287148643452,0.7016287148643452
high_noise,1004,RANDOM_MATCHED,1.0067006075752625,-0.006681255818651088,0.073792374197828,0.2575,0.16750789227949026,0.727567530970658,0.6920833333333334,1645.3570181386228,0.7016287148643452,0.7016287148643452
high_noise,1004,ORDINARY_SOFT,0.4328358303528148,0.567172490029212,0.32821476074530503,0.7116666666666667,0.5445577733015932,0.4957538933309201,1.0,2400.0,,
high_noise,1004,ORACLE_CLASS,0.2371464475842107,0.7628581110703688,0.7326751099850504,0.8316666666666667,0.8177314547110911,0.24422954606614533,1.0,2400.0,0.0,0.0
high_noise,1005,ZERO,0.9991870690678021,0.0,0.0,0.2975,0.15285806037251123,1.405,1.0,2400.0,,
high_noise,1005,DIRECT,0.13089249182161752,0.8690010150514312,0.7252779347768026,0.6758333333333333,0.5292662076790972,,1.0,2400.0,,
high_noise,1005,RDFL_SOFT,0.15366293537145048,0.8462120456434536,0.8288234528667262,0.6616666666666666,0.670002548178676,0.47793107579883504,0.7041666666666667,1675.6042379487153,0.7222744547932508,0.7222744547932508
high_noise,1005,HARD_RDFL,0.1571064200243975,0.8427657593978164,0.8176819429662504,0.6525,0.6607238112070943,0.4830578974710877,0.7041666666666667,1690.0,0.7222744547932508,0.7222744547932508
high_noise,1005,RANDOM_MATCHED,0.9982136453444385,0.0009742156934354762,0.013330219049777473,0.305,0.21297244907019097,0.6944087106179639,0.7041666666666667,1675.6042379487153,0.7222744547932508,0.7222744547932508
high_noise,1005,ORDINARY_SOFT,0.4642181832275918,0.5354041324206816,0.2875080963980788,0.6733333333333333,0.5272879514221797,0.5262840754030391,1.0,2400.0,,
high_noise,1005,ORACLE_CLASS,0.23959329182277808,0.7602117769134982,0.698272289293925,0.8266666666666667,0.8213516226234021,0.24868334287705265,1.0,2400.0,0.0,0.0
high_noise,1006,ZERO,0.9998583812906755,0.0,0.0,0.2758333333333333,0.14413237535379927,1.4483333333333333,1.0,2400.0,,
high_noise,1006,DIRECT,0.13226349205195512,0.8677177743099761,0.7852530929762774,0.7041666666666667,0.5446101610441392,,1.0,2400.0,,
high_noise,1006,RDFL_SOFT,0.16797439652096202,0.8320018117924551,0.902203376483832,0.7175,0.724756142805811,0.4505407606292374,0.6991666666666667,1662.8483403335397,0.7086834615480959,0.7086834615480959
high_noise,1006,HARD_RDFL,0.16132993411760094,0.8386472153092852,0.8821330577157596,0.7083333333333334,0.7159320728504164,0.45473566213777855,0.6991666666666667,1678.0,0.7086834615480959,0.7086834615480959
high_noise,1006,RANDOM_MATCHED,1.0021444166967948,-0.002286359197357868,0.06746120072532984,0.2775,0.19921172838409498,0.7104936961011514,0.6991666666666667,1662.8483403335397,0.7086834615480959,0.7086834615480959
high_noise,1006,ORDINARY_SOFT,0.45759529874340993,0.5423398880222225,0.3024433659932606,0.7,0.5415222680848119,0.5067003859663265,1.0,2400.0,,
high_noise,1006,ORACLE_CLASS,0.2314156135124716,0.768551609065129,0.7089640842248699,0.8366666666666667,0.8265939646056489,0.23264166409417214,1.0,2400.0,0.0,0.0
high_noise,1007,ZERO,1.0008796605560095,0.0,0.0,0.2808333333333333,0.14617219692040773,1.4383333333333332,1.0,2400.0,,
high_noise,1007,DIRECT,0.13389409047239306,0.8662235873611298,0.8002830903958437,0.6916666666666667,0.5363681637969419,,1.0,2400.0,,
high_noise,1007,RDFL_SOFT,0.18456975365559003,0.8155924623814839,0.9174184180845434,0.6816666666666666,0.689196757857714,0.461360850214443,0.7045833333333333,1676.1698978964455,0.6851172208575712,0.6851172208575712
high_noise,1007,HARD_RDFL,0.1727624087799272,0.8273894299301136,0.8927227773675169,0.6633333333333333,0.6710393392295074,0.46861568157987693,0.7045833333333333,1691.0,0.6851172208575712,0.6851172208575712
high_noise,1007,RANDOM_MATCHED,0.9908646808200742,0.010006177696099683,0.0795858494533418,0.31916666666666665,0.2362442924490973,0.7027871475713425,0.7045833333333333,1676.1698978964455,0.6851172208575712,0.6851172208575712
high_noise,1007,ORDINARY_SOFT,0.4415209134365754,0.5588671337458277,0.3113573227664709,0.6933333333333334,0.537597041585439,0.5077967183814412,1.0,2400.0,,
high_noise,1007,ORACLE_CLASS,0.23320616554419984,0.7669987964240886,0.7244556546693879,0.8416666666666667,0.8309058774195784,0.2394936587673926,1.0,2400.0,0.0,0.0
high_noise,1008,ZERO,1.0011156753139085,0.0,0.0,0.2575,0.1365142478462558,1.485,1.0,2400.0,,
high_noise,1008,DIRECT,0.14497547123886753,0.8551860940610991,0.8269805941050097,0.7175,0.549113425274416,,1.0,2400.0,,
high_noise,1008,RDFL_SOFT,0.19496440107201782,0.8052528734894846,0.9485524562052468,0.6775,0.6848092725828767,0.46658750357980316,0.6975,1659.6856141886449,0.7175538559841572,0.7175538559841572
high_noise,1008,HARD_RDFL,0.1885136943689592,0.8116963913187664,0.9267921411379765,0.66,0.6687540193748301,0.47285396170013977,0.6975,1674.0,0.7175538559841572,0.7175538559841572
high_noise,1008,RANDOM_MATCHED,0.999631525874806,0.0014824954555199277,0.06728424149152969,0.2625,0.20241257535725476,0.7236930898740739,0.6975,1659.6856141886449,0.7175538559841572,0.7175538559841572
high_noise,1008,ORDINARY_SOFT,0.4189415619259135,0.5815253199441206,0.32841155281016815,0.7141666666666666,0.5462553503946804,0.498264122426086,1.0,2400.0,,
high_noise,1008,ORACLE_CLASS,0.22280221366692607,0.7774460842428979,0.7242316443135957,0.8408333333333333,0.8256279266287532,0.23976579556138924,1.0,2400.0,0.0,0.0
high_noise,1009,ZERO,0.9991669087899437,0.0,0.0,0.2925,0.15087040618955513,1.415,1.0,2400.0,,
high_noise,1009,DIRECT,0.1372295517146269,0.8626560282297371,0.7796876591750425,0.68,0.5311441150617124,,1.0,2400.0,,
high_noise,1009,RDFL_SOFT,0.1966433246270862,0.8031927169553342,0.9501149582967278,0.705,0.7121326647810591,0.44769357512668534,0.6970833333333334,1658.4404562287882,0.7173724221114293,0.7173724221114293
high_noise,1009,HARD_RDFL,0.1925244442529753,0.8073150315935353,0.9318367074680861,0.6808333333333333,0.6882819081485586,0.4576757713165764,0.6970833333333334,1673.0,0.7173724221114293,0.7173724221114293
high_noise,1009,RANDOM_MATCHED,1.0059629763572666,-0.006801734032158224,0.023930809292562596,0.2841666666666667,0.19341289482327725,0.7280772477298031,0.6970833333333334,1658.4404562287882,0.7173724221114293,0.7173724221114293
high_noise,1009,ORDINARY_SOFT,0.4411528729335037,0.558479300052312,0.3093742856201779,0.6808333333333333,0.5319335900864556,0.5170968846894258,1.0,2400.0,,
high_noise,1009,ORACLE_CLASS,0.2424402686819599,0.7573575880574639,0.7131101196999208,0.8375,0.8289399527583464,0.24710022990237068,1.0,2400.0,0.0,0.0
high_noise,1010,ZERO,0.9993190080973264,0.0,0.0,0.29,0.14987080103359174,1.42,1.0,2400.0,,
high_noise,1010,DIRECT,0.16371964389885746,0.8361687883726191,0.702498099274342,0.6825,0.5323637280455448,,1.0,2400.0,,
high_noise,1010,RDFL_SOFT,0.17797441976364908,0.8219042985057323,0.8204437483945756,0.6816666666666666,0.6904293650885572,0.47495454929580605,0.6941666666666667,1651.4758559665536,0.6994596411126915,0.6994596411126915
high_noise,1010,HARD_RDFL,0.17811093403323586,0.8217676912076818,0.8039314490798934,0.6575,0.6665164284720385,0.48136383905461455,0.6941666666666667,1666.0,0.6994596411126915,0.6994596411126915
high_noise,1010,RANDOM_MATCHED,1.000921092228073,-0.001603175880539709,0.05466065732270577,0.2875,0.18525469876963394,0.7046448364302476,0.6941666666666667,1651.4758559665536,0.6994596411126915,0.6994596411126915
high_noise,1010,ORDINARY_SOFT,0.5080903470437492,0.4915634117566341,0.2758275966703627,0.6808333333333333,0.5310362489999861,0.5288528588577558,1.0,2400.0,,
high_noise,1010,ORACLE_CLASS,0.2255815082812641,0.774264767853496,0.7114145872616028,0.8316666666666667,0.8242216010933578,0.23907098612956473,1.0,2400.0,0.0,0.0
high_noise,1011,ZERO,0.9994912521470879,0.0,0.0,0.28,0.14583333333333334,1.44,1.0,2400.0,,
high_noise,1011,DIRECT,0.1374511624650073,0.8624788739573885,0.7787219530633158,0.7016666666666667,0.5440275841582856,,1.0,2400.0,,
high_noise,1011,RDFL_SOFT,0.18375910816023466,0.8161473572024899,0.8864648659754877,0.6616666666666666,0.6709245139729071,0.46749409806141473,0.7133333333333334,1697.07413502429,0.7008491169167517,0.7008491169167517
high_noise,1011,HARD_RDFL,0.18505621188258198,0.8148495932455159,0.8744037054242879,0.6441666666666667,0.6532790985596352,0.47243630175969314,0.7133333333333334,1712.0,0.7008491169167517,0.7008491169167517
high_noise,1011,RANDOM_MATCHED,0.9971471218945919,0.0023453234307557747,0.03994682577825466,0.2841666666666667,0.20063364444041296,0.7083498056924111,0.7133333333333334,1697.07413502429,0.7008491169167517,0.7008491169167517
high_noise,1011,ORDINARY_SOFT,0.4471052087669269,0.5526672116374565,0.3095101984327795,0.7,0.5428520001940796,0.5093639155924423,1.0,2400.0,,
high_noise,1011,ORACLE_CLASS,0.2271667256065762,0.7727176449833042,0.7153120993950228,0.8383333333333334,0.8286595969921932,0.23301517170004904,1.0,2400.0,0.0,0.0
high_noise,1012,ZERO,1.0027494514750752,0.0,0.0,0.2833333333333333,0.14718614718614717,1.4333333333333333,1.0,2400.0,,
high_noise,1012,DIRECT,0.13522838295836942,0.8651424014648481,0.7756985738199343,0.6808333333333333,0.5288269952535561,,1.0,2400.0,,
high_noise,1012,RDFL_SOFT,0.17714585009364966,0.8233398683658588,0.9062825993451653,0.6883333333333334,0.6947360643183682,0.45702230611314953,0.7045833333333333,1675.5194270297552,0.6988294240174348,0.6988294240174348
high_noise,1012,HARD_RDFL,0.17386287774537745,0.8266138390904928,0.8883564591611837,0.675,0.6816838810117684,0.46365549258070965,0.7045833333333333,1691.0,0.6988294240174348,0.6988294240174348
high_noise,1012,RANDOM_MATCHED,0.9929727193767919,0.009749925152191752,0.04056873931703546,0.2791666666666667,0.20627898438856093,0.7001031886437838,0.7045833333333333,1675.5194270297552,0.6988294240174348,0.6988294240174348
high_noise,1012,ORDINARY_SOFT,0.4611216888596729,0.5401426665640667,0.29241642883621777,0.6816666666666666,0.5293872090450037,0.5175401471796083,1.0,2400.0,,
high_noise,1012,ORACLE_CLASS,0.22891630490436696,0.7717113636236609,0.6991435284745879,0.825,0.815892167457112,0.2551518263032646,1.0,2400.0,0.0,0.0
high_noise,1013,ZERO,0.9991979121987835,0.0,0.0,0.255,0.1354581673306773,1.49,1.0,2400.0,,
high_noise,1013,DIRECT,0.16201215459457102,0.8378577931192276,0.7961844608468279,0.7133333333333334,0.5450566827227169,,1.0,2400.0,,
high_noise,1013,RDFL_SOFT,0.21114418173364924,0.7886863261463225,0.9485085103978308,0.6708333333333333,0.6795576744155821,0.45833318784158467,0.7133333333333334,1696.4256909468604,0.6953831294018291,0.6953831294018291
high_noise,1013,HARD_RDFL,0.19952869840044798,0.8003111335957704,0.9262032949358608,0.6408333333333334,0.6503395171613034,0.4673365431723351,0.7133333333333334,1712.0,0.6953831294018291,0.6953831294018291
high_noise,1013,RANDOM_MATCHED,1.0009895611909547,-0.001793087205545385,0.04265631312972801,0.26916666666666667,0.1858813715549282,0.7052570302938737,0.7133333333333334,1696.4256909468604,0.6953831294018291,0.6953831294018291
high_noise,1013,ORDINARY_SOFT,0.444782970617714,0.5548599880088345,0.3139217597620695,0.7141666666666666,0.5457262555561232,0.4961993455758258,1.0,2400.0,,
high_noise,1013,ORACLE_CLASS,0.23060770584297927,0.7692071780499262,0.7162656909324427,0.8341666666666666,0.8198867007291312,0.24073099316407043,1.0,2400.0,0.0,0.0
high_noise,1014,ZERO,0.9994603202690591,0.0,0.0,0.2575,0.1365142478462558,1.485,1.0,2400.0,,
high_noise,1014,DIRECT,0.1274921240223011,0.8724390339098408,0.8074912129719198,0.7175,0.5488443426873036,,1.0,2400.0,,
high_noise,1014,RDFL_SOFT,0.1867299055605469,0.8131692656790233,0.9574098033896496,0.6883333333333334,0.6949633182499347,0.4471702643134953,0.695,1654.1683553588443,0.7353316486366133,0.7353316486366133
high_noise,1014,HARD_RDFL,0.18327593902419909,0.8166250972576276,0.9519165158196453,0.6683333333333333,0.6763306797405239,0.4508566692456777,0.695,1668.0,0.7353316486366133,0.7353316486366133
high_noise,1014,RANDOM_MATCHED,1.0090452957353626,-0.009590151076456221,0.0771431552569882,0.2891666666666667,0.234095947044035,0.6889794975196067,0.695,1654.1683553588443,0.7353316486366133,0.7353316486366133
high_noise,1014,ORDINARY_SOFT,0.4306204821075864,0.5691469952587398,0.3158182660020546,0.7183333333333334,0.549525618783994,0.49311925323028183,1.0,2400.0,,
high_noise,1014,ORACLE_CLASS,0.22768371890792044,0.7721933384542701,0.7307381460941612,0.8425,0.8277330986660786,0.2282897799945573,1.0,2400.0,0.0,0.0
high_noise,1015,ZERO,1.0002467225248597,0.0,0.0,0.2783333333333333,0.14515428074750109,1.4433333333333334,1.0,2400.0,,
high_noise,1015,DIRECT,0.1521611751757236,0.8478763571535304,0.7396358943014986,0.6891666666666667,0.533913049999625,,1.0,2400.0,,
high_noise,1015,RDFL_SOFT,0.21301287971437394,0.7870396623978142,0.8897908669191016,0.6416666666666667,0.650271020138755,0.47594369928455155,0.6879166666666666,1636.7267392799488,0.7046261754563262,0.7046261754563262
high_noise,1015,HARD_RDFL,0.20623201509739109,0.7938188544354211,0.875383333961483,0.6233333333333333,0.6316338379506853,0.4833480751929217,0.6879166666666666,1651.0,0.7046261754563262,0.7046261754563262
high_noise,1015,RANDOM_MATCHED,1.0074439012092877,-0.007195403416329738,0.053810766896842034,0.3025,0.22359028067380793,0.7007746778490997,0.6879166666666666,1636.7267392799488,0.7046261754563262,0.7046261754563262
high_noise,1015,ORDINARY_SOFT,0.4676876582065975,0.5324277024112181,0.30030269465791765,0.6941666666666667,0.5377046638861384,0.5141703057685101,1.0,2400.0,,
high_noise,1015,ORACLE_CLASS,0.2326558744189553,0.7674015128670687,0.6937439555261199,0.83,0.8219130094372096,0.24786003655562028,1.0,2400.0,0.0,0.0
high_noise,1016,ZERO,0.9991677526591748,0.0,0.0,0.2725,0.14276358873608383,1.455,1.0,2400.0,,
high_noise,1016,DIRECT,0.13124597711418323,0.8686447027890096,0.7528447726089664,0.7016666666666667,0.5415681558400941,,1.0,2400.0,,
high_noise,1016,RDFL_SOFT,0.18509610412179917,0.814749721826804,0.9005794745509385,0.67,0.6788624950867518,0.46866367401743836,0.69875,1661.633493210523,0.6855337788931676,0.6855337788931676
high_noise,1016,HARD_RDFL,0.1789054907170435,0.8209454916445149,0.8771847261095718,0.6466666666666666,0.6552922679554563,0.47786742741577615,0.69875,1677.0,0.6855337788931676,0.6855337788931676
high_noise,1016,RANDOM_MATCHED,0.996648278711591,0.0025215725196079397,0.046556136075581254,0.2733333333333333,0.19059714700519667,0.7209371013864878,0.69875,1661.633493210523,0.6855337788931676,0.6855337788931676
high_noise,1016,ORDINARY_SOFT,0.45419436131559526,0.5454273217817458,0.2958578744356936,0.705,0.5442644734840371,0.5124905340656801,1.0,2400.0,,
high_noise,1016,ORACLE_CLASS,0.23486675482097757,0.7649376151342899,0.7128575424240999,0.8375,0.8279549106487808,0.24622727700622643,1.0,2400.0,0.0,0.0
high_noise,1017,ZERO,1.0012234862125715,0.0,0.0,0.2725,0.14276358873608383,1.455,1.0,2400.0,,
high_noise,1017,DIRECT,0.13094299898991762,0.8692170121925038,0.7907980944789305,0.7066666666666667,0.5451285038441002,,1.0,2400.0,,
high_noise,1017,RDFL_SOFT,0.2293223980546071,0.770957831880185,0.985763679399992,0.7108333333333333,0.7145118541766932,0.4406293867951687,0.6941666666666667,1651.173335240591,0.7048594600861483,0.7048594600861483
high_noise,1017,HARD_RDFL,0.21988673492979796,0.7803819647084134,0.9646774039059759,0.6941666666666667,0.6991519906840237,0.4475988669499175,0.6941666666666667,1666.0,0.7048594600861483,0.7048594600861483
high_noise,1017,RANDOM_MATCHED,1.0043562430301207,-0.003128928616526805,0.04924194447751544,0.29,0.20420615758961624,0.6970060949956824,0.6941666666666667,1651.173335240591,0.7048594600861483,0.7048594600861483
high_noise,1017,ORDINARY_SOFT,0.44088007572576515,0.5596586758132029,0.308707812921661,0.7033333333333334,0.5425240221370288,0.5031242640201223,1.0,2400.0,,
high_noise,1017,ORACLE_CLASS,0.2534173180553043,0.7468923556578448,0.7495032309582925,0.845,0.8326238367172888,0.23753546286819874,1.0,2400.0,0.0,0.0
high_noise,1018,ZERO,1.0030117223664687,0.0,0.0,0.26666666666666666,0.14035087719298245,1.4666666666666666,1.0,2400.0,,
high_noise,1018,DIRECT,0.1552600338958176,0.8452061621677732,0.7432265571632153,0.7075,0.543781599632026,,1.0,2400.0,,
high_noise,1018,RDFL_SOFT,0.1938856989091896,0.8066964776326413,0.8888297936819549,0.665,0.674036077563582,0.4690155522647107,0.6954166666666667,1654.357009202431,0.7175319487265015,0.7175319487265015
high_noise,1018,HARD_RDFL,0.18685769251826698,0.8137033811754444,0.8765275795535782,0.66,0.6694474538078947,0.4734648825612807,0.6954166666666667,1669.0,0.7175319487265015,0.7175319487265015
high_noise,1018,RANDOM_MATCHED,1.0048634650542074,-0.0018461824986151232,0.03604761608662147,0.2783333333333333,0.2080572803534326,0.6893798909728165,0.6954166666666667,1654.357009202431,0.7175319487265015,0.7175319487265015
high_noise,1018,ORDINARY_SOFT,0.4864715557154773,0.5149891622724865,0.2831347546750132,0.7066666666666667,0.5432032987040937,0.5137218986396136,1.0,2400.0,,
high_noise,1018,ORACLE_CLASS,0.24245304806329282,0.7582749606442704,0.7128574142915557,0.8266666666666667,0.813414814187228,0.24554393460377938,1.0,2400.0,0.0,0.0
high_noise,1019,ZERO,1.0015245194037234,0.0,0.0,0.2658333333333333,0.14000438885231511,1.4683333333333333,1.0,2400.0,,
high_noise,1019,DIRECT,0.13757619173637153,0.8626332265751415,0.7465433326408774,0.7158333333333333,0.5504290557079651,,1.0,2400.0,,
high_noise,1019,RDFL_SOFT,0.18838192511948332,0.8119048296175114,0.9302737475395044,0.6941666666666667,0.70180736334631,0.4536703090273569,0.6845833333333333,1628.64674758705,0.7272205014423814,0.7272205014423814
high_noise,1019,HARD_RDFL,0.18026099760198144,0.8200133954690363,0.9141170684520936,0.6816666666666666,0.6903266626946881,0.4578747082869165,0.6845833333333333,1643.0,0.7272205014423814,0.7272205014423814
high_noise,1019,RANDOM_MATCHED,1.0013329537891362,0.00019127401364193997,0.010915368442529402,0.28583333333333333,0.2341757357538273,0.7084882926519785,0.6845833333333333,1628.64674758705,0.7272205014423814,0.7272205014423814
high_noise,1019,ORDINARY_SOFT,0.4712761300294767,0.5294412459217075,0.2890937030312271,0.7175,0.5516779755054185,0.5078256058336509,1.0,2400.0,,
high_noise,1019,ORACLE_CLASS,0.2349699000873351,0.7653877708084182,0.7116498647522176,0.8425,0.8308567477363011,0.23136560870641962,1.0,2400.0,0.0,0.0
high_noise,1020,ZERO,1.0017916602014552,0.0,0.0,0.2775,0.14481409001956946,1.445,1.0,2400.0,,
high_noise,1020,DIRECT,0.1298523267222996,0.8703799084370627,0.740918645345162,0.6891666666666667,0.5332954517750886,,1.0,2400.0,,
high_noise,1020,RDFL_SOFT,0.15935209432500494,0.8409328998676631,0.8628474785297499,0.6991666666666667,0.7053897359523855,0.45943463344032637,0.6958333333333333,1654.4900543543142,0.7280535810237385,0.7280535810237385
high_noise,1020,HARD_RDFL,0.15763254963864512,0.8426493692241898,0.8463999820909612,0.6891666666666667,0.6958328049083536,0.4639637372557351,0.6958333333333333,1670.0,0.7280535810237385,0.7280535810237385
high_noise,1020,RANDOM_MATCHED,0.9857413920015832,0.016021563003074224,0.021376884302531547,0.25666666666666665,0.19159748577957705,0.7300640577890081,0.6958333333333333,1654.4900543543142,0.7280535810237385,0.7280535810237385
high_noise,1020,ORDINARY_SOFT,0.46892213376945924,0.5319165127855412,0.2866289781762795,0.69,0.5339109609395876,0.5145641345697909,1.0,2400.0,,
high_noise,1020,ORACLE_CLASS,0.24708541990813984,0.7533564814679609,0.6968621282588658,0.8275,0.8187819111301092,0.2530028232622152,1.0,2400.0,0.0,0.0
high_noise,1021,ZERO,0.9994880820666132,0.0,0.0,0.2725,0.14276358873608383,1.455,1.0,2400.0,,
high_noise,1021,DIRECT,0.13283377364833338,0.8670981915325326,0.7844116585722518,0.6983333333333334,0.5387970957272725,,1.0,2400.0,,
high_noise,1021,RDFL_SOFT,0.1761480569385302,0.8237617235271942,0.8945007372366759,0.6733333333333333,0.6821595722271567,0.46226062848497007,0.715,1700.4992813871588,0.7112364197520018,0.7112364197520018
high_noise,1021,HARD_RDFL,0.16764345811806677,0.8322706782341664,0.8784386486921693,0.6583333333333333,0.667884737191668,0.4670580367609136,0.715,1716.0,0.7112364197520018,0.7112364197520018
high_noise,1021,RANDOM_MATCHED,0.9979568706654535,0.0015319956572105164,0.010851235732780922,0.2825,0.18951131718926703,0.7117659697784893,0.715,1700.4992813871588,0.7112364197520018,0.7112364197520018
high_noise,1021,ORDINARY_SOFT,0.43988186221827713,0.5598928390334121,0.30931636462485235,0.6991666666666667,0.5398100735325688,0.5034418631201165,1.0,2400.0,,
high_noise,1021,ORACLE_CLASS,0.24456821227142228,0.7553065247504147,0.7171333175142294,0.845,0.8322516786821087,0.2391135735888307,1.0,2400.0,0.0,0.0
high_noise,1022,ZERO,0.9991723772387453,0.0,0.0,0.26416666666666666,0.13931004174906614,1.4716666666666667,1.0,2400.0,,
high_noise,1022,DIRECT,0.13116266727184828,0.868728689603768,0.8362475828555959,0.7175,0.551086451441595,,1.0,2400.0,,
high_noise,1022,RDFL_SOFT,0.17859039941434987,0.8212616726776496,0.9266576620457077,0.6508333333333334,0.6601984984384016,0.47009110852382585,0.7008333333333333,1667.460605915501,0.701958493164178,0.701958493164178
high_noise,1022,HARD_RDFL,0.17306617151196574,0.8267904763437903,0.8989136088523647,0.6233333333333333,0.633539033870088,0.48020693037624806,0.7008333333333333,1682.0,0.701958493164178,0.701958493164178
high_noise,1022,RANDOM_MATCHED,0.9922544255498057,0.006923681885659838,0.007268685747590873,0.2625,0.14198531135584389,0.7276459104337569,0.7008333333333333,1667.460605915501,0.701958493164178,0.701958493164178
high_noise,1022,ORDINARY_SOFT,0.40037144092241517,0.5992969280947713,0.3377185848565924,0.7125,0.5476583218039631,0.4906929480693172,1.0,2400.0,,
high_noise,1022,ORACLE_CLASS,0.22236319176725028,0.7774526229580523,0.7306527288835034,0.8408333333333333,0.8268345794309951,0.2343195574258642,1.0,2400.0,0.0,0.0
high_noise,1023,ZERO,0.9995015866699106,0.0,0.0,0.275,0.14379084967320263,1.45,1.0,2400.0,,
high_noise,1023,DIRECT,0.1278627952392367,0.8720734444602098,0.790230043632108,0.6966666666666667,0.538439588664148,,1.0,2400.0,,
high_noise,1023,RDFL_SOFT,0.19472620396536985,0.8051766935016593,0.9469056409850753,0.6975,0.7051590476135664,0.45112440645209384,0.70125,1668.1511753825541,0.6975996059323284,0.6975996059323284
high_noise,1023,HARD_RDFL,0.18863468508054893,0.8112712499946773,0.9322559887617092,0.67,0.6788641682387714,0.4566752336953643,0.70125,1683.0,0.6975996059323284,0.6975996059323284
high_noise,1023,RANDOM_MATCHED,1.022744741185643,-0.02325474499062352,0.1345123636954322,0.27166666666666667,0.18146664494145967,0.7155061307446158,0.70125,1668.1511753825541,0.6975996059323284,0.6975996059323284
high_noise,1023,ORDINARY_SOFT,0.43408799193623376,0.5656955449340442,0.32060949909544045,0.6966666666666667,0.5384731235795065,0.5044682954736583,1.0,2400.0,,
high_noise,1023,ORACLE_CLASS,0.24058947725663898,0.7592905499447751,0.7181777525895366,0.8241666666666667,0.813662483147783,0.25196771769490006,1.0,2400.0,0.0,0.0
high_noise,1024,ZERO,1.0001396163096017,0.0,0.0,0.2608333333333333,0.13791584049350078,1.4783333333333333,1.0,2400.0,,
high_noise,1024,DIRECT,0.12261650242735157,0.8774006144464188,0.7834426965055619,0.7141666666666666,0.5477759912774582,,1.0,2400.0,,
high_noise,1024,RDFL_SOFT,0.2045487470408893,0.7954798073136526,0.9797681835467468,0.6983333333333334,0.7055704885286409,0.45513649000045747,0.69375,1650.762457294758,0.7096826087215822,0.7096826087215822
high_noise,1024,HARD_RDFL,0.19067444589141122,0.8093521716548159,0.9506549614472897,0.6666666666666666,0.6757507799890088,0.4647993105398205,0.69375,1665.0,0.7096826087215822,0.7096826087215822
high_noise,1024,RANDOM_MATCHED,1.0059480923923558,-0.005807665237966164,0.11821520011544848,0.2725,0.1877726908686661,0.7009640199815926,0.69375,1650.762457294758,0.7096826087215822,0.7096826087215822
high_noise,1024,ORDINARY_SOFT,0.4424033574222342,0.5576584006794463,0.3142067038411132,0.715,0.5480514180779433,0.5030977119420019,1.0,2400.0,,
high_noise,1024,ORACLE_CLASS,0.22809022334629234,0.7719416173234707,0.706816891366285,0.8216666666666667,0.8058005043993691,0.25473674259212054,1.0,2400.0,0.0,0.0
high_noise,1025,ZERO,0.999391149218875,0.0,0.0,0.27416666666666667,0.1434488772618269,1.4516666666666667,1.0,2400.0,,
high_noise,1025,DIRECT,0.12538700957157056,0.8745366019405183,0.6869041349812653,0.7016666666666667,0.5419175325309357,,1.0,2400.0,,
high_noise,1025,RDFL_SOFT,0.15933391761713162,0.8405690127017162,0.8076186872988378,0.6358333333333334,0.6452915968507915,0.48725288790070065,0.6941666666666667,1651.8530220030434,0.7228747443088501,0.7228747443088501
high_noise,1025,HARD_RDFL,0.15957982789765449,0.8403229526073127,0.7925639163254745,0.6216666666666667,0.6313508177695314,0.4935264684857853,0.6941666666666667,1666.0,0.7228747443088501,0.7228747443088501
high_noise,1025,RANDOM_MATCHED,1.0029972621500456,-0.0036083098534434033,0.05601885323190827,0.2825,0.2059318978999202,0.7017663177851888,0.6941666666666667,1651.8530220030434,0.7228747443088501,0.7228747443088501
high_noise,1025,ORDINARY_SOFT,0.48122921466292934,0.5184776100538228,0.2746961428565882,0.7033333333333334,0.5433536829133785,0.5181086492077033,1.0,2400.0,,
high_noise,1025,ORACLE_CLASS,0.23102478313504585,0.7688344715523896,0.7101974430410243,0.8416666666666667,0.8289672467213277,0.22777827360465105,1.0,2400.0,0.0,0.0
high_noise,1026,ZERO,0.9996921545633751,0.0,0.0,0.27,0.14173228346456693,1.46,1.0,2400.0,,
high_noise,1026,DIRECT,0.1460062445852803,0.853948794217506,0.7871468588728527,0.7058333333333333,0.5439982031131807,,1.0,2400.0,,
high_noise,1026,RDFL_SOFT,0.18109223996839907,0.818851994444737,0.8813476779533013,0.6791666666666667,0.6831409382178147,0.4664785566765264,0.7008333333333333,1667.3526041126095,0.6949118449909323,0.6949118449909323
high_noise,1026,HARD_RDFL,0.1758990249762249,0.8240468086367543,0.8663945472410285,0.6566666666666666,0.6606074223727929,0.47374116757117596,0.7008333333333333,1682.0,0.6949118449909323,0.6949118449909323
high_noise,1026,RANDOM_MATCHED,0.9973069376215523,0.002385951446087442,0.03150988374100138,0.28,0.2111065557319789,0.709570571311026,0.7008333333333333,1667.3526041126095,0.6949118449909323,0.6949118449909323
high_noise,1026,ORDINARY_SOFT,0.4620968796726248,0.5377608221058312,0.2983053067611651,0.7025,0.5421010290773645,0.5070443569860268,1.0,2400.0,,
high_noise,1026,ORACLE_CLASS,0.23128675279665278,0.7686420247064263,0.7073281077401196,0.8425,0.8337039251590993,0.22942943931599696,1.0,2400.0,0.0,0.0
high_noise,1027,ZERO,0.9992915197596539,0.0,0.0,0.27666666666666667,0.144473455178416,1.4466666666666668,1.0,2400.0,,
high_noise,1027,DIRECT,0.1693660110460962,0.8305139114091236,0.762706053987148,0.6966666666666667,0.5388620954777381,,1.0,2400.0,,
high_noise,1027,RDFL_SOFT,0.23192116695203718,0.7679144049898292,0.9147624131765645,0.6416666666666667,0.6502710852605689,0.4696404841018661,0.705,1677.6463740011857,0.6841376693721968,0.6841376693721968
high_noise,1027,HARD_RDFL,0.22060744281757433,0.779236150357171,0.8921754823717761,0.6383333333333333,0.6473679004993041,0.47584335685960205,0.705,1692.0,0.6841376693721968,0.6841376693721968
high_noise,1027,RANDOM_MATCHED,1.0025100910309515,-0.0032208531821340536,0.04615803597813037,0.2866666666666667,0.1926563852590056,0.6993528431411233,0.705,1677.6463740011857,0.6841376693721968,0.6841376693721968
high_noise,1027,ORDINARY_SOFT,0.4609884096143162,0.5386847576519097,0.3004680306438367,0.6983333333333334,0.5401066164941989,0.5169021480437287,1.0,2400.0,,
high_noise,1027,ORACLE_CLASS,0.2614299852994156,0.7383846654054527,0.7079473122166781,0.8141666666666667,0.803630902039347,0.2712563304464086,1.0,2400.0,0.0,0.0
high_noise,1028,ZERO,0.9992446606587536,0.0,0.0,0.2866666666666667,0.1485319516407599,1.4266666666666667,1.0,2400.0,,
high_noise,1028,DIRECT,0.15042138880135114,0.849464906120003,0.716944799810937,0.6916666666666667,0.5382161455252193,,1.0,2400.0,,
high_noise,1028,RDFL_SOFT,0.19025340140683802,0.809602784085518,0.8565692043224756,0.6583333333333333,0.6677647550024276,0.47582642596055563,0.7020833333333333,1670.137366511574,0.7044655959175541,0.7044655959175541
high_noise,1028,HARD_RDFL,0.19135632628375981,0.8084990254963105,0.8385085218498659,0.6408333333333334,0.6504375441164423,0.4833216005581703,0.7020833333333333,1685.0,0.7044655959175541,0.7044655959175541
high_noise,1028,RANDOM_MATCHED,0.9943872362024164,0.004861096233564011,0.011530270415401772,0.3283333333333333,0.2539224676354097,0.689023091195107,0.7020833333333333,1670.137366511574,0.7044655959175541,0.7044655959175541
high_noise,1028,ORDINARY_SOFT,0.48299511561759184,0.5166397833948129,0.2819755233604768,0.69,0.5369015476078939,0.5245925804354085,1.0,2400.0,,
high_noise,1028,ORACLE_CLASS,0.23756177063628678,0.7622586539720174,0.710037964795796,0.8366666666666667,0.827597591973488,0.240610630148429,1.0,2400.0,0.0,0.0
high_noise,1029,ZERO,0.9992978646924677,0.0,0.0,0.2708333333333333,0.14207650273224043,1.4583333333333333,1.0,2400.0,,
high_noise,1029,DIRECT,0.11840675536552235,0.8815100486560513,0.7786814180316403,0.7133333333333334,0.5501533786994751,,1.0,2400.0,,
high_noise,1029,RDFL_SOFT,0.17524226145190927,0.8246346083148693,0.9323618194556703,0.7033333333333334,0.7090814441547929,0.4491318960392027,0.6866666666666666,1633.7648399542961,0.7098371134221702,0.7098371134221702
high_noise,1029,HARD_RDFL,0.17136129662799926,0.8285183000158463,0.9174026306940481,0.695,0.701157097668137,0.45408642115444736,0.6866666666666666,1648.0,0.7098371134221702,0.7098371134221702
high_noise,1029,RANDOM_MATCHED,1.0004666728143958,-0.0011696293599985363,0.0432700912986779,0.27416666666666667,0.21397879367999026,0.6989934195827243,0.6866666666666666,1633.7648399542961,0.7098371134221702,0.7098371134221702
high_noise,1029,ORDINARY_SOFT,0.44211296980178666,0.5575763889600163,0.3046564319336768,0.71,0.547616170067711,0.5038335821186704,1.0,2400.0,,
high_noise,1029,ORACLE_CLASS,0.2224626677825295,0.7773810235739951,0.7268631410944025,0.8516666666666667,0.8399616681617329,0.2276067411779519,1.0,2400.0,0.0,0.0
high_noise,1030,ZERO,0.9992940826017631,0.0,0.0,0.2733333333333333,0.1431064572425829,1.4533333333333334,1.0,2400.0,,
high_noise,1030,DIRECT,0.11008060025499589,0.8898416370400294,0.7532743202865229,0.7075,0.5463731451068092,,1.0,2400.0,,
high_noise,1030,RDFL_SOFT,0.15410106984027253,0.845790070687645,0.8906620044555511,0.7175,0.7246625468569716,0.4529001131334536,0.6970833333333334,1657.967270608187,0.7041338916640792,0.7041338916640792
high_noise,1030,HARD_RDFL,0.1510810358045711,0.84881223812392,0.8768634412148848,0.7058333333333333,0.7135705374215887,0.45819731601322483,0.6970833333333334,1673.0,0.7041338916640792,0.7041338916640792
high_noise,1030,RANDOM_MATCHED,0.9937886829017922,0.00550928880278867,0.0058746590109722855,0.2791666666666667,0.19025153212870752,0.7162446156643144,0.6970833333333334,1657.967270608187,0.7041338916640792,0.7041338916640792
high_noise,1030,ORDINARY_SOFT,0.45698579090945524,0.5426913869842533,0.28904275900333715,0.7066666666666667,0.5457012090582465,0.5115089697956153,1.0,2400.0,,
high_noise,1030,ORACLE_CLASS,0.23081771608924834,0.7690192305669508,0.7286484638115606,0.8308333333333333,0.8161240522424906,0.2431576371657748,1.0,2400.0,0.0,0.0
cancellation,1001,ZERO,0.05333905137613598,0.0,0.0,0.265,0.1396574440052701,1.47,1.0,2400.0,,
cancellation,1001,DIRECT,0.01258162708843212,0.7641197815891196,0.19581454483591704,0.6925,0.5323704590464368,,1.0,2400.0,,
cancellation,1001,RDFL_SOFT,0.018517530447429906,0.6528335249750112,0.23464386442265264,0.5966666666666667,0.6065835299706267,0.5300281554335782,0.6979166666666666,1659.7306683073084,0.6963704460931502,0.980618195160903
cancellation,1001,HARD_RDFL,0.017967686617764152,0.6631419915764956,0.2312709244409074,0.575,0.5855358783233723,0.535639259845304,0.6979166666666666,1675.0,0.6963704460931502,0.980618195160903
cancellation,1001,RANDOM_MATCHED,0.053146781161095294,0.0036046800623588116,0.006750798192739982,0.25916666666666666,0.16389247179117802,0.7132824024749798,0.6979166666666666,1659.7306683073084,0.6963704460931502,0.980618195160903
cancellation,1001,ORDINARY_SOFT,0.02412992914140266,0.547612330574772,0.0751008489574442,0.6941666666666667,0.533610413280134,0.5542956356029791,1.0,2400.0,,
cancellation,1001,ORACLE_CLASS,0.012143346868833707,0.7723366547484819,0.1735059772860618,0.8275,0.8115077849165045,0.251518946759643,1.0,2400.0,0.0,0.0
cancellation,1002,ZERO,0.05916042048838151,0.0,0.0,0.27166666666666667,0.14242027086063783,1.4566666666666668,1.0,2400.0,,
cancellation,1002,DIRECT,0.008059637590858234,0.8637663910377198,0.1853608348752828,0.7075,0.5458439401535071,,1.0,2400.0,,
cancellation,1002,RDFL_SOFT,0.010659323070896237,0.8198234058699834,0.21963259908609098,0.5883333333333334,0.5962856531006319,0.5292679613420592,0.695,1654.0608705678485,0.6893392014338622,0.9873522429710183
cancellation,1002,HARD_RDFL,0.010006499963737375,0.8308582007847198,0.2158738634099888,0.5583333333333333,0.5635265575768384,0.5366534577239069,0.695,1668.0,0.6893392014338622,0.9873522429710183
cancellation,1002,RANDOM_MATCHED,0.058896790672121425,0.004456185640395405,0.0016078060056698902,0.2575,0.17173381476369634,0.7345290544637895,0.695,1654.0608705678485,0.6893392014338622,0.9873522429710183
cancellation,1002,ORDINARY_SOFT,0.026541334776607913,0.5513666982502202,0.07223343129836826,0.71,0.5478227658487468,0.55235667935108,1.0,2400.0,,
cancellation,1002,ORACLE_CLASS,0.013368703998250424,0.7740262173951942,0.1720011860283548,0.8358333333333333,0.8271920898728583,0.23106153125111153,1.0,2400.0,0.0,0.0
cancellation,1003,ZERO,0.054084352295756505,0.0,0.0,0.3025,0.1548304542546385,1.395,1.0,2400.0,,
cancellation,1003,DIRECT,0.010785952963726178,0.800571653243734,0.19143358465538549,0.6616666666666666,0.5194252886915018,,1.0,2400.0,,
cancellation,1003,RDFL_SOFT,0.017853468167921185,0.6698958680268419,0.23461270090191352,0.6391666666666667,0.6477145667922489,0.5139627009276757,0.6929166666666666,1647.4220368408803,0.6875755710227285,0.9870285093663411
cancellation,1003,HARD_RDFL,0.018124832584613452,0.6648784386748487,0.23359916985927962,0.6158333333333333,0.6241970427206405,0.5177696117324071,0.6929166666666666,1663.0,0.6875755710227285,0.9870285093663411
cancellation,1003,RANDOM_MATCHED,0.05391233873123471,0.0031804682356396663,0.017243797569236646,0.30083333333333334,0.21168900441696317,0.7064093836345975,0.6929166666666666,1647.4220368408803,0.6875755710227285,0.9870285093663411
cancellation,1003,ORDINARY_SOFT,0.02433054404798762,0.550137091132427,0.0736664173193864,0.6591666666666667,0.5179712128953888,0.5692398602942987,1.0,2400.0,,
cancellation,1003,ORACLE_CLASS,0.013288916845098938,0.7542927615656849,0.16547787168070793,0.82,0.8149285614927568,0.254550196427113,1.0,2400.0,0.0,0.0
cancellation,1004,ZERO,0.05626014515440963,0.0,0.0,0.285,0.14785992217898833,1.43,1.0,2400.0,,
cancellation,1004,DIRECT,0.010459715011637847,0.8140830425707136,0.19420080758183128,0.6783333333333333,0.5280064023303269,,1.0,2400.0,,
cancellation,1004,RDFL_SOFT,0.016658223118135945,0.7039072140248418,0.2271190010884383,0.6116666666666667,0.617968749741353,0.53069696710438,0.6920833333333334,1646.025387654688,0.728266767827601,0.9788331394619704
cancellation,1004,HARD_RDFL,0.01637632576443547,0.7089178188309045,0.22207020157776544,0.5841666666666666,0.588413473250501,0.5355548941171508,0.6920833333333334,1661.0,0.728266767827601,0.9788331394619704
cancellation,1004,RANDOM_MATCHED,0.056847606539560946,-0.010441874679473218,0.02915051447857632,0.31666666666666665,0.2367142846921699,0.6831513187307822,0.6920833333333334,1646.025387654688,0.728266767827601,0.9788331394619704
cancellation,1004,ORDINARY_SOFT,0.025116252438930745,0.553569363001152,0.07914123336349803,0.6833333333333333,0.5312252964426878,0.5599447102860172,1.0,2400.0,,
cancellation,1004,ORACLE_CLASS,0.012214375105328792,0.7828947104241263,0.1693952308207512,0.8208333333333333,0.8135574229691876,0.25590054525555983,1.0,2400.0,0.0,0.0
cancellation,1005,ZERO,0.056809699411789275,0.0,0.0,0.2708333333333333,0.14207650273224043,1.4583333333333333,1.0,2400.0,,
cancellation,1005,DIRECT,0.010371756219231122,0.8174298345771787,0.19384034132111558,0.6958333333333333,0.536946785599845,,1.0,2400.0,,
cancellation,1005,RDFL_SOFT,0.014333618058775546,0.7476906548144664,0.22029068388207393,0.5516666666666666,0.559447428903168,0.5425750864776714,0.6920833333333334,1646.331452179889,0.7059825083141519,0.9845995302582164
cancellation,1005,HARD_RDFL,0.015650609044848607,0.7245081525356433,0.21839011844836492,0.5358333333333334,0.5420575592989386,0.5496883228817393,0.6920833333333334,1661.0,0.7059825083141519,0.9845995302582164
cancellation,1005,RANDOM_MATCHED,0.05661890357503061,0.0033585081198135303,0.0012344991375262291,0.26166666666666666,0.15558539566173155,0.7303084408100239,0.6920833333333334,1646.331452179889,0.7059825083141519,0.9845995302582164
cancellation,1005,ORDINARY_SOFT,0.025032118651848578,0.5593689297596625,0.07600674770185989,0.6941666666666667,0.5361984011903673,0.55424158297648,1.0,2400.0,,
cancellation,1005,ORACLE_CLASS,0.01285895076002092,0.7736486745544652,0.1727468425033023,0.8391666666666666,0.8286498047546246,0.23703857619989818,1.0,2400.0,0.0,0.0
cancellation,1006,ZERO,0.05624555860652632,0.0,0.0,0.2825,0.14684860298895386,1.435,1.0,2400.0,,
cancellation,1006,DIRECT,0.010944750850374017,0.8054112871926554,0.19042436042380465,0.6725,0.521977587343441,,1.0,2400.0,,
cancellation,1006,RDFL_SOFT,0.01405145297698141,0.7501766659429892,0.2254637495971759,0.5983333333333334,0.6070546654268871,0.5370185490823199,0.6933333333333334,1648.9641291110931,0.7104025118354859,0.9915296248965039
cancellation,1006,HARD_RDFL,0.013937909476968194,0.7521953764478936,0.2205636687440805,0.58,0.5887527066949881,0.5427536726880668,0.6933333333333334,1664.0,0.7104025118354859,0.9915296248965039
cancellation,1006,RANDOM_MATCHED,0.05629317938867229,-0.0008466585331492471,0.006320193833322796,0.295,0.1973735173081578,0.7023198072670669,0.6933333333333334,1648.9641291110931,0.7104025118354859,0.9915296248965039
cancellation,1006,ORDINARY_SOFT,0.025827903511896212,0.5408010134172739,0.07350851904023661,0.6658333333333334,0.51677214395138,0.5667974598338514,1.0,2400.0,,
cancellation,1006,ORACLE_CLASS,0.014103921158297688,0.7492438246197599,0.16617125177122877,0.8158333333333333,0.8080427706713581,0.2706842617560492,1.0,2400.0,0.0,0.0
cancellation,1007,ZERO,0.057074131325955464,0.0,0.0,0.25916666666666666,0.1372159717626296,1.4816666666666667,1.0,2400.0,,
cancellation,1007,DIRECT,0.010535610992236275,0.8154047946508995,0.19512735394161884,0.7091666666666666,0.5435012978573354,,1.0,2400.0,,
cancellation,1007,RDFL_SOFT,0.014349524962856268,0.7485809309842169,0.22087024715516138,0.5608333333333333,0.5714602875907654,0.5453598354416794,0.7008333333333333,1668.0120789630726,0.6892939625981802,0.9853696581224964
cancellation,1007,HARD_RDFL,0.013670231010639673,0.7604828896550739,0.21653648880925033,0.5366666666666666,0.5449053308692214,0.5523097470548909,0.7008333333333333,1682.0,0.6892939625981802,0.9853696581224964
cancellation,1007,RANDOM_MATCHED,0.05683937588626551,0.004113167108041327,0.002142245318677845,0.2608333333333333,0.15960275323260367,0.7174772385032,0.7008333333333333,1668.0120789630726,0.6892939625981802,0.9853696581224964
cancellation,1007,ORDINARY_SOFT,0.025205450242097083,0.5583734757495211,0.07731027591402224,0.7083333333333334,0.5423143573166033,0.5491786082068004,1.0,2400.0,,
cancellation,1007,ORACLE_CLASS,0.013413628813401288,0.7649788353887533,0.1698637664651028,0.81,0.7939798452503414,0.26867481422208683,1.0,2400.0,0.0,0.0
cancellation,1008,ZERO,0.05713679130470261,0.0,0.0,0.2525,0.13439787092481703,1.495,1.0,2400.0,,
cancellation,1008,DIRECT,0.01243224220918286,0.7824126639719156,0.1648954410589121,0.6916666666666667,0.5287530465713721,,1.0,2400.0,,
cancellation,1008,RDFL_SOFT,0.014013065098672065,0.7547453264580027,0.196052399781952,0.5516666666666666,0.5609027962113439,0.5532373974142478,0.6920833333333334,1645.957247609017,0.7114232666140844,0.9877664264191773
cancellation,1008,HARD_RDFL,0.013776748204795037,0.7588813111445908,0.190839646868266,0.5291666666666667,0.5356473270361524,0.5593403558861323,0.6920833333333334,1661.0,0.7114232666140844,0.9877664264191773
cancellation,1008,RANDOM_MATCHED,0.05734298860229862,-0.003608835793672549,0.018353402767181982,0.27,0.1982871256533271,0.710180027191275,0.6920833333333334,1645.957247609017,0.7114232666140844,0.9877664264191773
cancellation,1008,ORDINARY_SOFT,0.0309755434301871,0.4578704417439403,0.06360466732444126,0.695,0.5304430113173283,0.5684566730470143,1.0,2400.0,,
cancellation,1008,ORACLE_CLASS,0.012971931973067063,0.7729670904358359,0.16671314033078238,0.8166666666666667,0.8019657304997119,0.2575557143286652,1.0,2400.0,0.0,0.0
cancellation,1009,ZERO,0.058410248079716356,0.0,0.0,0.2475,0.13226452905811623,1.505,1.0,2400.0,,
cancellation,1009,DIRECT,0.010591121615369055,0.8186769965278242,0.18947237014707122,0.7191666666666666,0.5476987750960354,,1.0,2400.0,,
cancellation,1009,RDFL_SOFT,0.01221387902524269,0.7908949297977027,0.20857191904436415,0.57,0.5803082451759822,0.5437894746140614,0.6925,1647.7676464529882,0.70699087437323,0.9845028506169707
cancellation,1009,HARD_RDFL,0.012720813943540698,0.7822160603361973,0.20395070500380708,0.5483333333333333,0.5574786231271521,0.5542366553956822,0.6925,1662.0,0.70699087437323,0.9845028506169707
cancellation,1009,RANDOM_MATCHED,0.0587361664201759,-0.005579814350638257,0.006659907144366876,0.2708333333333333,0.22413114370051448,0.7107874031380006,0.6925,1647.7676464529882,0.70699087437323,0.9845028506169707
cancellation,1009,ORDINARY_SOFT,0.02724310915565966,0.5335902508327105,0.0726421516544236,0.7183333333333334,0.5468998755712042,0.5447413743502229,1.0,2400.0,,
cancellation,1009,ORACLE_CLASS,0.012800824361287705,0.780846259310223,0.17366228955285953,0.8558333333333333,0.8400021394939753,0.21739251045403268,1.0,2400.0,0.0,0.0
cancellation,1010,ZERO,0.05625717017380546,0.0,0.0,0.26666666666666666,0.14035087719298245,1.4666666666666666,1.0,2400.0,,
cancellation,1010,DIRECT,0.01656777050273305,0.7054993976492732,0.18355072852502,0.6741666666666667,0.5188672149078187,,1.0,2400.0,,
cancellation,1010,RDFL_SOFT,0.02066004152151141,0.6327571853030893,0.20780784670898206,0.5866666666666667,0.5956187411527132,0.5494474841773958,0.6929166666666666,1648.4890700150484,0.6827768778654575,0.9812630587769914
cancellation,1010,HARD_RDFL,0.020876623847695862,0.6289073235785247,0.20568488023961992,0.5833333333333334,0.5923938152818237,0.5531338559398674,0.6929166666666666,1663.0,0.6827768778654575,0.9812630587769914
cancellation,1010,RANDOM_MATCHED,0.05666741448267631,-0.007292302609665624,0.012218036220171046,0.31083333333333335,0.26040545666274867,0.6912197580337793,0.6929166666666666,1648.4890700150484,0.6827768778654575,0.9812630587769914
cancellation,1010,ORDINARY_SOFT,0.02966502456820996,0.4726890016586254,0.07109609543182419,0.6633333333333333,0.5101411277630268,0.5662816450432204,1.0,2400.0,,
cancellation,1010,ORACLE_CLASS,0.013418854794981356,0.7614729864029055,0.16927084978011298,0.82,0.8074884217819004,0.25410483588513766,1.0,2400.0,0.0,0.0
cancellation,1011,ZERO,0.056342975777304384,0.0,0.0,0.2708333333333333,0.14207650273224043,1.4583333333333333,1.0,2400.0,,
cancellation,1011,DIRECT,0.009608554499227316,0.8294631341943115,0.1949815880744012,0.6941666666666667,0.5361474694589877,,1.0,2400.0,,
cancellation,1011,RDFL_SOFT,0.014575684886188744,0.7413043119376737,0.22216442825242866,0.5816666666666667,0.5894273751729365,0.5361301044960195,0.7179166666666666,1707.0061410939506,0.7008259421218083,0.9874811741917964
cancellation,1011,HARD_RDFL,0.014113303682656795,0.7495108576011387,0.21612804400329635,0.5483333333333333,0.553895952371478,0.5451160595484129,0.7179166666666666,1723.0,0.7008259421218083,0.9874811741917964
cancellation,1011,RANDOM_MATCHED,0.05570068062011553,0.011399737914580932,0.02894356679835836,0.31416666666666665,0.23245043046613945,0.6921234950218581,0.7179166666666666,1707.0061410939506,0.7008259421218083,0.9874811741917964
cancellation,1011,ORDINARY_SOFT,0.025026675810919018,0.5558155126588102,0.07662984867276455,0.6941666666666667,0.5355048305215372,0.5535804633798025,1.0,2400.0,,
cancellation,1011,ORACLE_CLASS,0.013331542483287651,0.7633859003830296,0.1689871270282445,0.8191666666666667,0.8071714735728581,0.25418835980324833,1.0,2400.0,0.0,0.0
cancellation,1012,ZERO,0.05737989045460302,0.0,0.0,0.27416666666666667,0.1434488772618269,1.4516666666666667,1.0,2400.0,,
cancellation,1012,DIRECT,0.01086037117399755,0.810728617849316,0.19638413639937805,0.6933333333333334,0.5357952069716776,,1.0,2400.0,,
cancellation,1012,RDFL_SOFT,0.01781335490397616,0.6895540447559851,0.23457050110103542,0.6058333333333333,0.6159402651720088,0.5288604523073233,0.6929166666666666,1648.8346543976038,0.7372126379071292,0.9832378026141272
cancellation,1012,HARD_RDFL,0.017276911778215595,0.6989030191355194,0.22570723441367951,0.5816666666666667,0.5906751734575318,0.5384453476226095,0.6929166666666666,1663.0,0.7372126379071292,0.9832378026141272
cancellation,1012,RANDOM_MATCHED,0.05723113424679231,0.0025924798153527107,0.007129928232483442,0.275,0.18873466146458298,0.7048055447664994,0.6929166666666666,1648.8346543976038,0.7372126379071292,0.9832378026141272
cancellation,1012,ORDINARY_SOFT,0.025382780736806616,0.5576362984364951,0.07605446578858699,0.6941666666666667,0.5362251522206304,0.5540080321080256,1.0,2400.0,,
cancellation,1012,ORACLE_CLASS,0.013049021683743493,0.7725854549327272,0.17322912064176788,0.84,0.8282990171709296,0.2321069908958062,1.0,2400.0,0.0,0.0
cancellation,1013,ZERO,0.057477368595955744,0.0,0.0,0.25916666666666666,0.1372159717626296,1.4816666666666667,1.0,2400.0,,
cancellation,1013,DIRECT,0.013958452709170522,0.7571487169620936,0.18631190174702134,0.6866666666666666,0.5257177443859598,,1.0,2400.0,,
cancellation,1013,RDFL_SOFT,0.017691055957585328,0.6922083179912639,0.21853871442198372,0.5733333333333334,0.5789175802336106,0.5443129266569687,0.69,1640.9441644626743,0.7016111249963124,0.9831914443556116
cancellation,1013,HARD_RDFL,0.01801359910674519,0.686596663229766,0.21324872555489166,0.5458333333333333,0.5472151455931451,0.5525353082175186,0.69,1656.0,0.7016111249963124,0.9831914443556116
cancellation,1013,RANDOM_MATCHED,0.05759111161903744,-0.0019789184136327354,0.015738032214673375,0.27166666666666667,0.18595785006450183,0.7018328041162009,0.69,1640.9441644626743,0.7016111249963124,0.9831914443556116
cancellation,1013,ORDINARY_SOFT,0.028767598343157605,0.4994969490447103,0.0701902288008511,0.6833333333333333,0.5231105470953187,0.5586481398146573,1.0,2400.0,,
cancellation,1013,ORACLE_CLASS,0.01384598411019656,0.7591054627512854,0.16985048693047683,0.825,0.8108463871791792,0.2529159587052318,1.0,2400.0,0.0,0.0
cancellation,1014,ZERO,0.05717470965005877,0.0,0.0,0.27416666666666667,0.1434488772618269,1.4516666666666667,1.0,2400.0,,
cancellation,1014,DIRECT,0.008659228986916425,0.8485479149799666,0.20222528821361643,0.7091666666666666,0.5478848517745458,,1.0,2400.0,,
cancellation,1014,RDFL_SOFT,0.011216554930117691,0.8038196433568393,0.23092411882606784,0.6233333333333333,0.6329786104651339,0.5228163659647316,0.6941666666666667,1651.1145120908582,0.7278896997491585,0.986010999808944
cancellation,1014,HARD_RDFL,0.010754669860545943,0.8118981289739722,0.2251527820276636,0.5875,0.5960883664495696,0.5299376392208708,0.6941666666666667,1666.0,0.7278896997491585,0.986010999808944
cancellation,1014,RANDOM_MATCHED,0.057433119107827724,-0.004519646174865777,0.014617080904164758,0.2966666666666667,0.20886086290606434,0.6879075933572606,0.6941666666666667,1651.1145120908582,0.7278896997491585,0.986010999808944
cancellation,1014,ORDINARY_SOFT,0.0239102236192726,0.5818041968972548,0.07707638059919514,0.7066666666666667,0.5460496448343327,0.5481065453618775,1.0,2400.0,,
cancellation,1014,ORACLE_CLASS,0.012706534263993232,0.7777595314123267,0.17289817630606294,0.8241666666666667,0.8094125074986741,0.24057345603020616,1.0,2400.0,0.0,0.0
cancellation,1015,ZERO,0.05677025135935925,0.0,0.0,0.26666666666666666,0.14035087719298245,1.4666666666666666,1.0,2400.0,,
cancellation,1015,DIRECT,0.013297315425581714,0.7657696573966377,0.2068810101164944,0.69,0.5309351520055485,,1.0,2400.0,,
cancellation,1015,RDFL_SOFT,0.019718659877890475,0.6526585772349303,0.24474320751974452,0.5941666666666666,0.6042453176981991,0.5208661680381255,0.6883333333333334,1637.320369905558,0.7016048131972438,0.9902666893363412
cancellation,1015,HARD_RDFL,0.019326936261176524,0.659558733696002,0.24114574427128938,0.5833333333333334,0.5923019352788704,0.5246215385035825,0.6883333333333334,1652.0,0.7016048131972438,0.9902666893363412
cancellation,1015,RANDOM_MATCHED,0.05737257534126442,-0.010609852299092726,0.011277163350453796,0.285,0.198484090290328,0.691203131791766,0.6883333333333334,1637.320369905558,0.7016048131972438,0.9902666893363412
cancellation,1015,ORDINARY_SOFT,0.024831978441444285,0.5625881892920237,0.08001205464143718,0.6933333333333334,0.5333007561545725,0.5465282556173421,1.0,2400.0,,
cancellation,1015,ORACLE_CLASS,0.013416181155703073,0.763675854264273,0.16772756347164391,0.8158333333333333,0.8052949125672101,0.26089974003246114,1.0,2400.0,0.0,0.0
cancellation,1016,ZERO,0.0566466227535849,0.0,0.0,0.2833333333333333,0.14718614718614717,1.4333333333333333,1.0,2400.0,,
cancellation,1016,DIRECT,0.009357975134902937,0.8348008287164708,0.18089840279709596,0.6858333333333333,0.5327122803147498,,1.0,2400.0,,
cancellation,1016,RDFL_SOFT,0.011952228690005349,0.7890036844385582,0.18772057699215933,0.56,0.5640805661919684,0.5551490819471587,0.6941666666666667,1651.3786188288925,0.6966002357953284,0.9859319037114906
cancellation,1016,HARD_RDFL,0.012199946374670076,0.7846306490725787,0.1825050327867372,0.5208333333333334,0.5171964097683724,0.562734376425549,0.6941666666666667,1666.0,0.6966002357953284,0.9859319037114906
cancellation,1016,RANDOM_MATCHED,0.056391322197024155,0.004506898101786505,0.005367548608717712,0.31333333333333335,0.23708557619018303,0.6750099804144719,0.6941666666666667,1651.3786188288925,0.6966002357953284,0.9859319037114906
cancellation,1016,ORDINARY_SOFT,0.02702650115759674,0.5228929838383638,0.06807330169896854,0.6866666666666666,0.5333340874164577,0.5672340454395501,1.0,2400.0,,
cancellation,1016,ORACLE_CLASS,0.013132299521516141,0.7681715363925194,0.16827541184088893,0.83,0.8199391548310851,0.2438446031462568,1.0,2400.0,0.0,0.0
cancellation,1017,ZERO,0.05693913932485271,0.0,0.0,0.2775,0.14481409001956946,1.445,1.0,2400.0,,
cancellation,1017,DIRECT,0.010015030662899922,0.8241099043355476,0.2048953113741926,0.6958333333333333,0.5386806925268464,,1.0,2400.0,,
cancellation,1017,RDFL_SOFT,0.0203555200461594,0.6425039035095732,0.2589936343898713,0.6283333333333333,0.6385300421464023,0.50987501929614,0.6895833333333333,1640.186414564279,0.6779414320526344,0.9843947628813996
cancellation,1017,HARD_RDFL,0.018458301676656196,0.6758240132267059,0.24968340132823058,0.6108333333333333,0.6210182550608082,0.5168819009057498,0.6895833333333333,1655.0,0.6779414320526344,0.9843947628813996
cancellation,1017,RANDOM_MATCHED,0.05745610203430537,-0.009079215379481864,0.02876209734548701,0.2966666666666667,0.22991964636364579,0.6927141308424379,0.6895833333333333,1640.186414564279,0.6779414320526344,0.9843947628813996
cancellation,1017,ORDINARY_SOFT,0.022794502254583855,0.5996690058039822,0.08058225779031894,0.7008333333333333,0.5428067867092258,0.5486577027938644,1.0,2400.0,,
cancellation,1017,ORACLE_CLASS,0.013716456620441313,0.7591031971490588,0.1707870161075101,0.8166666666666667,0.8058363971525894,0.2485981404283421,1.0,2400.0,0.0,0.0
cancellation,1018,ZERO,0.05707342391216088,0.0,0.0,0.2791666666666667,0.1454940282301846,1.4416666666666667,1.0,2400.0,,
cancellation,1018,DIRECT,0.011831954592581908,0.7926888947333538,0.18286866298836316,0.6775,0.5247948927737703,,1.0,2400.0,,
cancellation,1018,RDFL_SOFT,0.015255857544356731,0.7326976988828228,0.22009982212448012,0.6025,0.6130023969068183,0.5351037894805356,0.68125,1620.6693009373967,0.7398389457345138,0.9883594364104648
cancellation,1018,HARD_RDFL,0.015011911406850794,0.7369719498526154,0.21674728496351386,0.5766666666666667,0.5863576408864344,0.5414384390394534,0.68125,1635.0,0.7398389457345138,0.9883594364104648
cancellation,1018,RANDOM_MATCHED,0.057501880390935275,-0.00750711012946792,0.014075984050481072,0.29833333333333334,0.22701949855839934,0.6947989803112705,0.68125,1620.6693009373967,0.7398389457345138,0.9883594364104648
cancellation,1018,ORDINARY_SOFT,0.028352874523541207,0.5032210689308244,0.07008513837191935,0.6866666666666666,0.5318631181565185,0.5656485219109162,1.0,2400.0,,
cancellation,1018,ORACLE_CLASS,0.01326423493977576,0.7675934957014294,0.17001528517119924,0.8283333333333334,0.8193809452173363,0.24111953848694626,1.0,2400.0,0.0,0.0
cancellation,1019,ZERO,0.05852584076142257,0.0,0.0,0.2808333333333333,0.14617219692040773,1.4383333333333332,1.0,2400.0,,
cancellation,1019,DIRECT,0.008799482752689134,0.8496479052977683,0.1687885914837992,0.6858333333333333,0.5321481643246934,,1.0,2400.0,,
cancellation,1019,RDFL_SOFT,0.011159549274777983,0.8093227003731688,0.19551139047681856,0.6091666666666666,0.6163858426952958,0.54198321001197,0.6795833333333333,1615.8677425202145,0.6775477296415808,0.9856027348319312
cancellation,1019,HARD_RDFL,0.011724252428469386,0.7996739170947981,0.19042484733385517,0.585,0.5920740224004768,0.5480417761822862,0.6795833333333333,1631.0,0.6775477296415808,0.9856027348319312
cancellation,1019,RANDOM_MATCHED,0.058351439497129245,0.0029799019035756658,0.02316140583502519,0.3408333333333333,0.29469904114389994,0.6834707599077428,0.6795833333333333,1615.8677425202145,0.6775477296415808,0.9856027348319312
cancellation,1019,ORDINARY_SOFT,0.029193011005055204,0.5011945044231156,0.06450921531931772,0.6891666666666667,0.5354116298982573,0.5699263310816023,1.0,2400.0,,
cancellation,1019,ORACLE_CLASS,0.01379813333938243,0.764238613920477,0.16516915359131099,0.8333333333333334,0.8266460440807774,0.2428253368846957,1.0,2400.0,0.0,0.0
cancellation,1020,ZERO,0.05578605781203499,0.0,0.0,0.25666666666666665,0.1361626878868258,1.4866666666666666,1.0,2400.0,,
cancellation,1020,DIRECT,0.00960740929715322,0.8277811755488381,0.1801019053955884,0.7141666666666666,0.5463277410050085,,1.0,2400.0,,
cancellation,1020,RDFL_SOFT,0.012907221492492585,0.7686299767590308,0.2145659396209958,0.6016666666666667,0.6114769459639029,0.5321745490210892,0.6920833333333334,1646.253640045621,0.7181368392045248,0.9851488562746255
cancellation,1020,HARD_RDFL,0.012030432444027102,0.7843469691914362,0.21035409265161628,0.5733333333333334,0.5831588253396177,0.5403637587486588,0.6920833333333334,1661.0,0.7181368392045248,0.9851488562746255
cancellation,1020,RANDOM_MATCHED,0.05589280438526515,-0.0019134991325222561,0.0015028079596373178,0.255,0.17413479988274586,0.7204364010678914,0.6920833333333334,1646.253640045621,0.7181368392045248,0.9851488562746255
cancellation,1020,ORDINARY_SOFT,0.02703203487252928,0.5154338569036234,0.06784291404336408,0.7091666666666666,0.5423169495414312,0.5543662220243556,1.0,2400.0,,
cancellation,1020,ORACLE_CLASS,0.013135538632044415,0.7645372491402211,0.1712856477204771,0.82,0.8040509463932247,0.2513471388389909,1.0,2400.0,0.0,0.0
cancellation,1021,ZERO,0.05578679747977464,0.0,0.0,0.2991666666666667,0.15351721188796238,1.4016666666666666,1.0,2400.0,,
cancellation,1021,DIRECT,0.009936296835019816,0.8218880221862136,0.1858756202898388,0.6625,0.5192817331117962,,1.0,2400.0,,
cancellation,1021,RDFL_SOFT,0.013708789299522687,0.7542646303636129,0.21479196823286306,0.5566666666666666,0.5590697092605078,0.5429774254811482,0.7054166666666667,1678.264284330806,0.7477442334986784,0.9872317860830834
cancellation,1021,HARD_RDFL,0.014713396685863873,0.7362566529975452,0.21482488515787368,0.5283333333333333,0.5252744613529837,0.5522646711223212,0.7054166666666667,1693.0,0.7477442334986784,0.9872317860830834
cancellation,1021,RANDOM_MATCHED,0.05623530638268336,-0.008039696185667022,0.024687785365354833,0.29583333333333334,0.16341666628954896,0.6991121421197976,0.7054166666666667,1678.264284330806,0.7477442334986784,0.9872317860830834
cancellation,1021,ORDINARY_SOFT,0.024902485308696622,0.5536132842591484,0.07429191847750596,0.6641666666666667,0.5206039989576511,0.5670360006476381,1.0,2400.0,,
cancellation,1021,ORACLE_CLASS,0.01423085752414282,0.7449063547822012,0.16330432916248253,0.8191666666666667,0.8143351422529554,0.2693704397240554,1.0,2400.0,0.0,0.0
cancellation,1022,ZERO,0.056635373810642285,0.0,0.0,0.2808333333333333,0.14617219692040773,1.4383333333333332,1.0,2400.0,,
cancellation,1022,DIRECT,0.010658404355781326,0.8118065859083547,0.20468522895950828,0.69,0.5352614720488905,,1.0,2400.0,,
cancellation,1022,RDFL_SOFT,0.016576768324758268,0.7073071614185524,0.2379337314587618,0.6191666666666666,0.6271095160596557,0.5234680730490506,0.6983333333333334,1660.6435405219208,0.7383731372267918,0.9905949969667407
cancellation,1022,HARD_RDFL,0.016280354383047733,0.7125408858873196,0.23212812793211857,0.5866666666666667,0.592749452203078,0.5317718218123793,0.6983333333333334,1676.0,0.7383731372267918,0.9905949969667407
cancellation,1022,RANDOM_MATCHED,0.0566102816495861,0.00044304750490531397,0.009692882594813918,0.2825,0.17501218170318167,0.6852008748918101,0.6983333333333334,1660.6435405219208,0.7383731372267918,0.9905949969667407
cancellation,1022,ORDINARY_SOFT,0.023557556846820482,0.5840487091056542,0.08016231633112192,0.6866666666666666,0.5324927364531326,0.5532303071465986,1.0,2400.0,,
cancellation,1022,ORACLE_CLASS,0.013516796176134382,0.7613365063797909,0.16933125555159054,0.8225,0.8097017768535238,0.25585188162370986,1.0,2400.0,0.0,0.0
cancellation,1023,ZERO,0.05590550140318129,0.0,0.0,0.28,0.14583333333333334,1.44,1.0,2400.0,,
cancellation,1023,DIRECT,0.009398254096027792,0.8318903531827909,0.18196223939296682,0.6825,0.5300588795281351,,1.0,2400.0,,
cancellation,1023,RDFL_SOFT,0.014293544561480959,0.7443266905273193,0.221574475948343,0.5925,0.6017078453270487,0.5314533803124003,0.6829166666666666,1624.6164984676768,0.7320911348636624,0.9766587170601387
cancellation,1023,HARD_RDFL,0.013380346661667495,0.7606613602269545,0.21643366869313213,0.5716666666666667,0.5786533635638819,0.5374967396512581,0.6829166666666666,1639.0,0.7320911348636624,0.9766587170601387
cancellation,1023,RANDOM_MATCHED,0.057870463017524486,-0.03514791147604979,0.04091726868199521,0.3125,0.24627549818378017,0.691090356148997,0.6829166666666666,1624.6164984676768,0.7320911348636624,0.9766587170601387
cancellation,1023,ORDINARY_SOFT,0.026835732165804805,0.5199804761204105,0.07180376129301794,0.6841666666666667,0.5305389952973565,0.5634080282412803,1.0,2400.0,,
cancellation,1023,ORACLE_CLASS,0.013452238811679399,0.7593754018112804,0.16940765213922623,0.8208333333333333,0.8126636254870467,0.25891205300333386,1.0,2400.0,0.0,0.0
cancellation,1024,ZERO,0.057344172757652696,0.0,0.0,0.275,0.14379084967320263,1.45,1.0,2400.0,,
cancellation,1024,DIRECT,0.007432884703426101,0.8703811678505002,0.188877016753323,0.7,0.5410897160032025,,1.0,2400.0,,
cancellation,1024,RDFL_SOFT,0.011189228214358046,0.804875932875589,0.21928518232569275,0.5966666666666667,0.5978809753755224,0.5346279734206674,0.6945833333333333,1652.3669803225303,0.7302935661617467,0.982178521772624
cancellation,1024,HARD_RDFL,0.010461537333995064,0.8175658165266854,0.21066873222318383,0.5558333333333333,0.5532489053234267,0.5449113202743785,0.6945833333333333,1667.0,0.7302935661617467,0.982178521772624
cancellation,1024,RANDOM_MATCHED,0.05826601310943243,-0.016075571543696432,0.02317081242099324,0.30833333333333335,0.23649045983770403,0.6868089905202803,0.6945833333333333,1652.3669803225303,0.7302935661617467,0.982178521772624
cancellation,1024,ORDINARY_SOFT,0.026220377664255157,0.5427542781885193,0.0727147756743249,0.6975,0.5391977985822392,0.5585702871926905,1.0,2400.0,,
cancellation,1024,ORACLE_CLASS,0.012923787841672313,0.7746277046093126,0.16819274418243674,0.8375,0.8262371151314136,0.23774759746313795,1.0,2400.0,0.0,0.0
cancellation,1025,ZERO,0.05720972754640776,0.0,0.0,0.2733333333333333,0.1431064572425829,1.4533333333333334,1.0,2400.0,,
cancellation,1025,DIRECT,0.009808225117308748,0.8285566889065772,0.16883539232988917,0.6975,0.5388738988537671,,1.0,2400.0,,
cancellation,1025,RDFL_SOFT,0.013487751348852835,0.7642402450193151,0.21509471237233327,0.5858333333333333,0.5957931971851393,0.5429631844560419,0.6925,1647.5304242020884,0.7341528128837783,0.9866808292932039
cancellation,1025,HARD_RDFL,0.013016679554830718,0.7724743655828152,0.2107537597766057,0.5533333333333333,0.5605137614674657,0.5517633129917237,0.6925,1662.0,0.7341528128837783,0.9866808292932039
cancellation,1025,RANDOM_MATCHED,0.05783858698486624,-0.010992176775328266,0.02549527032356209,0.31583333333333335,0.2656376483089619,0.6856680737511804,0.6925,1647.5304242020884,0.7341528128837783,0.9866808292932039
cancellation,1025,ORDINARY_SOFT,0.028100342494917007,0.5088188023247902,0.0683634596925922,0.695,0.5374310127747669,0.5669338675736937,1.0,2400.0,,
cancellation,1025,ORACLE_CLASS,0.013636192074660103,0.761645568691118,0.16852759049668856,0.8441666666666666,0.8348837307233766,0.2364825795868276,1.0,2400.0,0.0,0.0
cancellation,1026,ZERO,0.0584785752150385,0.0,0.0,0.2608333333333333,0.13791584049350078,1.4783333333333333,1.0,2400.0,,
cancellation,1026,DIRECT,0.011707043404418308,0.7998062818499091,0.17881161221789127,0.6983333333333334,0.535509352959215,,1.0,2400.0,,
cancellation,1026,RDFL_SOFT,0.013952011415803383,0.7614167006549186,0.20794584719780165,0.5766666666666667,0.5854095437353752,0.5442937576627456,0.6833333333333333,1625.6807785115982,0.7008579506905812,0.9895778528312802
cancellation,1026,HARD_RDFL,0.014128265271253477,0.7584027104063196,0.19916394685484365,0.5441666666666667,0.5516831551370848,0.5556556743760697,0.6833333333333333,1640.0,0.7008579506905812,0.9895778528312802
cancellation,1026,RANDOM_MATCHED,0.0587658526208687,-0.004912524027369303,0.008885946765247827,0.29333333333333333,0.23363831614047362,0.6904021635968051,0.6833333333333333,1625.6807785115982,0.7008579506905812,0.9895778528312802
cancellation,1026,ORDINARY_SOFT,0.029700632202978146,0.4921108783214634,0.06702536492205285,0.6916666666666667,0.5303874744357495,0.5620257554098385,1.0,2400.0,,
cancellation,1026,ORACLE_CLASS,0.013058724693242627,0.776692153575513,0.16992667126194175,0.8366666666666667,0.8226993492366707,0.2355914593980541,1.0,2400.0,0.0,0.0
cancellation,1027,ZERO,0.05515513164529666,0.0,0.0,0.26416666666666666,0.13931004174906614,1.4716666666666667,1.0,2400.0,,
cancellation,1027,DIRECT,0.011467502761709965,0.7920863858061726,0.18886924480962183,0.685,0.5260901825326131,,1.0,2400.0,,
cancellation,1027,RDFL_SOFT,0.016511781115173617,0.7006301930097623,0.21972363388836438,0.5758333333333333,0.5825115927676321,0.5419025845818688,0.6908333333333333,1643.9304583810583,0.6896285220368015,0.9863793538089521
cancellation,1027,HARD_RDFL,0.016585959391377504,0.699285290477738,0.21644310944233738,0.5516666666666666,0.5559523329712852,0.5486382797591968,0.6908333333333333,1658.0,0.6896285220368015,0.9863793538089521
cancellation,1027,RANDOM_MATCHED,0.05532107228867905,-0.003008616577140355,0.014164535852475011,0.2825,0.18863112939537383,0.6966064017099538,0.6908333333333333,1643.9304583810583,0.6896285220368015,0.9863793538089521
cancellation,1027,ORDINARY_SOFT,0.02528077621003198,0.541642355735583,0.07313776646272331,0.6841666666666667,0.5254880340840226,0.5576125550475998,1.0,2400.0,,
cancellation,1027,ORACLE_CLASS,0.012248161782940446,0.7779325075006887,0.1696427437335554,0.8341666666666666,0.8236812351740849,0.2430376928092884,1.0,2400.0,0.0,0.0
cancellation,1028,ZERO,0.05650070862477476,0.0,0.0,0.29333333333333333,0.15120274914089346,1.4133333333333333,1.0,2400.0,,
cancellation,1028,DIRECT,0.01088877447572205,0.8072807449542769,0.1630263874009158,0.6658333333333334,0.5202008011054556,,1.0,2400.0,,
cancellation,1028,RDFL_SOFT,0.013472542373604164,0.7615509132270132,0.20270311691868825,0.5491666666666667,0.5523418806120898,0.5474166949439281,0.6929166666666666,1648.1570564563988,0.6886876458685663,0.9867988852840803
cancellation,1028,HARD_RDFL,0.014312832523942092,0.7466787077133026,0.20043338776211997,0.5233333333333333,0.5191268765626047,0.5547345658756535,0.6929166666666666,1663.0,0.6886876458685663,0.9867988852840803
cancellation,1028,RANDOM_MATCHED,0.055494213503598774,0.017813849519307756,0.0041183377730126675,0.31166666666666665,0.21789798115317946,0.6759671630110612,0.6929166666666666,1648.1570564563988,0.6886876458685663,0.9867988852840803
cancellation,1028,ORDINARY_SOFT,0.0284647390710071,0.49620562708260063,0.06450217318481939,0.6675,0.5220177305507495,0.5796259685577293,1.0,2400.0,,
cancellation,1028,ORACLE_CLASS,0.013362235255846079,0.7635032271084309,0.16093286079251287,0.8358333333333333,0.8318326238394884,0.24493543751122354,1.0,2400.0,0.0,0.0
cancellation,1029,ZERO,0.060930459424229234,0.0,0.0,0.295,0.15186615186615185,1.41,1.0,2400.0,,
cancellation,1029,DIRECT,0.009528739881513832,0.8436128666752726,0.18531503257818263,0.68,0.5317535016682194,,1.0,2400.0,,
cancellation,1029,RDFL_SOFT,0.011390126598170503,0.8130635037745806,0.20764001196350074,0.5875,0.5938290301028722,0.5337392856329989,0.68625,1631.9935146149069,0.7456459642982676,0.9865428773229712
cancellation,1029,HARD_RDFL,0.011473197350487078,0.8117001339083172,0.20316917707880824,0.5408333333333334,0.5389948847296991,0.5421028487986946,0.68625,1647.0,0.7456459642982676,0.9865428773229712
cancellation,1029,RANDOM_MATCHED,0.06174883263441328,-0.013431266035368594,0.0030242940100398356,0.3325,0.26828812967037596,0.6675010598457274,0.68625,1631.9935146149069,0.7456459642982676,0.9865428773229712
cancellation,1029,ORDINARY_SOFT,0.0285424178181096,0.5315574822867724,0.0703823008199596,0.6825,0.5342460338711611,0.5680627976599001,1.0,2400.0,,
cancellation,1029,ORACLE_CLASS,0.015652481732745464,0.7431090807347303,0.17061812175565122,0.8233333333333334,0.8151827449421979,0.2509781552620682,1.0,2400.0,0.0,0.0
cancellation,1030,ZERO,0.056077387392264935,0.0,0.0,0.2816666666666667,0.14651061985262245,1.4366666666666668,1.0,2400.0,,
cancellation,1030,DIRECT,0.008628579538140058,0.8461308570282957,0.1802244142158537,0.6958333333333333,0.5398138469118704,,1.0,2400.0,,
cancellation,1030,RDFL_SOFT,0.013253466010693942,0.7636575698866801,0.22598983384386287,0.6358333333333334,0.646271082479407,0.521767595435565,0.6970833333333334,1657.478342597621,0.7043760755730297,0.9837550155215342
cancellation,1030,HARD_RDFL,0.012501132190337553,0.7770735625950024,0.22060977055461659,0.6133333333333333,0.6227104997250041,0.5262914077388573,0.6970833333333334,1673.0,0.7043760755730297,0.9837550155215342
cancellation,1030,RANDOM_MATCHED,0.05611672970103053,-0.0007015717135749888,0.003163764346375422,0.2808333333333333,0.17891490078001068,0.6911816246724557,0.6970833333333334,1657.478342597621,0.7043760755730297,0.9837550155215342
cancellation,1030,ORDINARY_SOFT,0.02613110077261344,0.5340171504456028,0.06983425988615322,0.6983333333333334,0.5416876557310111,0.5654764885906693,1.0,2400.0,,
cancellation,1030,ORACLE_CLASS,0.013193317814814353,0.7647301625782555,0.17015510687390004,0.8283333333333334,0.8208643442565752,0.24543029466164412,1.0,2400.0,0.0,0.0
anticipation,1001,ZERO,0.9993721117105563,0.0,0.0,0.2708333333333333,0.14207650273224043,1.4583333333333333,1.0,2400.0,,
anticipation,1001,DIRECT,0.5579268484775749,0.44172261569055593,0.23398057613112988,0.6866666666666666,0.5298037006672206,,1.0,2400.0,,
anticipation,1001,RDFL_SOFT,0.4967324429123567,0.5029554686470747,0.2960845637985596,0.6325,0.6426604841685543,0.5012393353321477,0.6995833333333333,1664.6715231732114,0.7032282070510569,0.7032282070510569
anticipation,1001,HARD_RDFL,0.5036390196463543,0.4960445526298406,0.2904652404536445,0.615,0.6250198462563378,0.5061245440645823,0.6995833333333333,1679.0,0.7032282070510569,0.7032282070510569
anticipation,1001,RANDOM_MATCHED,1.000531884531017,-0.001160501485753418,0.02906180395425751,0.2866666666666667,0.2043428524130928,0.6985347812240912,0.6995833333333333,1664.6715231732114,0.7032282070510569,0.7032282070510569
anticipation,1001,ORDINARY_SOFT,0.8131072422364932,0.18638189648422987,0.09045918340895334,0.69,0.5321398796140415,0.5396509675469594,1.0,2400.0,,
anticipation,1001,ORACLE_CLASS,0.23018377436712711,0.7696716051310083,0.7055246163116102,0.8333333333333334,0.82448082247081,0.2477107143654204,1.0,2400.0,0.0,0.0
anticipation,1002,ZERO,1.0002291114874842,0.0,0.0,0.2966666666666667,0.1525278491859469,1.4066666666666667,1.0,2400.0,,
anticipation,1002,DIRECT,0.5697766900996262,0.4303538223834672,0.21397170227838136,0.6833333333333333,0.5353287108371854,,1.0,2400.0,,
anticipation,1002,RDFL_SOFT,0.5059366375366232,0.4941792518073955,0.26265936025386993,0.6658333333333334,0.6747225209865331,0.4957428446382858,0.71,1687.7043867187,0.7126635542092986,0.7126635542092986
anticipation,1002,HARD_RDFL,0.515589881057085,0.484528219449313,0.254826195993482,0.645,0.6532741481445871,0.5008053852149366,0.71,1704.0,0.7126635542092986,0.7126635542092986
anticipation,1002,RANDOM_MATCHED,0.9998497112591374,0.00037931332330709555,0.002428655729644194,0.2891666666666667,0.17774993490939525,0.7161829106406058,0.71,1687.7043867187,0.7126635542092986,0.7126635542092986
anticipation,1002,ORDINARY_SOFT,0.8169651666179347,0.1832219666122391,0.0844254342094426,0.6783333333333333,0.5306192688743024,0.5505366518026814,1.0,2400.0,,
anticipation,1002,ORACLE_CLASS,0.23887666267028132,0.7611780541809692,0.7046482236253511,0.8233333333333334,0.8157795092631889,0.24337841039191663,1.0,2400.0,0.0,0.0
anticipation,1003,ZERO,1.0001699057982352,0.0,0.0,0.27416666666666667,0.1434488772618269,1.4516666666666667,1.0,2400.0,,
anticipation,1003,DIRECT,0.560968504193402,0.439126791416811,0.22863503099133783,0.6916666666666667,0.5348646836473708,,1.0,2400.0,,
anticipation,1003,RDFL_SOFT,0.5032765747919499,0.49680892029011303,0.28112291598603134,0.6616666666666666,0.6702952528758371,0.491796201147599,0.6941666666666667,1649.1602085314498,0.7392837782685117,0.7392837782685117
anticipation,1003,HARD_RDFL,0.5154896279875,0.4845979418106088,0.274576308500129,0.6441666666666667,0.6538304504765996,0.5005295449816597,0.6941666666666667,1666.0,0.7392837782685117,0.7392837782685117
anticipation,1003,RANDOM_MATCHED,1.0000354231782598,0.00013445977448012236,0.009772601968791686,0.2708333333333333,0.20256136548773465,0.7052939378354701,0.6941666666666667,1649.1602085314498,0.7392837782685117,0.7392837782685117
anticipation,1003,ORDINARY_SOFT,0.8194842107695006,0.18065500069663598,0.08607824161041051,0.6975,0.5387084396034406,0.5409467069444215,1.0,2400.0,,
anticipation,1003,ORACLE_CLASS,0.2389047522154427,0.7611358321916586,0.7272356670429251,0.8216666666666667,0.8056703371407844,0.25770980094978624,1.0,2400.0,0.0,0.0
anticipation,1004,ZERO,1.0000192233206882,0.0,0.0,0.2575,0.1365142478462558,1.485,1.0,2400.0,,
anticipation,1004,DIRECT,0.5253836893025257,0.47462641012247364,0.2518169569144831,0.7116666666666667,0.54456042766398,,1.0,2400.0,,
anticipation,1004,RDFL_SOFT,0.4761596792642596,0.5238494739299988,0.2961493877645971,0.6591666666666667,0.6672892949408636,0.49171982771412936,0.685,1629.9452782636313,0.7116568463281832,0.7116568463281832
anticipation,1004,HARD_RDFL,0.48933973540915626,0.5106696711446778,0.28703411884163416,0.6283333333333333,0.6366018173340958,0.5028214197069365,0.685,1644.0,0.7116568463281832,0.7116568463281832
anticipation,1004,RANDOM_MATCHED,1.0007323712851928,-0.0007131342556960796,0.02266018416535476,0.25916666666666666,0.1986934456471273,0.7083307781324468,0.685,1629.9452782636313,0.7116568463281832,0.7116568463281832
anticipation,1004,ORDINARY_SOFT,0.7920406049373522,0.20797462042051262,0.10186149723521268,0.7108333333333333,0.5440657195081422,0.5207661247691879,1.0,2400.0,,
anticipation,1004,ORACLE_CLASS,0.2371464475842107,0.7628581110703688,0.7326751099850504,0.8316666666666667,0.8177314547110911,0.24422954606614533,1.0,2400.0,0.0,0.0
anticipation,1005,ZERO,0.9991870690678021,0.0,0.0,0.2975,0.15285806037251123,1.405,1.0,2400.0,,
anticipation,1005,DIRECT,0.5692588793500143,0.4302779759939167,0.21854713660395608,0.6716666666666666,0.5260194749145951,,1.0,2400.0,,
anticipation,1005,RDFL_SOFT,0.5194648283723546,0.48011253902936046,0.2582321211286529,0.6283333333333333,0.6363336047120911,0.5091098527155598,0.6966666666666667,1657.9981915882,0.7282360789555753,0.7282360789555753
anticipation,1005,HARD_RDFL,0.5234407229975188,0.47613340964683815,0.25584921769102237,0.6075,0.6141632207664348,0.5140485924087905,0.6966666666666667,1672.0,0.7282360789555753,0.7282360789555753
anticipation,1005,RANDOM_MATCHED,0.9980864862180522,0.001101478275511214,0.0022364802823631722,0.29,0.16284139543421344,0.7134638816829674,0.6966666666666667,1657.9981915882,0.7282360789555753,0.7282360789555753
anticipation,1005,ORDINARY_SOFT,0.8146363982885477,0.184700819788863,0.08569693876204276,0.6708333333333333,0.5254303944627119,0.5530366741899392,1.0,2400.0,,
anticipation,1005,ORACLE_CLASS,0.23959329182277808,0.7602117769134982,0.698272289293925,0.8266666666666667,0.8213516226234021,0.24868334287705265,1.0,2400.0,0.0,0.0
anticipation,1006,ZERO,0.9998583812906755,0.0,0.0,0.2758333333333333,0.14413237535379927,1.4483333333333333,1.0,2400.0,,
anticipation,1006,DIRECT,0.5388674803948116,0.4610561950791371,0.23912226145757648,0.6991666666666667,0.5407395362369766,,1.0,2400.0,,
anticipation,1006,RDFL_SOFT,0.49649902012456193,0.5034306563659026,0.2759461749512406,0.6841666666666667,0.6926453966427663,0.4881085127909436,0.7054166666666667,1677.824883353868,0.7198395189225565,0.7198395189225565
anticipation,1006,HARD_RDFL,0.5031725362526112,0.4967561950092505,0.2723862961295208,0.665,0.674356187264404,0.4917825178248806,0.7054166666666667,1693.0,0.7198395189225565,0.7198395189225565
anticipation,1006,RANDOM_MATCHED,1.003496458994901,-0.0036385929970694786,0.028276218097516206,0.285,0.2147174028956975,0.717225536126837,0.7054166666666667,1677.824883353868,0.7198395189225565,0.7198395189225565
anticipation,1006,ORDINARY_SOFT,0.8057791600317689,0.19410671040070482,0.09326944507426947,0.6991666666666667,0.5407773010397873,0.533016018679861,1.0,2400.0,,
anticipation,1006,ORACLE_CLASS,0.2314156135124716,0.768551609065129,0.7089640842248699,0.8366666666666667,0.8265939646056489,0.23264166409417214,1.0,2400.0,0.0,0.0
anticipation,1007,ZERO,1.0008796605560095,0.0,0.0,0.2808333333333333,0.14617219692040773,1.4383333333333332,1.0,2400.0,,
anticipation,1007,DIRECT,0.5310568847663728,0.46940985445606953,0.24503212808240765,0.69,0.5350234586175423,,1.0,2400.0,,
anticipation,1007,RDFL_SOFT,0.4938671131697589,0.5065669404297761,0.28395738454187563,0.6416666666666667,0.6486008211726406,0.4974640958453487,0.7020833333333333,1670.4697486124696,0.7002897976800984,0.7002897976800984
anticipation,1007,HARD_RDFL,0.5062282639973307,0.49421665366232903,0.27441424467580083,0.6191666666666666,0.6257797785034082,0.5071655482990667,0.7020833333333333,1685.0,0.7002897976800984,0.7002897976800984
anticipation,1007,RANDOM_MATCHED,0.9988109754371596,0.002066866977495363,0.02628880701787324,0.28,0.16664993206211845,0.7159936253851218,0.7020833333333333,1670.4697486124696,0.7002897976800984,0.7002897976800984
anticipation,1007,ORDINARY_SOFT,0.797300913550822,0.20339982420273706,0.09663612569664273,0.69,0.5350042368891818,0.532688665109823,1.0,2400.0,,
anticipation,1007,ORACLE_CLASS,0.23320616554419984,0.7669987964240886,0.7244556546693879,0.8416666666666667,0.8309058774195784,0.2394936587673926,1.0,2400.0,0.0,0.0
anticipation,1008,ZERO,1.0011156753139085,0.0,0.0,0.2575,0.1365142478462558,1.485,1.0,2400.0,,
anticipation,1008,DIRECT,0.5142710510315939,0.48630206906875206,0.2552200098819864,0.7083333333333334,0.5420145729743253,,1.0,2400.0,,
anticipation,1008,RDFL_SOFT,0.4697888866485538,0.5307346611057235,0.30205814845438295,0.6491666666666667,0.6568967898495699,0.4963321863656505,0.7016666666666667,1668.6554329657681,0.7240551685769153,0.7240551685769153
anticipation,1008,HARD_RDFL,0.4788074129722154,0.5217261853161163,0.29554165253587067,0.6241666666666666,0.6334030433304554,0.5033206767943498,0.7016666666666667,1684.0,0.7240551685769153,0.7240551685769153
anticipation,1008,RANDOM_MATCHED,0.9980481420908789,0.0030641146659379226,0.024596309804730283,0.26666666666666666,0.18330541777883516,0.7203295483714749,0.7016666666666667,1668.6554329657681,0.7240551685769153,0.7240551685769153
anticipation,1008,ORDINARY_SOFT,0.7878255997379329,0.21305237829694024,0.10177465943027518,0.71,0.5431528579601602,0.5236977693629601,1.0,2400.0,,
anticipation,1008,ORACLE_CLASS,0.22280221366692607,0.7774460842428979,0.7242316443135957,0.8408333333333333,0.8256279266287532,0.23976579556138924,1.0,2400.0,0.0,0.0
anticipation,1009,ZERO,0.9991669087899437,0.0,0.0,0.2925,0.15087040618955513,1.415,1.0,2400.0,,
anticipation,1009,DIRECT,0.5427996674967154,0.45674775383215893,0.23591002192062666,0.6783333333333333,0.5300006294838805,,1.0,2400.0,,
anticipation,1009,RDFL_SOFT,0.47751332401568447,0.5220885321412574,0.291523108019114,0.6691666666666667,0.6759901336522396,0.4875741603489034,0.6920833333333334,1645.69244476281,0.7247135802893533,0.7247135802893533
anticipation,1009,HARD_RDFL,0.4883871658527105,0.5112056238489932,0.2844817441084884,0.6533333333333333,0.6600771983106165,0.49447415713262244,0.6920833333333334,1661.0,0.7247135802893533,0.7247135802893533
anticipation,1009,RANDOM_MATCHED,0.9992690402958653,-0.00010221666172394173,0.0019497445242435973,0.3,0.206060458035544,0.6913343769644648,0.6920833333333334,1645.69244476281,0.7247135802893533,0.7247135802893533
anticipation,1009,ORDINARY_SOFT,0.8044672599870842,0.19486198661107934,0.09183193205137694,0.6775,0.5290341022782495,0.5446522375013186,1.0,2400.0,,
anticipation,1009,ORACLE_CLASS,0.2424402686819599,0.7573575880574639,0.7131101196999208,0.8375,0.8289399527583464,0.24710022990237068,1.0,2400.0,0.0,0.0
anticipation,1010,ZERO,0.9993190080973264,0.0,0.0,0.29,0.14987080103359174,1.42,1.0,2400.0,,
anticipation,1010,DIRECT,0.602811012133752,0.3967781987040493,0.21102796879827007,0.6666666666666666,0.5202017656235685,,1.0,2400.0,,
anticipation,1010,RDFL_SOFT,0.5598460721678462,0.4397724173847384,0.24596519278545353,0.6283333333333333,0.6366431516597054,0.518031942970196,0.6908333333333333,1643.8212158744632,0.7046224343160367,0.7046224343160367
anticipation,1010,HARD_RDFL,0.5668698692804619,0.43274383386365756,0.24230116290836917,0.6058333333333333,0.613021100741952,0.5251866540851813,0.6908333333333333,1658.0,0.7046224343160367,0.7046224343160367
anticipation,1010,RANDOM_MATCHED,0.9978250120934647,0.0014950140963556624,0.02003448669108125,0.315,0.2548931236714042,0.6887241366645233,0.6908333333333333,1643.8212158744632,0.7046224343160367,0.7046224343160367
anticipation,1010,ORDINARY_SOFT,0.8351209568666774,0.16430994497270413,0.08205071000924179,0.6733333333333333,0.525220869405368,0.5579332878890038,1.0,2400.0,,
anticipation,1010,ORACLE_CLASS,0.2255815082812641,0.774264767853496,0.7114145872616028,0.8316666666666667,0.8242216010933578,0.23907098612956473,1.0,2400.0,0.0,0.0
anticipation,1011,ZERO,0.9994912521470879,0.0,0.0,0.28,0.14583333333333334,1.44,1.0,2400.0,,
anticipation,1011,DIRECT,0.5435642868940609,0.4561590351827627,0.23683571649251017,0.6958333333333333,0.5398358735646469,,1.0,2400.0,,
anticipation,1011,RDFL_SOFT,0.49937309005443137,0.5003727256424829,0.2800424083149649,0.6208333333333333,0.6303810286100324,0.5008930963778178,0.7108333333333333,1691.1708155316646,0.7071731809179599,0.7071731809179599
anticipation,1011,HARD_RDFL,0.5111911754475884,0.488548624763391,0.2728210992344921,0.6,0.6090631288229822,0.5092394166653168,0.7108333333333333,1706.0,0.7071731809179599,0.7071731809179599
anticipation,1011,RANDOM_MATCHED,0.998949889418883,0.0005416382855197854,0.011953898620740044,0.2866666666666667,0.2024905848839209,0.6940297472373403,0.7108333333333333,1691.1708155316646,0.7071731809179599,0.7071731809179599
anticipation,1011,ORDINARY_SOFT,0.8006130177354192,0.19897946478715278,0.09534764058252829,0.6958333333333333,0.5395564979470744,0.5356365787419374,1.0,2400.0,,
anticipation,1011,ORACLE_CLASS,0.2271667256065762,0.7727176449833042,0.7153120993950228,0.8383333333333334,0.8286595969921932,0.23301517170004904,1.0,2400.0,0.0,0.0
anticipation,1012,ZERO,1.0027494514750752,0.0,0.0,0.2833333333333333,0.14718614718614717,1.4333333333333333,1.0,2400.0,,
anticipation,1012,DIRECT,0.5441629209791262,0.45732912625517186,0.23625340829701733,0.6741666666666667,0.5236260194369018,,1.0,2400.0,,
anticipation,1012,RDFL_SOFT,0.5096136290767143,0.49178368701468056,0.27112679026535225,0.6508333333333334,0.6578707680997115,0.5019139981044254,0.6970833333333334,1658.1444525805366,0.7103359857434455,0.7103359857434455
anticipation,1012,HARD_RDFL,0.5191874635142985,0.48223610319551136,0.2643116117355436,0.6316666666666667,0.6386948647935508,0.50569293311017,0.6970833333333334,1673.0,0.7103359857434455,0.7103359857434455
anticipation,1012,RANDOM_MATCHED,1.001785541290453,0.0009612672270268297,0.011765469720403305,0.295,0.1896017721910257,0.6846122941983424,0.6970833333333334,1658.1444525805366,0.7103359857434455,0.7103359857434455
anticipation,1012,ORDINARY_SOFT,0.8123714646336689,0.18985598701784823,0.08878698924498536,0.675,0.5241863460996199,0.5443735988378479,1.0,2400.0,,
anticipation,1012,ORACLE_CLASS,0.22891630490436696,0.7717113636236609,0.6991435284745879,0.825,0.815892167457112,0.2551518263032646,1.0,2400.0,0.0,0.0
anticipation,1013,ZERO,0.9991979121987835,0.0,0.0,0.255,0.1354581673306773,1.49,1.0,2400.0,,
anticipation,1013,DIRECT,0.5404564222255768,0.4591097362921064,0.24551459199740228,0.7075,0.540630848220681,,1.0,2400.0,,
anticipation,1013,RDFL_SOFT,0.4836543740093371,0.5159573813109435,0.29464618615232596,0.6316666666666667,0.6417029707281495,0.4965072234322023,0.70625,1679.7286888283413,0.7046018806713491,0.7046018806713491
anticipation,1013,HARD_RDFL,0.49246271172081996,0.5071419728678858,0.287842832861126,0.6141666666666666,0.6242950840600108,0.5047703136121625,0.70625,1695.0,0.7046018806713491,0.7046018806713491
anticipation,1013,RANDOM_MATCHED,0.9980350371895341,0.0011638084858388575,0.010359913143969487,0.2575,0.18739530697748638,0.7257092555386531,0.70625,1679.7286888283413,0.7046018806713491,0.7046018806713491
anticipation,1013,ORDINARY_SOFT,0.8022830880659221,0.19707289389700666,0.09505640610450376,0.7091666666666666,0.5418579001672181,0.523635504680567,1.0,2400.0,,
anticipation,1013,ORACLE_CLASS,0.23060770584297927,0.7692071780499262,0.7162656909324427,0.8341666666666666,0.8198867007291312,0.24073099316407043,1.0,2400.0,0.0,0.0
anticipation,1014,ZERO,0.9994603202690591,0.0,0.0,0.2575,0.1365142478462558,1.485,1.0,2400.0,,
anticipation,1014,DIRECT,0.5231633273719548,0.476554179528491,0.24531265089158485,0.7158333333333333,0.5475423038556224,,1.0,2400.0,,
anticipation,1014,RDFL_SOFT,0.47027748375958917,0.5294685799702499,0.2922355079355314,0.6425,0.651135349350369,0.48781307681066627,0.6983333333333334,1661.8873613889755,0.7393965030244278,0.7393965030244278
anticipation,1014,HARD_RDFL,0.4732839982251223,0.5264604420736662,0.2903844105072747,0.6258333333333334,0.6359129892325049,0.4920512270260465,0.6983333333333334,1676.0,0.7393965030244278,0.7393965030244278
anticipation,1014,RANDOM_MATCHED,1.0018604157395736,-0.0024013914528075997,0.026993150854116243,0.25916666666666666,0.19301017519317878,0.7253522469111918,0.6983333333333334,1661.8873613889755,0.7393965030244278,0.7393965030244278
anticipation,1014,ORDINARY_SOFT,0.797094212997564,0.20247537912962588,0.0949141029302521,0.7166666666666667,0.5482166979172968,0.5206870290577864,1.0,2400.0,,
anticipation,1014,ORACLE_CLASS,0.22768371890792044,0.7721933384542701,0.7307381460941612,0.8425,0.8277330986660786,0.2282897799945573,1.0,2400.0,0.0,0.0
anticipation,1015,ZERO,1.0002467225248597,0.0,0.0,0.2783333333333333,0.14515428074750109,1.4433333333333334,1.0,2400.0,,
anticipation,1015,DIRECT,0.5665447850024111,0.43359495987918073,0.22586708991083654,0.68,0.5268458987372869,,1.0,2400.0,,
anticipation,1015,RDFL_SOFT,0.5176351187886107,0.48249256195313794,0.2737562251603918,0.6116666666666667,0.6194944101079028,0.5095648033342227,0.6908333333333333,1643.431093408562,0.7174821648022423,0.7174821648022423
anticipation,1015,HARD_RDFL,0.5293209995978149,0.4708095636027847,0.2645693435463636,0.5975,0.6043569087280796,0.5177195535220621,0.6908333333333333,1658.0,0.7174821648022423,0.7174821648022423
anticipation,1015,RANDOM_MATCHED,1.0010086930771316,-0.0007617826033445851,0.02185807260157718,0.27,0.15885746680048193,0.7117771659375601,0.6908333333333333,1643.431093408562,0.7174821648022423,0.7174821648022423
anticipation,1015,ORDINARY_SOFT,0.8115970092012919,0.1886031806706362,0.0916780598396481,0.6816666666666666,0.5280800500312696,0.5403600981662557,1.0,2400.0,,
anticipation,1015,ORACLE_CLASS,0.2326558744189553,0.7674015128670687,0.6937439555261199,0.83,0.8219130094372096,0.24786003655562028,1.0,2400.0,0.0,0.0
anticipation,1016,ZERO,0.9991677526591748,0.0,0.0,0.2725,0.14276358873608383,1.455,1.0,2400.0,,
anticipation,1016,DIRECT,0.5509449797231039,0.44859611586060044,0.22774068468861325,0.6883333333333334,0.5313169945715388,,1.0,2400.0,,
anticipation,1016,RDFL_SOFT,0.5049901158899212,0.4945892573634951,0.2687355429429665,0.6341666666666667,0.6437169371629499,0.5065276728840841,0.6929166666666666,1648.4326302482077,0.6929748081675143,0.6929748081675143
anticipation,1016,HARD_RDFL,0.5166108073015924,0.48295888660668873,0.25906109404631833,0.625,0.6344480831974546,0.5137580714297648,0.6929166666666666,1663.0,0.6929748081675143,0.6929748081675143
anticipation,1016,RANDOM_MATCHED,0.9998006942256297,-0.0006334687691536001,0.016459082032069815,0.2825,0.18007899783796266,0.6951103660552594,0.6929166666666666,1648.4326302482077,0.6929748081675143,0.6929748081675143
anticipation,1016,ORDINARY_SOFT,0.8085590737831164,0.19076744457452155,0.0884724759219633,0.6983333333333334,0.5391155860647212,0.5399717542644911,1.0,2400.0,,
anticipation,1016,ORACLE_CLASS,0.23486675482097757,0.7649376151342899,0.7128575424240999,0.8375,0.8279549106487808,0.24622727700622643,1.0,2400.0,0.0,0.0
anticipation,1017,ZERO,1.0012234862125715,0.0,0.0,0.2725,0.14276358873608383,1.455,1.0,2400.0,,
anticipation,1017,DIRECT,0.5334199700791402,0.4672318643892769,0.23908564324940698,0.7016666666666667,0.5413080134096467,,1.0,2400.0,,
anticipation,1017,RDFL_SOFT,0.4865341340058476,0.5140604063870804,0.2907862891743031,0.6558333333333334,0.6617678569302189,0.48805276985993923,0.6983333333333334,1660.978761625862,0.7163002743327729,0.7163002743327729
anticipation,1017,HARD_RDFL,0.4990827867575787,0.501527087977621,0.28165880416747235,0.6275,0.6341901500853645,0.4974435756440528,0.6983333333333334,1676.0,0.7163002743327729,0.7163002743327729
anticipation,1017,RANDOM_MATCHED,1.0030705713596857,-0.0018448280254603766,0.0244620075271514,0.2866666666666667,0.1926449536523858,0.692024687509468,0.6983333333333334,1660.978761625862,0.7163002743327729,0.7163002743327729
anticipation,1017,ORDINARY_SOFT,0.8014038866180594,0.19957542181755017,0.09325690518041929,0.7008333333333333,0.540468032377659,0.5306810755497531,1.0,2400.0,,
anticipation,1017,ORACLE_CLASS,0.2534173180553043,0.7468923556578448,0.7495032309582925,0.845,0.8326238367172888,0.23753546286819874,1.0,2400.0,0.0,0.0
anticipation,1018,ZERO,1.0030117223664687,0.0,0.0,0.26666666666666666,0.14035087719298245,1.4666666666666666,1.0,2400.0,,
anticipation,1018,DIRECT,0.5725024493261912,0.4292165918306018,0.22331188726647636,0.7,0.5381258599316772,,1.0,2400.0,,
anticipation,1018,RDFL_SOFT,0.5052737009338131,0.49624347386320766,0.2828867843505648,0.6358333333333334,0.6457629726997065,0.500507644018832,0.6866666666666666,1633.3031784987677,0.7138714049554761,0.7138714049554761
anticipation,1018,HARD_RDFL,0.5136935972159016,0.487848859827967,0.27637528264047756,0.6141666666666666,0.6251178127496538,0.5084965555076928,0.6866666666666666,1648.0,0.7138714049554761,0.7138714049554761
anticipation,1018,RANDOM_MATCHED,1.0022876704065382,0.0007218778642209545,0.0121384558050823,0.30583333333333335,0.25652867877827606,0.676534752116334,0.6866666666666666,1633.3031784987677,0.7138714049554761,0.7138714049554761
anticipation,1018,ORDINARY_SOFT,0.823114576044808,0.17935697291475128,0.08572403107322484,0.6991666666666667,0.5373759800180392,0.5402820994924445,1.0,2400.0,,
anticipation,1018,ORACLE_CLASS,0.24245304806329282,0.7582749606442704,0.7128574142915557,0.8266666666666667,0.813414814187228,0.24554393460377938,1.0,2400.0,0.0,0.0
anticipation,1019,ZERO,1.0015245194037234,0.0,0.0,0.2658333333333333,0.14000438885231511,1.4683333333333333,1.0,2400.0,,
anticipation,1019,DIRECT,0.559414477885686,0.4414370621512652,0.22643352592071675,0.7141666666666666,0.549168273956001,,1.0,2400.0,,
anticipation,1019,RDFL_SOFT,0.4868017305231135,0.5139392784782343,0.2840905692046971,0.6775,0.6845976974842279,0.48640626507710183,0.6895833333333333,1640.2497319551321,0.736107166373838,0.736107166373838
anticipation,1019,HARD_RDFL,0.4963625852542055,0.5043929772685702,0.2771795819583042,0.6591666666666667,0.6677662417460573,0.4914899332724301,0.6895833333333333,1655.0,0.736107166373838,0.736107166373838
anticipation,1019,RANDOM_MATCHED,1.0017858796516763,-0.0002609624057017257,0.004149684596087434,0.2875,0.23775806695801086,0.6818675989908252,0.6895833333333333,1640.2497319551321,0.736107166373838,0.736107166373838
anticipation,1019,ORDINARY_SOFT,0.8159201305830999,0.18532186204600032,0.08709646485270361,0.7175,0.5516441074884648,0.5344609744657745,1.0,2400.0,,
anticipation,1019,ORACLE_CLASS,0.2349699000873351,0.7653877708084182,0.7116498647522176,0.8425,0.8308567477363011,0.23136560870641962,1.0,2400.0,0.0,0.0
anticipation,1020,ZERO,1.0017916602014552,0.0,0.0,0.2775,0.14481409001956946,1.445,1.0,2400.0,,
anticipation,1020,DIRECT,0.5579774280237969,0.4430204899973009,0.22356471819058668,0.6833333333333333,0.5287800864534216,,1.0,2400.0,,
anticipation,1020,RDFL_SOFT,0.5125248949247375,0.48839173324554186,0.26396676961455134,0.6466666666666666,0.653485038539927,0.49796322581653174,0.67875,1615.1441792187313,0.7347792752340017,0.7347792752340017
anticipation,1020,HARD_RDFL,0.5210985618232669,0.47983339997212937,0.2600493281712539,0.6416666666666667,0.6488851810342585,0.5020966564395053,0.67875,1629.0,0.7347792752340017,0.7347792752340017
anticipation,1020,RANDOM_MATCHED,1.0001755924074935,0.001613177527986842,0.005435576227117882,0.2833333333333333,0.22374632164053218,0.7038214267953851,0.67875,1615.1441792187313,0.7347792752340017,0.7347792752340017
anticipation,1020,ORDINARY_SOFT,0.818178875472022,0.18328440136196544,0.08493933315394682,0.6841666666666667,0.5294031704288115,0.5422489690355631,1.0,2400.0,,
anticipation,1020,ORACLE_CLASS,0.24708541990813984,0.7533564814679609,0.6968621282588658,0.8275,0.8187819111301092,0.2530028232622152,1.0,2400.0,0.0,0.0
anticipation,1021,ZERO,0.9994880820666132,0.0,0.0,0.2725,0.14276358873608383,1.455,1.0,2400.0,,
anticipation,1021,DIRECT,0.5350846082781456,0.46464133201892077,0.23805985728059775,0.6966666666666667,0.5374833948476984,,1.0,2400.0,,
anticipation,1021,RDFL_SOFT,0.4987643700052327,0.5009801727961061,0.2733919070560393,0.6541666666666667,0.663677564411685,0.4953411032992968,0.7075,1682.8066827065404,0.722352748168615,0.722352748168615
anticipation,1021,HARD_RDFL,0.4987749617043235,0.5009695756721575,0.2735048948890623,0.6383333333333333,0.6479888607894093,0.4963552185684788,0.7075,1698.0,0.722352748168615,0.722352748168615
anticipation,1021,RANDOM_MATCHED,0.9983214823761469,0.0011671971996445318,0.004936284249171923,0.285,0.2240577911771708,0.7091679097183468,0.7075,1682.8066827065404,0.722352748168615,0.722352748168615
anticipation,1021,ORDINARY_SOFT,0.7997043245495444,0.1998860827874821,0.0937200120677148,0.6958333333333333,0.5372002949219297,0.5299512328391487,1.0,2400.0,,
anticipation,1021,ORACLE_CLASS,0.24456821227142228,0.7553065247504147,0.7171333175142294,0.845,0.8322516786821087,0.2391135735888307,1.0,2400.0,0.0,0.0
anticipation,1022,ZERO,0.9991723772387453,0.0,0.0,0.26416666666666666,0.13931004174906614,1.4716666666666667,1.0,2400.0,,
anticipation,1022,DIRECT,0.5091419865078767,0.49043628696490604,0.2546661725057546,0.7108333333333333,0.5459679079959554,,1.0,2400.0,,
anticipation,1022,RDFL_SOFT,0.4692742556091964,0.5303370406355153,0.2958571996787832,0.6391666666666667,0.6486317664462761,0.49297672432581424,0.7016666666666667,1669.6953132946187,0.7112709925292936,0.7112709925292936
anticipation,1022,HARD_RDFL,0.47848210466117486,0.521121564645852,0.2893961637667333,0.6225,0.6323712707500592,0.5003060397139669,0.7016666666666667,1684.0,0.7112709925292936,0.7112709925292936
anticipation,1022,RANDOM_MATCHED,0.9982483826713883,0.0009247599197153011,0.004587191739855213,0.2733333333333333,0.1932571288874919,0.6964282112845547,0.7016666666666667,1669.6953132946187,0.7112709925292936,0.7112709925292936
anticipation,1022,ORDINARY_SOFT,0.7842420785315078,0.21510832725500917,0.10129946665623016,0.7091666666666666,0.5450727012826885,0.5192268813351554,1.0,2400.0,,
anticipation,1022,ORACLE_CLASS,0.22236319176725028,0.7774526229580523,0.7306527288835034,0.8408333333333333,0.8268345794309951,0.2343195574258642,1.0,2400.0,0.0,0.0
anticipation,1023,ZERO,0.9995015866699106,0.0,0.0,0.275,0.14379084967320263,1.45,1.0,2400.0,,
anticipation,1023,DIRECT,0.5301276570617589,0.46960798848953134,0.23962747303193727,0.6941666666666667,0.5365539452495974,,1.0,2400.0,,
anticipation,1023,RDFL_SOFT,0.45813224666965613,0.5416393002475981,0.305463512601689,0.6775,0.6856638879293214,0.4787803337184707,0.7,1665.2285134452925,0.7091037356853095,0.7091037356853095
anticipation,1023,HARD_RDFL,0.46218560603759934,0.5375839196238935,0.30237301291574764,0.6658333333333334,0.6746299623430176,0.4824053220337546,0.7,1680.0,0.7091037356853095,0.7091037356853095
anticipation,1023,RANDOM_MATCHED,1.0062086409258748,-0.006710398808180473,0.0503305588404843,0.355,0.3218381178887661,0.6756641995042747,0.7,1665.2285134452925,0.7091037356853095,0.7091037356853095
anticipation,1023,ORDINARY_SOFT,0.8034389307460318,0.19616042489448227,0.09355750917430578,0.6925,0.5352128454070201,0.533124009935851,1.0,2400.0,,
anticipation,1023,ORACLE_CLASS,0.24058947725663898,0.7592905499447751,0.7181777525895366,0.8241666666666667,0.813662483147783,0.25196771769490006,1.0,2400.0,0.0,0.0
anticipation,1024,ZERO,1.0001396163096017,0.0,0.0,0.2608333333333333,0.13791584049350078,1.4783333333333333,1.0,2400.0,,
anticipation,1024,DIRECT,0.5341132438304802,0.46596131667966956,0.23984162950789198,0.7125,0.5467899834327675,,1.0,2400.0,,
anticipation,1024,RDFL_SOFT,0.4619310343045457,0.5381334497987218,0.3022697832829228,0.6658333333333334,0.6750816494723089,0.4900348342928508,0.6970833333333334,1658.9025356152515,0.7165556534022972,0.7165556534022972
anticipation,1024,HARD_RDFL,0.4725065439948092,0.5275594164159769,0.2948932780006544,0.6375,0.6478339195972023,0.49738582466004316,0.6970833333333334,1673.0,0.7165556534022972,0.7165556534022972
anticipation,1024,RANDOM_MATCHED,0.9963708749210838,0.0037682152842061223,0.04605586793188961,0.3,0.24286574279827078,0.6868903493384338,0.6970833333333334,1658.9025356152515,0.7165556534022972,0.7165556534022972
anticipation,1024,ORDINARY_SOFT,0.7997897859032171,0.20032186220725068,0.0959275089998101,0.7125,0.5463201232045453,0.5282106220269732,1.0,2400.0,,
anticipation,1024,ORACLE_CLASS,0.22809022334629234,0.7719416173234707,0.706816891366285,0.8216666666666667,0.8058005043993691,0.25473674259212054,1.0,2400.0,0.0,0.0
anticipation,1025,ZERO,0.999391149218875,0.0,0.0,0.27416666666666667,0.1434488772618269,1.4516666666666667,1.0,2400.0,,
anticipation,1025,DIRECT,0.5939006720502452,0.4057375107689932,0.20099204987014255,0.6983333333333334,0.539370580623176,,1.0,2400.0,,
anticipation,1025,RDFL_SOFT,0.5283546293800027,0.4713234855111884,0.2559277153132531,0.6133333333333333,0.6234231754485372,0.5149066899040993,0.6879166666666666,1636.7541835911227,0.7278212040379118,0.7278212040379118
anticipation,1025,HARD_RDFL,0.530923352992785,0.46875319697622375,0.25477844150748735,0.6058333333333333,0.6159938372849508,0.5187838027888563,0.6879166666666666,1651.0,0.7278212040379118,0.7278212040379118
anticipation,1025,RANDOM_MATCHED,1.0000151719135209,-0.0006244028628166198,0.018786813962928462,0.27416666666666667,0.18202066678343756,0.7141135839030828,0.6879166666666666,1636.7541835911227,0.7278212040379118,0.7278212040379118
anticipation,1025,ORDINARY_SOFT,0.8243143218165642,0.1751834880058234,0.0804928144042805,0.6975,0.5389614265462956,0.5474087133451866,1.0,2400.0,,
anticipation,1025,ORACLE_CLASS,0.23102478313504585,0.7688344715523896,0.7101974430410243,0.8416666666666667,0.8289672467213277,0.22777827360465105,1.0,2400.0,0.0,0.0
anticipation,1026,ZERO,0.9996921545633751,0.0,0.0,0.27,0.14173228346456693,1.46,1.0,2400.0,,
anticipation,1026,DIRECT,0.5384770844033239,0.461357096836967,0.2403445841247021,0.7025,0.5414290664290665,,1.0,2400.0,,
anticipation,1026,RDFL_SOFT,0.5096265666120267,0.49021649886348184,0.27336195562357796,0.6425,0.6487475813859135,0.5023271479806835,0.6975,1659.2563023906537,0.6972194814697542,0.6972194814697542
anticipation,1026,HARD_RDFL,0.5164454748501915,0.48339549080911426,0.26851564849050724,0.6216666666666667,0.6288218552369496,0.5080288502521367,0.6975,1674.0,0.6972194814697542,0.6972194814697542
anticipation,1026,RANDOM_MATCHED,0.9994449957757816,0.00024723489772859875,0.0009073191719885329,0.27,0.17956487995107748,0.7074390622355657,0.6975,1659.2563023906537,0.6972194814697542,0.6972194814697542
anticipation,1026,ORDINARY_SOFT,0.8084938493511679,0.1912571828631734,0.09148690694122716,0.6975,0.5380544699321845,0.5337320662110333,1.0,2400.0,,
anticipation,1026,ORACLE_CLASS,0.23128675279665278,0.7686420247064263,0.7073281077401196,0.8425,0.8337039251590993,0.22942943931599696,1.0,2400.0,0.0,0.0
anticipation,1027,ZERO,0.9992915197596539,0.0,0.0,0.27666666666666667,0.144473455178416,1.4466666666666668,1.0,2400.0,,
anticipation,1027,DIRECT,0.5565354270911308,0.44306999900791033,0.23188782926720553,0.695,0.5375202930622289,,1.0,2400.0,,
anticipation,1027,RDFL_SOFT,0.49537164084869195,0.504277149306904,0.28714840348312365,0.6341666666666667,0.6433142299092801,0.5002340211272505,0.7066666666666667,1680.9831160437063,0.6910847220463473,0.6910847220463473
anticipation,1027,HARD_RDFL,0.501995139539363,0.49764895467130443,0.28142787405603,0.6166666666666667,0.6259046869293173,0.5059943872598175,0.7066666666666667,1696.0,0.6910847220463473,0.6910847220463473
anticipation,1027,RANDOM_MATCHED,0.9966626855404076,0.002630698016809485,0.006560866845533814,0.2875,0.1846083218563499,0.6829301476557961,0.7066666666666667,1680.9831160437063,0.6910847220463473,0.6910847220463473
anticipation,1027,ORDINARY_SOFT,0.8060246484216085,0.19340389417547477,0.09197895346862466,0.6925,0.5357383357383357,0.5412735632255711,1.0,2400.0,,
anticipation,1027,ORACLE_CLASS,0.2614299852994156,0.7383846654054527,0.7079473122166781,0.8141666666666667,0.803630902039347,0.2712563304464086,1.0,2400.0,0.0,0.0
anticipation,1028,ZERO,0.9992446606587536,0.0,0.0,0.2866666666666667,0.1485319516407599,1.4266666666666667,1.0,2400.0,,
anticipation,1028,DIRECT,0.5845176705131941,0.4150404865532632,0.21393527759797773,0.6816666666666666,0.5303927249864597,,1.0,2400.0,,
anticipation,1028,RDFL_SOFT,0.5276186135938197,0.47198255405639467,0.2646613554007539,0.6233333333333333,0.6336841742221475,0.5130072306959816,0.6958333333333333,1656.338031561305,0.7073588914853378,0.7073588914853378
anticipation,1028,HARD_RDFL,0.5378416224627238,0.46175181750968686,0.2590616535137403,0.6216666666666667,0.6317329964983679,0.5186562792021323,0.6958333333333333,1670.0,0.7073588914853378,0.7073588914853378
anticipation,1028,RANDOM_MATCHED,0.997258721910023,0.001987439940305924,0.002379626108439097,0.31666666666666665,0.22079499858698823,0.6760946147204128,0.6958333333333333,1656.338031561305,0.7073588914853378,0.7073588914853378
anticipation,1028,ORDINARY_SOFT,0.822461548161981,0.1769167446741502,0.08374599118956748,0.6808333333333333,0.5298199031084591,0.5528154001435238,1.0,2400.0,,
anticipation,1028,ORACLE_CLASS,0.23756177063628678,0.7622586539720174,0.710037964795796,0.8366666666666667,0.827597591973488,0.240610630148429,1.0,2400.0,0.0,0.0
anticipation,1029,ZERO,0.9992978646924677,0.0,0.0,0.2708333333333333,0.14207650273224043,1.4583333333333333,1.0,2400.0,,
anticipation,1029,DIRECT,0.5407189450278107,0.45890113035094293,0.23455487822621043,0.7075,0.5456020579428378,,1.0,2400.0,,
anticipation,1029,RDFL_SOFT,0.4891314653696381,0.510524856850197,0.280032970107645,0.6616666666666666,0.6696470004128652,0.49172775268141833,0.6879166666666666,1636.3085542507717,0.7208051889586564,0.7208051889586564
anticipation,1029,HARD_RDFL,0.5009596565768688,0.49868835481697105,0.27300293550277144,0.6425,0.6518828562790815,0.4992221559552782,0.6879166666666666,1651.0,0.7208051889586564,0.7208051889586564
anticipation,1029,RANDOM_MATCHED,0.9988611005783404,0.0004370709971062148,0.0045869740296645084,0.2658333333333333,0.18908494039120874,0.721767140968006,0.6879166666666666,1636.3085542507717,0.7208051889586564,0.7208051889586564
anticipation,1029,ORDINARY_SOFT,0.8052632472371078,0.19417095173627108,0.09070568726497262,0.7025,0.5417382821572908,0.5330785222078605,1.0,2400.0,,
anticipation,1029,ORACLE_CLASS,0.2224626677825295,0.7773810235739951,0.7268631410944025,0.8516666666666667,0.8399616681617329,0.2276067411779519,1.0,2400.0,0.0,0.0
anticipation,1030,ZERO,0.9992940826017631,0.0,0.0,0.2733333333333333,0.1431064572425829,1.4533333333333334,1.0,2400.0,,
anticipation,1030,DIRECT,0.5518969741434436,0.44771315696524083,0.22271371827760408,0.7008333333333333,0.5413673484922629,,1.0,2400.0,,
anticipation,1030,RDFL_SOFT,0.49516000194093635,0.5044902090766541,0.2707892763170351,0.6908333333333333,0.6990650323429118,0.4912779941964398,0.69625,1654.5096403823854,0.7149886906406399,0.7149886906406399
anticipation,1030,HARD_RDFL,0.5030481995457834,0.4965964391222586,0.26509767147353047,0.6641666666666667,0.6731702772813426,0.4976201610478773,0.69625,1671.0,0.7149886906406399,0.7149886906406399
anticipation,1030,RANDOM_MATCHED,0.9976533956523815,0.0016418459570078925,0.004131710200847529,0.25916666666666666,0.1739643525649136,0.7351887908526832,0.69625,1654.5096403823854,0.7149886906406399,0.7149886906406399
anticipation,1030,ORDINARY_SOFT,0.8130410763017026,0.18638457841672784,0.08510109707560398,0.7016666666666667,0.541879315893922,0.5412629160457632,1.0,2400.0,,
anticipation,1030,ORACLE_CLASS,0.23081771608924834,0.7690192305669508,0.7286484638115606,0.8308333333333333,0.8161240522424906,0.2431576371657748,1.0,2400.0,0.0,0.0
stale_price,1001,ZERO,0.9993721117105563,0.0,0.0,0.2708333333333333,0.14207650273224043,1.4583333333333333,1.0,2400.0,,
stale_price,1001,DIRECT,0.2070160174730534,0.7928539179278093,0.5267167516830709,0.7033333333333334,0.5429118517444059,,1.0,2400.0,,
stale_price,1001,RDFL_SOFT,0.20424945666280375,0.7956222169205782,0.5904385117196526,0.685,0.6937046220137533,0.418728916267713,0.7258333333333333,1725.9380614590661,0.6887666848466456,0.6887666848466456
stale_price,1001,HARD_RDFL,0.2070398351446281,0.7928300852920017,0.5869912447769037,0.68,0.6889583666079607,0.41935641888280156,0.7258333333333333,1742.0,0.6887666848466456,0.6887666848466456
stale_price,1001,RANDOM_MATCHED,1.0017860444427125,-0.002415449364525868,0.056807943030335026,0.29083333333333333,0.2028492422147893,0.7022782967728222,0.7258333333333333,1725.9380614590661,0.6887666848466456,0.6887666848466456
stale_price,1001,ORDINARY_SOFT,0.5611087535606362,0.43853871147132073,0.23586096065944992,0.7041666666666667,0.5431588050256025,0.4523120544323257,1.0,2400.0,,
stale_price,1001,ORACLE_CLASS,0.23018377436712711,0.7696716051310083,0.7055246163116102,0.8333333333333334,0.82448082247081,0.2477107143654204,1.0,2400.0,0.0,0.0
stale_price,1002,ZERO,1.0002291114874842,0.0,0.0,0.2966666666666667,0.1525278491859469,1.4066666666666667,1.0,2400.0,,
stale_price,1002,DIRECT,0.2023393667903451,0.7977069808641768,0.5163855891454754,0.685,0.5363153228686472,,1.0,2400.0,,
stale_price,1002,RDFL_SOFT,0.18564281194567,0.8143997112125716,0.5996321231557751,0.7233333333333334,0.7307275808182284,0.3840230674427419,0.7004166666666667,1667.0356754753252,0.7017469492756839,0.7017469492756839
stale_price,1002,HARD_RDFL,0.1875790891653151,0.8124638775146645,0.5945099069903537,0.7208333333333333,0.7283656849320721,0.38586962735639396,0.7004166666666667,1681.0,0.7017469492756839,0.7017469492756839
stale_price,1002,RANDOM_MATCHED,0.9962044424780788,0.004023747122716803,0.03404200319274207,0.29583333333333334,0.20014846494259908,0.7227162006412952,0.7004166666666667,1667.0356754753252,0.7017469492756839,0.7017469492756839
stale_price,1002,ORDINARY_SOFT,0.5560501947162279,0.4440771735894574,0.23453066934209144,0.685,0.5360927862517229,0.4564564290777556,1.0,2400.0,,
stale_price,1002,ORACLE_CLASS,0.23887666267028132,0.7611780541809692,0.7046482236253511,0.8233333333333334,0.8157795092631889,0.24337841039191663,1.0,2400.0,0.0,0.0
stale_price,1003,ZERO,1.0001699057982352,0.0,0.0,0.27416666666666667,0.1434488772618269,1.4516666666666667,1.0,2400.0,,
stale_price,1003,DIRECT,0.1935399941706973,0.8064928838103431,0.5473382270029934,0.7008333333333333,0.541355911309347,,1.0,2400.0,,
stale_price,1003,RDFL_SOFT,0.17852954403094737,0.8215007840208279,0.6394732866752401,0.7341666666666666,0.7402178662973715,0.37988123234295584,0.6966666666666667,1657.1717694975944,0.7094166955429868,0.7094166955429868
stale_price,1003,HARD_RDFL,0.18072477670263815,0.8193059242685354,0.6309824077299367,0.7241666666666666,0.7310010038477768,0.38249649763194316,0.6966666666666667,1672.0,0.7094166955429868,0.7094166955429868
stale_price,1003,RANDOM_MATCHED,1.0001422509719953,2.7650128322731504e-05,0.0035877619293629886,0.2825,0.1942645572179307,0.7094009596202261,0.6966666666666667,1657.1717694975944,0.7094166955429868,0.7094166955429868
stale_price,1003,ORDINARY_SOFT,0.5503722172176309,0.4497212783278267,0.23983214742541709,0.7008333333333333,0.5412954646599507,0.4462190584439242,1.0,2400.0,,
stale_price,1003,ORACLE_CLASS,0.2389047522154427,0.7611358321916586,0.7272356670429251,0.8216666666666667,0.8056703371407844,0.25770980094978624,1.0,2400.0,0.0,0.0
stale_price,1004,ZERO,1.0000192233206882,0.0,0.0,0.2575,0.1365142478462558,1.485,1.0,2400.0,,
stale_price,1004,DIRECT,0.17941222544870206,0.8205912233837451,0.5752233060397538,0.7158333333333333,0.5477081692823265,,1.0,2400.0,,
stale_price,1004,RDFL_SOFT,0.18947264389296403,0.8105309983304155,0.6311575902216695,0.6941666666666667,0.702021966887922,0.4068771846089907,0.7304166666666667,1736.9966469993205,0.6448708759952363,0.6448708759952363
stale_price,1004,HARD_RDFL,0.19382670587667672,0.8061770200446237,0.6261602649498201,0.6858333333333333,0.6939939654596742,0.4082818253048028,0.7304166666666667,1753.0,0.6448708759952363,0.6448708759952363
stale_price,1004,RANDOM_MATCHED,1.0004657044405607,-0.0004464725371877698,0.024745976780008876,0.26666666666666666,0.1725629262432724,0.703742731578385,0.7304166666666667,1736.9966469993205,0.6448708759952363,0.6448708759952363
stale_price,1004,ORDINARY_SOFT,0.5293970638524444,0.4706131127214578,0.2594432657226424,0.7141666666666666,0.5464317761459153,0.43056189714896276,1.0,2400.0,,
stale_price,1004,ORACLE_CLASS,0.2371464475842107,0.7628581110703688,0.7326751099850504,0.8316666666666667,0.8177314547110911,0.24422954606614533,1.0,2400.0,0.0,0.0
stale_price,1005,ZERO,0.9991870690678021,0.0,0.0,0.2975,0.15285806037251123,1.405,1.0,2400.0,,
stale_price,1005,DIRECT,0.19318601896512397,0.8066568063722461,0.516111638985355,0.6791666666666667,0.5318438003220612,,1.0,2400.0,,
stale_price,1005,RDFL_SOFT,0.17895615681418037,0.8208982458298438,0.6002529720402925,0.7191666666666666,0.7270422334283135,0.3945091666619284,0.6941666666666667,1652.8413800393253,0.7091823775457562,0.7091823775457562
stale_price,1005,HARD_RDFL,0.18041904864660377,0.819434163799851,0.5980000963545846,0.705,0.7130090497737557,0.39621458749872873,0.6941666666666667,1666.0,0.7091823775457562,0.7091823775457562
stale_price,1005,RANDOM_MATCHED,0.9985440497288258,0.0006435424945763213,0.007240107084461199,0.30833333333333335,0.19560779562720154,0.6903416353212811,0.6941666666666667,1652.8413800393253,0.7091823775457562,0.7091823775457562
stale_price,1005,ORDINARY_SOFT,0.5553984840074155,0.44414964804780943,0.2294942204192961,0.68,0.5325120791471739,0.46233761493814285,1.0,2400.0,,
stale_price,1005,ORACLE_CLASS,0.23959329182277808,0.7602117769134982,0.698272289293925,0.8266666666666667,0.8213516226234021,0.24868334287705265,1.0,2400.0,0.0,0.0
stale_price,1006,ZERO,0.9998583812906755,0.0,0.0,0.2758333333333333,0.14413237535379927,1.4483333333333333,1.0,2400.0,,
stale_price,1006,DIRECT,0.19456145246918186,0.8054109900863855,0.5169908427883756,0.705,0.5451840721823846,,1.0,2400.0,,
stale_price,1006,RDFL_SOFT,0.17835987613957038,0.8216148611873083,0.604877044925916,0.735,0.7421916848100497,0.38299446358012895,0.7054166666666667,1678.8546483138778,0.6995005818578715,0.6995005818578715
stale_price,1006,HARD_RDFL,0.18173375715530166,0.8182405022992265,0.5984229178118202,0.7225,0.7302309218958903,0.38709209617061713,0.7054166666666667,1693.0,0.6995005818578715,0.6995005818578715
stale_price,1006,RANDOM_MATCHED,1.001423257650845,-0.0015650980073294019,0.020388647868875075,0.2775,0.16958507562099526,0.7016960490971723,0.7054166666666667,1678.8546483138778,0.6995005818578715,0.6995005818578715
stale_price,1006,ORDINARY_SOFT,0.5584787254545579,0.44144217230680105,0.22947606763006154,0.7033333333333334,0.5439037153322868,0.4468669800622179,1.0,2400.0,,
stale_price,1006,ORACLE_CLASS,0.2314156135124716,0.768551609065129,0.7089640842248699,0.8366666666666667,0.8265939646056489,0.23264166409417214,1.0,2400.0,0.0,0.0
stale_price,1007,ZERO,1.0008796605560095,0.0,0.0,0.2808333333333333,0.14617219692040773,1.4383333333333332,1.0,2400.0,,
stale_price,1007,DIRECT,0.1699134020723541,0.8302359326814938,0.5684969630686294,0.695,0.5389286264014149,,1.0,2400.0,,
stale_price,1007,RDFL_SOFT,0.1779521292011752,0.8222042706889268,0.6276346441989245,0.7383333333333333,0.7442746893137082,0.38136819498019214,0.7120833333333333,1693.1049387708717,0.6791940204758524,0.6791940204758524
stale_price,1007,HARD_RDFL,0.18266740212114232,0.817493141963074,0.618374536113636,0.735,0.7410304356911315,0.38291741642331767,0.7120833333333333,1709.0,0.6791940204758524,0.6791940204758524
stale_price,1007,RANDOM_MATCHED,0.9951755816257548,0.005699065686963767,0.0430516836449896,0.285,0.17659510953320975,0.7115066792326368,0.7120833333333333,1693.1049387708717,0.6791940204758524,0.6791940204758524
stale_price,1007,ORDINARY_SOFT,0.5311625191304943,0.4693043129326633,0.25259421280578304,0.6933333333333334,0.537576833954534,0.441600584635288,1.0,2400.0,,
stale_price,1007,ORACLE_CLASS,0.23320616554419984,0.7669987964240886,0.7244556546693879,0.8416666666666667,0.8309058774195784,0.2394936587673926,1.0,2400.0,0.0,0.0
stale_price,1008,ZERO,1.0011156753139085,0.0,0.0,0.2575,0.1365142478462558,1.485,1.0,2400.0,,
stale_price,1008,DIRECT,0.16974483491667314,0.8304443341540445,0.5742104711689675,0.7233333333333334,0.5534477566997892,,1.0,2400.0,,
stale_price,1008,RDFL_SOFT,0.1618656565436896,0.8383147317187545,0.6550497590770981,0.6925,0.7005827555218715,0.40458904965989745,0.7054166666666667,1677.9247409158152,0.6783433719408211,0.6783433719408211
stale_price,1008,HARD_RDFL,0.16469608718500098,0.8354874553998377,0.6494273310145706,0.6825,0.6907769051873679,0.4059790023824792,0.7054166666666667,1693.0,0.6783433719408211,0.6783433719408211
stale_price,1008,RANDOM_MATCHED,1.0007205688919187,0.00039466610276173153,0.011261484395815856,0.26666666666666666,0.18057164568989711,0.7078861406270547,0.7054166666666667,1677.9247409158152,0.6783433719408211,0.6783433719408211
stale_price,1008,ORDINARY_SOFT,0.5276952450878495,0.4728928353635198,0.2546690364615662,0.7225,0.5528280692480507,0.4377405434376967,1.0,2400.0,,
stale_price,1008,ORACLE_CLASS,0.22280221366692607,0.7774460842428979,0.7242316443135957,0.8408333333333333,0.8256279266287532,0.23976579556138924,1.0,2400.0,0.0,0.0
stale_price,1009,ZERO,0.9991669087899437,0.0,0.0,0.2925,0.15087040618955513,1.415,1.0,2400.0,,
stale_price,1009,DIRECT,0.16731477383390012,0.8325457214785774,0.5669445625412104,0.6833333333333333,0.5337336470755739,,1.0,2400.0,,
stale_price,1009,RDFL_SOFT,0.1689402911256359,0.8309188488535578,0.6514671628602826,0.7333333333333333,0.740085406786899,0.37640973908448633,0.6941666666666667,1651.6476884387685,0.7085996035333038,0.7085996035333038
stale_price,1009,HARD_RDFL,0.16858854169599488,0.8312708915668888,0.6490438739310845,0.7225,0.7296646859648529,0.3781435321529831,0.6941666666666667,1666.0,0.7085996035333038,0.7085996035333038
stale_price,1009,RANDOM_MATCHED,0.9979551607733522,0.0012127583549169652,0.01912978706932059,0.2941666666666667,0.17051175640928906,0.7026967030139777,0.6941666666666667,1651.6476884387685,0.7085996035333038,0.7085996035333038
stale_price,1009,ORDINARY_SOFT,0.5242802757377338,0.47528258679756374,0.25406712761563965,0.6833333333333333,0.5338181665598584,0.44900528489644653,1.0,2400.0,,
stale_price,1009,ORACLE_CLASS,0.2424402686819599,0.7573575880574639,0.7131101196999208,0.8375,0.8289399527583464,0.24710022990237068,1.0,2400.0,0.0,0.0
stale_price,1010,ZERO,0.9993190080973264,0.0,0.0,0.29,0.14987080103359174,1.42,1.0,2400.0,,
stale_price,1010,DIRECT,0.2127914561581892,0.7870635358339297,0.5059221246813985,0.6883333333333334,0.5368121009425356,,1.0,2400.0,,
stale_price,1010,RDFL_SOFT,0.20214283745421968,0.7977194111026732,0.5753364811216367,0.7183333333333334,0.7259098937025757,0.39514117718401065,0.7033333333333334,1673.5521379703516,0.7090987500270417,0.7090987500270417
stale_price,1010,HARD_RDFL,0.20641774590249137,0.793441589492524,0.569858332176513,0.7116666666666667,0.7194772370955725,0.3967153759728314,0.7033333333333334,1688.0,0.7090987500270417,0.7090987500270417
stale_price,1010,RANDOM_MATCHED,1.000925897573012,-0.0016079845001097937,0.04484143049626687,0.3016666666666667,0.2018800121106604,0.7070291920719309,0.7033333333333334,1673.5521379703516,0.7090987500270417,0.7090987500270417
stale_price,1010,ORDINARY_SOFT,0.5792349154044016,0.42037036150523377,0.22123849351093006,0.6866666666666666,0.5354375291532518,0.45837623409662814,1.0,2400.0,,
stale_price,1010,ORACLE_CLASS,0.2255815082812641,0.774264767853496,0.7114145872616028,0.8316666666666667,0.8242216010933578,0.23907098612956473,1.0,2400.0,0.0,0.0
stale_price,1011,ZERO,0.9994912521470879,0.0,0.0,0.28,0.14583333333333334,1.44,1.0,2400.0,,
stale_price,1011,DIRECT,0.20757152516165336,0.7923228195186779,0.5187401987416461,0.6975,0.5406317521219446,,1.0,2400.0,,
stale_price,1011,RDFL_SOFT,0.19467456135132158,0.805226347971405,0.6129323777373828,0.715,0.7214209978762541,0.3908257686060901,0.7058333333333333,1679.9805779942535,0.682073652501251,0.682073652501251
stale_price,1011,HARD_RDFL,0.19847995568683563,0.8014190166642632,0.6075181405783633,0.7108333333333333,0.7174145984645209,0.3926043897093315,0.7058333333333333,1694.0,0.682073652501251,0.682073652501251
stale_price,1011,RANDOM_MATCHED,0.9954806358976602,0.004012657680407039,0.018436283489802942,0.30416666666666664,0.22243555790960454,0.6845822334018462,0.7058333333333333,1679.9805779942535,0.682073652501251,0.682073652501251
stale_price,1011,ORDINARY_SOFT,0.5657646159137181,0.4339474060444717,0.2291707405061744,0.6966666666666667,0.5399968503335484,0.4529386089805318,1.0,2400.0,,
stale_price,1011,ORACLE_CLASS,0.2271667256065762,0.7727176449833042,0.7153120993950228,0.8383333333333334,0.8286595969921932,0.23301517170004904,1.0,2400.0,0.0,0.0
stale_price,1012,ZERO,1.0027494514750752,0.0,0.0,0.2833333333333333,0.14718614718614717,1.4333333333333333,1.0,2400.0,,
stale_price,1012,DIRECT,0.1937050596511297,0.8068260627156828,0.5166700698585686,0.69,0.5359050176507859,,1.0,2400.0,,
stale_price,1012,RDFL_SOFT,0.18396702960598083,0.8165373919323918,0.5980636957773917,0.7033333333333334,0.7095570292075544,0.3975292059764125,0.7129166666666666,1696.2359578688179,0.684819098298209,0.684819098298209
stale_price,1012,HARD_RDFL,0.1883760433928345,0.812140467276519,0.5916760497382937,0.6966666666666667,0.7030664902268366,0.4015180317302338,0.7129166666666666,1711.0,0.684819098298209,0.684819098298209
stale_price,1012,RANDOM_MATCHED,0.9988349061510168,0.003903811982444938,0.019676869756053535,0.2841666666666667,0.17013542597207656,0.7190853759193395,0.7129166666666666,1696.2359578688179,0.684819098298209,0.684819098298209
stale_price,1012,ORDINARY_SOFT,0.5582394000576847,0.44329124365363914,0.2292226889356694,0.6883333333333334,0.5346090098582145,0.4552719634889304,1.0,2400.0,,
stale_price,1012,ORACLE_CLASS,0.22891630490436696,0.7717113636236609,0.6991435284745879,0.825,0.815892167457112,0.2551518263032646,1.0,2400.0,0.0,0.0
stale_price,1013,ZERO,0.9991979121987835,0.0,0.0,0.255,0.1354581673306773,1.49,1.0,2400.0,,
stale_price,1013,DIRECT,0.19222558974089143,0.8076201046918826,0.5478963045127545,0.7233333333333334,0.5527031584158385,,1.0,2400.0,,
stale_price,1013,RDFL_SOFT,0.1777367416880522,0.8221205834018068,0.6376864843216574,0.6875,0.6955323544107804,0.39992139750465344,0.7029166666666666,1673.2451723841045,0.6685408326667516,0.6685408326667516
stale_price,1013,HARD_RDFL,0.17794107165870066,0.8219160894090214,0.6342209747495592,0.6866666666666666,0.6950906637881662,0.4043070187476256,0.7029166666666666,1687.0,0.6685408326667516,0.6685408326667516
stale_price,1013,RANDOM_MATCHED,0.9984881087252643,0.000710373255241592,0.014684062887063908,0.25333333333333335,0.1448032285395385,0.7307746623381578,0.7029166666666666,1673.2451723841045,0.6685408326667516,0.6685408326667516
stale_price,1013,ORDINARY_SOFT,0.5400921815126065,0.4594742693926297,0.24763620551213303,0.7266666666666667,0.5552481223310554,0.4328019231546949,1.0,2400.0,,
stale_price,1013,ORACLE_CLASS,0.23060770584297927,0.7692071780499262,0.7162656909324427,0.8341666666666666,0.8198867007291312,0.24073099316407043,1.0,2400.0,0.0,0.0
stale_price,1014,ZERO,0.9994603202690591,0.0,0.0,0.2575,0.1365142478462558,1.485,1.0,2400.0,,
stale_price,1014,DIRECT,0.1964672395538812,0.8034266738063285,0.5258695786124276,0.7233333333333334,0.5532337597893539,,1.0,2400.0,,
stale_price,1014,RDFL_SOFT,0.18353253218501794,0.8163683655439066,0.6017917305870091,0.7008333333333333,0.7088191600381472,0.39634886274243947,0.7,1666.6920959226563,0.6998225532167971,0.6998225532167971
stale_price,1014,HARD_RDFL,0.18530712066289057,0.8145928188394662,0.5987944544477806,0.6925,0.7010353022458586,0.4015319306457748,0.7,1680.0,0.6998225532167971,0.6998225532167971
stale_price,1014,RANDOM_MATCHED,1.0030062457065376,-0.0035478401348880695,0.048990674544145504,0.27,0.1757895745815643,0.7159784578317916,0.7,1666.6920959226563,0.6998225532167971,0.6998225532167971
stale_price,1014,ORDINARY_SOFT,0.5539448276860478,0.44575605809250796,0.23561222133203064,0.7233333333333334,0.5533882746970469,0.43420460622594487,1.0,2400.0,,
stale_price,1014,ORACLE_CLASS,0.22768371890792044,0.7721933384542701,0.7307381460941612,0.8425,0.8277330986660786,0.2282897799945573,1.0,2400.0,0.0,0.0
stale_price,1015,ZERO,1.0002467225248597,0.0,0.0,0.2783333333333333,0.14515428074750109,1.4433333333333334,1.0,2400.0,,
stale_price,1015,DIRECT,0.20493426720256194,0.7951162822255899,0.5160974613043618,0.695,0.5382361467220448,,1.0,2400.0,,
stale_price,1015,RDFL_SOFT,0.20608637987675307,0.7939644537334327,0.5750662920336779,0.6708333333333333,0.6799438499891819,0.42109818548118,0.7233333333333334,1720.9978528357651,0.695146732482591,0.695146732482591
stale_price,1015,HARD_RDFL,0.20749997784445018,0.792551204446168,0.5713391882532752,0.6666666666666666,0.675464393060743,0.42015998628135276,0.7233333333333334,1736.0,0.695146732482591,0.695146732482591
stale_price,1015,RANDOM_MATCHED,1.0039403075738091,-0.0036926739831009137,0.040896146009774516,0.2808333333333333,0.16121646728430486,0.7035212275238257,0.7233333333333334,1720.9978528357651,0.695146732482591,0.695146732482591
stale_price,1015,ORDINARY_SOFT,0.5584833673973393,0.44165438904154075,0.23543764103451337,0.6966666666666667,0.5395245909372199,0.45152296649744633,1.0,2400.0,,
stale_price,1015,ORACLE_CLASS,0.2326558744189553,0.7674015128670687,0.6937439555261199,0.83,0.8219130094372096,0.24786003655562028,1.0,2400.0,0.0,0.0
stale_price,1016,ZERO,0.9991677526591748,0.0,0.0,0.2725,0.14276358873608383,1.455,1.0,2400.0,,
stale_price,1016,DIRECT,0.2152401875237497,0.7845805301953434,0.5009403869087631,0.7083333333333334,0.5466937732947584,,1.0,2400.0,,
stale_price,1016,RDFL_SOFT,0.21024942945386274,0.7895754452700189,0.5637698285154213,0.6866666666666666,0.6953604126966813,0.42214588956307353,0.7125,1695.4736126628607,0.6918679404559701,0.6918679404559701
stale_price,1016,HARD_RDFL,0.2147339043758678,0.7850872350469906,0.5547576864380168,0.6658333333333334,0.6749771426389319,0.4305783996650225,0.7125,1710.0,0.6918679404559701,0.6918679404559701
stale_price,1016,RANDOM_MATCHED,0.9997328479503184,-0.00056556598192814,0.02776103110298511,0.2808333333333333,0.16377624877584337,0.7090883677425641,0.7125,1695.4736126628607,0.6918679404559701,0.6918679404559701
stale_price,1016,ORDINARY_SOFT,0.5609040497521468,0.43862875051825634,0.23218499142541654,0.7075,0.546047078566889,0.4499110640661746,1.0,2400.0,,
stale_price,1016,ORACLE_CLASS,0.23486675482097757,0.7649376151342899,0.7128575424240999,0.8375,0.8279549106487808,0.24622727700622643,1.0,2400.0,0.0,0.0
stale_price,1017,ZERO,1.0012234862125715,0.0,0.0,0.2725,0.14276358873608383,1.455,1.0,2400.0,,
stale_price,1017,DIRECT,0.18299171776869633,0.8172318964860508,0.541583018774263,0.705,0.5438143736317637,,1.0,2400.0,,
stale_price,1017,RDFL_SOFT,0.1907649203677785,0.8094681926715441,0.6304280523936207,0.7208333333333333,0.7251828529114146,0.3930248200827762,0.6975,1659.7261861630802,0.6784301159489182,0.6784301159489182
stale_price,1017,HARD_RDFL,0.19284415582495765,0.8073914980216369,0.6268797646537727,0.7175,0.7225666142575436,0.39806051029623785,0.6975,1674.0,0.6784301159489182,0.6784301159489182
stale_price,1017,RANDOM_MATCHED,0.9987587946879259,0.0024616796934808782,0.017249967689160397,0.2875,0.17934779064080267,0.7019761012364203,0.6975,1659.7261861630802,0.6784301159489182,0.6784301159489182
stale_price,1017,ORDINARY_SOFT,0.5509322574841856,0.44974097684398884,0.2399787887825508,0.7075,0.5456234887866337,0.4425897300043664,1.0,2400.0,,
stale_price,1017,ORACLE_CLASS,0.2534173180553043,0.7468923556578448,0.7495032309582925,0.845,0.8326238367172888,0.23753546286819874,1.0,2400.0,0.0,0.0
stale_price,1018,ZERO,1.0030117223664687,0.0,0.0,0.26666666666666666,0.14035087719298245,1.4666666666666666,1.0,2400.0,,
stale_price,1018,DIRECT,0.20120659277279523,0.7993975660642572,0.5244199459986322,0.7166666666666667,0.550934535706575,,1.0,2400.0,,
stale_price,1018,RDFL_SOFT,0.20174333305194947,0.7988624374439376,0.5924314235527983,0.6933333333333334,0.7005027214482967,0.4094402847093185,0.71625,1703.893113886913,0.6981762844035158,0.6981762844035158
stale_price,1018,HARD_RDFL,0.2075768058592692,0.7930464806836752,0.5876059178010874,0.6891666666666667,0.6965932969152648,0.4127246573643557,0.71625,1719.0,0.6981762844035158,0.6981762844035158
stale_price,1018,RANDOM_MATCHED,0.9997387714900519,0.0032631232551249,0.008142380577882913,0.2916666666666667,0.208315600362491,0.7108495710359136,0.71625,1703.893113886913,0.6981762844035158,0.6981762844035158
stale_price,1018,ORDINARY_SOFT,0.5633707825286933,0.43832083916277953,0.23193473186943328,0.7141666666666666,0.5489603099304238,0.4450516005972448,1.0,2400.0,,
stale_price,1018,ORACLE_CLASS,0.24245304806329282,0.7582749606442704,0.7128574142915557,0.8266666666666667,0.813414814187228,0.24554393460377938,1.0,2400.0,0.0,0.0
stale_price,1019,ZERO,1.0015245194037234,0.0,0.0,0.2658333333333333,0.14000438885231511,1.4683333333333333,1.0,2400.0,,
stale_price,1019,DIRECT,0.19078347596830827,0.8095069344064638,0.5439184398785837,0.715,0.5498012163490316,,1.0,2400.0,,
stale_price,1019,RDFL_SOFT,0.19567818354487912,0.804619677547805,0.6076169460119659,0.6766666666666666,0.6856823316593692,0.41245847839284855,0.7045833333333333,1675.8124744787133,0.7031660668419656,0.7031660668419656
stale_price,1019,HARD_RDFL,0.19629178300900144,0.8040070121040397,0.6052033871656355,0.6733333333333333,0.6823765447599063,0.41416477725659795,0.7045833333333333,1691.0,0.7031660668419656,0.7031660668419656
stale_price,1019,RANDOM_MATCHED,1.0046375171318098,-0.003108259126735957,0.03732974342692142,0.2825,0.18943394639684397,0.7070399868925343,0.7045833333333333,1675.8124744787133,0.7031660668419656,0.7031660668419656
stale_price,1019,ORDINARY_SOFT,0.5496842924024228,0.4511524363580357,0.24220671221236234,0.7141666666666666,0.5491249071703299,0.43761253147929363,1.0,2400.0,,
stale_price,1019,ORACLE_CLASS,0.2349699000873351,0.7653877708084182,0.7116498647522176,0.8425,0.8308567477363011,0.23136560870641962,1.0,2400.0,0.0,0.0
stale_price,1020,ZERO,1.0017916602014552,0.0,0.0,0.2775,0.14481409001956946,1.445,1.0,2400.0,,
stale_price,1020,DIRECT,0.18196646312944798,0.8183589758644473,0.5400013272398032,0.6958333333333333,0.5383640749494408,,1.0,2400.0,,
stale_price,1020,RDFL_SOFT,0.18238628218567746,0.8179399076360843,0.6249081009439343,0.6991666666666667,0.7068580379221316,0.3967612415609689,0.7041666666666667,1674.1119075370887,0.6704318970081409,0.6704318970081409
stale_price,1020,HARD_RDFL,0.1854713232994322,0.8148603839822994,0.6202872265670512,0.6975,0.7055928926473016,0.39938793241060744,0.7041666666666667,1690.0,0.6704318970081409,0.6704318970081409
stale_price,1020,RANDOM_MATCHED,0.9978884761464709,0.0038962033824471165,0.011747328781224718,0.2758333333333333,0.1692942129445367,0.7302413140406296,0.7041666666666667,1674.1119075370887,0.6704318970081409,0.6704318970081409
stale_price,1020,ORDINARY_SOFT,0.5384860655331821,0.4624769930457443,0.24699621544846537,0.6975,0.5396474656321161,0.4449433430797829,1.0,2400.0,,
stale_price,1020,ORACLE_CLASS,0.24708541990813984,0.7533564814679609,0.6968621282588658,0.8275,0.8187819111301092,0.2530028232622152,1.0,2400.0,0.0,0.0
stale_price,1021,ZERO,0.9994880820666132,0.0,0.0,0.2725,0.14276358873608383,1.455,1.0,2400.0,,
stale_price,1021,DIRECT,0.18375986493316945,0.8161460169157652,0.5443825431581719,0.7,0.5401299741169022,,1.0,2400.0,,
stale_price,1021,RDFL_SOFT,0.19384235840137162,0.8060583593947721,0.6063213115388913,0.6983333333333334,0.7067098625274001,0.40422678620369595,0.7129166666666666,1695.8774986293056,0.6778053058910857,0.6778053058910857
stale_price,1021,HARD_RDFL,0.19575552035893073,0.8041442175536775,0.6025974605705054,0.6875,0.696142092351427,0.4093293452106233,0.7129166666666666,1711.0,0.6778053058910857,0.6778053058910857
stale_price,1021,RANDOM_MATCHED,1.0029288482301368,-0.0034425284555761326,0.052350017873343355,0.2675,0.15409379549725988,0.7374411232366431,0.7129166666666666,1695.8774986293056,0.6778053058910857,0.6778053058910857
stale_price,1021,ORDINARY_SOFT,0.5450735309260326,0.4546472932433576,0.24282550421709947,0.6983333333333334,0.538876546339233,0.4396782186408859,1.0,2400.0,,
stale_price,1021,ORACLE_CLASS,0.24456821227142228,0.7553065247504147,0.7171333175142294,0.845,0.8322516786821087,0.2391135735888307,1.0,2400.0,0.0,0.0
stale_price,1022,ZERO,0.9991723772387453,0.0,0.0,0.26416666666666666,0.13931004174906614,1.4716666666666667,1.0,2400.0,,
stale_price,1022,DIRECT,0.14956435338398497,0.8503117612225106,0.5787637690251834,0.715,0.5491475292547012,,1.0,2400.0,,
stale_price,1022,RDFL_SOFT,0.17025110268812124,0.8296078769124731,0.6231434159526522,0.7083333333333334,0.7159145193852804,0.40153872794810136,0.7070833333333333,1683.1572627839148,0.6814219332499158,0.6814219332499158
stale_price,1022,HARD_RDFL,0.17144791166304313,0.828410076610758,0.620438854384474,0.705,0.712685143215562,0.4022492452055978,0.7070833333333333,1697.0,0.6814219332499158,0.6814219332499158
stale_price,1022,RANDOM_MATCHED,0.9991334088636684,3.900065290496357e-05,0.011979737806436352,0.2708333333333333,0.16194884171344698,0.7096536652571657,0.7070833333333333,1683.1572627839148,0.6814219332499158,0.6814219332499158
stale_price,1022,ORDINARY_SOFT,0.5219844793185346,0.4775831566110138,0.2536210237877602,0.7166666666666667,0.5504763133957765,0.42908283742961845,1.0,2400.0,,
stale_price,1022,ORACLE_CLASS,0.22236319176725028,0.7774526229580523,0.7306527288835034,0.8408333333333333,0.8268345794309951,0.2343195574258642,1.0,2400.0,0.0,0.0
stale_price,1023,ZERO,0.9995015866699106,0.0,0.0,0.275,0.14379084967320263,1.45,1.0,2400.0,,
stale_price,1023,DIRECT,0.16062290573387514,0.8392969977476169,0.5797052961507179,0.7008333333333333,0.5416479960169281,,1.0,2400.0,,
stale_price,1023,RDFL_SOFT,0.17626412438995293,0.8236479794121979,0.6465634031112092,0.6941666666666667,0.7026084739985524,0.3962744491847285,0.7154166666666667,1702.6889814775232,0.6864373614719447,0.6864373614719447
stale_price,1023,HARD_RDFL,0.17815932367230322,0.8217518350662298,0.6441279739821537,0.6916666666666667,0.699938139027323,0.3989702851256195,0.7154166666666667,1717.0,0.6864373614719447,0.6864373614719447
stale_price,1023,RANDOM_MATCHED,1.005855025597677,-0.006356607145501902,0.07370803845824887,0.2833333333333333,0.18348162053841896,0.7007864065898116,0.7154166666666667,1702.6889814775232,0.6864373614719447,0.6864373614719447
stale_price,1023,ORDINARY_SOFT,0.5124234141294168,0.48732105985275764,0.2684232070968958,0.7016666666666667,0.5422398568483292,0.4347598064835918,1.0,2400.0,,
stale_price,1023,ORACLE_CLASS,0.24058947725663898,0.7592905499447751,0.7181777525895366,0.8241666666666667,0.813662483147783,0.25196771769490006,1.0,2400.0,0.0,0.0
stale_price,1024,ZERO,1.0001396163096017,0.0,0.0,0.2608333333333333,0.13791584049350078,1.4783333333333333,1.0,2400.0,,
stale_price,1024,DIRECT,0.19040257468554955,0.8096240049083219,0.5398766885208016,0.715,0.5481298038797515,,1.0,2400.0,,
stale_price,1024,RDFL_SOFT,0.17564189212112194,0.8243826269284082,0.6231731145142703,0.6658333333333334,0.6747502972962177,0.4155979468027037,0.71,1689.2424475394203,0.7009522355787896,0.7009522355787896
stale_price,1024,HARD_RDFL,0.17801324796064297,0.8220116021226206,0.6193245188897577,0.6641666666666667,0.6731743179245641,0.4170476335946666,0.71,1704.0,0.7009522355787896,0.7009522355787896
stale_price,1024,RANDOM_MATCHED,0.9989990058583912,0.0011404512256191213,0.029977413009575713,0.275,0.1927537680582622,0.7204488634538151,0.71,1689.2424475394203,0.7009522355787896,0.7009522355787896
stale_price,1024,ORDINARY_SOFT,0.5306458991842558,0.46942817729560893,0.25162837962926515,0.7141666666666666,0.5474945613873824,0.4380118524471565,1.0,2400.0,,
stale_price,1024,ORACLE_CLASS,0.22809022334629234,0.7719416173234707,0.706816891366285,0.8216666666666667,0.8058005043993691,0.25473674259212054,1.0,2400.0,0.0,0.0
stale_price,1025,ZERO,0.999391149218875,0.0,0.0,0.27416666666666667,0.1434488772618269,1.4516666666666667,1.0,2400.0,,
stale_price,1025,DIRECT,0.21164924413678163,0.7882218145495816,0.5010622927678384,0.7041666666666667,0.5440626319261419,,1.0,2400.0,,
stale_price,1025,RDFL_SOFT,0.20410330250481376,0.7957723533329857,0.5752083796746162,0.6966666666666667,0.7047985357033705,0.4032726155181985,0.7170833333333333,1705.1703957248194,0.6939357788856882,0.6939357788856882
stale_price,1025,HARD_RDFL,0.2083474261869614,0.791525644038567,0.5702167922439042,0.6916666666666667,0.7000852118025785,0.40586476696730595,0.7170833333333333,1721.0,0.6939357788856882,0.6939357788856882
stale_price,1025,RANDOM_MATCHED,1.0022851225358271,-0.0028957363883141962,0.04117472141108534,0.29583333333333334,0.2244213216463882,0.7058433356598091,0.7170833333333333,1705.1703957248194,0.6939357788856882,0.6939357788856882
stale_price,1025,ORDINARY_SOFT,0.5831620822744954,0.41648264272672875,0.216796894853966,0.7025,0.5427145332559887,0.45537586033982486,1.0,2400.0,,
stale_price,1025,ORACLE_CLASS,0.23102478313504585,0.7688344715523896,0.7101974430410243,0.8416666666666667,0.8289672467213277,0.22777827360465105,1.0,2400.0,0.0,0.0
stale_price,1026,ZERO,0.9996921545633751,0.0,0.0,0.27,0.14173228346456693,1.46,1.0,2400.0,,
stale_price,1026,DIRECT,0.18163930590587501,0.8183047600436479,0.5522088465156401,0.7108333333333333,0.5478759233148586,,1.0,2400.0,,
stale_price,1026,RDFL_SOFT,0.1890680615343454,0.8108737168024264,0.617680898967045,0.6983333333333334,0.7065014821035965,0.38835866181753703,0.7233333333333334,1720.8345318797938,0.6627174795608443,0.6627174795608443
stale_price,1026,HARD_RDFL,0.1906015453053307,0.8093397608100888,0.6166592363906638,0.7008333333333333,0.7090943189690476,0.3904762963229542,0.7233333333333334,1736.0,0.6627174795608443,0.6627174795608443
stale_price,1026,RANDOM_MATCHED,0.9984597791438532,0.001232754917497747,0.011195905508048332,0.2841666666666667,0.20585991246366667,0.7163021061185842,0.7233333333333334,1720.8345318797938,0.6627174795608443,0.6627174795608443
stale_price,1026,ORDINARY_SOFT,0.5386320646380479,0.4612020688775931,0.24809875499187511,0.7108333333333333,0.5478562190994202,0.4350148626862654,1.0,2400.0,,
stale_price,1026,ORACLE_CLASS,0.23128675279665278,0.7686420247064263,0.7073281077401196,0.8425,0.8337039251590993,0.22942943931599696,1.0,2400.0,0.0,0.0
stale_price,1027,ZERO,0.9992915197596539,0.0,0.0,0.27666666666666667,0.144473455178416,1.4466666666666668,1.0,2400.0,,
stale_price,1027,DIRECT,0.2039458501663778,0.7959095557866536,0.52706479862261,0.7025,0.5433122956073415,,1.0,2400.0,,
stale_price,1027,RDFL_SOFT,0.2090047868666131,0.7908470323886245,0.5943300648906852,0.6625,0.671750225284736,0.4213918715247385,0.70875,1686.8375340771022,0.6910545111705761,0.6910545111705761
stale_price,1027,HARD_RDFL,0.21035487487099755,0.7894959871954168,0.5877615654829198,0.6508333333333334,0.6600279207680664,0.42787255503040245,0.70875,1701.0,0.6910545111705761,0.6910545111705761
stale_price,1027,RANDOM_MATCHED,0.9990554229731843,0.00023626417496913632,0.03477487544086155,0.30416666666666664,0.21529338196677986,0.6966479124928108,0.70875,1686.8375340771022,0.6910545111705761,0.6910545111705761
stale_price,1027,ORDINARY_SOFT,0.5557730634919037,0.44383290310961887,0.23736774738226113,0.7,0.5414037277970097,0.45578589487131393,1.0,2400.0,,
stale_price,1027,ORACLE_CLASS,0.2614299852994156,0.7383846654054527,0.7079473122166781,0.8141666666666667,0.803630902039347,0.2712563304464086,1.0,2400.0,0.0,0.0
stale_price,1028,ZERO,0.9992446606587536,0.0,0.0,0.2866666666666667,0.1485319516407599,1.4266666666666667,1.0,2400.0,,
stale_price,1028,DIRECT,0.21889842698773923,0.7809361054344488,0.5041910484834577,0.6925,0.5388426393889261,,1.0,2400.0,,
stale_price,1028,RDFL_SOFT,0.20937185078529721,0.7904698828740616,0.5795309339642603,0.6983333333333334,0.7069062778228554,0.4099671051727654,0.6995833333333333,1665.6063060692325,0.711911483330104,0.711911483330104
stale_price,1028,HARD_RDFL,0.2133417738465142,0.7864969589070725,0.5706959355902606,0.69,0.6987722586657812,0.41465783695493974,0.6995833333333333,1679.0,0.711911483330104,0.711911483330104
stale_price,1028,RANDOM_MATCHED,0.9993652355658723,-0.00012066605093408178,0.012154785180278673,0.27666666666666667,0.16839787454932484,0.7273812598366033,0.6995833333333333,1665.6063060692325,0.711911483330104,0.711911483330104
stale_price,1028,ORDINARY_SOFT,0.5740518920637765,0.4255141761925134,0.22338597264044058,0.6933333333333334,0.5394811225519888,0.461538125067804,1.0,2400.0,,
stale_price,1028,ORACLE_CLASS,0.23756177063628678,0.7622586539720174,0.710037964795796,0.8366666666666667,0.827597591973488,0.240610630148429,1.0,2400.0,0.0,0.0
stale_price,1029,ZERO,0.9992978646924677,0.0,0.0,0.2708333333333333,0.14207650273224043,1.4583333333333333,1.0,2400.0,,
stale_price,1029,DIRECT,0.17252799396217833,0.8273507829266967,0.5496736470420869,0.72,0.5552467701459244,,1.0,2400.0,,
stale_price,1029,RDFL_SOFT,0.16911299584696507,0.8307681805174183,0.6342121253264861,0.7183333333333334,0.7252508840982584,0.3821672632880536,0.7029166666666666,1673.0179825695511,0.6863014762876477,0.6863014762876477
stale_price,1029,HARD_RDFL,0.17228322201210675,0.8275957268605526,0.6282761864224223,0.7116666666666667,0.719122702180344,0.3844216012342463,0.7029166666666666,1687.0,0.6863014762876477,0.6863014762876477
stale_price,1029,RANDOM_MATCHED,0.995812712579178,0.003487600881006858,0.011600408054898639,0.2891666666666667,0.19720521074723332,0.711756560577085,0.7029166666666666,1673.0179825695511,0.6863014762876477,0.6863014762876477
stale_price,1029,ORDINARY_SOFT,0.5381531920726782,0.46146868607760516,0.24352074029338336,0.7175,0.5532622929900005,0.4374161902998957,1.0,2400.0,,
stale_price,1029,ORACLE_CLASS,0.2224626677825295,0.7773810235739951,0.7268631410944025,0.8516666666666667,0.8399616681617329,0.2276067411779519,1.0,2400.0,0.0,0.0
stale_price,1030,ZERO,0.9992940826017631,0.0,0.0,0.2733333333333333,0.1431064572425829,1.4533333333333334,1.0,2400.0,,
stale_price,1030,DIRECT,0.1727740028269352,0.8271039468410534,0.541248094569166,0.7116666666666667,0.5495495495495496,,1.0,2400.0,,
stale_price,1030,RDFL_SOFT,0.17964120122174082,0.8202318973469483,0.603419046659538,0.715,0.7225577891689436,0.39010352719001823,0.7091666666666666,1687.7772664070742,0.7048663614548822,0.7048663614548822
stale_price,1030,HARD_RDFL,0.1825944504686333,0.8172765618773302,0.59818832740325,0.7116666666666667,0.7193472657060304,0.39019232147475374,0.7091666666666666,1702.0,0.7048663614548822,0.7048663614548822
stale_price,1030,RANDOM_MATCHED,0.9925234658282481,0.0067753996460051535,0.020773018047788673,0.2925,0.2002800828061,0.6888111265165326,0.7091666666666666,1687.7772664070742,0.7048663614548822,0.7048663614548822
stale_price,1030,ORDINARY_SOFT,0.5468743113415828,0.45273936785681723,0.23691865630848943,0.7125,0.5501929416733827,0.440999479429243,1.0,2400.0,,
stale_price,1030,ORACLE_CLASS,0.23081771608924834,0.7690192305669508,0.7286484638115606,0.8308333333333333,0.8161240522424906,0.2431576371657748,1.0,2400.0,0.0,0.0
nonrandom_missing,1001,ZERO,0.9993721117105563,0.0,0.0,0.2708333333333333,0.14207650273224043,1.4583333333333333,1.0,1517.0,,
nonrandom_missing,1001,DIRECT,0.12577962869728782,0.8741413461278207,0.716111197590961,0.705,0.543670613242956,,1.0,1517.0,,
nonrandom_missing,1001,RDFL_SOFT,0.1638429506740889,0.8360541096212398,0.7406621243497149,0.7391666666666666,0.7440940283253029,0.3588065036493378,0.7086354647330257,1064.5299851486188,0.5682919560310616,0.5682919560310616
nonrandom_missing,1001,HARD_RDFL,0.168322725552285,0.8315715201776257,0.7263993950488637,0.7358333333333333,0.7403686737293625,0.36320969495440486,0.7086354647330257,1075.0,0.5682919560310616,0.5682919560310616
nonrandom_missing,1001,RANDOM_MATCHED,0.991395355323098,0.00798176804614359,0.0183953470308951,0.2825,0.2245275794440501,0.7176993446264847,0.7086354647330257,1064.5299851486188,0.5682919560310616,0.5682919560310616
nonrandom_missing,1001,ORDINARY_SOFT,0.5102594160302842,0.48941999676486025,0.26926243232767993,0.7033333333333334,0.5423729653364747,0.42652808744157594,1.0,1517.0,,
nonrandom_missing,1001,ORACLE_CLASS,0.24660173869095264,0.7532433256829016,0.6252304761821116,0.8325,0.8269100387527447,0.2500168272247396,1.0,1517.0,0.0,0.0
nonrandom_missing,1002,ZERO,1.0002291114874842,0.0,0.0,0.2966666666666667,0.1525278491859469,1.4066666666666667,1.0,1516.0,,
nonrandom_missing,1002,DIRECT,0.11958297821617608,0.8804444133421201,0.699038317395557,0.6875,0.5378093266292024,,1.0,1516.0,,
nonrandom_missing,1002,RDFL_SOFT,0.16651392829650485,0.8335242132186347,0.736302910332599,0.7691666666666667,0.7757677363689705,0.34425582173311775,0.6985488126649076,1049.9237827578204,0.5558002139634899,0.5558002139634899
nonrandom_missing,1002,HARD_RDFL,0.1703579273220346,0.8296810946957063,0.7296544203461937,0.7533333333333333,0.7605838235476646,0.3531522003295838,0.6985488126649076,1059.0,0.5558002139634899,0.5558002139634899
nonrandom_missing,1002,RANDOM_MATCHED,0.9987675667941526,0.001461209913354855,0.024801674652101154,0.2991666666666667,0.2199635504274086,0.7007949018044741,0.6985488126649076,1049.9237827578204,0.5558002139634899,0.5558002139634899
nonrandom_missing,1002,ORDINARY_SOFT,0.4908772263481681,0.5092352135020712,0.2800910269996211,0.6883333333333334,0.5383857158950095,0.4303123060649184,1.0,1516.0,,
nonrandom_missing,1002,ORACLE_CLASS,0.25950520673963173,0.7405542352654481,0.6129613852701058,0.8283333333333334,0.8238115678235954,0.24451064462399416,1.0,1516.0,0.0,0.0
nonrandom_missing,1003,ZERO,1.0001699057982352,0.0,0.0,0.27416666666666667,0.1434488772618269,1.4516666666666667,1.0,1519.0,,
nonrandom_missing,1003,DIRECT,0.12042465092966505,0.8795958064409525,0.7554214872873987,0.7008333333333333,0.5413417770388498,,1.0,1519.0,,
nonrandom_missing,1003,RDFL_SOFT,0.160795466035235,0.8392318494057225,0.7906895171077252,0.7658333333333334,0.7693277698143651,0.34409402247859,0.7044107965766951,1060.0728572125624,0.5891008820519633,0.5891008820519633
nonrandom_missing,1003,HARD_RDFL,0.16346677009209687,0.8365609991418067,0.7813297443356015,0.7508333333333334,0.7554942517904012,0.3505101761854821,0.7044107965766951,1070.0,0.5891008820519633,0.5891008820519633
nonrandom_missing,1003,RANDOM_MATCHED,0.999319735850147,0.0008500255238230725,0.005413667203906296,0.275,0.21046925049113438,0.7315915677569861,0.7044107965766951,1060.0728572125624,0.5891008820519633,0.5891008820519633
nonrandom_missing,1003,ORDINARY_SOFT,0.4761336928024255,0.5239471913300336,0.29499985008097185,0.7008333333333333,0.5412925882831211,0.4168299575447467,1.0,1519.0,,
nonrandom_missing,1003,ORACLE_CLASS,0.25184772034910824,0.7481950627697513,0.6517246659464988,0.8291666666666667,0.8158928444432725,0.25808524553854356,1.0,1519.0,0.0,0.0
nonrandom_missing,1004,ZERO,1.0000192233206882,0.0,0.0,0.2575,0.1365142478462558,1.485,1.0,1468.0,,
nonrandom_missing,1004,DIRECT,0.1253883169050179,0.8746140934284738,0.7497960223230704,0.7191666666666666,0.5505332103670592,,1.0,1468.0,,
nonrandom_missing,1004,RDFL_SOFT,0.1679318714186834,0.8320713567274789,0.7907719301509322,0.7508333333333334,0.7529843888506487,0.3545343516479444,0.6784741144414169,987.7111692606255,0.541789425547075,0.541789425547075
nonrandom_missing,1004,HARD_RDFL,0.16834438473768865,0.8316588513381971,0.7849535519007188,0.7508333333333334,0.7525784064317406,0.3550543920306351,0.6784741144414169,996.0,0.541789425547075,0.541789425547075
nonrandom_missing,1004,RANDOM_MATCHED,0.9939558545521455,0.006063252212700987,0.007997289943374503,0.26416666666666666,0.18872187618929645,0.7252663464038208,0.6784741144414169,987.7111692606255,0.541789425547075,0.541789425547075
nonrandom_missing,1004,ORDINARY_SOFT,0.49490248213222304,0.5051070313540196,0.2851687839449727,0.7158333333333333,0.5480066036011753,0.41304703129219006,1.0,1468.0,,
nonrandom_missing,1004,ORACLE_CLASS,0.25287293607673256,0.7471319248873671,0.6468903094716876,0.825,0.8136624944235938,0.24626350268886077,1.0,1468.0,0.0,0.0
nonrandom_missing,1005,ZERO,0.9991870690678021,0.0,0.0,0.2975,0.15285806037251123,1.405,1.0,1551.0,,
nonrandom_missing,1005,DIRECT,0.1054291693498574,0.8944850542869633,0.7087196145618434,0.6833333333333333,0.5352798426639779,,1.0,1551.0,,
nonrandom_missing,1005,RDFL_SOFT,0.14953074137929143,0.8503476015569366,0.7375353359096503,0.7475,0.7542014092417301,0.35057608036639276,0.6924564796905223,1064.1460079195015,0.5663877745220269,0.5663877745220269
nonrandom_missing,1005,HARD_RDFL,0.1484904327758379,0.8513887565474871,0.7245239716805203,0.7366666666666667,0.744000891247111,0.35855122744855794,0.6924564796905223,1074.0,0.5663877745220269,0.5663877745220269
nonrandom_missing,1005,RANDOM_MATCHED,1.0004823065972792,-0.0012962913247922536,0.028039850228767746,0.3025,0.2113418704968001,0.7054683025937662,0.6924564796905223,1064.1460079195015,0.5663877745220269,0.5663877745220269
nonrandom_missing,1005,ORDINARY_SOFT,0.4920815507415176,0.5075180954847542,0.27539313491626816,0.6841666666666667,0.5357703520968827,0.43470614093397053,1.0,1551.0,,
nonrandom_missing,1005,ORACLE_CLASS,0.26071257004824505,0.7390753162053243,0.6156736917214534,0.8183333333333334,0.8134485880325907,0.2502668248027905,1.0,1551.0,0.0,0.0
nonrandom_missing,1006,ZERO,0.9998583812906755,0.0,0.0,0.2758333333333333,0.14413237535379927,1.4483333333333333,1.0,1557.0,,
nonrandom_missing,1006,DIRECT,0.10648167546602143,0.8935032426006484,0.7582206639780711,0.7033333333333334,0.543901550192022,,1.0,1557.0,,
nonrandom_missing,1006,RDFL_SOFT,0.1526855294849995,0.8472928443247092,0.7725125816225187,0.7783333333333333,0.7817073781406236,0.3290933413600096,0.7000642260757868,1079.8292449867074,0.5516303170577018,0.5516303170577018
nonrandom_missing,1006,HARD_RDFL,0.1555338202576426,0.84444415012367,0.7637160858037311,0.7783333333333333,0.7814963161228562,0.3297841231826061,0.7000642260757868,1090.0,0.5516303170577018,0.5516303170577018
nonrandom_missing,1006,RANDOM_MATCHED,0.9902234424012907,0.00963630357025913,0.011287929106958167,0.30916666666666665,0.2604543224805825,0.6973445629994004,0.7000642260757868,1079.8292449867074,0.5516303170577018,0.5516303170577018
nonrandom_missing,1006,ORDINARY_SOFT,0.48121616716808946,0.5187156739668396,0.287544624976764,0.7033333333333334,0.5439175866586675,0.413814452720427,1.0,1557.0,,
nonrandom_missing,1006,ORACLE_CLASS,0.2513996156886699,0.7485647763794823,0.6167973828408058,0.8375,0.8308820495217426,0.23912571747280328,1.0,1557.0,0.0,0.0
nonrandom_missing,1007,ZERO,1.0008796605560095,0.0,0.0,0.2808333333333333,0.14617219692040773,1.4383333333333332,1.0,1455.0,,
nonrandom_missing,1007,DIRECT,0.11530300987840918,0.8847983284880063,0.7348315285476036,0.695,0.5389815554918788,,1.0,1455.0,,
nonrandom_missing,1007,RDFL_SOFT,0.16665218353561334,0.8334942849742449,0.7503325985800502,0.76,0.7637337640257381,0.3476932562315914,0.6989690721649484,1007.812403663871,0.5018514388337827,0.5018514388337827
nonrandom_missing,1007,HARD_RDFL,0.16559873359785102,0.8345468090480953,0.7415641860580983,0.755,0.7596363346310849,0.3511979924916392,0.6989690721649484,1017.0,0.5018514388337827,0.5018514388337827
nonrandom_missing,1007,RANDOM_MATCHED,0.9971992737945754,0.0036771521157594744,0.02234201310911109,0.2991666666666667,0.22601077058106975,0.7091284554073933,0.6989690721649484,1007.812403663871,0.5018514388337827,0.5018514388337827
nonrandom_missing,1007,ORDINARY_SOFT,0.49325758364508565,0.5071759342466098,0.28231218893834364,0.6941666666666667,0.5386549889735144,0.41835191468576854,1.0,1455.0,,
nonrandom_missing,1007,ORACLE_CLASS,0.2518472872267818,0.7483740581890981,0.6220213442106227,0.8375,0.8299306570039583,0.24419473161420427,1.0,1455.0,0.0,0.0
nonrandom_missing,1008,ZERO,1.0011156753139085,0.0,0.0,0.2575,0.1365142478462558,1.485,1.0,1516.0,,
nonrandom_missing,1008,DIRECT,0.11555721048217488,0.8845715701675124,0.7458593764651856,0.7216666666666667,0.5521244355046903,,1.0,1516.0,,
nonrandom_missing,1008,RDFL_SOFT,0.15228927444290313,0.847880441593174,0.7712737234397976,0.7391666666666666,0.7422528485691977,0.3604423593484533,0.6813984168865436,1024.7404004926293,0.57303555600508,0.57303555600508
nonrandom_missing,1008,HARD_RDFL,0.1549940521451083,0.845178678181711,0.7650293534281658,0.7308333333333333,0.7349371355039752,0.3642047480113928,0.6813984168865436,1033.0,0.57303555600508,0.57303555600508
nonrandom_missing,1008,RANDOM_MATCHED,1.0019819814175486,-0.0008653406644225647,0.003346758729256451,0.25916666666666666,0.2193695304361282,0.7317482320941514,0.6813984168865436,1024.7404004926293,0.57303555600508,0.57303555600508
nonrandom_missing,1008,ORDINARY_SOFT,0.4848358610693798,0.5157044555142388,0.2867991821355748,0.7225,0.5526473945465561,0.41240840076043705,1.0,1516.0,,
nonrandom_missing,1008,ORACLE_CLASS,0.2412489080258051,0.759019947469947,0.637807052268655,0.8358333333333333,0.8246938340802341,0.2458753902618597,1.0,1516.0,0.0,0.0
nonrandom_missing,1009,ZERO,0.9991669087899437,0.0,0.0,0.2925,0.15087040618955513,1.415,1.0,1512.0,,
nonrandom_missing,1009,DIRECT,0.11091680454519327,0.8889907145949011,0.7562872378331398,0.685,0.5349193552997947,,1.0,1512.0,,
nonrandom_missing,1009,RDFL_SOFT,0.16033173380215185,0.8395345838701523,0.7637315812744313,0.7916666666666666,0.7950581097587103,0.33126967224770104,0.703042328042328,1053.5870812815417,0.5843334467743883,0.5843334467743883
nonrandom_missing,1009,HARD_RDFL,0.16130738255481195,0.8385581216353876,0.7551666436327455,0.7766666666666666,0.7809392847233315,0.33533073637648475,0.703042328042328,1063.0,0.5843334467743883,0.5843334467743883
nonrandom_missing,1009,RANDOM_MATCHED,0.9993097337399319,-0.0001429440354077105,0.0037404148068644655,0.3016666666666667,0.20600670947427194,0.7012183695814008,0.703042328042328,1053.5870812815417,0.5843334467743883,0.5843334467743883
nonrandom_missing,1009,ORDINARY_SOFT,0.4743985066969282,0.5252059465505561,0.2940208130914549,0.6858333333333333,0.5355553649868031,0.4243351207928416,1.0,1512.0,,
nonrandom_missing,1009,ORACLE_CLASS,0.2619797312116929,0.7378018338007537,0.6222328689108854,0.8358333333333333,0.8288777886960003,0.24611432863805752,1.0,1512.0,0.0,0.0
nonrandom_missing,1010,ZERO,0.9993190080973264,0.0,0.0,0.29,0.14987080103359174,1.42,1.0,1528.0,,
nonrandom_missing,1010,DIRECT,0.11368982752637867,0.8862326978620764,0.7098867921109308,0.69,0.5381628373969835,,1.0,1528.0,,
nonrandom_missing,1010,RDFL_SOFT,0.15886919262173227,0.8410225450187179,0.7462023929024766,0.7791666666666667,0.7826917890051046,0.33094125540629615,0.6950261780104712,1052.6423150117703,0.5508839896629335,0.5508839896629335
nonrandom_missing,1010,HARD_RDFL,0.15950757071399532,0.8403837318998936,0.741861319618727,0.7866666666666666,0.790158381486064,0.3309056269821335,0.6950261780104712,1062.0,0.5508839896629335,0.5508839896629335
nonrandom_missing,1010,RANDOM_MATCHED,1.004607100349153,-0.005291695853854472,0.06705254399495554,0.2816666666666667,0.2072921992581812,0.7158630829843291,0.6950261780104712,1052.6423150117703,0.5508839896629335,0.5508839896629335
nonrandom_missing,1010,ORDINARY_SOFT,0.5041521520651442,0.49550429044171307,0.2756391094990345,0.6916666666666667,0.5393505255826637,0.4261553453197673,1.0,1528.0,,
nonrandom_missing,1010,ORACLE_CLASS,0.2478279831255039,0.7520031330161917,0.6266019585015163,0.8275,0.8206679423901684,0.24145080636025815,1.0,1528.0,0.0,0.0
nonrandom_missing,1011,ZERO,0.9994912521470879,0.0,0.0,0.28,0.14583333333333334,1.44,1.0,1558.0,,
nonrandom_missing,1011,DIRECT,0.11873333724936415,0.8812062266735167,0.7399830007266595,0.6975,0.5406717935567259,,1.0,1558.0,,
nonrandom_missing,1011,RDFL_SOFT,0.1577461499865081,0.84217355614905,0.7971377705266264,0.7591666666666667,0.7638436996022775,0.3354169085897178,0.7053915275994865,1089.8483478119479,0.5489670179954859,0.5489670179954859
nonrandom_missing,1011,HARD_RDFL,0.1589175784782199,0.8410015313922596,0.7913750191013359,0.7475,0.7526657727722386,0.33938992957991176,0.7053915275994865,1099.0,0.5489670179954859,0.5489670179954859
nonrandom_missing,1011,RANDOM_MATCHED,0.9973867218322281,0.00210560153511985,0.004715716270670176,0.26666666666666666,0.1844043162711759,0.733628337213224,0.7053915275994865,1089.8483478119479,0.5489670179954859,0.5489670179954859
nonrandom_missing,1011,ORDINARY_SOFT,0.4789011656570124,0.5208550703888142,0.2919032929733502,0.7,0.54258645061369,0.4200500063452092,1.0,1558.0,,
nonrandom_missing,1011,ORACLE_CLASS,0.24042839703384308,0.7594492232749817,0.6538171736488205,0.8458333333333333,0.8377739446381792,0.23393041095278563,1.0,1558.0,0.0,0.0
nonrandom_missing,1012,ZERO,1.0027494514750752,0.0,0.0,0.2833333333333333,0.14718614718614717,1.4333333333333333,1.0,1528.0,,
nonrandom_missing,1012,DIRECT,0.10835745643877523,0.8919396502492442,0.7486936090459074,0.69,0.5358371300123707,,1.0,1528.0,,
nonrandom_missing,1012,RDFL_SOFT,0.15049219799870794,0.8499204384731108,0.7637374478129827,0.7591666666666667,0.7631219254258509,0.3504041277978837,0.6858638743455497,1039.8874399582944,0.5705981246702755,0.5705981246702755
nonrandom_missing,1012,HARD_RDFL,0.15228854630868155,0.8481290155934162,0.7536118263782473,0.75,0.7547813379569533,0.3563146205700608,0.6858638743455497,1048.0,0.5705981246702755,0.5705981246702755
nonrandom_missing,1012,RANDOM_MATCHED,1.0011109295190999,0.001634029271783688,0.003528747505896418,0.3258333333333333,0.271276311177729,0.6756097086382469,0.6858638743455497,1039.8874399582944,0.5705981246702755,0.5705981246702755
nonrandom_missing,1012,ORDINARY_SOFT,0.4744012636743844,0.5268995031844439,0.2925988691303931,0.6908333333333333,0.5364890737564268,0.42486871680117577,1.0,1528.0,,
nonrandom_missing,1012,ORACLE_CLASS,0.25155206532595287,0.7491376684814816,0.6094996345982928,0.825,0.8178660376473298,0.2562252710347073,1.0,1528.0,0.0,0.0
nonrandom_missing,1013,ZERO,0.9991979121987835,0.0,0.0,0.255,0.1354581673306773,1.49,1.0,1532.0,,
nonrandom_missing,1013,DIRECT,0.12648181895708718,0.8734166500821066,0.7529221908752045,0.72,0.5501863484373646,,1.0,1532.0,,
nonrandom_missing,1013,RDFL_SOFT,0.17389930521296573,0.8259611003086547,0.7931197774827169,0.7358333333333333,0.7381958155364652,0.34947839554748544,0.7193211488250653,1091.3854966680647,0.533544213121899,0.533544213121899
nonrandom_missing,1013,HARD_RDFL,0.17496799238531566,0.8248915552672742,0.7798391141160349,0.7208333333333333,0.7244578168887211,0.358206498280814,0.7193211488250653,1102.0,0.533544213121899,0.533544213121899
nonrandom_missing,1013,RANDOM_MATCHED,1.0028078439264698,-0.003612829534183515,0.05433845663041022,0.27666666666666667,0.19713469377109827,0.7080870830361359,0.7193211488250653,1091.3854966680647,0.533544213121899,0.533544213121899
nonrandom_missing,1013,ORDINARY_SOFT,0.4629851385485394,0.5366432086214851,0.30997450182278913,0.7208333333333333,0.5508073561003618,0.4017793867203139,1.0,1532.0,,
nonrandom_missing,1013,ORACLE_CLASS,0.2516732971497794,0.748124676725995,0.6289393059766271,0.8275,0.8142573955601065,0.24762271977285186,1.0,1532.0,0.0,0.0
nonrandom_missing,1014,ZERO,0.9994603202690591,0.0,0.0,0.2575,0.1365142478462558,1.485,1.0,1507.0,,
nonrandom_missing,1014,DIRECT,0.10629892133224389,0.8936436803177661,0.7778093348946239,0.725,0.5545284780578897,,1.0,1507.0,,
nonrandom_missing,1014,RDFL_SOFT,0.15479066220646984,0.8451257553028223,0.7899427097800856,0.7375,0.7417361075015574,0.3479970156246409,0.6921035169210352,1033.7921568030304,0.6030463215080167,0.6030463215080167
nonrandom_missing,1014,HARD_RDFL,0.15377621409642772,0.8461407511855693,0.7825569332412351,0.74,0.7451674220772722,0.35205190633256583,0.6921035169210352,1043.0,0.6030463215080167,0.6030463215080167
nonrandom_missing,1014,RANDOM_MATCHED,1.0044381409116216,-0.004980508522061777,0.06976233549662966,0.24833333333333332,0.17942343641731365,0.7397111633697515,0.6921035169210352,1033.7921568030304,0.6030463215080167,0.6030463215080167
nonrandom_missing,1014,ORDINARY_SOFT,0.4616780692692426,0.538072637896263,0.3039045209212957,0.725,0.5545212912012477,0.39932794688256645,1.0,1507.0,,
nonrandom_missing,1014,ORACLE_CLASS,0.2398810850279538,0.7599893861085183,0.6493175294141014,0.8291666666666667,0.8184592562395253,0.23479542254957675,1.0,1507.0,0.0,0.0
nonrandom_missing,1015,ZERO,1.0002467225248597,0.0,0.0,0.2783333333333333,0.14515428074750109,1.4433333333333334,1.0,1506.0,,
nonrandom_missing,1015,DIRECT,0.11525464190837842,0.8847737869938245,0.7244581411244327,0.6983333333333334,0.5408163775308753,,1.0,1506.0,,
nonrandom_missing,1015,RDFL_SOFT,0.17100301661159867,0.8290391632776896,0.7524769108999382,0.7283333333333334,0.7348586842835935,0.36320349414526976,0.6918990703851262,1033.0422678294917,0.549368076956538,0.549368076956538
nonrandom_missing,1015,HARD_RDFL,0.17531177628147399,0.8247314664136609,0.7481431481103027,0.7316666666666667,0.7380721415837033,0.36987753107709687,0.6918990703851262,1042.0,0.549368076956538,0.549368076956538
nonrandom_missing,1015,RANDOM_MATCHED,1.0015117176600292,-0.0012646831093596766,0.006458412609256157,0.28583333333333333,0.22235142937666308,0.7145801225178261,0.6918990703851262,1033.0422678294917,0.549368076956538,0.549368076956538
nonrandom_missing,1015,ORDINARY_SOFT,0.48536863961000687,0.5147510822281712,0.2886424464240308,0.6966666666666667,0.5396062019951458,0.4207347343048185,1.0,1506.0,,
nonrandom_missing,1015,ORACLE_CLASS,0.25569925514909336,0.7443638160556549,0.6102813573930613,0.82,0.8139087972136198,0.24888719831312367,1.0,1506.0,0.0,0.0
nonrandom_missing,1016,ZERO,0.9991677526591748,0.0,0.0,0.2725,0.14276358873608383,1.455,1.0,1558.0,,
nonrandom_missing,1016,DIRECT,0.10897883666523164,0.8909303904422491,0.7401250018614035,0.7066666666666667,0.5454201813678937,,1.0,1558.0,,
nonrandom_missing,1016,RDFL_SOFT,0.15713649961344295,0.8427326150236119,0.7716186486794469,0.7416666666666667,0.7460334114378014,0.3521543476986707,0.699614890885751,1080.0702293974048,0.5472900972570328,0.5472900972570328
nonrandom_missing,1016,HARD_RDFL,0.15829127512588492,0.8415768776518155,0.7655438459433233,0.7425,0.7464918620221729,0.35328098145437953,0.699614890885751,1090.0,0.5472900972570328,0.5472900972570328
nonrandom_missing,1016,RANDOM_MATCHED,0.9958270594625384,0.003343475795476336,0.02977206591442422,0.31833333333333336,0.26412859554888707,0.6810046146370498,0.699614890885751,1080.0702293974048,0.5472900972570328,0.5472900972570328
nonrandom_missing,1016,ORDINARY_SOFT,0.4797646782857053,0.5198357062576684,0.2884095878728991,0.7058333333333333,0.5452838050461141,0.41820404725812843,1.0,1558.0,,
nonrandom_missing,1016,ORACLE_CLASS,0.24995415322118789,0.749837649828107,0.6354255640227955,0.8325,0.8244119927407066,0.2508199379502541,1.0,1558.0,0.0,0.0
nonrandom_missing,1017,ZERO,1.0012234862125715,0.0,0.0,0.2725,0.14276358873608383,1.455,1.0,1536.0,,
nonrandom_missing,1017,DIRECT,0.11439945838604032,0.8857403367366155,0.7715787401654862,0.7066666666666667,0.5450815641901775,,1.0,1536.0,,
nonrandom_missing,1017,RDFL_SOFT,0.18067348218189314,0.8195472992095453,0.8133118019144606,0.78,0.7785992303028539,0.3321112712415624,0.705078125,1073.0783502858885,0.560287949931101,0.560287949931101
nonrandom_missing,1017,HARD_RDFL,0.18375981391210208,0.8164647389493142,0.8051386359930033,0.7675,0.7659847777494836,0.33765133390037,0.705078125,1083.0,0.560287949931101,0.560287949931101
nonrandom_missing,1017,RANDOM_MATCHED,0.9986773162139381,0.0025430586014967282,0.04432227393082968,0.29083333333333333,0.22058440244189945,0.7019724144540296,0.705078125,1073.0783502858885,0.560287949931101,0.560287949931101
nonrandom_missing,1017,ORDINARY_SOFT,0.4667617433037481,0.5338086354032558,0.3060106714314614,0.7075,0.5459203469771224,0.4099872126835071,1.0,1536.0,,
nonrandom_missing,1017,ORACLE_CLASS,0.26195994004755374,0.7383601726738394,0.6752432686532363,0.8441666666666666,0.8336316564676398,0.23706699039303483,1.0,1536.0,0.0,0.0
nonrandom_missing,1018,ZERO,1.0030117223664687,0.0,0.0,0.26666666666666666,0.14035087719298245,1.4666666666666666,1.0,1530.0,,
nonrandom_missing,1018,DIRECT,0.12505966090888188,0.8753158531250056,0.7324434525299846,0.7166666666666667,0.5508240278514716,,1.0,1530.0,,
nonrandom_missing,1018,RDFL_SOFT,0.16998955839971264,0.8305208656997093,0.7635404997301539,0.7483333333333333,0.7531033552786072,0.3546031743257767,0.707843137254902,1073.5969961845326,0.5787861197231882,0.5787861197231882
nonrandom_missing,1018,HARD_RDFL,0.16969980517161035,0.8308097488918406,0.7530746285920304,0.7383333333333333,0.7438917219499815,0.3599754500511464,0.707843137254902,1083.0,0.5787861197231882,0.5787861197231882
nonrandom_missing,1018,RANDOM_MATCHED,1.0055341500148303,-0.0025148536075034755,0.019017794476057132,0.27666666666666667,0.20612295572857472,0.7244986426884669,0.707843137254902,1073.5969961845326,0.5787861197231882,0.5787861197231882
nonrandom_missing,1018,ORDINARY_SOFT,0.4861269527158824,0.5153327305398461,0.29093443666538943,0.715,0.5496242350548981,0.41565550468288126,1.0,1530.0,,
nonrandom_missing,1018,ORACLE_CLASS,0.25675623067510805,0.7440147259003844,0.6371806479321408,0.8275,0.8171276102441323,0.24701370165784525,1.0,1530.0,0.0,0.0
nonrandom_missing,1019,ZERO,1.0015245194037234,0.0,0.0,0.2658333333333333,0.14000438885231511,1.4683333333333333,1.0,1529.0,,
nonrandom_missing,1019,DIRECT,0.12906099851899328,0.8711354579757746,0.7218031507659693,0.7125,0.5478593399285061,,1.0,1529.0,,
nonrandom_missing,1019,RDFL_SOFT,0.16206263117967684,0.8381840603601358,0.7521627875393812,0.7341666666666666,0.7398976666714736,0.3600174942198562,0.6906474820143885,1046.5430570866508,0.5828298813274327,0.5828298813274327
nonrandom_missing,1019,HARD_RDFL,0.16211507734436564,0.8381316940289351,0.7432630586132611,0.7266666666666667,0.7328588243529285,0.3648298913018647,0.6906474820143885,1056.0,0.5828298813274327,0.5828298813274327
nonrandom_missing,1019,RANDOM_MATCHED,0.9996500169244481,0.0018716491138842661,0.03015319795808314,0.2683333333333333,0.21123289590590652,0.718989407969733,0.6906474820143885,1046.5430570866508,0.5828298813274327,0.5828298813274327
nonrandom_missing,1019,ORDINARY_SOFT,0.48528366073471657,0.5154550374626481,0.28883602572890577,0.7141666666666666,0.5492836905641784,0.4113172262314437,1.0,1529.0,,
nonrandom_missing,1019,ORACLE_CLASS,0.2559984076532149,0.7443912728111455,0.6209318485580987,0.8425,0.83230944756138,0.23268779416232632,1.0,1529.0,0.0,0.0
nonrandom_missing,1020,ZERO,1.0017916602014552,0.0,0.0,0.2775,0.14481409001956946,1.445,1.0,1516.0,,
nonrandom_missing,1020,DIRECT,0.11564036668562457,0.8845664510100135,0.7270760875503567,0.6941666666666667,0.537171747858848,,1.0,1516.0,,
nonrandom_missing,1020,RDFL_SOFT,0.16586454650475432,0.8344320949214132,0.7584009679199176,0.7508333333333334,0.7538436201479679,0.3453199685562219,0.6767810026385225,1016.8797212478062,0.5689828141336464,0.5689828141336464
nonrandom_missing,1020,HARD_RDFL,0.16451126122981466,0.8357829599053237,0.7492891097571763,0.7383333333333333,0.7429357526767815,0.35296188183887733,0.6767810026385225,1026.0,0.5689828141336464,0.5689828141336464
nonrandom_missing,1020,RANDOM_MATCHED,0.99794841749237,0.003836369239001547,0.03907751225928792,0.3025,0.24892250398972562,0.7069631120294597,0.6767810026385225,1016.8797212478062,0.5689828141336464,0.5689828141336464
nonrandom_missing,1020,ORDINARY_SOFT,0.4870914638859061,0.5137796777146713,0.28698435859240734,0.6941666666666667,0.5371258771749002,0.4219739702680604,1.0,1516.0,,
nonrandom_missing,1020,ORACLE_CLASS,0.2658059130724184,0.7346694690800618,0.6154171428179245,0.8266666666666667,0.8206703029684054,0.2583596372700807,1.0,1516.0,0.0,0.0
nonrandom_missing,1021,ZERO,0.9994880820666132,0.0,0.0,0.2725,0.14276358873608383,1.455,1.0,1500.0,,
nonrandom_missing,1021,DIRECT,0.11860090586081981,0.8813383491120854,0.7570764240519051,0.7025,0.5420359229389012,,1.0,1500.0,,
nonrandom_missing,1021,RDFL_SOFT,0.16724759959521232,0.8326667395078897,0.7702051960630786,0.7566666666666667,0.7616191745483901,0.3527876931833616,0.698,1037.180868562165,0.5856905682939654,0.5856905682939654
nonrandom_missing,1021,HARD_RDFL,0.16751767903925396,0.8323965217345239,0.7588628020623172,0.7408333333333333,0.7466394562540607,0.3602243861760449,0.698,1047.0,0.5856905682939654,0.5856905682939654
nonrandom_missing,1021,RANDOM_MATCHED,1.0036083068610748,-0.004122335091722551,0.07424722534150405,0.2925,0.21761655147559456,0.6961440879977763,0.698,1037.180868562165,0.5856905682939654,0.5856905682939654
nonrandom_missing,1021,ORDINARY_SOFT,0.4666888853281828,0.53307208589899,0.30356887396536575,0.7016666666666667,0.5414381321390832,0.41175752667028526,1.0,1500.0,,
nonrandom_missing,1021,ORACLE_CLASS,0.2606025260832369,0.7392639984817063,0.6316924246203651,0.84,0.8315190110641488,0.24271462382180697,1.0,1500.0,0.0,0.0
nonrandom_missing,1022,ZERO,0.9991723772387453,0.0,0.0,0.26416666666666666,0.13931004174906614,1.4716666666666667,1.0,1524.0,,
nonrandom_missing,1022,DIRECT,0.09786114915320028,0.9020577916458783,0.7896201049550501,0.7175,0.5511063662926127,,1.0,1524.0,,
nonrandom_missing,1022,RDFL_SOFT,0.14254508824072243,0.8573368404812673,0.7734903203109861,0.7583333333333333,0.7604446151806453,0.34055683574783696,0.7060367454068242,1067.150685251136,0.5367119267972326,0.5367119267972326
nonrandom_missing,1022,HARD_RDFL,0.14300049437571768,0.8568810571295961,0.7651427630555062,0.7491666666666666,0.7519918280280025,0.34594784640974185,0.7060367454068242,1076.0,0.5367119267972326,0.5367119267972326
nonrandom_missing,1022,RANDOM_MATCHED,0.9950135552473149,0.004162266778154344,0.014104797871251348,0.25833333333333336,0.19652251791959804,0.7401287647799127,0.7060367454068242,1067.150685251136,0.5367119267972326,0.5367119267972326
nonrandom_missing,1022,ORDINARY_SOFT,0.4605783967525599,0.5390401023441145,0.3031620856627808,0.7166666666666667,0.5509243351818806,0.40204254301649595,1.0,1524.0,,
nonrandom_missing,1022,ORACLE_CLASS,0.23743986529188452,0.7623634612997814,0.6397212978170251,0.8333333333333334,0.8226288097833816,0.23814566157403413,1.0,1524.0,0.0,0.0
nonrandom_missing,1023,ZERO,0.9995015866699106,0.0,0.0,0.275,0.14379084967320263,1.45,1.0,1537.0,,
nonrandom_missing,1023,DIRECT,0.11236083584593122,0.8875831340895721,0.7666186964643217,0.7025,0.5429275319294727,,1.0,1537.0,,
nonrandom_missing,1023,RDFL_SOFT,0.16969349463240654,0.8302218856922651,0.7836738924250732,0.7541666666666667,0.7589299124542698,0.34625030832892806,0.6942094990240729,1057.4144285537939,0.5681745493713268,0.5681745493713268
nonrandom_missing,1023,HARD_RDFL,0.1710670312344066,0.8288476641599347,0.7738476826132048,0.745,0.7502690698520494,0.3504801410893514,0.6942094990240729,1067.0,0.5681745493713268,0.5681745493713268
nonrandom_missing,1023,RANDOM_MATCHED,1.0017740118463652,-0.002273558348242055,0.03778670525873768,0.27166666666666667,0.1869045133145996,0.7217248609973246,0.6942094990240729,1057.4144285537939,0.5681745493713268,0.5681745493713268
nonrandom_missing,1023,ORDINARY_SOFT,0.4746604027564367,0.5251029021995989,0.29775844869019213,0.7025,0.5428982995560271,0.41496563268186387,1.0,1537.0,,
nonrandom_missing,1023,ORACLE_CLASS,0.25915119696514055,0.7407195742144166,0.6258756652821172,0.8191666666666667,0.8103876935664346,0.25808077060318163,1.0,1537.0,0.0,0.0
nonrandom_missing,1024,ZERO,1.0001396163096017,0.0,0.0,0.2608333333333333,0.13791584049350078,1.4783333333333333,1.0,1492.0,,
nonrandom_missing,1024,DIRECT,0.11628356288457758,0.8837326699309739,0.734933013446346,0.7166666666666667,0.5493689612527378,,1.0,1492.0,,
nonrandom_missing,1024,RDFL_SOFT,0.16872669332117993,0.8312968603885909,0.7976136065325321,0.745,0.748247540069468,0.36233464740334814,0.688337801608579,1018.164857048567,0.5758675796478726,0.5758675796478726
nonrandom_missing,1024,HARD_RDFL,0.17195749554314071,0.8280665091763451,0.7883245352788332,0.735,0.7390409823230163,0.3680983686049463,0.688337801608579,1027.0,0.5758675796478726,0.5758675796478726
nonrandom_missing,1024,RANDOM_MATCHED,0.9981186629275699,0.0020206712633670243,0.015264559769044167,0.28,0.21848378575563218,0.7045744449010672,0.688337801608579,1018.164857048567,0.5758675796478726,0.5758675796478726
nonrandom_missing,1024,ORDINARY_SOFT,0.48425794372013115,0.5158096571486825,0.2880514998297328,0.7141666666666666,0.5474239410031884,0.4169382902634656,1.0,1492.0,,
nonrandom_missing,1024,ORACLE_CLASS,0.24908218924568723,0.7509525818357528,0.6264750821257021,0.8225,0.8099862521637017,0.25930983852871664,1.0,1492.0,0.0,0.0
nonrandom_missing,1025,ZERO,0.999391149218875,0.0,0.0,0.27416666666666667,0.1434488772618269,1.4516666666666667,1.0,1567.0,,
nonrandom_missing,1025,DIRECT,0.11046200146533602,0.889470702685657,0.7092220557744888,0.7058333333333333,0.5452822225210285,,1.0,1567.0,,
nonrandom_missing,1025,RDFL_SOFT,0.16023009433111737,0.8396722900174237,0.7245747642616687,0.74,0.7456788796449566,0.36229416821243443,0.7089980855137205,1100.4917162961613,0.5815443555790111,0.5815443555790111
nonrandom_missing,1025,HARD_RDFL,0.1617317841182004,0.8381696853683264,0.7182508036168626,0.7391666666666666,0.7450918404589645,0.36338926066167027,0.7089980855137205,1111.0,0.5815443555790111,0.5815443555790111
nonrandom_missing,1025,RANDOM_MATCHED,0.9914831814331927,0.00791278549130947,0.012077564038446556,0.32916666666666666,0.2841738858204072,0.6881358126199486,0.7089980855137205,1100.4917162961613,0.5815443555790111,0.5815443555790111
nonrandom_missing,1025,ORDINARY_SOFT,0.4893917777594735,0.5103100741466616,0.2797054355785946,0.7083333333333334,0.5471116832397406,0.4213951739837899,1.0,1567.0,,
nonrandom_missing,1025,ORACLE_CLASS,0.24815434127630331,0.7516944777124943,0.6392178711985783,0.8433333333333334,0.8337416293756336,0.23068849933218757,1.0,1567.0,0.0,0.0
nonrandom_missing,1026,ZERO,0.9996921545633751,0.0,0.0,0.27,0.14173228346456693,1.46,1.0,1518.0,,
nonrandom_missing,1026,DIRECT,0.11630274553959767,0.8836614401656538,0.7397833309335959,0.71,0.5473039215686275,,1.0,1518.0,,
nonrandom_missing,1026,RDFL_SOFT,0.17459496588989978,0.8253512692953404,0.7556572816414555,0.7766666666666666,0.7777183793451256,0.33619771233400275,0.7028985507246377,1057.6796849967072,0.5264789425667777,0.5264789425667777
nonrandom_missing,1026,HARD_RDFL,0.1769095516507646,0.8230359707803934,0.7509536789415644,0.7733333333333333,0.7744824425496694,0.3372525075422787,0.7028985507246377,1067.0,0.5264789425667777,0.5264789425667777
nonrandom_missing,1026,RANDOM_MATCHED,0.9972228975056794,0.0024700174412933817,0.037784292444052826,0.2725,0.22117248200552797,0.7220986453325111,0.7028985507246377,1057.6796849967072,0.5264789425667777,0.5264789425667777
nonrandom_missing,1026,ORDINARY_SOFT,0.49801386013805643,0.5018327813570083,0.27795012756583676,0.7091666666666666,0.5468651551840992,0.41439103101360614,1.0,1518.0,,
nonrandom_missing,1026,ORACLE_CLASS,0.2509434558204773,0.7489792685928608,0.6238239336211876,0.8408333333333333,0.8336611139097645,0.23415701249283732,1.0,1518.0,0.0,0.0
nonrandom_missing,1027,ZERO,0.9992915197596539,0.0,0.0,0.27666666666666667,0.144473455178416,1.4466666666666668,1.0,1562.0,,
nonrandom_missing,1027,DIRECT,0.13846047859541444,0.8614413553427167,0.724275443791166,0.7033333333333334,0.5439218266323891,,1.0,1562.0,,
nonrandom_missing,1027,RDFL_SOFT,0.18486775322731017,0.8150011787633563,0.7454809348655435,0.7008333333333333,0.7070588118163545,0.38137874428835306,0.7131882202304738,1103.3943826665925,0.5302665109852572,0.5302665109852572
nonrandom_missing,1027,HARD_RDFL,0.1862801320732598,0.8135877985654645,0.7333029971518198,0.6841666666666667,0.6907446909128859,0.38850332580134617,0.7131882202304738,1114.0,0.5302665109852572,0.5302665109852572
nonrandom_missing,1027,RANDOM_MATCHED,0.9940949186799253,0.005200285379163949,0.021573911776163215,0.3,0.2543268592813713,0.7134772130548371,0.7131882202304738,1103.3943826665925,0.5302665109852572,0.5302665109852572
nonrandom_missing,1027,ORDINARY_SOFT,0.49190734000636693,0.5077439062780411,0.2878568508622382,0.7033333333333334,0.5439839153660888,0.4340486594600996,1.0,1562.0,,
nonrandom_missing,1027,ORACLE_CLASS,0.27183309728165245,0.7279741777984539,0.6300611188140283,0.8116666666666666,0.8039022089461033,0.27522489351760804,1.0,1562.0,0.0,0.0
nonrandom_missing,1028,ZERO,0.9992446606587536,0.0,0.0,0.2866666666666667,0.1485319516407599,1.4266666666666667,1.0,1515.0,,
nonrandom_missing,1028,DIRECT,0.1264735096791956,0.8734308876908907,0.7216501275455977,0.6933333333333334,0.5394796087047202,,1.0,1515.0,,
nonrandom_missing,1028,RDFL_SOFT,0.18316795936486818,0.8166935820861786,0.7632064939488579,0.7516666666666667,0.7553867813503854,0.3555868419306703,0.7141914191419142,1072.6266733978325,0.5637885253683655,0.5637885253683655
nonrandom_missing,1028,HARD_RDFL,0.18413969959112586,0.8157211073114652,0.7518478996506519,0.7466666666666667,0.7512857104644034,0.36130712363082484,0.7141914191419142,1082.0,0.5637885253683655,0.5637885253683655
nonrandom_missing,1028,RANDOM_MATCHED,0.9865769338306878,0.01267730249337995,0.010584473511142512,0.3525,0.2859233192263726,0.672781630023413,0.7141914191419142,1072.6266733978325,0.5637885253683655,0.5637885253683655
nonrandom_missing,1028,ORDINARY_SOFT,0.4874590704117629,0.5121724542511894,0.28736068450974944,0.6908333333333333,0.5376297643403803,0.4284506486725121,1.0,1515.0,,
nonrandom_missing,1028,ORACLE_CLASS,0.2588688893727835,0.7409354289647905,0.62071029358954,0.8333333333333334,0.8266223927838127,0.2468318876290624,1.0,1515.0,0.0,0.0
nonrandom_missing,1029,ZERO,0.9992978646924677,0.0,0.0,0.2708333333333333,0.14207650273224043,1.4583333333333333,1.0,1502.0,,
nonrandom_missing,1029,DIRECT,0.10028518741850444,0.8996443493358539,0.754097990670629,0.7175,0.5532308264040507,,1.0,1502.0,,
nonrandom_missing,1029,RDFL_SOFT,0.1523072923686567,0.8475856921644389,0.7821480021904618,0.7691666666666667,0.7699447787158453,0.3285706501782921,0.677762982689747,1008.9561779799885,0.5555929173267037,0.5555929173267037
nonrandom_missing,1029,HARD_RDFL,0.15349258455318956,0.846399567159661,0.7739364128421566,0.7583333333333333,0.7613398827082051,0.3331688808886478,0.677762982689747,1018.0,0.5555929173267037,0.5555929173267037
nonrandom_missing,1029,RANDOM_MATCHED,0.9959466390383251,0.0033535803212928483,0.025811311158623028,0.3175,0.26664101660652445,0.7034017648014632,0.677762982689747,1008.9561779799885,0.5555929173267037,0.5555929173267037
nonrandom_missing,1029,ORDINARY_SOFT,0.46838105539883096,0.5312898466535056,0.2967727305168664,0.7175,0.5533060318451297,0.4062460168639481,1.0,1502.0,,
nonrandom_missing,1029,ORACLE_CLASS,0.2440382263686595,0.7557903053823077,0.6280705442542354,0.8466666666666667,0.8367928692496075,0.2300180480078176,1.0,1502.0,0.0,0.0
nonrandom_missing,1030,ZERO,0.9992940826017631,0.0,0.0,0.2733333333333333,0.1431064572425829,1.4533333333333334,1.0,1491.0,,
nonrandom_missing,1030,DIRECT,0.09765573117874576,0.902275283243458,0.7502029619490375,0.7108333333333333,0.5489117471675611,,1.0,1491.0,,
nonrandom_missing,1030,RDFL_SOFT,0.14813553012729125,0.8517598245537435,0.7839475745990543,0.7758333333333334,0.7790641529490222,0.32999974874007537,0.6861167002012073,1014.3480498919812,0.5668901050009465,0.5668901050009465
nonrandom_missing,1030,HARD_RDFL,0.14970184538329254,0.8501924028274753,0.7751350147654305,0.7616666666666667,0.765854204004316,0.33651796833984204,0.6861167002012073,1023.0,0.5668901050009465,0.5668901050009465
nonrandom_missing,1030,RANDOM_MATCHED,0.9950935530966328,0.004203496826673647,0.005724665021641635,0.33,0.27481334563357823,0.7014428962518315,0.6861167002012073,1014.3480498919812,0.5668901050009465,0.5668901050009465
nonrandom_missing,1030,ORDINARY_SOFT,0.4804190574994501,0.5192415667581753,0.28673790445093456,0.7108333333333333,0.5489474378984477,0.41381188048466383,1.0,1491.0,,
nonrandom_missing,1030,ORACLE_CLASS,0.2502225259363655,0.7496007128503295,0.6350360729605613,0.83,0.8185715902115392,0.2475658290443128,1.0,1491.0,0.0,0.0
regime_shift,1001,ZERO,0.999450954098989,0.0,0.0,0.27666666666666667,0.144473455178416,1.4466666666666668,1.0,2400.0,,
regime_shift,1001,DIRECT,2.8070461107616596,-1.8085881545755575,0.7379878629855379,0.18916666666666668,0.14627473436406438,,1.0,2400.0,,
regime_shift,1001,RDFL_SOFT,2.782946401902336,-1.7844752066009875,0.7786984745239398,0.22,0.19831425014316884,1.110539202845195,0.7033333333333334,1672.1642045949457,0.6306291843874937,0.6306291843874937
regime_shift,1001,HARD_RDFL,2.7599456672522487,-1.7614618365544072,0.767564798861515,0.21666666666666667,0.19414116536245687,1.1137555767611367,0.7033333333333334,1688.0,0.6306291843874937,0.6306291843874937
regime_shift,1001,RANDOM_MATCHED,1.0019942020146333,-0.002544645042574567,0.01486318568913078,0.2891666666666667,0.17830490098934612,0.6855609105007363,0.7033333333333334,1672.1642045949457,0.6306291843874937,0.6306291843874937
regime_shift,1001,ORDINARY_SOFT,1.487322361159227,-0.4881394180068166,0.2994256778000592,0.18583333333333332,0.14376752167449844,0.91575466770801,1.0,2400.0,,
regime_shift,1001,ORACLE_CLASS,2.3481173777846274,-1.349407310238119,0.7055246163116102,0.1975,0.2059127568913696,1.32306512715112,1.0,2400.0,0.0,0.0
regime_shift,1002,ZERO,1.0015258963350269,0.0,0.0,0.2833333333333333,0.14718614718614717,1.4333333333333333,1.0,2400.0,,
regime_shift,1002,DIRECT,2.8142240763505333,-1.8099364046889597,0.7292013561164079,0.1875,0.14565253258538194,,1.0,2400.0,,
regime_shift,1002,RDFL_SOFT,2.7694236820912868,-1.7652042670346182,0.7666021559399371,0.22833333333333333,0.20108847436777957,1.1070718126998356,0.715,1699.8447666048921,0.6215742097960905,0.6215742097960905
regime_shift,1002,HARD_RDFL,2.766881013630636,-1.7626654725112259,0.7603634382367584,0.22666666666666666,0.19817047227603857,1.117163078535532,0.715,1716.0,0.6215742097960905,0.6215742097960905
regime_shift,1002,RANDOM_MATCHED,1.0051547761117023,-0.00362335091878796,0.018338081856860103,0.2875,0.1805708842564012,0.6923902013471257,0.715,1699.8447666048921,0.6215742097960905,0.6215742097960905
regime_shift,1002,ORDINARY_SOFT,1.5053835375321447,-0.5030899780434326,0.2999974740096454,0.1875,0.14562030585467378,0.920719892338963,1.0,2400.0,,
regime_shift,1002,ORACLE_CLASS,2.3720968721316193,-1.3684828128878594,0.7046482236253511,0.20666666666666667,0.2155237644654213,1.318736779441948,1.0,2400.0,0.0,0.0
regime_shift,1003,ZERO,1.0001039944680952,0.0,0.0,0.2475,0.13226452905811623,1.505,1.0,2400.0,,
regime_shift,1003,DIRECT,2.930595795411202,-1.9302910613509128,0.7751231658383004,0.20166666666666666,0.15285388127853883,,1.0,2400.0,,
regime_shift,1003,RDFL_SOFT,2.9448712120665355,-1.9445649935962548,0.8195803829034173,0.2025,0.19120144370798373,1.153119577514402,0.7025,1671.5460726663323,0.6251696614589111,0.6251696614589111
regime_shift,1003,HARD_RDFL,2.9242452121451574,-1.9239411384417235,0.8121465593277345,0.20416666666666666,0.19165823751048325,1.1576464848679453,0.7025,1686.0,0.6251696614589111,0.6251696614589111
regime_shift,1003,RANDOM_MATCHED,1.0063895823989701,-0.006284934332472014,0.016369221908979513,0.28583333333333333,0.22002057764884952,0.7095963826973863,0.7025,1671.5460726663323,0.6251696614589111,0.6251696614589111
regime_shift,1003,ORDINARY_SOFT,1.5321916232148416,-0.5320323003306642,0.3149437953789793,0.19666666666666666,0.14930566871254505,0.9390419063776221,1.0,2400.0,,
regime_shift,1003,ORACLE_CLASS,2.4233709113903568,-1.4231189204270955,0.7272356670429251,0.20333333333333334,0.2158212446342401,1.3336828803198304,1.0,2400.0,0.0,0.0
regime_shift,1004,ZERO,1.0028496682425918,0.0,0.0,0.26916666666666667,0.14138761216896475,1.4616666666666667,1.0,2400.0,,
regime_shift,1004,DIRECT,2.995552176520182,-1.9870401031987486,0.7812184589889246,0.18833333333333332,0.14502478842205416,,1.0,2400.0,,
regime_shift,1004,RDFL_SOFT,2.9652757007295425,-1.9568496601548806,0.8314840752671874,0.21833333333333332,0.20294520248044978,1.121362549001535,0.6941666666666667,1650.893793075006,0.6060912499897947,0.6060912499897947
regime_shift,1004,HARD_RDFL,2.9465158430190703,-1.9381431099065796,0.8233381982866825,0.21583333333333332,0.19869161122610093,1.1271898145355448,0.6941666666666667,1666.0,0.6060912499897947,0.6060912499897947
regime_shift,1004,RANDOM_MATCHED,1.0017812181221097,0.0010654140439159132,0.014027548652365001,0.28833333333333333,0.21445101712481685,0.697637112346472,0.6941666666666667,1650.893793075006,0.6060912499897947,0.6060912499897947
regime_shift,1004,ORDINARY_SOFT,1.5355774482698679,-0.531213996371795,0.31222500477102644,0.19083333333333333,0.1470062804440818,0.9322621110959429,1.0,2400.0,,
regime_shift,1004,ORACLE_CLASS,2.493401009963705,-1.48631583468854,0.7326751099850504,0.2,0.21246310791493891,1.337238095270035,1.0,2400.0,0.0,0.0
regime_shift,1005,ZERO,0.9991688144369338,0.0,0.0,0.28583333333333333,0.1481961546770361,1.4283333333333332,1.0,2400.0,,
regime_shift,1005,DIRECT,2.745700776404732,-1.7479848617493423,0.7255544262151884,0.20416666666666666,0.1588110427483591,,1.0,2400.0,,
regime_shift,1005,RDFL_SOFT,2.682654930652021,-1.6848865696071487,0.7589770437923216,0.23416666666666666,0.20516328663052827,1.0814069908129242,0.7075,1683.0921081818574,0.6218305990649573,0.6218305990649573
regime_shift,1005,HARD_RDFL,2.6688445283418627,-1.6710646787408479,0.7483030814150725,0.23583333333333334,0.2057599503520152,1.0892059663279074,0.7075,1698.0,0.6218305990649573,0.6218305990649573
regime_shift,1005,RANDOM_MATCHED,0.9998543837495812,-0.0006861396219954852,0.012949825907171654,0.29833333333333334,0.1908261016630078,0.6898608020544664,0.7075,1683.0921081818574,0.6218305990649573,0.6218305990649573
regime_shift,1005,ORDINARY_SOFT,1.4600782105714645,-0.46129281606358874,0.2895281176481182,0.20833333333333334,0.16204107227826045,0.9052902501907613,1.0,2400.0,,
regime_shift,1005,ORACLE_CLASS,2.3299972016714774,-1.331935472770446,0.698272289293925,0.21416666666666667,0.22095230888940245,1.3004717089654436,1.0,2400.0,0.0,0.0
regime_shift,1006,ZERO,0.9995006987619118,0.0,0.0,0.2825,0.14684860298895386,1.435,1.0,2400.0,,
regime_shift,1006,DIRECT,2.884895040145336,-1.8863361913792307,0.7683520683139071,0.1925,0.1494734780209328,,1.0,2400.0,,
regime_shift,1006,RDFL_SOFT,2.9133362597851735,-1.9147916188492338,0.8120722053157216,0.22916666666666666,0.2078839516594793,1.1294537330925378,0.70125,1667.9225752757945,0.6182001474718094,0.6182001474718094
regime_shift,1006,HARD_RDFL,2.899457500442011,-1.9009059263626211,0.8057032545497329,0.2325,0.20998972382162862,1.1348259004343344,0.70125,1683.0,0.6182001474718094,0.6182001474718094
regime_shift,1006,RANDOM_MATCHED,1.0010662893365836,-0.0015663726664834066,0.035197777865850564,0.3025,0.2128033772338119,0.689360715212317,0.70125,1667.9225752757945,0.6182001474718094,0.6182001474718094
regime_shift,1006,ORDINARY_SOFT,1.4900437103125963,-0.49078806263799857,0.3052153403918509,0.19166666666666668,0.14879825726115029,0.9259927136884089,1.0,2400.0,,
regime_shift,1006,ORACLE_CLASS,2.351277192906468,-1.3524517749902634,0.7089640842248699,0.19666666666666666,0.20527325307552613,1.3229197584818568,1.0,2400.0,0.0,0.0
regime_shift,1007,ZERO,0.999306993706489,0.0,0.0,0.26666666666666666,0.14035087719298245,1.4666666666666666,1.0,2400.0,,
regime_shift,1007,DIRECT,2.878809551829486,-1.8808059684960377,0.7719691385576017,0.20833333333333334,0.16013154402387472,,1.0,2400.0,,
regime_shift,1007,RDFL_SOFT,2.871031362998269,-1.8730223855928831,0.8139096713150421,0.22666666666666666,0.2110070768751504,1.1205497435806606,0.7045833333333333,1676.5464072966063,0.5992552474047637,0.5992552474047637
regime_shift,1007,HARD_RDFL,2.8556075012113977,-1.8575878275601574,0.8095285335335062,0.22666666666666666,0.21107358776707383,1.1258043644774625,0.7045833333333333,1691.0,0.5992552474047637,0.5992552474047637
regime_shift,1007,RANDOM_MATCHED,1.0017911026358792,-0.002485831626351853,0.03636520750287956,0.2658333333333333,0.15306369308783424,0.7204786527866309,0.7045833333333333,1676.5464072966063,0.5992552474047637,0.5992552474047637
regime_shift,1007,ORDINARY_SOFT,1.4934341520222132,-0.4944698290191858,0.3110227589846454,0.21083333333333334,0.1621554985399379,0.9161611189612721,1.0,2400.0,,
regime_shift,1007,ORACLE_CLASS,2.384915094428423,-1.3865690017665457,0.7244556546693879,0.2175,0.22665659943192032,1.3162032166115327,1.0,2400.0,0.0,0.0
regime_shift,1008,ZERO,0.9992323286753462,0.0,0.0,0.29583333333333334,0.15219721329046088,1.4083333333333334,1.0,2400.0,,
regime_shift,1008,DIRECT,2.9791825225731583,-1.981471312605123,0.7836376593313141,0.18916666666666668,0.14757729780385756,,1.0,2400.0,,
regime_shift,1008,RDFL_SOFT,2.9473636877429485,-1.9496280326019724,0.823688255920409,0.22416666666666665,0.20024026785328422,1.1149927801997936,0.6991666666666667,1663.2415432535595,0.6216636539406907,0.6216636539406907
regime_shift,1008,HARD_RDFL,2.944097232155536,-1.9463590675238076,0.818655096966948,0.22666666666666666,0.19940303457907893,1.1231823569552888,0.6991666666666667,1678.0,0.6216636539406907,0.6216636539406907
regime_shift,1008,RANDOM_MATCHED,1.0004791908244932,-0.0012478200648291526,0.021368012628042655,0.29583333333333334,0.18432725982212847,0.7025968939191393,0.6991666666666667,1663.2415432535595,0.6216636539406907,0.6216636539406907
regime_shift,1008,ORDINARY_SOFT,1.5375700457585857,-0.5387513010081435,0.32508744762354036,0.19,0.14820007290746942,0.9360427760800804,1.0,2400.0,,
regime_shift,1008,ORACLE_CLASS,2.3741037997674703,-1.3759277313562825,0.7242316443135957,0.21083333333333334,0.2189123464432493,1.3246582989732933,1.0,2400.0,0.0,0.0
regime_shift,1009,ZERO,0.999218022473127,0.0,0.0,0.29083333333333333,0.15020443296750594,1.4183333333333332,1.0,2400.0,,
regime_shift,1009,DIRECT,2.9118125220295408,-1.9140912759185658,0.7713619399312466,0.19416666666666665,0.15141698607901136,,1.0,2400.0,,
regime_shift,1009,RDFL_SOFT,2.8773997067756425,-1.8796515295569818,0.7995176052170263,0.2175,0.1941693690205379,1.1145799007420745,0.7075,1683.0629908155997,0.6327213556922706,0.6327213556922706
regime_shift,1009,HARD_RDFL,2.850005095007204,-1.8522354790531734,0.7909426598508745,0.2175,0.19331871036308712,1.1160026175376851,0.7075,1698.0,0.6327213556922706,0.6327213556922706
regime_shift,1009,RANDOM_MATCHED,0.9995350057645065,-0.0003172313591732756,0.0031891254855449104,0.2966666666666667,0.20026242950696757,0.7115288571827147,0.7075,1683.0629908155997,0.6327213556922706,0.6327213556922706
regime_shift,1009,ORDINARY_SOFT,1.5151573348966207,-0.5163430811090775,0.3133334100970619,0.18916666666666668,0.14751555847227374,0.9397156271579516,1.0,2400.0,,
regime_shift,1009,ORACLE_CLASS,2.377464685528925,-1.3793252644148186,0.7131101196999208,0.1875,0.19637176261451006,1.3302038517873291,1.0,2400.0,0.0,0.0
regime_shift,1010,ZERO,0.9992125578523687,0.0,0.0,0.25333333333333335,0.1347517730496454,1.4933333333333334,1.0,2400.0,,
regime_shift,1010,DIRECT,2.7164130534671656,-1.7185537572762462,0.7147410619507834,0.2025,0.15452794360732777,,1.0,2400.0,,
regime_shift,1010,RDFL_SOFT,2.7362877009628837,-1.7384440672403594,0.7576326746059476,0.21,0.19477334760707152,1.1226233525532594,0.7191666666666666,1710.08247752558,0.6017144177065037,0.6017144177065037
regime_shift,1010,HARD_RDFL,2.6962777560665114,-1.698402591998729,0.7415421531138177,0.215,0.1957836504580691,1.1241161115770781,0.7191666666666666,1726.0,0.6017144177065037,0.6017144177065037
regime_shift,1010,RANDOM_MATCHED,1.002601335619667,-0.0033914483366601633,0.05810190812264129,0.2633333333333333,0.17122038049627,0.7086518189104664,0.7191666666666666,1710.08247752558,0.6017144177065037,0.6017144177065037
regime_shift,1010,ORDINARY_SOFT,1.480064387200991,-0.48123077074024034,0.290101376047272,0.19916666666666666,0.1515957018349363,0.9171481001595263,1.0,2400.0,,
regime_shift,1010,ORACLE_CLASS,2.4043932915420716,-1.4062881042146738,0.7114145872616028,0.2075,0.2182746000460548,1.3334332303910288,1.0,2400.0,0.0,0.0
regime_shift,1011,ZERO,0.9994554059207814,0.0,0.0,0.2725,0.14276358873608383,1.455,1.0,2400.0,,
regime_shift,1011,DIRECT,2.7716941776028268,-1.7732044483258478,0.7615725002101292,0.22083333333333333,0.17039487688373134,,1.0,2400.0,,
regime_shift,1011,RDFL_SOFT,2.7888734848379153,-1.7903931164078033,0.8141278886071319,0.22083333333333333,0.20246349243745088,1.117311685771375,0.7104166666666667,1691.0390034429658,0.5972150468630223,0.5972150468630223
regime_shift,1011,HARD_RDFL,2.771826537078006,-1.7733368799224904,0.8072776025760716,0.2225,0.2034893974486934,1.1225896849193473,0.7104166666666667,1705.0,0.5972150468630223,0.5972150468630223
regime_shift,1011,RANDOM_MATCHED,1.0048099648584183,-0.005357476587666055,0.013317939646412329,0.2841666666666667,0.18228031676496384,0.6961641126521216,0.7104166666666667,1691.0390034429658,0.5972150468630223,0.5972150468630223
regime_shift,1011,ORDINARY_SOFT,1.4603286943984324,-0.4611244141033548,0.3061481257293969,0.22,0.16976456702002093,0.9068307134443345,1.0,2400.0,,
regime_shift,1011,ORACLE_CLASS,2.3397077912016546,-1.3409826765068336,0.7153120993950228,0.21333333333333335,0.22259948608767796,1.3076749715994278,1.0,2400.0,0.0,0.0
regime_shift,1012,ZERO,1.0032194185610817,0.0,0.0,0.26916666666666667,0.14138761216896475,1.4616666666666667,1.0,2400.0,,
regime_shift,1012,DIRECT,2.974382461776122,-1.9648374091903853,0.7620378512940217,0.18833333333333332,0.14507764013549934,,1.0,2400.0,,
regime_shift,1012,RDFL_SOFT,2.9546359249477305,-1.9451542407199085,0.8004496234729072,0.20333333333333334,0.18285356891718477,1.1501555336796714,0.7108333333333333,1690.5375028869971,0.6249273708125506,0.6249273708125506
regime_shift,1012,HARD_RDFL,2.938771703919797,-1.929340929360079,0.7948953581566975,0.20166666666666666,0.1817368646870289,1.158494350528568,0.7108333333333333,1706.0,0.6249273708125506,0.6249273708125506
regime_shift,1012,RANDOM_MATCHED,1.0082423497522908,-0.0050068121671862365,0.036239246951256486,0.2725,0.18905685929065194,0.6997065672406021,0.7108333333333333,1690.5375028869971,0.6249273708125506,0.6249273708125506
regime_shift,1012,ORDINARY_SOFT,1.5365675319711192,-0.531636552824126,0.30654995630255705,0.18583333333333332,0.1431575667886907,0.9424144163127046,1.0,2400.0,,
regime_shift,1012,ORACLE_CLASS,2.3930540918246095,-1.3853745726502869,0.6991435284745879,0.185,0.19612295028641127,1.3384360100444594,1.0,2400.0,0.0,0.0
regime_shift,1013,ZERO,0.9991669796039355,0.0,0.0,0.275,0.14379084967320263,1.45,1.0,2400.0,,
regime_shift,1013,DIRECT,2.8138014503517206,-1.8161473585397072,0.7586663560075448,0.20833333333333334,0.16101701244193514,,1.0,2400.0,,
regime_shift,1013,RDFL_SOFT,2.838907022048748,-1.8412738611258708,0.8126479519158569,0.21583333333333332,0.1972571727796102,1.1245903739170038,0.7195833333333334,1711.2750285606855,0.5922388896090973,0.5922388896090973
regime_shift,1013,HARD_RDFL,2.828741522547478,-1.8310998864962253,0.8041913272969772,0.21583333333333332,0.1965085237049252,1.1308789957329506,0.7195833333333334,1727.0,0.5922388896090973,0.5922388896090973
regime_shift,1013,RANDOM_MATCHED,0.997232855649673,0.001935736462216897,0.019108876759695605,0.275,0.17359867457058442,0.7295255836431058,0.7195833333333334,1711.2750285606855,0.5922388896090973,0.5922388896090973
regime_shift,1013,ORDINARY_SOFT,1.4930769457704884,-0.49432174626340863,0.3113281899771342,0.21083333333333334,0.16288777412726022,0.9201867314228775,1.0,2400.0,,
regime_shift,1013,ORACLE_CLASS,2.3973776429536686,-1.399376372409721,0.7162656909324427,0.1825,0.19030218189697443,1.335010975129385,1.0,2400.0,0.0,0.0
regime_shift,1014,ZERO,1.000098031019919,0.0,0.0,0.265,0.1396574440052701,1.47,1.0,2400.0,,
regime_shift,1014,DIRECT,3.031064136003526,-2.03076702682075,0.7916187080585778,0.20333333333333334,0.15621290271178004,,1.0,2400.0,,
regime_shift,1014,RDFL_SOFT,2.9506529199093876,-1.9503636927474557,0.8298563785805222,0.20166666666666666,0.18884551121393225,1.1484160535840677,0.7,1665.2218264175156,0.6442113802392315,0.6442113802392315
regime_shift,1014,HARD_RDFL,2.9358991220978083,-1.935611341123952,0.8265506062880731,0.20583333333333334,0.19280770531860825,1.1544856494782183,0.7,1680.0,0.6442113802392315,0.6442113802392315
regime_shift,1014,RANDOM_MATCHED,1.0025181524900502,-0.0024198842464104864,0.0956309434403965,0.30083333333333334,0.22677060415129816,0.6802722083180477,0.7,1665.2218264175156,0.6442113802392315,0.6442113802392315
regime_shift,1014,ORDINARY_SOFT,1.5238508029066429,-0.5237014329011236,0.3146228489717034,0.20583333333333334,0.1581695052058341,0.9360454048772608,1.0,2400.0,,
regime_shift,1014,ORACLE_CLASS,2.409397272558513,-1.4091611000387267,0.7307381460941612,0.19083333333333333,0.19846902180184153,1.3427849078426495,1.0,2400.0,0.0,0.0
regime_shift,1015,ZERO,1.0002240785888012,0.0,0.0,0.2733333333333333,0.1431064572425829,1.4533333333333334,1.0,2400.0,,
regime_shift,1015,DIRECT,2.7417008714406577,-1.7410866526117585,0.7229366632754131,0.2025,0.1562697957782469,,1.0,2400.0,,
regime_shift,1015,RDFL_SOFT,2.7604852500596877,-1.7598668229967114,0.7722915422830234,0.23333333333333334,0.20788186499195674,1.1130638432031332,0.7058333333333333,1678.830914116319,0.5957912435124362,0.5957912435124362
regime_shift,1015,HARD_RDFL,2.7672483470447164,-1.7666284048560188,0.7676378420880705,0.23166666666666666,0.2056215838940818,1.1251743822514702,0.7058333333333333,1694.0,0.5957912435124362,0.5957912435124362
regime_shift,1015,RANDOM_MATCHED,1.0031402561821174,-0.002915524286748461,0.04939469041122179,0.295,0.20265182829993744,0.6830473003499449,0.7058333333333333,1678.830914116319,0.5957912435124362,0.5957912435124362
regime_shift,1015,ORDINARY_SOFT,1.4772120817624137,-0.47688114431976736,0.2985383260485094,0.19583333333333333,0.15122092869776405,0.9172898641150166,1.0,2400.0,,
regime_shift,1015,ORACLE_CLASS,2.3444753380327708,-1.3439501090001253,0.6937439555261199,0.21583333333333332,0.22667207714420137,1.2976645471566624,1.0,2400.0,0.0,0.0
regime_shift,1016,ZERO,1.000182467730042,0.0,0.0,0.25,0.13333333333333333,1.5,1.0,2400.0,,
regime_shift,1016,DIRECT,2.8003514612116693,-1.7998405806564377,0.7472334158967333,0.21,0.1599056603773585,,1.0,2400.0,,
regime_shift,1016,RDFL_SOFT,2.7977169373444415,-1.7972065374171007,0.794202299413962,0.21333333333333335,0.19714202391367744,1.1286989110064864,0.71,1688.48667562245,0.5958016071328117,0.5958016071328117
regime_shift,1016,HARD_RDFL,2.7810095530301826,-1.7805022011051705,0.7871940702344912,0.21666666666666667,0.19941254721364668,1.138719467908251,0.71,1704.0,0.5958016071328117,0.5958016071328117
regime_shift,1016,RANDOM_MATCHED,1.0016459919666614,-0.001463257239392446,0.02094873386997339,0.2575,0.18067216799976835,0.7130679946210522,0.71,1688.48667562245,0.5958016071328117,0.5958016071328117
regime_shift,1016,ORDINARY_SOFT,1.4857073449858218,-0.4854363007958937,0.3040672694569247,0.20833333333333334,0.15821921373381412,0.9129001778092125,1.0,2400.0,,
regime_shift,1016,ORACLE_CLASS,2.3944495780969706,-1.3940127480251467,0.7128575424240999,0.19333333333333333,0.2031035336382604,1.3339261221200276,1.0,2400.0,0.0,0.0
regime_shift,1017,ZERO,0.9991950324164488,0.0,0.0,0.2808333333333333,0.14617219692040773,1.4383333333333332,1.0,2400.0,,
regime_shift,1017,DIRECT,2.968739505161947,-1.9711311694398246,0.7850010559408785,0.19833333333333333,0.15345859413656024,,1.0,2400.0,,
regime_shift,1017,RDFL_SOFT,2.937361995094722,-1.93972838114599,0.8319940285335882,0.22416666666666665,0.20772279260374238,1.119564653389224,0.7179166666666666,1706.9376732183555,0.6083602644723407,0.6083602644723407
regime_shift,1017,HARD_RDFL,2.9040926778365113,-1.9064322615908793,0.8253759081009594,0.22583333333333333,0.20777280472411375,1.1203147035248735,0.7179166666666666,1723.0,0.6083602644723407,0.6083602644723407
regime_shift,1017,RANDOM_MATCHED,1.0024417957434542,-0.0032493789717442656,0.020509282845659105,0.2925,0.19666452305672918,0.7170310107341784,0.7179166666666666,1706.9376732183555,0.6083602644723407,0.6083602644723407
regime_shift,1017,ORDINARY_SOFT,1.5184524041825784,-0.5196756938536413,0.31873097430107794,0.19583333333333333,0.15110159210952628,0.9312316916515666,1.0,2400.0,,
regime_shift,1017,ORACLE_CLASS,2.4692934515095644,-1.4712827540163365,0.7495032309582925,0.21833333333333332,0.22957100611719036,1.3331079834973267,1.0,2400.0,0.0,0.0
regime_shift,1018,ZERO,0.9992741376391344,0.0,0.0,0.30083333333333334,0.15417467435404655,1.3983333333333334,1.0,2400.0,,
regime_shift,1018,DIRECT,2.7865576323831043,-1.7885817589221022,0.7486795898607177,0.215,0.16848844261742704,,1.0,2400.0,,
regime_shift,1018,RDFL_SOFT,2.7927580697230763,-1.7947867001953957,0.803469769679577,0.23166666666666666,0.20935517142033577,1.0897471915930137,0.7133333333333334,1697.1043253844011,0.6276007988316396,0.6276007988316396
regime_shift,1018,HARD_RDFL,2.7669758019355823,-1.7689857044362074,0.7944360763308664,0.24,0.21350895659863697,1.093200102477804,0.7133333333333334,1712.0,0.6276007988316396,0.6276007988316396
regime_shift,1018,RANDOM_MATCHED,1.0035567768678948,-0.004285750093441232,0.012050316568520134,0.3175,0.2147834192387531,0.689583001095533,0.7133333333333334,1697.1043253844011,0.6276007988316396,0.6276007988316396
regime_shift,1018,ORDINARY_SOFT,1.4781981717040737,-0.4792719195119328,0.30852514305176487,0.215,0.16834555098864779,0.9140332950401611,1.0,2400.0,,
regime_shift,1018,ORACLE_CLASS,2.2974971373663813,-1.2991660154383693,0.7128574142915557,0.21,0.21540279198393755,1.2887154369935376,1.0,2400.0,0.0,0.0
regime_shift,1019,ZERO,1.0023275538804688,0.0,0.0,0.28833333333333333,0.14920224234583873,1.4233333333333333,1.0,2400.0,,
regime_shift,1019,DIRECT,2.8360244578571434,-1.8294387866297743,0.7333596902600356,0.18083333333333335,0.14065606597672023,,1.0,2400.0,,
regime_shift,1019,RDFL_SOFT,2.917393255653345,-1.9106186339573128,0.793309933363359,0.24166666666666667,0.21384100324476374,1.1068513332413077,0.6995833333333333,1664.1320254006673,0.6378594454794159,0.6378594454794159
regime_shift,1019,HARD_RDFL,2.910393084377305,-1.903634718121677,0.7857269479803485,0.2475,0.2174934771949697,1.113874094337021,0.6995833333333333,1679.0,0.6378594454794159,0.6378594454794159
regime_shift,1019,RANDOM_MATCHED,1.0038385226827777,-0.0015074601076856542,0.012298655136993982,0.3,0.2248260568380562,0.6997871287637306,0.6995833333333333,1664.1320254006673,0.6378594454794159,0.6378594454794159
regime_shift,1019,ORDINARY_SOFT,1.524303016390736,-0.5207633577361626,0.30702289171706004,0.18,0.13988126882863725,0.9314078966763579,1.0,2400.0,,
regime_shift,1019,ORACLE_CLASS,2.4030477371000143,-1.3974675023117107,0.7116498647522176,0.20333333333333334,0.21378062536189246,1.322700165722521,1.0,2400.0,0.0,0.0
regime_shift,1020,ZERO,1.0050734246582047,0.0,0.0,0.2875,0.1488673139158576,1.425,1.0,2400.0,,
regime_shift,1020,DIRECT,2.903816670113329,-1.8891587409156996,0.7380594584093929,0.185,0.14386318670072848,,1.0,2400.0,,
regime_shift,1020,RDFL_SOFT,2.8917689291279443,-1.877171814697367,0.7902887379333301,0.20833333333333334,0.1848058646805072,1.1320477877625894,0.69375,1649.9206646373918,0.6183650129337127,0.6183650129337127
regime_shift,1020,HARD_RDFL,2.8748485890259805,-1.8603368853411184,0.7809732072655116,0.20916666666666667,0.18304426686765543,1.1391471138192641,0.69375,1665.0,0.6183650129337127,0.6183650129337127
regime_shift,1020,RANDOM_MATCHED,1.0131869685160382,-0.008072588189855567,0.0328365449744688,0.3,0.19809255931522776,0.7061790398611713,0.69375,1649.9206646373918,0.6183650129337127,0.6183650129337127
regime_shift,1020,ORDINARY_SOFT,1.525136012111285,-0.5174374077495263,0.30435739261979894,0.1875,0.14574337823032804,0.9416238870476765,1.0,2400.0,,
regime_shift,1020,ORACLE_CLASS,2.358430922589552,-1.3465259997214467,0.6968621282588658,0.1975,0.20589008610625523,1.3181958926835096,1.0,2400.0,0.0,0.0
regime_shift,1021,ZERO,1.0001499086776606,0.0,0.0,0.2791666666666667,0.1454940282301846,1.4416666666666667,1.0,2400.0,,
regime_shift,1021,DIRECT,2.8760380020508083,-1.8756069236194168,0.7694834127387429,0.19916666666666666,0.1543326960755804,,1.0,2400.0,,
regime_shift,1021,RDFL_SOFT,2.785039748127886,-1.7846223090797477,0.8081162521413274,0.2225,0.20425316453250097,1.1090151615332644,0.7045833333333333,1675.4910315717175,0.6133760323802365,0.6133760323802365
regime_shift,1021,HARD_RDFL,2.7815257604108425,-1.7811088480609993,0.8039191290255946,0.22,0.20019128284731738,1.120812003460151,0.7045833333333333,1691.0,0.6133760323802365,0.6133760323802365
regime_shift,1021,RANDOM_MATCHED,1.001304546408292,-0.0011544646663597113,0.06131458872311864,0.285,0.1827404298976336,0.7034455269118265,0.7045833333333333,1675.4910315717175,0.6133760323802365,0.6133760323802365
regime_shift,1021,ORDINARY_SOFT,1.498818756510199,-0.49859410424968087,0.31773512621161143,0.20416666666666666,0.15812307376721102,0.9233138147249721,1.0,2400.0,,
regime_shift,1021,ORACLE_CLASS,2.349952080756995,-1.349599855349648,0.7171333175142294,0.2025,0.2117959763516721,1.319685220075869,1.0,2400.0,0.0,0.0
regime_shift,1022,ZERO,0.9995020845998662,0.0,0.0,0.2833333333333333,0.14718614718614717,1.4333333333333333,1.0,2400.0,,
regime_shift,1022,DIRECT,3.1930424113681077,-2.194633068370626,0.8152732758249279,0.18333333333333332,0.14235740928744942,,1.0,2400.0,,
regime_shift,1022,RDFL_SOFT,3.004956117177757,-2.006453076464308,0.8286716282548203,0.215,0.19697475513112972,1.136205869597074,0.72375,1720.4483180681723,0.5892781283585318,0.5892781283585318
regime_shift,1022,HARD_RDFL,2.9720747255541826,-1.9735553045334595,0.8177281142889954,0.21666666666666667,0.19902180917319237,1.1359187060608746,0.72375,1737.0,0.5892781283585318,0.5892781283585318
regime_shift,1022,RANDOM_MATCHED,0.9994239565123966,7.81670080267638e-05,0.00663478799048716,0.2966666666666667,0.20982581716916618,0.692725620995504,0.72375,1720.4483180681723,0.5892781283585318,0.5892781283585318
regime_shift,1022,ORDINARY_SOFT,1.5681087397771387,-0.5688899142265467,0.322517459442012,0.17833333333333334,0.13786462758425375,0.9604401840992784,1.0,2400.0,,
regime_shift,1022,ORACLE_CLASS,2.459104724865587,-1.460329760942968,0.7306527288835034,0.19416666666666665,0.2058596412699043,1.3470354921121916,1.0,2400.0,0.0,0.0
regime_shift,1023,ZERO,0.9993475052148731,0.0,0.0,0.26166666666666666,0.13826508146191105,1.4766666666666666,1.0,2400.0,,
regime_shift,1023,DIRECT,2.8994661373210153,-1.9013592591073625,0.77650085073019,0.205,0.1572607333539249,,1.0,2400.0,,
regime_shift,1023,RDFL_SOFT,2.856716640848549,-1.858581850598923,0.8065732268670925,0.22166666666666668,0.20244347441783828,1.136859627667825,0.7095833333333333,1688.2463632349252,0.6123303667628318,0.6123303667628318
regime_shift,1023,HARD_RDFL,2.8271692855401134,-1.8290152032072506,0.793738996781574,0.22,0.19872849977909737,1.139101037174107,0.7095833333333333,1703.0,0.6123303667628318,0.6123303667628318
regime_shift,1023,RANDOM_MATCHED,1.0120916743831567,-0.012752490101572311,0.08063926735336714,0.275,0.1803635106646506,0.6974987116070229,0.7095833333333333,1688.2463632349252,0.6123303667628318,0.6123303667628318
regime_shift,1023,ORDINARY_SOFT,1.5150456619835662,-0.5160348668282422,0.31849291666978774,0.205,0.15714516971663614,0.9319645284501731,1.0,2400.0,,
regime_shift,1023,ORACLE_CLASS,2.3581642467191886,-1.359703941235288,0.7181777525895366,0.20416666666666666,0.21486050682282895,1.3207667693174805,1.0,2400.0,0.0,0.0
regime_shift,1024,ZERO,0.9994449938902009,0.0,0.0,0.2733333333333333,0.1431064572425829,1.4533333333333334,1.0,2400.0,,
regime_shift,1024,DIRECT,2.800392539701788,-1.8019476377600823,0.7532561284965724,0.20833333333333334,0.1608951442313814,,1.0,2400.0,,
regime_shift,1024,RDFL_SOFT,2.8293908301784803,-1.830962031402518,0.817621140166722,0.22083333333333333,0.2024226200866687,1.0960371279013212,0.69625,1656.3763381565725,0.6328670248077414,0.6328670248077414
regime_shift,1024,HARD_RDFL,2.801207880393287,-1.8027634312219365,0.8112287231537878,0.21833333333333332,0.1995670331367844,1.0973538082212082,0.69625,1671.0,0.6328670248077414,0.6328670248077414
regime_shift,1024,RANDOM_MATCHED,1.0065637373188856,-0.007122696568798714,0.04401033920714266,0.2966666666666667,0.224578111946533,0.7065956723444202,0.69625,1656.3763381565725,0.6328670248077414,0.6328670248077414
regime_shift,1024,ORDINARY_SOFT,1.5005153592468574,-0.5013486169021766,0.31226521036930016,0.20833333333333334,0.1605887142386555,0.9097888920843086,1.0,2400.0,,
regime_shift,1024,ORACLE_CLASS,2.318737498886109,-1.320025127006485,0.706816891366285,0.21916666666666668,0.2290722768753638,1.2887087599385927,1.0,2400.0,0.0,0.0
regime_shift,1025,ZERO,0.9993522970558633,0.0,0.0,0.26916666666666667,0.14138761216896475,1.4616666666666667,1.0,2400.0,,
regime_shift,1025,DIRECT,2.6719246671906545,-1.6736564023140432,0.7265941850860703,0.2275,0.17509042010572196,,1.0,2400.0,,
regime_shift,1025,RDFL_SOFT,2.5491902499099304,-1.5508424380670953,0.75593521875937,0.25,0.23017241943125055,1.0571495298063138,0.7079166666666666,1684.0858809492013,0.6322615545393768,0.6322615545393768
regime_shift,1025,HARD_RDFL,2.5238740188597837,-1.525509798992037,0.7467283252505384,0.24666666666666667,0.22541243796749375,1.058547009223574,0.7079166666666666,1699.0,0.6322615545393768,0.6322615545393768
regime_shift,1025,RANDOM_MATCHED,0.9998706805066291,-0.0005187194268658768,0.006940917211734983,0.2758333333333333,0.16630787549945328,0.7160745215100394,0.7079166666666666,1684.0858809492013,0.6322615545393768,0.6322615545393768
regime_shift,1025,ORDINARY_SOFT,1.426194175933948,-0.42711852480409584,0.29052603307378067,0.23166666666666666,0.17799759357379039,0.8913175235795957,1.0,2400.0,,
regime_shift,1025,ORACLE_CLASS,2.276157616571753,-1.2776328460718163,0.7101974430410243,0.2175,0.22618463226553687,1.2822675675033162,1.0,2400.0,0.0,0.0
regime_shift,1026,ZERO,1.0002750726368257,0.0,0.0,0.2916666666666667,0.15053763440860216,1.4166666666666667,1.0,2400.0,,
regime_shift,1026,DIRECT,2.8778918341412725,-1.8771004225416315,0.7645556266218085,0.20333333333333334,0.1587154729088297,,1.0,2400.0,,
regime_shift,1026,RDFL_SOFT,2.8335832923602,-1.832804065476299,0.8051932520641043,0.21166666666666667,0.19401431630914193,1.102841790566713,0.7095833333333333,1687.2790765515035,0.5865783794133002,0.5865783794133002
regime_shift,1026,HARD_RDFL,2.8061427388451134,-1.8053710580309064,0.7938255246272993,0.21333333333333335,0.19503019002085387,1.1063424035733105,0.7095833333333333,1703.0,0.5865783794133002,0.5865783794133002
regime_shift,1026,RANDOM_MATCHED,1.0011797625693994,-0.0009044411455629842,0.003677571437472199,0.2975,0.2060103491970119,0.6936532208965439,0.7095833333333333,1687.2790765515035,0.5865783794133002,0.5865783794133002
regime_shift,1026,ORDINARY_SOFT,1.4773430824290028,-0.4769368175241815,0.299186779317656,0.2025,0.15790175171363288,0.9159262939522473,1.0,2400.0,,
regime_shift,1026,ORACLE_CLASS,2.363748728170333,-1.3630987043786402,0.7073281077401196,0.21833333333333332,0.2264119015130965,1.3014017575296095,1.0,2400.0,0.0,0.0
regime_shift,1027,ZERO,0.9998637794132886,0.0,0.0,0.2783333333333333,0.14515428074750109,1.4433333333333334,1.0,2400.0,,
regime_shift,1027,DIRECT,2.851256285053964,-1.8516447377732357,0.7485521683042676,0.20833333333333334,0.16096446336996165,,1.0,2400.0,,
regime_shift,1027,RDFL_SOFT,2.808048393253391,-1.8084309593664143,0.7877204297809618,0.23583333333333334,0.20919109004678202,1.096587075002722,0.71125,1692.1973843954318,0.5871244109386206,0.5871244109386206
regime_shift,1027,HARD_RDFL,2.7950550329620127,-1.7954358288707355,0.779741237451176,0.23666666666666666,0.20996945743148246,1.100707971972024,0.71125,1707.0,0.5871244109386206,0.5871244109386206
regime_shift,1027,RANDOM_MATCHED,1.0031453147123743,-0.003281982372649983,0.0333238209444477,0.27666666666666667,0.19467372300480448,0.7104293874132362,0.71125,1692.1973843954318,0.5871244109386206,0.5871244109386206
regime_shift,1027,ORDINARY_SOFT,1.486609817526226,-0.4868123519771419,0.30095385908443134,0.2075,0.16029712936929433,0.9103205793663456,1.0,2400.0,,
regime_shift,1027,ORACLE_CLASS,2.361516250950592,-1.3618379819062043,0.7079473122166781,0.2125,0.22116704827346076,1.299039491364436,1.0,2400.0,0.0,0.0
regime_shift,1028,ZERO,1.0002662832903522,0.0,0.0,0.2758333333333333,0.14413237535379927,1.4483333333333333,1.0,2400.0,,
regime_shift,1028,DIRECT,2.7816913211240104,-1.780950800394574,0.7334415559523647,0.20083333333333334,0.1551457915063689,,1.0,2400.0,,
regime_shift,1028,RDFL_SOFT,2.824812764211152,-1.8240607640187543,0.7855849521160339,0.22,0.20104005748849077,1.120950826114046,0.7125,1694.6978765043928,0.6088585546494772,0.6088585546494772
regime_shift,1028,HARD_RDFL,2.805816936102753,-1.805069992835393,0.7768988458297447,0.21666666666666667,0.19552710385192515,1.1233426389918122,0.7125,1710.0,0.6088585546494772,0.6088585546494772
regime_shift,1028,RANDOM_MATCHED,1.0039346740190616,-0.0036674141576005237,0.005616263413779584,0.27416666666666667,0.18150730325707823,0.7315821563628525,0.7125,1694.6978765043928,0.6088585546494772,0.6088585546494772
regime_shift,1028,ORDINARY_SOFT,1.48708537738412,-0.4866894968131765,0.2991383845828463,0.19666666666666666,0.15203828056424087,0.9243471773915488,1.0,2400.0,,
regime_shift,1028,ORACLE_CLASS,2.349671334787875,-1.349045823136902,0.710037964795796,0.20333333333333334,0.21214851214851213,1.3179476035011335,1.0,2400.0,0.0,0.0
regime_shift,1029,ZERO,1.0000510519620598,0.0,0.0,0.2775,0.14481409001956946,1.445,1.0,2400.0,,
regime_shift,1029,DIRECT,2.976523332761543,-1.976371383162614,0.7787052301268782,0.19833333333333333,0.1533272898451918,,1.0,2400.0,,
regime_shift,1029,RDFL_SOFT,2.9624042991052284,-1.9622530702738734,0.8224509383833299,0.2075,0.1895558549021922,1.1341296012109743,0.6995833333333333,1664.3834815436755,0.6157172223360138,0.6157172223360138
regime_shift,1029,HARD_RDFL,2.9410927832040694,-1.940942642311874,0.8160890235792607,0.21083333333333334,0.19340812814106043,1.1390811327415784,0.6995833333333333,1679.0,0.6157172223360138,0.6157172223360138
regime_shift,1029,RANDOM_MATCHED,1.0048778926623905,-0.004826594293221964,0.019115380072141544,0.275,0.17637582642074165,0.7172629384766487,0.6995833333333333,1664.3834815436755,0.6157172223360138,0.6157172223360138
regime_shift,1029,ORDINARY_SOFT,1.5437713386441794,-0.5436925301117002,0.319999064389559,0.19666666666666666,0.15175650991886497,0.9482273217619702,1.0,2400.0,,
regime_shift,1029,ORACLE_CLASS,2.4316609388398818,-1.4315368041152112,0.7268631410944025,0.185,0.19524417078556353,1.3511229053642237,1.0,2400.0,0.0,0.0
regime_shift,1030,ZERO,0.9991673503259593,0.0,0.0,0.2625,0.1386138613861386,1.475,1.0,2400.0,,
regime_shift,1030,DIRECT,2.92890899448066,-1.9313497819210759,0.7805522656896869,0.2025,0.15537484219785722,,1.0,2400.0,,
regime_shift,1030,RDFL_SOFT,2.8680539177524715,-1.8704439920067681,0.8243453081064426,0.2225,0.20896628213441737,1.1257248292240902,0.70125,1668.2580054925468,0.6114242572735794,0.6114242572735794
regime_shift,1030,HARD_RDFL,2.8425915055497013,-1.844960360866836,0.8139224027793863,0.2225,0.20720625135236995,1.1291400027476317,0.70125,1683.0,0.6114242572735794,0.6114242572735794
regime_shift,1030,RANDOM_MATCHED,1.0009665337304272,-0.001800682742366444,0.007983067639553188,0.26666666666666666,0.1659223825595507,0.707430062686506,0.70125,1668.2580054925468,0.6114242572735794,0.6114242572735794
regime_shift,1030,ORDINARY_SOFT,1.4998833391225246,-0.501133257239857,0.3123773758897603,0.2025,0.15544550629102694,0.9303447172229267,1.0,2400.0,,
regime_shift,1030,ORACLE_CLASS,2.3992701015196425,-1.4012695178009236,0.7286484638115606,0.20083333333333334,0.21204705943884636,1.3202364646653673,1.0,2400.0,0.0,0.0
