scenario,seed,method,latent_mse,observed_mse,latent_skill_vs_zero,training_n
null_effect,21001,ZERO,0.0,1.0537037517819328,,2400
null_effect,21001,DIRECT,0.010524483043087656,1.0605245183873608,,2400
null_effect,21001,HARD_FPA,0.012000078995999306,1.0682269075298587,,2400
null_effect,21001,ORDINARY_SOFT,0.001574569949995657,1.054375078388005,,2400
null_effect,21001,FPA_SOFT,0.012569020155464154,1.0679923837153613,,2400
null_effect,21001,ORACLE_RIDGE,0.0,1.0537037517819328,,2400
null_effect,21002,ZERO,0.0,1.0032566950075075,,2400
null_effect,21002,DIRECT,0.00679081441930057,1.0152174206681441,,2400
null_effect,21002,HARD_FPA,0.007464026742882055,1.0174545236064532,,2400
null_effect,21002,ORDINARY_SOFT,0.0009701064860209488,1.0066340898726533,,2400
null_effect,21002,FPA_SOFT,0.007361537759325829,1.0151435261879265,,2400
null_effect,21002,ORACLE_RIDGE,0.0,1.0032566950075075,,2400
null_effect,21003,ZERO,0.0,1.0211339995444746,,2400
null_effect,21003,DIRECT,0.006551057120143676,1.032080808324446,,2400
null_effect,21003,HARD_FPA,0.016989959295542877,1.0387978002798066,,2400
null_effect,21003,ORDINARY_SOFT,0.0014577644358999232,1.0244295150422518,,2400
null_effect,21003,FPA_SOFT,0.016277060460804713,1.038229038209431,,2400
null_effect,21003,ORACLE_RIDGE,0.0,1.0211339995444746,,2400
null_effect,21004,ZERO,0.0,0.9751477053150293,,2400
null_effect,21004,DIRECT,0.014735382293117322,0.9865162249337648,,2400
null_effect,21004,HARD_FPA,0.024821574599776762,0.9955313272201014,,2400
null_effect,21004,ORDINARY_SOFT,0.002973655174885279,0.9778311680567295,,2400
null_effect,21004,FPA_SOFT,0.026343622273529516,0.9961590005483746,,2400
null_effect,21004,ORACLE_RIDGE,0.0,0.9751477053150293,,2400
null_effect,21005,ZERO,0.0,1.04466829545327,,2400
null_effect,21005,DIRECT,0.0062308698963441335,1.0486460005817715,,2400
null_effect,21005,HARD_FPA,0.005860965779335518,1.0469152952545822,,2400
null_effect,21005,ORDINARY_SOFT,0.0012524139965381523,1.0447645710224507,,2400
null_effect,21005,FPA_SOFT,0.006142840357305518,1.046175256029188,,2400
null_effect,21005,ORACLE_RIDGE,0.0,1.04466829545327,,2400
null_effect,21006,ZERO,0.0,0.9362119997446876,,2400
null_effect,21006,DIRECT,0.010170568281993836,0.9427874898138043,,2400
null_effect,21006,HARD_FPA,0.021683854233066225,0.9501888485362865,,2400
null_effect,21006,ORDINARY_SOFT,0.0021687207993533364,0.9377714889438556,,2400
null_effect,21006,FPA_SOFT,0.02161872374326579,0.9511720897714497,,2400
null_effect,21006,ORACLE_RIDGE,0.0,0.9362119997446876,,2400
null_effect,21007,ZERO,0.0,0.9541833230364614,,2400
null_effect,21007,DIRECT,0.006050161451593415,0.9648376454131015,,2400
null_effect,21007,HARD_FPA,0.008629713990357649,0.9621278448287444,,2400
null_effect,21007,ORDINARY_SOFT,0.0009529985640512674,0.9574404874995859,,2400
null_effect,21007,FPA_SOFT,0.00786353450982322,0.9622314424734255,,2400
null_effect,21007,ORACLE_RIDGE,0.0,0.9541833230364614,,2400
null_effect,21008,ZERO,0.0,0.959016450935054,,2400
null_effect,21008,DIRECT,0.006143762396893859,0.9673641383000715,,2400
null_effect,21008,HARD_FPA,0.01349825395804956,0.9749347725443376,,2400
null_effect,21008,ORDINARY_SOFT,0.0009392062367661765,0.959800972040443,,2400
null_effect,21008,FPA_SOFT,0.012967917725279332,0.9754875968100523,,2400
null_effect,21008,ORACLE_RIDGE,0.0,0.959016450935054,,2400
null_effect,21009,ZERO,0.0,1.0326122884175633,,2400
null_effect,21009,DIRECT,0.005802273533884716,1.0386487385285432,,2400
null_effect,21009,HARD_FPA,0.010168083838586958,1.0442847325256222,,2400
null_effect,21009,ORDINARY_SOFT,0.0009495259718425055,1.033275009033508,,2400
null_effect,21009,FPA_SOFT,0.010577307496605334,1.0446858713763114,,2400
null_effect,21009,ORACLE_RIDGE,0.0,1.0326122884175633,,2400
null_effect,21010,ZERO,0.0,1.00162375260279,,2400
null_effect,21010,DIRECT,0.008058490773539685,1.010052376113808,,2400
null_effect,21010,HARD_FPA,0.016864053393591323,1.0151864145313103,,2400
null_effect,21010,ORDINARY_SOFT,0.0010973201202652805,1.002892393691955,,2400
null_effect,21010,FPA_SOFT,0.014888340142385851,1.0130672815564845,,2400
null_effect,21010,ORACLE_RIDGE,0.0,1.00162375260279,,2400
null_effect,21011,ZERO,0.0,0.9977929089431125,,2400
null_effect,21011,DIRECT,0.004736051272000086,1.0018287475857146,,2400
null_effect,21011,HARD_FPA,0.008288599616141906,1.008454544753337,,2400
null_effect,21011,ORDINARY_SOFT,0.0009868612482152779,0.9974748453975731,,2400
null_effect,21011,FPA_SOFT,0.008847302296248048,1.0092963413831915,,2400
null_effect,21011,ORACLE_RIDGE,0.0,0.9977929089431125,,2400
null_effect,21012,ZERO,0.0,1.0196372480777098,,2400
null_effect,21012,DIRECT,0.0053974835194375076,1.0264416148163436,,2400
null_effect,21012,HARD_FPA,0.008355561689009935,1.0273326368994367,,2400
null_effect,21012,ORDINARY_SOFT,0.0009833743591582626,1.02147053702729,,2400
null_effect,21012,FPA_SOFT,0.008740950162516897,1.0274790882570366,,2400
null_effect,21012,ORACLE_RIDGE,0.0,1.0196372480777098,,2400
null_effect,21013,ZERO,0.0,1.026311658995406,,2400
null_effect,21013,DIRECT,0.009298430966771729,1.0407113123914804,,2400
null_effect,21013,HARD_FPA,0.01331904830258144,1.040218488585939,,2400
null_effect,21013,ORDINARY_SOFT,0.0016490389925848644,1.0292109636736426,,2400
null_effect,21013,FPA_SOFT,0.01255310171857277,1.0386318777710835,,2400
null_effect,21013,ORACLE_RIDGE,0.0,1.026311658995406,,2400
null_effect,21014,ZERO,0.0,0.8927197768430566,,2400
null_effect,21014,DIRECT,0.00651598089092151,0.89631246444539,,2400
null_effect,21014,HARD_FPA,0.010145564533987966,0.8996133418134116,,2400
null_effect,21014,ORDINARY_SOFT,0.0010107636587191823,0.8929022412225932,,2400
null_effect,21014,FPA_SOFT,0.010759757946580748,0.9004758191679431,,2400
null_effect,21014,ORACLE_RIDGE,0.0,0.8927197768430566,,2400
null_effect,21015,ZERO,0.0,1.1003287559625952,,2400
null_effect,21015,DIRECT,0.007813357250713159,1.0981418702977386,,2400
null_effect,21015,HARD_FPA,0.009514608567122121,1.1015145249444558,,2400
null_effect,21015,ORDINARY_SOFT,0.001824888699761255,1.0974787565267616,,2400
null_effect,21015,FPA_SOFT,0.010306714092128126,1.100961649748379,,2400
null_effect,21015,ORACLE_RIDGE,0.0,1.1003287559625952,,2400
null_effect,21016,ZERO,0.0,1.037063123364575,,2400
null_effect,21016,DIRECT,0.00552278239917763,1.04774250886997,,2400
null_effect,21016,HARD_FPA,0.006314731009006258,1.0445198396726703,,2400
null_effect,21016,ORDINARY_SOFT,0.0007841825664589735,1.039094333276452,,2400
null_effect,21016,FPA_SOFT,0.006984702365635031,1.0452317221776273,,2400
null_effect,21016,ORACLE_RIDGE,0.0,1.037063123364575,,2400
null_effect,21017,ZERO,0.0,0.9735729999801807,,2400
null_effect,21017,DIRECT,0.008126004485392484,0.9777484660424617,,2400
null_effect,21017,HARD_FPA,0.014669962285187358,0.9865026854993035,,2400
null_effect,21017,ORDINARY_SOFT,0.0012767257510321788,0.9728245772195404,,2400
null_effect,21017,FPA_SOFT,0.013447905324493204,0.9848662729107588,,2400
null_effect,21017,ORACLE_RIDGE,0.0,0.9735729999801807,,2400
null_effect,21018,ZERO,0.0,0.9796228774883212,,2400
null_effect,21018,DIRECT,0.010190706884892639,0.9890596829121281,,2400
null_effect,21018,HARD_FPA,0.01505424521017563,0.9900657603660296,,2400
null_effect,21018,ORDINARY_SOFT,0.0020670567240315854,0.9827254025847784,,2400
null_effect,21018,FPA_SOFT,0.014535907041415237,0.9892742497380084,,2400
null_effect,21018,ORACLE_RIDGE,0.0,0.9796228774883212,,2400
null_effect,21019,ZERO,0.0,0.9361263446808672,,2400
null_effect,21019,DIRECT,0.010884853239231619,0.9439406236613422,,2400
null_effect,21019,HARD_FPA,0.013880609993370943,0.9474314519245172,,2400
null_effect,21019,ORDINARY_SOFT,0.0020652240765603362,0.9353611879408655,,2400
null_effect,21019,FPA_SOFT,0.014339605787405537,0.9488902808768398,,2400
null_effect,21019,ORACLE_RIDGE,0.0,0.9361263446808672,,2400
null_effect,21020,ZERO,0.0,0.9954615434023252,,2400
null_effect,21020,DIRECT,0.0052798130163937956,0.9992162369537967,,2400
null_effect,21020,HARD_FPA,0.009351159571041696,1.0084419975426417,,2400
null_effect,21020,ORDINARY_SOFT,0.0009669414660461958,0.9952520217541563,,2400
null_effect,21020,FPA_SOFT,0.008935563145972658,1.0084644724353833,,2400
null_effect,21020,ORACLE_RIDGE,0.0,0.9954615434023252,,2400
null_effect,21021,ZERO,0.0,1.046063758028098,,2400
null_effect,21021,DIRECT,0.006284487624386797,1.0539959580191636,,2400
null_effect,21021,HARD_FPA,0.011013969937976043,1.0592097844750115,,2400
null_effect,21021,ORDINARY_SOFT,0.0013887802189172227,1.0487867962706037,,2400
null_effect,21021,FPA_SOFT,0.012155590051974778,1.0592157274678091,,2400
null_effect,21021,ORACLE_RIDGE,0.0,1.046063758028098,,2400
null_effect,21022,ZERO,0.0,1.108530456047702,,2400
null_effect,21022,DIRECT,0.004804369941624289,1.1141195784019866,,2400
null_effect,21022,HARD_FPA,0.0072696208403806835,1.112799724777563,,2400
null_effect,21022,ORDINARY_SOFT,0.000916779425055921,1.109822797921235,,2400
null_effect,21022,FPA_SOFT,0.007529051427071693,1.114645064375777,,2400
null_effect,21022,ORACLE_RIDGE,0.0,1.108530456047702,,2400
null_effect,21023,ZERO,0.0,0.9625817484850241,,2400
null_effect,21023,DIRECT,0.006108754054881358,0.9763103685497502,,2400
null_effect,21023,HARD_FPA,0.011229639408970888,0.9866184139041118,,2400
null_effect,21023,ORDINARY_SOFT,0.0007475976645882403,0.9663571672350157,,2400
null_effect,21023,FPA_SOFT,0.009899527923015862,0.983873117312577,,2400
null_effect,21023,ORACLE_RIDGE,0.0,0.9625817484850241,,2400
null_effect,21024,ZERO,0.0,1.0557409461232723,,2400
null_effect,21024,DIRECT,0.01564434875924402,1.062429307901484,,2400
null_effect,21024,HARD_FPA,0.026993250145873518,1.0789333741284293,,2400
null_effect,21024,ORDINARY_SOFT,0.002544159287971037,1.0563052289508028,,2400
null_effect,21024,FPA_SOFT,0.028101499886814107,1.078899188380579,,2400
null_effect,21024,ORACLE_RIDGE,0.0,1.0557409461232723,,2400
null_effect,21025,ZERO,0.0,1.008382612007684,,2400
null_effect,21025,DIRECT,0.007295274954658121,1.0108542351558396,,2400
null_effect,21025,HARD_FPA,0.01294402306776609,1.0131538836917662,,2400
null_effect,21025,ORDINARY_SOFT,0.001639354836423866,1.008309373457747,,2400
null_effect,21025,FPA_SOFT,0.012431203295714439,1.0126749648657154,,2400
null_effect,21025,ORACLE_RIDGE,0.0,1.008382612007684,,2400
null_effect,21026,ZERO,0.0,0.938667134412283,,2400
null_effect,21026,DIRECT,0.0073890709503592,0.946167802631795,,2400
null_effect,21026,HARD_FPA,0.010321292749284299,0.943414375104115,,2400
null_effect,21026,ORDINARY_SOFT,0.0014016605840486646,0.9399315835143978,,2400
null_effect,21026,FPA_SOFT,0.010892653332301725,0.9443899886359937,,2400
null_effect,21026,ORACLE_RIDGE,0.0,0.938667134412283,,2400
null_effect,21027,ZERO,0.0,0.9489461264251989,,2400
null_effect,21027,DIRECT,0.004467165328877839,0.949405745491422,,2400
null_effect,21027,HARD_FPA,0.011162233285964709,0.9545374814927345,,2400
null_effect,21027,ORDINARY_SOFT,0.0007944626265394112,0.9475662211437517,,2400
null_effect,21027,FPA_SOFT,0.01015250886517806,0.9549436246112234,,2400
null_effect,21027,ORACLE_RIDGE,0.0,0.9489461264251989,,2400
null_effect,21028,ZERO,0.0,1.016806015869589,,2400
null_effect,21028,DIRECT,0.007135592636066317,1.0192454554344217,,2400
null_effect,21028,HARD_FPA,0.008348956994346209,1.018450034892512,,2400
null_effect,21028,ORDINARY_SOFT,0.002069140858688245,1.0166263969464293,,2400
null_effect,21028,FPA_SOFT,0.008315075049020303,1.017941493347785,,2400
null_effect,21028,ORACLE_RIDGE,0.0,1.016806015869589,,2400
null_effect,21029,ZERO,0.0,0.995509363626326,,2400
null_effect,21029,DIRECT,0.00847378931622136,1.0045935042344374,,2400
null_effect,21029,HARD_FPA,0.013839482137560028,1.0095822424583194,,2400
null_effect,21029,ORDINARY_SOFT,0.0022349606077204393,0.9974596351533772,,2400
null_effect,21029,FPA_SOFT,0.01656896633791234,1.0134840586251088,,2400
null_effect,21029,ORACLE_RIDGE,0.0,0.995509363626326,,2400
null_effect,21030,ZERO,0.0,0.939795314340087,,2400
null_effect,21030,DIRECT,0.0056378323823700425,0.9365038315172312,,2400
null_effect,21030,HARD_FPA,0.014823584449106596,0.9437934918472002,,2400
null_effect,21030,ORDINARY_SOFT,0.0017588391287501049,0.9352347110209924,,2400
null_effect,21030,FPA_SOFT,0.013749444135079383,0.9422011998995097,,2400
null_effect,21030,ORACLE_RIDGE,0.0,0.939795314340087,,2400
null_effect,21031,ZERO,0.0,1.0225465027875338,,2400
null_effect,21031,DIRECT,0.01106704987536089,1.0381822923338582,,2400
null_effect,21031,HARD_FPA,0.014522089480021592,1.0405094346206456,,2400
null_effect,21031,ORDINARY_SOFT,0.0030225231534263394,1.0259187374027257,,2400
null_effect,21031,FPA_SOFT,0.015879564526887605,1.0425298147137794,,2400
null_effect,21031,ORACLE_RIDGE,0.0,1.0225465027875338,,2400
null_effect,21032,ZERO,0.0,1.0076597126690203,,2400
null_effect,21032,DIRECT,0.006861952132464552,1.011776001346513,,2400
null_effect,21032,HARD_FPA,0.014314796792779739,1.0156485636606576,,2400
null_effect,21032,ORDINARY_SOFT,0.0015008654825801311,1.007926453831581,,2400
null_effect,21032,FPA_SOFT,0.014459010125594602,1.0156135417253336,,2400
null_effect,21032,ORACLE_RIDGE,0.0,1.0076597126690203,,2400
null_effect,21033,ZERO,0.0,1.0271097639374906,,2400
null_effect,21033,DIRECT,0.0060391715616678965,1.03260972487399,,2400
null_effect,21033,HARD_FPA,0.010969826359397604,1.0403380041700916,,2400
null_effect,21033,ORDINARY_SOFT,0.0012429108889959602,1.0280706273377678,,2400
null_effect,21033,FPA_SOFT,0.010240105240596497,1.0413004132156978,,2400
null_effect,21033,ORACLE_RIDGE,0.0,1.0271097639374906,,2400
null_effect,21034,ZERO,0.0,0.9329797117044158,,2400
null_effect,21034,DIRECT,0.0065018549690337435,0.9440388607758359,,2400
null_effect,21034,HARD_FPA,0.009584025445401191,0.9422679394919172,,2400
null_effect,21034,ORDINARY_SOFT,0.0008882317463416867,0.9356628930620445,,2400
null_effect,21034,FPA_SOFT,0.010411013595230126,0.9444592428629365,,2400
null_effect,21034,ORACLE_RIDGE,0.0,0.9329797117044158,,2400
null_effect,21035,ZERO,0.0,0.9702416412232556,,2400
null_effect,21035,DIRECT,0.007038847664255122,0.9796348323604491,,2400
null_effect,21035,HARD_FPA,0.019158181960483776,0.9923251488480611,,2400
null_effect,21035,ORDINARY_SOFT,0.0012174874268235196,0.9727750320352445,,2400
null_effect,21035,FPA_SOFT,0.01963761913504701,0.9923087820734567,,2400
null_effect,21035,ORACLE_RIDGE,0.0,0.9702416412232556,,2400
null_effect,21036,ZERO,0.0,1.0189000976801497,,2400
null_effect,21036,DIRECT,0.012196563802948465,1.0271818253760083,,2400
null_effect,21036,HARD_FPA,0.018636881751112902,1.0327805237126835,,2400
null_effect,21036,ORDINARY_SOFT,0.0023048585753213595,1.0181534537205876,,2400
null_effect,21036,FPA_SOFT,0.020598702252526996,1.0340362429497567,,2400
null_effect,21036,ORACLE_RIDGE,0.0,1.0189000976801497,,2400
null_effect,21037,ZERO,0.0,0.8963713337717409,,2400
null_effect,21037,DIRECT,0.008061916176724509,0.9069581776417469,,2400
null_effect,21037,HARD_FPA,0.019267688335527278,0.9153297063087327,,2400
null_effect,21037,ORDINARY_SOFT,0.0012669243899852568,0.8990234261980706,,2400
null_effect,21037,FPA_SOFT,0.01853700780610925,0.9148256778689443,,2400
null_effect,21037,ORACLE_RIDGE,0.0,0.8963713337717409,,2400
null_effect,21038,ZERO,0.0,0.9949959094741446,,2400
null_effect,21038,DIRECT,0.00864007138250335,1.006462874935371,,2400
null_effect,21038,HARD_FPA,0.010020676957603865,1.0058126071033455,,2400
null_effect,21038,ORDINARY_SOFT,0.0018143063974854212,0.9987014659805308,,2400
null_effect,21038,FPA_SOFT,0.010942974580448203,1.0070496680211252,,2400
null_effect,21038,ORACLE_RIDGE,0.0,0.9949959094741446,,2400
null_effect,21039,ZERO,0.0,0.990114620801484,,2400
null_effect,21039,DIRECT,0.007537105840896247,0.9942293524183076,,2400
null_effect,21039,HARD_FPA,0.015310591964884702,0.9986705373992735,,2400
null_effect,21039,ORDINARY_SOFT,0.001200107287390297,0.9896868307660003,,2400
null_effect,21039,FPA_SOFT,0.014144163109394387,0.9987239482322883,,2400
null_effect,21039,ORACLE_RIDGE,0.0,0.990114620801484,,2400
null_effect,21040,ZERO,0.0,1.1078008945099813,,2400
null_effect,21040,DIRECT,0.009452156992747526,1.107030319034094,,2400
null_effect,21040,HARD_FPA,0.015533052512214223,1.1074329968193657,,2400
null_effect,21040,ORDINARY_SOFT,0.0013755369240032046,1.1045086134264652,,2400
null_effect,21040,FPA_SOFT,0.01395355966140121,1.1069319257205916,,2400
null_effect,21040,ORACLE_RIDGE,0.0,1.1078008945099813,,2400
null_effect,21041,ZERO,0.0,0.9949466287081012,,2400
null_effect,21041,DIRECT,0.005093770097676847,1.0018183235550902,,2400
null_effect,21041,HARD_FPA,0.008268977050198278,1.0060036522003684,,2400
null_effect,21041,ORDINARY_SOFT,0.0007322560648377866,0.9962795578070139,,2400
null_effect,21041,FPA_SOFT,0.007878129702534802,1.0070463852868325,,2400
null_effect,21041,ORACLE_RIDGE,0.0,0.9949466287081012,,2400
null_effect,21042,ZERO,0.0,0.9636626666747589,,2400
null_effect,21042,DIRECT,0.009265846708104063,0.9844496089346793,,2400
null_effect,21042,HARD_FPA,0.013596273039125268,0.9896582893871456,,2400
null_effect,21042,ORDINARY_SOFT,0.001459723570973401,0.9696231061271294,,2400
null_effect,21042,FPA_SOFT,0.012823039745828858,0.9889142762255752,,2400
null_effect,21042,ORACLE_RIDGE,0.0,0.9636626666747589,,2400
null_effect,21043,ZERO,0.0,0.9933169066903761,,2400
null_effect,21043,DIRECT,0.010177170112425088,1.0042655344036828,,2400
null_effect,21043,HARD_FPA,0.011532438729116133,1.0057063122587269,,2400
null_effect,21043,ORDINARY_SOFT,0.001765575071061202,0.9953707344018736,,2400
null_effect,21043,FPA_SOFT,0.011391460852679003,1.006435736970391,,2400
null_effect,21043,ORACLE_RIDGE,0.0,0.9933169066903761,,2400
null_effect,21044,ZERO,0.0,0.9600844482852515,,2400
null_effect,21044,DIRECT,0.010314189611600091,0.976253237634768,,2400
null_effect,21044,HARD_FPA,0.013604027111107243,0.9775129143116351,,2400
null_effect,21044,ORDINARY_SOFT,0.001628099001252571,0.9655769416282829,,2400
null_effect,21044,FPA_SOFT,0.014163116818906913,0.9794163853815019,,2400
null_effect,21044,ORACLE_RIDGE,0.0,0.9600844482852515,,2400
null_effect,21045,ZERO,0.0,0.99444564046218,,2400
null_effect,21045,DIRECT,0.008316839641834006,1.0023094957604135,,2400
null_effect,21045,HARD_FPA,0.013982470086777962,1.0066813873928444,,2400
null_effect,21045,ORDINARY_SOFT,0.0015663363683831807,0.9946192052050935,,2400
null_effect,21045,FPA_SOFT,0.014824140585347596,1.007727035000721,,2400
null_effect,21045,ORACLE_RIDGE,0.0,0.99444564046218,,2400
null_effect,21046,ZERO,0.0,0.9606737550755879,,2400
null_effect,21046,DIRECT,0.00462510861546413,0.9708744585097312,,2400
null_effect,21046,HARD_FPA,0.0063276243629534976,0.9703078622408492,,2400
null_effect,21046,ORDINARY_SOFT,0.0008659114226036168,0.9638263256115716,,2400
null_effect,21046,FPA_SOFT,0.006507250946603488,0.97154525669098,,2400
null_effect,21046,ORACLE_RIDGE,0.0,0.9606737550755879,,2400
null_effect,21047,ZERO,0.0,0.9674727684168128,,2400
null_effect,21047,DIRECT,0.00892452215544164,0.9821972395086684,,2400
null_effect,21047,HARD_FPA,0.012360410870774781,0.9831332102051458,,2400
null_effect,21047,ORDINARY_SOFT,0.002483565428432756,0.973996834212569,,2400
null_effect,21047,FPA_SOFT,0.012661998032149116,0.9834496226421923,,2400
null_effect,21047,ORACLE_RIDGE,0.0,0.9674727684168128,,2400
null_effect,21048,ZERO,0.0,0.9287290352660178,,2400
null_effect,21048,DIRECT,0.010305955122855774,0.9401016289964791,,2400
null_effect,21048,HARD_FPA,0.014536526237464929,0.9445798005487268,,2400
null_effect,21048,ORDINARY_SOFT,0.002211686909758582,0.9305046343368739,,2400
null_effect,21048,FPA_SOFT,0.014335827357943799,0.9443323768594437,,2400
null_effect,21048,ORACLE_RIDGE,0.0,0.9287290352660178,,2400
null_effect,21049,ZERO,0.0,1.05758766377531,,2400
null_effect,21049,DIRECT,0.007109317188726854,1.0556907810363747,,2400
null_effect,21049,HARD_FPA,0.013449049884910753,1.0590168480915922,,2400
null_effect,21049,ORDINARY_SOFT,0.0011032993040819784,1.054955517633634,,2400
null_effect,21049,FPA_SOFT,0.013739467113927597,1.0593449344866055,,2400
null_effect,21049,ORACLE_RIDGE,0.0,1.05758766377531,,2400
null_effect,21050,ZERO,0.0,0.9763988473010744,,2400
null_effect,21050,DIRECT,0.012221673154368189,0.9834466534538978,,2400
null_effect,21050,HARD_FPA,0.022443989790509194,0.9950853932173913,,2400
null_effect,21050,ORDINARY_SOFT,0.0018549025328542309,0.9764460804709898,,2400
null_effect,21050,FPA_SOFT,0.02115068776042107,0.994817231713598,,2400
null_effect,21050,ORACLE_RIDGE,0.0,0.9763988473010744,,2400
null_effect,21051,ZERO,0.0,0.9842631793030496,,2400
null_effect,21051,DIRECT,0.006768154852365585,0.995213107041999,,2400
null_effect,21051,HARD_FPA,0.013631749662434368,0.997573205116291,,2400
null_effect,21051,ORDINARY_SOFT,0.001079337476070774,0.9853369088370302,,2400
null_effect,21051,FPA_SOFT,0.012776112751648331,0.9978681276987942,,2400
null_effect,21051,ORACLE_RIDGE,0.0,0.9842631793030496,,2400
null_effect,21052,ZERO,0.0,1.0698051383476521,,2400
null_effect,21052,DIRECT,0.010108918149395029,1.0631888540153418,,2400
null_effect,21052,HARD_FPA,0.01673649396730438,1.0752552929786858,,2400
null_effect,21052,ORDINARY_SOFT,0.002678311920969152,1.0629824092760574,,2400
null_effect,21052,FPA_SOFT,0.01731508319992215,1.07512888368267,,2400
null_effect,21052,ORACLE_RIDGE,0.0,1.0698051383476521,,2400
null_effect,21053,ZERO,0.0,0.9533012683801713,,2400
null_effect,21053,DIRECT,0.008093387988645328,0.9603475543812052,,2400
null_effect,21053,HARD_FPA,0.01675743349588169,0.9675464321313915,,2400
null_effect,21053,ORDINARY_SOFT,0.0010617360559464092,0.9542318529651209,,2400
null_effect,21053,FPA_SOFT,0.017295007885815613,0.9683266578153575,,2400
null_effect,21053,ORACLE_RIDGE,0.0,0.9533012683801713,,2400
null_effect,21054,ZERO,0.0,1.0823403731523893,,2400
null_effect,21054,DIRECT,0.008081955139100282,1.0972343991061424,,2400
null_effect,21054,HARD_FPA,0.01276590457391332,1.1022927034111782,,2400
null_effect,21054,ORDINARY_SOFT,0.001786040622151084,1.087356879169857,,2400
null_effect,21054,FPA_SOFT,0.01293625070569466,1.101962225170847,,2400
null_effect,21054,ORACLE_RIDGE,0.0,1.0823403731523893,,2400
null_effect,21055,ZERO,0.0,1.0679245366894008,,2400
null_effect,21055,DIRECT,0.009464822220096489,1.0745616257713295,,2400
null_effect,21055,HARD_FPA,0.012436458591025674,1.0730694415498205,,2400
null_effect,21055,ORDINARY_SOFT,0.0015045646425889405,1.068877817755546,,2400
null_effect,21055,FPA_SOFT,0.012545981631317276,1.0735145191883222,,2400
null_effect,21055,ORACLE_RIDGE,0.0,1.0679245366894008,,2400
null_effect,21056,ZERO,0.0,0.9380432235401679,,2400
null_effect,21056,DIRECT,0.004525636559818723,0.9415576429901523,,2400
null_effect,21056,HARD_FPA,0.010297911616667536,0.9482185672997021,,2400
null_effect,21056,ORDINARY_SOFT,0.0005414292098313643,0.9387439185355455,,2400
null_effect,21056,FPA_SOFT,0.009617730486916864,0.9460363252330984,,2400
null_effect,21056,ORACLE_RIDGE,0.0,0.9380432235401679,,2400
null_effect,21057,ZERO,0.0,0.9877530983347973,,2400
null_effect,21057,DIRECT,0.009935955061133175,0.9973309784988207,,2400
null_effect,21057,HARD_FPA,0.018108033867381548,1.0074314401949616,,2400
null_effect,21057,ORDINARY_SOFT,0.0016871041417805739,0.9890333868599529,,2400
null_effect,21057,FPA_SOFT,0.018656960141017045,1.0079737732254657,,2400
null_effect,21057,ORACLE_RIDGE,0.0,0.9877530983347973,,2400
null_effect,21058,ZERO,0.0,0.9483152314593887,,2400
null_effect,21058,DIRECT,0.00476664888566653,0.9621618739612241,,2400
null_effect,21058,HARD_FPA,0.010664327536560842,0.9732144574241818,,2400
null_effect,21058,ORDINARY_SOFT,0.0007147124552091491,0.9521356149764967,,2400
null_effect,21058,FPA_SOFT,0.009521601707814197,0.9723787132560225,,2400
null_effect,21058,ORACLE_RIDGE,0.0,0.9483152314593887,,2400
null_effect,21059,ZERO,0.0,1.0183470690353873,,2400
null_effect,21059,DIRECT,0.006587604577556186,1.023089248407493,,2400
null_effect,21059,HARD_FPA,0.009556609648365485,1.031114220510039,,2400
null_effect,21059,ORDINARY_SOFT,0.0013332484986291325,1.0199961251734115,,2400
null_effect,21059,FPA_SOFT,0.010366206326175903,1.0320983595009048,,2400
null_effect,21059,ORACLE_RIDGE,0.0,1.0183470690353873,,2400
null_effect,21060,ZERO,0.0,0.9639814087728913,,2400
null_effect,21060,DIRECT,0.008556005848524343,0.9711989484874043,,2400
null_effect,21060,HARD_FPA,0.014243622858645265,0.9773430586326785,,2400
null_effect,21060,ORDINARY_SOFT,0.0013984794379465944,0.9641418076972733,,2400
null_effect,21060,FPA_SOFT,0.01549171376920422,0.9771579413337063,,2400
null_effect,21060,ORACLE_RIDGE,0.0,0.9639814087728913,,2400
null_effect,21061,ZERO,0.0,0.9833977365107157,,2400
null_effect,21061,DIRECT,0.00847781251654523,0.9918357362167685,,2400
null_effect,21061,HARD_FPA,0.015499601263512497,0.9941972985663821,,2400
null_effect,21061,ORDINARY_SOFT,0.0012827120782113789,0.9849693883675202,,2400
null_effect,21061,FPA_SOFT,0.014037002315574743,0.9926601911063642,,2400
null_effect,21061,ORACLE_RIDGE,0.0,0.9833977365107157,,2400
null_effect,21062,ZERO,0.0,0.9945325951791487,,2400
null_effect,21062,DIRECT,0.009650985693196727,1.0121720614663232,,2400
null_effect,21062,HARD_FPA,0.013415689566692403,1.0166743167957468,,2400
null_effect,21062,ORDINARY_SOFT,0.0030078813416772386,1.0012264084607712,,2400
null_effect,21062,FPA_SOFT,0.015553516660140924,1.0186878248524298,,2400
null_effect,21062,ORACLE_RIDGE,0.0,0.9945325951791487,,2400
null_effect,21063,ZERO,0.0,0.9357653164583547,,2400
null_effect,21063,DIRECT,0.013092949490010452,0.9460308469379012,,2400
null_effect,21063,HARD_FPA,0.02542184094780348,0.9577367421627214,,2400
null_effect,21063,ORDINARY_SOFT,0.0028645825425309274,0.9350053926474611,,2400
null_effect,21063,FPA_SOFT,0.026222169929639483,0.9582872163491924,,2400
null_effect,21063,ORACLE_RIDGE,0.0,0.9357653164583547,,2400
null_effect,21064,ZERO,0.0,1.0112372074249287,,2400
null_effect,21064,DIRECT,0.008333356554098885,1.0192533495517615,,2400
null_effect,21064,HARD_FPA,0.00949947995978097,1.0217177825022896,,2400
null_effect,21064,ORDINARY_SOFT,0.0014895068812047117,1.0131333429130132,,2400
null_effect,21064,FPA_SOFT,0.011256624017075768,1.0239968054762836,,2400
null_effect,21064,ORACLE_RIDGE,0.0,1.0112372074249287,,2400
null_effect,21065,ZERO,0.0,1.038377231203059,,2400
null_effect,21065,DIRECT,0.011175023831435784,1.0445626518963047,,2400
null_effect,21065,HARD_FPA,0.01717418893048124,1.0487137142624696,,2400
null_effect,21065,ORDINARY_SOFT,0.002158720781644367,1.0399565893596099,,2400
null_effect,21065,FPA_SOFT,0.0176908279045851,1.050687580844137,,2400
null_effect,21065,ORACLE_RIDGE,0.0,1.038377231203059,,2400
null_effect,21066,ZERO,0.0,0.9464023207409432,,2400
null_effect,21066,DIRECT,0.016335159837638183,0.9603651596410845,,2400
null_effect,21066,HARD_FPA,0.0353640721625417,0.9683437007941772,,2400
null_effect,21066,ORDINARY_SOFT,0.0029404129237600826,0.9488123562762488,,2400
null_effect,21066,FPA_SOFT,0.03320116834263496,0.9664198018310614,,2400
null_effect,21066,ORACLE_RIDGE,0.0,0.9464023207409432,,2400
null_effect,21067,ZERO,0.0,0.9978551721018604,,2400
null_effect,21067,DIRECT,0.008368469942370822,1.0011566918790755,,2400
null_effect,21067,HARD_FPA,0.010941246498914804,1.0065385005293468,,2400
null_effect,21067,ORDINARY_SOFT,0.0010216921134220845,0.9971408640763053,,2400
null_effect,21067,FPA_SOFT,0.011084126741428897,1.0085891753289744,,2400
null_effect,21067,ORACLE_RIDGE,0.0,0.9978551721018604,,2400
null_effect,21068,ZERO,0.0,0.9590193966550059,,2400
null_effect,21068,DIRECT,0.006410999681737069,0.9643435521496144,,2400
null_effect,21068,HARD_FPA,0.014660592622830905,0.975782670949989,,2400
null_effect,21068,ORDINARY_SOFT,0.0010487893253101094,0.9594789729324278,,2400
null_effect,21068,FPA_SOFT,0.015938157789059514,0.9770712354764729,,2400
null_effect,21068,ORACLE_RIDGE,0.0,0.9590193966550059,,2400
null_effect,21069,ZERO,0.0,0.9776749998741794,,2400
null_effect,21069,DIRECT,0.006616447913329742,0.9842101321092119,,2400
null_effect,21069,HARD_FPA,0.015173833471701705,0.9926780793283779,,2400
null_effect,21069,ORDINARY_SOFT,0.0011072905814332016,0.9786704747286504,,2400
null_effect,21069,FPA_SOFT,0.014745640020983193,0.9930513354962197,,2400
null_effect,21069,ORACLE_RIDGE,0.0,0.9776749998741794,,2400
null_effect,21070,ZERO,0.0,1.0340914594436612,,2400
null_effect,21070,DIRECT,0.005969640085111448,1.0441901521713306,,2400
null_effect,21070,HARD_FPA,0.011038365938275636,1.050050308678711,,2400
null_effect,21070,ORDINARY_SOFT,0.0015029399138208818,1.0363227103302206,,2400
null_effect,21070,FPA_SOFT,0.01179770500547429,1.0510073978233634,,2400
null_effect,21070,ORACLE_RIDGE,0.0,1.0340914594436612,,2400
null_effect,21071,ZERO,0.0,1.080025651332875,,2400
null_effect,21071,DIRECT,0.01341080334670056,1.0931048824942864,,2400
null_effect,21071,HARD_FPA,0.020074409227990322,1.095687583490576,,2400
null_effect,21071,ORDINARY_SOFT,0.0019575817545056146,1.0822102546547898,,2400
null_effect,21071,FPA_SOFT,0.02066780940535035,1.096666763282467,,2400
null_effect,21071,ORACLE_RIDGE,0.0,1.080025651332875,,2400
null_effect,21072,ZERO,0.0,0.9978086230388499,,2400
null_effect,21072,DIRECT,0.006729946349091514,1.0074529401794612,,2400
null_effect,21072,HARD_FPA,0.012951332453122764,1.0131393296612543,,2400
null_effect,21072,ORDINARY_SOFT,0.0010901728293747585,0.9997952392453702,,2400
null_effect,21072,FPA_SOFT,0.012095995933012901,1.0132066264624882,,2400
null_effect,21072,ORACLE_RIDGE,0.0,0.9978086230388499,,2400
null_effect,21073,ZERO,0.0,1.0349454997055911,,2400
null_effect,21073,DIRECT,0.010901095869195269,1.053661806716381,,2400
null_effect,21073,HARD_FPA,0.009419624679139345,1.0536612335436928,,2400
null_effect,21073,ORDINARY_SOFT,0.0023231845032112932,1.0416212349705873,,2400
null_effect,21073,FPA_SOFT,0.0113117514706415,1.0561221622275752,,2400
null_effect,21073,ORACLE_RIDGE,0.0,1.0349454997055911,,2400
null_effect,21074,ZERO,0.0,0.9756905883396882,,2400
null_effect,21074,DIRECT,0.00599978678066387,0.9740070430002497,,2400
null_effect,21074,HARD_FPA,0.013189932820733925,0.9801858632818475,,2400
null_effect,21074,ORDINARY_SOFT,0.0008380249300655192,0.9739124177055275,,2400
null_effect,21074,FPA_SOFT,0.012366156248973154,0.9798306431119298,,2400
null_effect,21074,ORACLE_RIDGE,0.0,0.9756905883396882,,2400
null_effect,21075,ZERO,0.0,1.0254153461568805,,2400
null_effect,21075,DIRECT,0.009483867466065676,1.0341652733767628,,2400
null_effect,21075,HARD_FPA,0.013589439207712637,1.0391051876972817,,2400
null_effect,21075,ORDINARY_SOFT,0.0019367211411765975,1.026399911817582,,2400
null_effect,21075,FPA_SOFT,0.015014976799232383,1.040309659042708,,2400
null_effect,21075,ORACLE_RIDGE,0.0,1.0254153461568805,,2400
null_effect,21076,ZERO,0.0,0.9502572980255605,,2400
null_effect,21076,DIRECT,0.009665998639105399,0.9612455714085695,,2400
null_effect,21076,HARD_FPA,0.015417561166951522,0.9657894984807123,,2400
null_effect,21076,ORDINARY_SOFT,0.0016596954667889366,0.9515258279855356,,2400
null_effect,21076,FPA_SOFT,0.014988618441348817,0.9654346804011601,,2400
null_effect,21076,ORACLE_RIDGE,0.0,0.9502572980255605,,2400
null_effect,21077,ZERO,0.0,0.9414600574783893,,2400
null_effect,21077,DIRECT,0.008861593990967555,0.94819400692947,,2400
null_effect,21077,HARD_FPA,0.014256698985356062,0.9530610017249631,,2400
null_effect,21077,ORDINARY_SOFT,0.0020032996543972756,0.9431494658938421,,2400
null_effect,21077,FPA_SOFT,0.01403937670577232,0.9527194135678853,,2400
null_effect,21077,ORACLE_RIDGE,0.0,0.9414600574783893,,2400
null_effect,21078,ZERO,0.0,0.9964698131860817,,2400
null_effect,21078,DIRECT,0.009233596288655766,0.9921722091554254,,2400
null_effect,21078,HARD_FPA,0.010594462821704894,0.9882104352913493,,2400
null_effect,21078,ORDINARY_SOFT,0.0014875296172327246,0.9918414554070726,,2400
null_effect,21078,FPA_SOFT,0.0115691089312157,0.989858244438401,,2400
null_effect,21078,ORACLE_RIDGE,0.0,0.9964698131860817,,2400
null_effect,21079,ZERO,0.0,0.9450375304530674,,2400
null_effect,21079,DIRECT,0.009997169772131522,0.9506824117751247,,2400
null_effect,21079,HARD_FPA,0.012707293213213981,0.9572471857750551,,2400
null_effect,21079,ORDINARY_SOFT,0.001525516229245059,0.9447455844622914,,2400
null_effect,21079,FPA_SOFT,0.013674944311021911,0.9579695561916162,,2400
null_effect,21079,ORACLE_RIDGE,0.0,0.9450375304530674,,2400
null_effect,21080,ZERO,0.0,1.0601172306784905,,2400
null_effect,21080,DIRECT,0.00997381526780796,1.0742210366686322,,2400
null_effect,21080,HARD_FPA,0.017767333514750582,1.0788462993766326,,2400
null_effect,21080,ORDINARY_SOFT,0.0015045159135813621,1.0631373726629438,,2400
null_effect,21080,FPA_SOFT,0.016351735064334724,1.0773183339363692,,2400
null_effect,21080,ORACLE_RIDGE,0.0,1.0601172306784905,,2400
null_effect,21081,ZERO,0.0,1.072079167064329,,2400
null_effect,21081,DIRECT,0.009028946765984026,1.0819759821107415,,2400
null_effect,21081,HARD_FPA,0.018385865938173956,1.0862248860422137,,2400
null_effect,21081,ORDINARY_SOFT,0.0025081421894475975,1.0722758809957478,,2400
null_effect,21081,FPA_SOFT,0.01803326712070044,1.0878909080484942,,2400
null_effect,21081,ORACLE_RIDGE,0.0,1.072079167064329,,2400
null_effect,21082,ZERO,0.0,0.9979327775706127,,2400
null_effect,21082,DIRECT,0.00688226701511611,1.0028122345937034,,2400
null_effect,21082,HARD_FPA,0.011997541155319954,1.0049516633480469,,2400
null_effect,21082,ORDINARY_SOFT,0.0012270213755273787,0.9981971782464772,,2400
null_effect,21082,FPA_SOFT,0.012410164761031099,1.0076773402704828,,2400
null_effect,21082,ORACLE_RIDGE,0.0,0.9979327775706127,,2400
null_effect,21083,ZERO,0.0,1.0110136299833943,,2400
null_effect,21083,DIRECT,0.007544918895054158,1.0107908030455781,,2400
null_effect,21083,HARD_FPA,0.010306517651709056,1.017459215618344,,2400
null_effect,21083,ORDINARY_SOFT,0.0010399068419622301,1.0096169710987315,,2400
null_effect,21083,FPA_SOFT,0.010593887570940026,1.0177873515036602,,2400
null_effect,21083,ORACLE_RIDGE,0.0,1.0110136299833943,,2400
null_effect,21084,ZERO,0.0,1.1060864457772748,,2400
null_effect,21084,DIRECT,0.012737502713392555,1.1077825953569207,,2400
null_effect,21084,HARD_FPA,0.020491992597118903,1.1112384705091303,,2400
null_effect,21084,ORDINARY_SOFT,0.003173369514102157,1.1033332377986886,,2400
null_effect,21084,FPA_SOFT,0.020845871748910907,1.1117902575203331,,2400
null_effect,21084,ORACLE_RIDGE,0.0,1.1060864457772748,,2400
null_effect,21085,ZERO,0.0,0.9953158638267526,,2400
null_effect,21085,DIRECT,0.011122810241253684,1.0057680467414287,,2400
null_effect,21085,HARD_FPA,0.019472544687494753,1.011026979702945,,2400
null_effect,21085,ORDINARY_SOFT,0.0016605031089892404,0.9968442655776328,,2400
null_effect,21085,FPA_SOFT,0.019600848871586238,1.0121984514631701,,2400
null_effect,21085,ORACLE_RIDGE,0.0,0.9953158638267526,,2400
null_effect,21086,ZERO,0.0,1.0068465738439658,,2400
null_effect,21086,DIRECT,0.006668032124961461,1.0138865180030534,,2400
null_effect,21086,HARD_FPA,0.009732947937892563,1.0168025684519864,,2400
null_effect,21086,ORDINARY_SOFT,0.0008466891572360524,1.0082456891691556,,2400
null_effect,21086,FPA_SOFT,0.009973290797161201,1.0154007706990116,,2400
null_effect,21086,ORACLE_RIDGE,0.0,1.0068465738439658,,2400
null_effect,21087,ZERO,0.0,1.0649803148605599,,2400
null_effect,21087,DIRECT,0.014751560391592951,1.08330328685683,,2400
null_effect,21087,HARD_FPA,0.014583490940781164,1.0837578494100035,,2400
null_effect,21087,ORDINARY_SOFT,0.0047832602698823215,1.071747145064733,,2400
null_effect,21087,FPA_SOFT,0.015203762510964645,1.0828505241627113,,2400
null_effect,21087,ORACLE_RIDGE,0.0,1.0649803148605599,,2400
null_effect,21088,ZERO,0.0,0.9867723135092532,,2400
null_effect,21088,DIRECT,0.013293534501469537,1.0046796259948951,,2400
null_effect,21088,HARD_FPA,0.02012704521812018,1.014421220866297,,2400
null_effect,21088,ORDINARY_SOFT,0.0017090372746463092,0.9898185622644545,,2400
null_effect,21088,FPA_SOFT,0.022855571873108785,1.0172803640913402,,2400
null_effect,21088,ORACLE_RIDGE,0.0,0.9867723135092532,,2400
null_effect,21089,ZERO,0.0,1.0200431705225521,,2400
null_effect,21089,DIRECT,0.01162427185209652,1.0355611485401326,,2400
null_effect,21089,HARD_FPA,0.015060343371030923,1.0383886090525485,,2400
null_effect,21089,ORDINARY_SOFT,0.002340131187786299,1.0249046196857823,,2400
null_effect,21089,FPA_SOFT,0.015317808939876212,1.0379651284763152,,2400
null_effect,21089,ORACLE_RIDGE,0.0,1.0200431705225521,,2400
null_effect,21090,ZERO,0.0,1.0156994734874203,,2400
null_effect,21090,DIRECT,0.0145000067879974,1.0283569207351335,,2400
null_effect,21090,HARD_FPA,0.0228600572836099,1.0294562320133995,,2400
null_effect,21090,ORDINARY_SOFT,0.0025208825824849772,1.0172531032487289,,2400
null_effect,21090,FPA_SOFT,0.022832349926555594,1.0301677236632214,,2400
null_effect,21090,ORACLE_RIDGE,0.0,1.0156994734874203,,2400
null_effect,21091,ZERO,0.0,0.9464724380451406,,2400
null_effect,21091,DIRECT,0.01106610255751156,0.9547757821825459,,2400
null_effect,21091,HARD_FPA,0.02209705981195546,0.9639688016544087,,2400
null_effect,21091,ORDINARY_SOFT,0.001780344331846894,0.9468842884044962,,2400
null_effect,21091,FPA_SOFT,0.021237743394159885,0.964295133593947,,2400
null_effect,21091,ORACLE_RIDGE,0.0,0.9464724380451406,,2400
null_effect,21092,ZERO,0.0,0.9747589271102686,,2400
null_effect,21092,DIRECT,0.009336311626028944,0.976884090036898,,2400
null_effect,21092,HARD_FPA,0.014681458738952241,0.9835453741469685,,2400
null_effect,21092,ORDINARY_SOFT,0.0013186470686089447,0.9738464132035987,,2400
null_effect,21092,FPA_SOFT,0.014510924236977443,0.9828945873186796,,2400
null_effect,21092,ORACLE_RIDGE,0.0,0.9747589271102686,,2400
null_effect,21093,ZERO,0.0,1.016968151652457,,2400
null_effect,21093,DIRECT,0.014596805515375427,1.0205110153954118,,2400
null_effect,21093,HARD_FPA,0.01860636293917548,1.025213082192493,,2400
null_effect,21093,ORDINARY_SOFT,0.0028121836094804277,1.0156598428773187,,2400
null_effect,21093,FPA_SOFT,0.020733457197374825,1.0264960653641242,,2400
null_effect,21093,ORACLE_RIDGE,0.0,1.016968151652457,,2400
null_effect,21094,ZERO,0.0,0.9912541409390064,,2400
null_effect,21094,DIRECT,0.009052199340951387,1.0017004495872899,,2400
null_effect,21094,HARD_FPA,0.014123054510605281,1.0066024505766267,,2400
null_effect,21094,ORDINARY_SOFT,0.0014735693158009593,0.9937237578828912,,2400
null_effect,21094,FPA_SOFT,0.014234513478478513,1.0057989305693427,,2400
null_effect,21094,ORACLE_RIDGE,0.0,0.9912541409390064,,2400
null_effect,21095,ZERO,0.0,0.9943119221161935,,2400
null_effect,21095,DIRECT,0.010105605337003876,0.9993373603688934,,2400
null_effect,21095,HARD_FPA,0.02011284825204719,1.0066496528769673,,2400
null_effect,21095,ORDINARY_SOFT,0.001755015403536996,0.9931314262471941,,2400
null_effect,21095,FPA_SOFT,0.019554465325053803,1.0075662677556583,,2400
null_effect,21095,ORACLE_RIDGE,0.0,0.9943119221161935,,2400
null_effect,21096,ZERO,0.0,0.95491015120266,,2400
null_effect,21096,DIRECT,0.004009892021015374,0.9577518261014559,,2400
null_effect,21096,HARD_FPA,0.007085530560956483,0.9579234857053257,,2400
null_effect,21096,ORDINARY_SOFT,0.0008195857477067984,0.9553061668493034,,2400
null_effect,21096,FPA_SOFT,0.0073803292583296,0.958929968731152,,2400
null_effect,21096,ORACLE_RIDGE,0.0,0.95491015120266,,2400
null_effect,21097,ZERO,0.0,1.0044008373370916,,2400
null_effect,21097,DIRECT,0.01072769584520676,1.0273259668820893,,2400
null_effect,21097,HARD_FPA,0.02092797948930947,1.0426168598850503,,2400
null_effect,21097,ORDINARY_SOFT,0.002120552476106884,1.0122834334366784,,2400
null_effect,21097,FPA_SOFT,0.023068373356055705,1.044781828278189,,2400
null_effect,21097,ORACLE_RIDGE,0.0,1.0044008373370916,,2400
null_effect,21098,ZERO,0.0,0.9737724854114469,,2400
null_effect,21098,DIRECT,0.008564974781537057,0.9760571534554517,,2400
null_effect,21098,HARD_FPA,0.007701164203213248,0.9762450729104626,,2400
null_effect,21098,ORDINARY_SOFT,0.0014020064692351962,0.9716165247137396,,2400
null_effect,21098,FPA_SOFT,0.009537835619507034,0.9763214403940617,,2400
null_effect,21098,ORACLE_RIDGE,0.0,0.9737724854114469,,2400
null_effect,21099,ZERO,0.0,1.0989405474842981,,2400
null_effect,21099,DIRECT,0.012576184150503539,1.1031706795326108,,2400
null_effect,21099,HARD_FPA,0.022662270169572854,1.1145023573353214,,2400
null_effect,21099,ORDINARY_SOFT,0.0027061775400646047,1.0988427710688775,,2400
null_effect,21099,FPA_SOFT,0.0214294490698577,1.1133273484281476,,2400
null_effect,21099,ORACLE_RIDGE,0.0,1.0989405474842981,,2400
null_effect,21100,ZERO,0.0,0.9980459885044973,,2400
null_effect,21100,DIRECT,0.006051656013413443,1.0075147587687043,,2400
null_effect,21100,HARD_FPA,0.008483906464443823,1.0101596978177119,,2400
null_effect,21100,ORDINARY_SOFT,0.0008244617307220739,1.0006873055936503,,2400
null_effect,21100,FPA_SOFT,0.009051361587557295,1.0121526842920037,,2400
null_effect,21100,ORACLE_RIDGE,0.0,0.9980459885044973,,2400
strong_signal,21001,ZERO,0.9788572608975069,1.1784123271380966,0.0,2400
strong_signal,21001,DIRECT,0.0021288535890624087,0.21474828267927676,0.9978251644298879,2400
strong_signal,21001,HARD_FPA,0.07099480890011459,0.28719964933358105,0.9274717451296015,2400
strong_signal,21001,ORDINARY_SOFT,0.4000268292992108,0.606779086947897,0.5913328272883942,2400
strong_signal,21001,FPA_SOFT,0.06652643244132765,0.28290459544044677,0.9320366358826107,2400
strong_signal,21001,ORACLE_RIDGE,1.970411254259013e-07,0.21336962870996581,0.9999997987029026,2400
strong_signal,21002,ZERO,1.0075980616116345,1.2154448946563567,0.0,2400
strong_signal,21002,DIRECT,0.00138089935942126,0.20558908581810964,0.9986295136800755,2400
strong_signal,21002,HARD_FPA,0.07065658015957377,0.28103031116500515,0.9298762246063079,2400
strong_signal,21002,ORDINARY_SOFT,0.40466636072541823,0.6154588339359287,0.5983851337723279,2400
strong_signal,21002,FPA_SOFT,0.06699705744657115,0.2769969964875147,0.933508151713382,2400
strong_signal,21002,ORACLE_RIDGE,1.8077279092009828e-07,0.2031614602051088,0.9999998205903745,2400
strong_signal,21003,ZERO,0.9863846360462124,1.2058577853470358,0.0,2400
strong_signal,21003,DIRECT,0.001325519584559129,0.20899982952130297,0.9986561838697404,2400
strong_signal,21003,HARD_FPA,0.058176270401625416,0.26672613742892165,0.9410207050316426,2400
strong_signal,21003,ORDINARY_SOFT,0.4000268522599024,0.6154823363824119,0.5944514567224453,2400
strong_signal,21003,FPA_SOFT,0.053854114680398135,0.2613034186737669,0.9454025207689112,2400
strong_signal,21003,ORACLE_RIDGE,1.8629974471542686e-07,0.2067843565253735,0.9999998111287038,2400
strong_signal,21004,ZERO,1.0428862498239209,1.257765789287671,0.0,2400
strong_signal,21004,DIRECT,0.0029986772851754305,0.19979078294845587,0.9971246362815871,2400
strong_signal,21004,HARD_FPA,0.06936846763163579,0.2683541007332462,0.933484147822116,2400
strong_signal,21004,ORDINARY_SOFT,0.4378591031057135,0.6466425656282752,0.5801468250447823,2400
strong_signal,21004,FPA_SOFT,0.06569947072547791,0.26486226294819204,0.9370022658400468,2400
strong_signal,21004,ORACLE_RIDGE,1.7907090182113583e-07,0.19747407442574458,0.9999998282929689,2400
strong_signal,21005,ZERO,0.971708939175173,1.1960873782147783,0.0,2400
strong_signal,21005,DIRECT,0.0012609166841024025,0.21235350794910787,0.99870237204448,2400
strong_signal,21005,HARD_FPA,0.05840988694007133,0.2742882741473447,0.939889523925084,2400
strong_signal,21005,ORDINARY_SOFT,0.3905709782988863,0.609428741188481,0.5980576461194036,2400
strong_signal,21005,FPA_SOFT,0.05377568084018011,0.2688136020910788,0.9446586537674263,2400
strong_signal,21005,ORACLE_RIDGE,1.6905775125643076e-07,0.21154902618824475,0.9999998260201749,2400
strong_signal,21006,ZERO,1.1010666834378267,1.2945477082958938,0.0,2400
strong_signal,21006,DIRECT,0.0020669649559614998,0.19092224696321528,0.9981227613303966,2400
strong_signal,21006,HARD_FPA,0.0768709085225651,0.26602479219094993,0.9301850562923643,2400
strong_signal,21006,ORDINARY_SOFT,0.4580892919210118,0.6490542276362145,0.5839586295620773,2400
strong_signal,21006,FPA_SOFT,0.07349835846571455,0.2615655737940781,0.9332480406761261,2400
strong_signal,21006,ORACLE_RIDGE,2.1937362356450423e-07,0.18958350471898494,0.9999998007626361,2400
strong_signal,21007,ZERO,0.9785960745552715,1.137800928552906,0.0,2400
strong_signal,21007,DIRECT,0.0012213144110010934,0.19536274565092648,0.9987519729102162,2400
strong_signal,21007,HARD_FPA,0.05608965769217442,0.24424632279592962,0.9426835451821481,2400
strong_signal,21007,ORDINARY_SOFT,0.3763342891899192,0.547039618027924,0.6154344995089558,2400
strong_signal,21007,FPA_SOFT,0.05172038734177503,0.2404048182609627,0.9471483805355753,2400
strong_signal,21007,ORACLE_RIDGE,1.699986074858819e-07,0.19320925865121097,0.9999998262831704,2400
strong_signal,21008,ZERO,1.0352842755588958,1.2200383064503195,0.0,2400
strong_signal,21008,DIRECT,0.001250902575988855,0.1958949323987312,0.9987917303435199,2400
strong_signal,21008,HARD_FPA,0.07072481157117974,0.2752083760441649,0.9316856121155717,2400
strong_signal,21008,ORDINARY_SOFT,0.4115193212581555,0.6011005944881868,0.6025059677101753,2400
strong_signal,21008,FPA_SOFT,0.06799015816048888,0.2724527201862214,0.934327063816569,2400
strong_signal,21008,ORACLE_RIDGE,1.8158348418261774e-07,0.19419791660018157,0.9999998246051944,2400
strong_signal,21009,ZERO,1.0343808285127234,1.256733373132254,0.0,2400
strong_signal,21009,DIRECT,0.0011747343549783325,0.21033098266072253,0.9988643115547033,2400
strong_signal,21009,HARD_FPA,0.06843840584319964,0.28397722143376136,0.9338363550863532,2400
strong_signal,21009,ORDINARY_SOFT,0.4145694745843014,0.6317226558205303,0.5992100170878196,2400
strong_signal,21009,FPA_SOFT,0.06500985675253737,0.28009002478508205,0.93715094580203,2400
strong_signal,21009,ORACLE_RIDGE,1.9421033326761496e-07,0.20910902175921572,0.9999998122448446,2400
strong_signal,21010,ZERO,1.001528912780911,1.201579942225979,0.0,2400
strong_signal,21010,DIRECT,0.0016301944232956801,0.2045345277765497,0.9983722941969102,2400
strong_signal,21010,HARD_FPA,0.0645066308217341,0.26447497427212935,0.9355918436317323,2400
strong_signal,21010,ORDINARY_SOFT,0.3894365119218876,0.5903662819297225,0.6111579935914655,2400
strong_signal,21010,FPA_SOFT,0.05925508486945497,0.2594070851659007,0.9408353726854242,2400
strong_signal,21010,ORACLE_RIDGE,1.7871252180833408e-07,0.20282956018643655,0.999999821560297,2400
strong_signal,21011,ZERO,0.9651197471285765,1.168668623695266,0.0,2400
strong_signal,21011,DIRECT,0.0009547730893342351,0.20286601196926127,0.9990107205948537,2400
strong_signal,21011,HARD_FPA,0.05139683866270099,0.2509456663384493,0.9467456356419846,2400
strong_signal,21011,ORDINARY_SOFT,0.3710136623932095,0.571738603147418,0.6155775866186046,2400
strong_signal,21011,FPA_SOFT,0.04872206877491676,0.2480707869385108,0.9495170740005324,2400
strong_signal,21011,ORACLE_RIDGE,1.708243656388875e-07,0.2020532027617458,0.9999998230018957,2400
strong_signal,21012,ZERO,0.9419046929747106,1.1836239963177044,0.0,2400
strong_signal,21012,DIRECT,0.0010857419485823612,0.20786234207687415,0.9988472910723554,2400
strong_signal,21012,HARD_FPA,0.0532156268516112,0.25926405628496696,0.9435021109369927,2400
strong_signal,21012,ORDINARY_SOFT,0.3598549837984232,0.5866650206816638,0.6179496859051269,2400
strong_signal,21012,FPA_SOFT,0.04697321326538371,0.25325665636687195,0.9501295474842221,2400
strong_signal,21012,ORACLE_RIDGE,1.6739765249206644e-07,0.20649187367405705,0.9999998222775046,2400
strong_signal,21013,ZERO,1.0181825437133691,1.163808526251536,0.0,2400
strong_signal,21013,DIRECT,0.0018877527998829799,0.2107213576188054,0.9981459583926884,2400
strong_signal,21013,HARD_FPA,0.06799102451241187,0.26854650599977997,0.9332231485088668,2400
strong_signal,21013,ORDINARY_SOFT,0.4205805212809716,0.5871248033738473,0.5869301395139905,2400
strong_signal,21013,FPA_SOFT,0.06339732949460246,0.26417071637978506,0.937734810043601,2400
strong_signal,21013,ORACLE_RIDGE,1.8661540518853134e-07,0.20780079389239392,0.9999998167171433,2400
strong_signal,21014,ZERO,0.9683075001797541,1.1019033361736803,0.0,2400
strong_signal,21014,DIRECT,0.0013234135864378098,0.18148647301288867,0.9986332713665936,2400
strong_signal,21014,HARD_FPA,0.06589182374039597,0.2530510955514986,0.9319515507954199,2400
strong_signal,21014,ORDINARY_SOFT,0.39501693551775136,0.5477719416454441,0.5920542436731911,2400
strong_signal,21014,FPA_SOFT,0.060744309695961625,0.24754729417336818,0.9372675418865544,2400
strong_signal,21014,ORACLE_RIDGE,1.96238150238679e-07,0.18075522255554013,0.9999997973390166,2400
strong_signal,21015,ZERO,0.9582756958086073,1.1455262664144428,0.0,2400
strong_signal,21015,DIRECT,0.0015812071531900642,0.22235825346218907,0.9983499454696534,2400
strong_signal,21015,HARD_FPA,0.05287699778473623,0.2683341035613637,0.9448206836341416,2400
strong_signal,21015,ORDINARY_SOFT,0.376504867239837,0.5739948171147868,0.6071017256446887,2400
strong_signal,21015,FPA_SOFT,0.049025299482848464,0.2654506245141684,0.9488400888207018,2400
strong_signal,21015,ORACLE_RIDGE,1.891718203900663e-07,0.22280228467122232,0.999999802591445,2400
strong_signal,21016,ZERO,0.9805227585313044,1.181374361470198,0.0,2400
strong_signal,21016,DIRECT,0.0011122632238586038,0.21215818335797654,0.9988656426236097,2400
strong_signal,21016,HARD_FPA,0.05798472494881213,0.2720588117196609,0.9408634583498442,2400
strong_signal,21016,ORDINARY_SOFT,0.3867340968946585,0.5935737218657345,0.6055837628145053,2400
strong_signal,21016,FPA_SOFT,0.05276659583322976,0.26682851976109245,0.9461852411133554,2400
strong_signal,21016,ORACLE_RIDGE,1.7606103570080756e-07,0.2100018840661447,0.9999998204416632,2400
strong_signal,21017,ZERO,0.922154988523947,1.1315085132044018,0.0,2400
strong_signal,21017,DIRECT,0.001646025724186955,0.19800221560417697,0.9982150226971914,2400
strong_signal,21017,HARD_FPA,0.050859611407998453,0.24480262403162972,0.9448470028997976,2400
strong_signal,21017,ORDINARY_SOFT,0.35923873861529937,0.5618781824851296,0.6104356175632504,2400
strong_signal,21017,FPA_SOFT,0.045630540905324646,0.2397962473980103,0.9505174927499298,2400
strong_signal,21017,ORACLE_RIDGE,1.6017919072103073e-07,0.1971563340898608,0.9999998262990574,2400
strong_signal,21018,ZERO,1.0084403367680947,1.2356450014985945,0.0,2400
strong_signal,21018,DIRECT,0.0020697055446957393,0.20030240787977754,0.9979476172568336,2400
strong_signal,21018,HARD_FPA,0.06175838813657675,0.25946776936859145,0.9387585106576524,2400
strong_signal,21018,ORDINARY_SOFT,0.406706586551844,0.6220033925125594,0.5966974230173302,2400
strong_signal,21018,FPA_SOFT,0.05732203915388201,0.2545868940214497,0.9431577287580634,2400
strong_signal,21018,ORACLE_RIDGE,1.7087961823543802e-07,0.19838553826056998,0.9999998305505918,2400
strong_signal,21019,ZERO,1.0901090394739614,1.3222771402536735,0.0,2400
strong_signal,21019,DIRECT,0.0022028390329015407,0.19116720240601712,0.997979248907096,2400
strong_signal,21019,HARD_FPA,0.08738657150677537,0.2862761712986005,0.9198368526978327,2400
strong_signal,21019,ORDINARY_SOFT,0.4449050439071965,0.6613330164597245,0.591871062621508,2400
strong_signal,21019,FPA_SOFT,0.08350157559968963,0.28095720491725334,0.9234007126112964,2400
strong_signal,21019,ORACLE_RIDGE,2.064863495597177e-07,0.18958636114686342,0.9999998105819308,2400
strong_signal,21020,ZERO,1.0369951988973283,1.2230997467680216,0.0,2400
strong_signal,21020,DIRECT,0.0010663156125305326,0.20233024327710555,0.9989717256032965,2400
strong_signal,21020,HARD_FPA,0.06229883641773174,0.26199227837443556,0.9399236983122234,2400
strong_signal,21020,ORDINARY_SOFT,0.4151575296906377,0.6070700364400377,0.599653373388721,2400
strong_signal,21020,FPA_SOFT,0.05883792186315494,0.25932781745317574,0.9432611434211853,2400
strong_signal,21020,ORACLE_RIDGE,1.921391881541881e-07,0.20157295649540988,0.9999998147154506,2400
strong_signal,21021,ZERO,1.0133962950248088,1.2305994196876702,0.0,2400
strong_signal,21021,DIRECT,0.0012755677679660733,0.21343928761279538,0.9987412942259327,2400
strong_signal,21021,HARD_FPA,0.06189908483197812,0.2737000400808642,0.9389191719607947,2400
strong_signal,21021,ORDINARY_SOFT,0.3925558823618973,0.6075103145877235,0.6126333949619509,2400
strong_signal,21021,FPA_SOFT,0.0583596258521225,0.2690076704048877,0.9424118421010275,2400
strong_signal,21021,ORACLE_RIDGE,1.7972850025607529e-07,0.21183023781907712,0.999999822647368,2400
strong_signal,21022,ZERO,0.9494155627676752,1.1754290654375117,0.0,2400
strong_signal,21022,DIRECT,0.0009726446428145404,0.22561086897271887,0.9989755332849409,2400
strong_signal,21022,HARD_FPA,0.06593783829030024,0.296316366156496,0.9305490231294687,2400
strong_signal,21022,ORDINARY_SOFT,0.37808338076581327,0.6053656322971419,0.6017725055363019,2400
strong_signal,21022,FPA_SOFT,0.060635693704222636,0.29138891033244974,0.9361336636114734,2400
strong_signal,21022,ORACLE_RIDGE,1.688117642358066e-07,0.2244794807781049,0.9999998221940204,2400
strong_signal,21023,ZERO,0.9576318609682858,1.1518498672314466,0.0,2400
strong_signal,21023,DIRECT,0.001246448180655914,0.19771204266685224,0.9986984056906841,2400
strong_signal,21023,HARD_FPA,0.05293574749906341,0.2544013867864001,0.9447222365330047,2400
strong_signal,21023,ORDINARY_SOFT,0.37378885419536484,0.5686500336742787,0.6096737489316433,2400
strong_signal,21023,FPA_SOFT,0.05041004238198629,0.2518867767162502,0.9473596854525961,2400
strong_signal,21023,ORACLE_RIDGE,1.6390276049015386e-07,0.1949227355219633,0.9999998288457526,2400
strong_signal,21024,ZERO,1.0298158611814299,1.2444991669215937,0.0,2400
strong_signal,21024,DIRECT,0.003173776363677933,0.21514825074916832,0.9969181127584917,2400
strong_signal,21024,HARD_FPA,0.07685232956839771,0.2892260556855279,0.9253727462691914,2400
strong_signal,21024,ORDINARY_SOFT,0.4079671485264642,0.6233915079895102,0.603844566873893,2400
strong_signal,21024,FPA_SOFT,0.07483137242522599,0.2872166648131321,0.9273351914201655,2400
strong_signal,21024,ORACLE_RIDGE,1.8381009206917458e-07,0.21378824555924156,0.9999998215116905,2400
strong_signal,21025,ZERO,1.0005417602848945,1.1932378857128034,0.0,2400
strong_signal,21025,DIRECT,0.0014779978950132347,0.20469446970822142,0.9985228023919838,2400
strong_signal,21025,HARD_FPA,0.04985021034792561,0.24569276410932966,0.9501767818929104,2400
strong_signal,21025,ORDINARY_SOFT,0.3793416361952477,0.5732786761114436,0.6208637647595701,2400
strong_signal,21025,FPA_SOFT,0.047784708000776915,0.24390375420969007,0.9522411658388245,2400
strong_signal,21025,ORACLE_RIDGE,1.7781068444466225e-07,0.20419343911470936,0.9999998222855941,2400
strong_signal,21026,ZERO,0.9702123222812898,1.1344314102055444,0.0,2400
strong_signal,21026,DIRECT,0.001491821514693698,0.1915832734052886,0.9984623762444226,2400
strong_signal,21026,HARD_FPA,0.05560903409296675,0.24678746784040384,0.9426836447900275,2400
strong_signal,21026,ORDINARY_SOFT,0.3678087797414406,0.5445254663365564,0.6208986720797355,2400
strong_signal,21026,FPA_SOFT,0.05206262041634652,0.24351538650282004,0.9463389412598573,2400
strong_signal,21026,ORACLE_RIDGE,1.6719904807301485e-07,0.19006902064263956,0.999999827667569,2400
strong_signal,21027,ZERO,1.0083656887825383,1.1437155679783013,0.0,2400
strong_signal,21027,DIRECT,0.0008996047361643896,0.19222494735272272,0.9991078586407968,2400
strong_signal,21027,HARD_FPA,0.06181868009620182,0.24695991078019172,0.9386941852703861,2400
strong_signal,21027,ORDINARY_SOFT,0.39632884760505477,0.5504593966428317,0.6069592093285454,2400
strong_signal,21027,FPA_SOFT,0.05739542820454883,0.24358664931009558,0.9430807406052799,2400
strong_signal,21027,ORACLE_RIDGE,1.760886318018871e-07,0.19213704682337776,0.9999998253722496,2400
strong_signal,21028,ZERO,0.9955779323378624,1.2129338039519741,0.0,2400
strong_signal,21028,DIRECT,0.0014369989227752127,0.20639397843582424,0.998556618345888,2400
strong_signal,21028,HARD_FPA,0.06010306790636452,0.2633819400564674,0.9396299717439219,2400
strong_signal,21028,ORDINARY_SOFT,0.3896271199433099,0.6007010744331008,0.6086422696931727,2400
strong_signal,21028,FPA_SOFT,0.056852313046178625,0.26083362362679224,0.9428951655118798,2400
strong_signal,21028,ORACLE_RIDGE,1.8247144640810508e-07,0.20590813298142033,0.9999998167180685,2400
strong_signal,21029,ZERO,1.0322736917721504,1.209242047229031,0.0,2400
strong_signal,21029,DIRECT,0.0017043353959956856,0.20340644843601907,0.9983489500802158,2400
strong_signal,21029,HARD_FPA,0.07198097360792474,0.275291707655467,0.930269487460877,2400
strong_signal,21029,ORDINARY_SOFT,0.4080255818230172,0.5953576041879235,0.6047312015454531,2400
strong_signal,21029,FPA_SOFT,0.0664369645435379,0.26883472025292654,0.9356401649358296,2400
strong_signal,21029,ORACLE_RIDGE,1.7754691835551716e-07,0.20157869445033408,0.9999998280040266,2400
strong_signal,21030,ZERO,1.0097925488664874,1.1150751430385806,0.0,2400
strong_signal,21030,DIRECT,0.0011431794137537106,0.18960707262843388,0.9988679066655454,2400
strong_signal,21030,HARD_FPA,0.062090092686668964,0.24416099713823172,0.9385120312519969,2400
strong_signal,21030,ORDINARY_SOFT,0.3963615374802085,0.5312550563680757,0.6074822121383918,2400
strong_signal,21030,FPA_SOFT,0.05774802006006197,0.23907659965313152,0.9428119962611278,2400
strong_signal,21030,ORACLE_RIDGE,1.8149592361598852e-07,0.19027226103966208,0.9999998202641485,2400
strong_signal,21031,ZERO,1.0247880334868955,1.2413260808305757,0.0,2400
strong_signal,21031,DIRECT,0.002233649285169666,0.21022888640811896,0.9978203792275271,2400
strong_signal,21031,HARD_FPA,0.07200666813787177,0.2788171357970887,0.929735061510364,2400
strong_signal,21031,ORDINARY_SOFT,0.4082587430722536,0.6209826102628266,0.601616402873937,2400
strong_signal,21031,FPA_SOFT,0.06635063886750538,0.27479798550306234,0.9352542802029569,2400
strong_signal,21031,ORACLE_RIDGE,1.6701889021386782e-07,0.2070702343584694,0.9999998370210378,2400
strong_signal,21032,ZERO,1.0997058459851083,1.308593022553013,0.0,2400
strong_signal,21032,DIRECT,0.0013925372065590742,0.2048882688948789,0.9987337184651304,2400
strong_signal,21032,HARD_FPA,0.07030633357419015,0.26540948903413125,0.9360680550795742,2400
strong_signal,21032,ORDINARY_SOFT,0.43584342204760274,0.6395455876456867,0.6036727242663902,2400
strong_signal,21032,FPA_SOFT,0.0649043454751353,0.26015715296088193,0.9409802669394792,2400
strong_signal,21032,ORACLE_RIDGE,1.9284168920727204e-07,0.20405192137964084,0.9999998246424806,2400
strong_signal,21033,ZERO,0.9603940824301571,1.15666264697011,0.0,2400
strong_signal,21033,DIRECT,0.001226221690972793,0.20910243514890584,0.9987232098641529,2400
strong_signal,21033,HARD_FPA,0.059223169545945684,0.26382989311235644,0.938334512228471,2400
strong_signal,21033,ORDINARY_SOFT,0.3656384618259083,0.5669712300154527,0.6192828876030703,2400
strong_signal,21033,FPA_SOFT,0.055913828767719664,0.2602269180941785,0.9417803276898201,2400
strong_signal,21033,ORACLE_RIDGE,1.7083303856144553e-07,0.20798557444256824,0.9999998221219376,2400
strong_signal,21034,ZERO,1.0678322019993216,1.2662246392694765,0.0,2400
strong_signal,21034,DIRECT,0.0013248791145806082,0.19117905753438003,0.9987592815499476,2400
strong_signal,21034,HARD_FPA,0.0757137481858921,0.26090404683102125,0.9290958373009056,2400
strong_signal,21034,ORDINARY_SOFT,0.4326955217956019,0.6270307995937603,0.5947907161954301,2400
strong_signal,21034,FPA_SOFT,0.07131587831378926,0.25706084842805627,0.9332143400617969,2400
strong_signal,21034,ORACLE_RIDGE,1.9643515974681796e-07,0.18893152279922595,0.9999998160430456,2400
strong_signal,21035,ZERO,1.0561673216499223,1.2709896316908924,0.0,2400
strong_signal,21035,DIRECT,0.0014296797315233674,0.19838694922246566,0.9986463511015565,2400
strong_signal,21035,HARD_FPA,0.07331189203545696,0.2767664848845855,0.9305868582253325,2400
strong_signal,21035,ORDINARY_SOFT,0.4211724241351569,0.6295963266832474,0.6012256623531864,2400
strong_signal,21035,FPA_SOFT,0.06783767497356791,0.27074857538464414,0.9357699546435565,2400
strong_signal,21035,ORACLE_RIDGE,1.7539139151228145e-07,0.19648069032906382,0.9999998339359797,2400
strong_signal,21036,ZERO,0.9675897240346384,1.1472617038215196,0.0,2400
strong_signal,21036,DIRECT,0.002469490619085965,0.2079933565711475,0.9974477916024276,2400
strong_signal,21036,HARD_FPA,0.05526837248428559,0.26282704986034083,0.942880364361634,2400
strong_signal,21036,ORDINARY_SOFT,0.36559350563750864,0.5545512594284345,0.6221606156449622,2400
strong_signal,21036,FPA_SOFT,0.04880459160728215,0.25613294275457066,0.9495606553118634,2400
strong_signal,21036,ORACLE_RIDGE,1.591281038977768e-07,0.2063167793918511,0.9999998355417591,2400
strong_signal,21037,ZERO,0.9693732554707815,1.1619453550971934,0.0,2400
strong_signal,21037,DIRECT,0.0016330470741216145,0.18366581919586317,0.998315357820215,2400
strong_signal,21037,HARD_FPA,0.06310962942828766,0.2511706591287854,0.9348964611184387,2400
strong_signal,21037,ORDINARY_SOFT,0.39308865442605273,0.5823702137185129,0.5944919542522895,2400
strong_signal,21037,FPA_SOFT,0.05850100733392106,0.2461254484773979,0.9396506897588074,2400
strong_signal,21037,ORACLE_RIDGE,1.9342196974413852e-07,0.18152166768582176,0.9999998004669836,2400
strong_signal,21038,ZERO,0.9524855549950378,1.1588663460872903,0.0,2400
strong_signal,21038,DIRECT,0.0017328230828914497,0.20379367188232245,0.998180735577769,2400
strong_signal,21038,HARD_FPA,0.05477186510994791,0.24993812887970024,0.9424958574723653,2400
strong_signal,21038,ORDINARY_SOFT,0.3640730958532525,0.5687551005683619,0.617765231247891,2400
strong_signal,21038,FPA_SOFT,0.05067007732600562,0.24626005262610742,0.9468022616613124,2400
strong_signal,21038,ORACLE_RIDGE,1.6919724571734158e-07,0.20148857194573527,0.9999998223624024,2400
strong_signal,21039,ZERO,1.048694485829498,1.2532646027519476,0.0,2400
strong_signal,21039,DIRECT,0.0015185580733425505,0.20132511336827347,0.9985519537922034,2400
strong_signal,21039,HARD_FPA,0.06824987858963973,0.27294514760436056,0.9349191976196429,2400
strong_signal,21039,ORDINARY_SOFT,0.4065264770962358,0.6090592152397709,0.6123499431059936,2400
strong_signal,21039,FPA_SOFT,0.06487712681743539,0.269328776320471,0.9381353409462063,2400
strong_signal,21039,ORACLE_RIDGE,1.8768873383263491e-07,0.2004997737640395,0.9999998210262986,2400
strong_signal,21040,ZERO,0.9853411993438113,1.2240904131421628,0.0,2400
strong_signal,21040,DIRECT,0.001914723453670221,0.2241815429337555,0.9980567914394066,2400
strong_signal,21040,HARD_FPA,0.06621805773949338,0.28829853875757977,0.9327968243045238,2400
strong_signal,21040,ORDINARY_SOFT,0.39577003439577424,0.625960217798211,0.5983421431486498,2400
strong_signal,21040,FPA_SOFT,0.06116981044504155,0.2832323008636773,0.9379201737572959,2400
strong_signal,21040,ORACLE_RIDGE,1.79302388375066e-07,0.22433710210737218,0.9999998180301519,2400
strong_signal,21041,ZERO,0.9630360507552751,1.179086046320005,0.0,2400
strong_signal,21041,DIRECT,0.0010356809861871272,0.20287607230125881,0.9989245667538875,2400
strong_signal,21041,HARD_FPA,0.05363450582729477,0.25244377185267564,0.9443068556102016,2400
strong_signal,21041,ORDINARY_SOFT,0.37989888862567417,0.5916468867647817,0.6055195562744169,2400
strong_signal,21041,FPA_SOFT,0.05084738027132655,0.24951108369345765,0.9472009586438133,2400
strong_signal,21041,ORACLE_RIDGE,1.8559573129629913e-07,0.20148054714906724,0.9999998072805986,2400
strong_signal,21042,ZERO,0.9855173898976525,1.1517590555920643,0.0,2400
strong_signal,21042,DIRECT,0.001876958010175344,0.19933968800753532,0.9980954592689935,2400
strong_signal,21042,HARD_FPA,0.06446784937210968,0.2601655647243514,0.9345847673182055,2400
strong_signal,21042,ORDINARY_SOFT,0.39272777037939505,0.5712351940423082,0.6015009228602446,2400
strong_signal,21042,FPA_SOFT,0.060578190032600565,0.25537594772265304,0.9385315869069629,2400
strong_signal,21042,ORACLE_RIDGE,1.6700762535286948e-07,0.19512987515574248,0.9999998305381244,2400
strong_signal,21043,ZERO,0.9940198044003389,1.1772864511471546,0.0,2400
strong_signal,21043,DIRECT,0.002066941955435705,0.20336413264607317,0.9979206229631585,2400
strong_signal,21043,HARD_FPA,0.07624762263424634,0.28119136603038614,0.9232936584394874,2400
strong_signal,21043,ORDINARY_SOFT,0.40803566855359397,0.5988605959177274,0.5895095180726815,2400
strong_signal,21043,FPA_SOFT,0.07126066944919418,0.27435808607281187,0.9283106140001068,2400
strong_signal,21043,ORACLE_RIDGE,1.9537641880966556e-07,0.20114116590287776,0.9999998034481627,2400
strong_signal,21044,ZERO,1.0100655975859365,1.1999823763253028,0.0,2400
strong_signal,21044,DIRECT,0.0020755464431921225,0.19767685064210572,0.9979451369810508,2400
strong_signal,21044,HARD_FPA,0.07309399705053513,0.2543152029256664,0.9276344058987552,2400
strong_signal,21044,ORDINARY_SOFT,0.3986120570100458,0.5872951997406518,0.6053602281250532,2400
strong_signal,21044,FPA_SOFT,0.06504492524334417,0.2469020332936279,0.9356032663632917,2400
strong_signal,21044,ORACLE_RIDGE,1.808900803081159e-07,0.19441592864206583,0.999999820912542,2400
strong_signal,21045,ZERO,0.9341924355637578,1.1530048635799617,0.0,2400
strong_signal,21045,DIRECT,0.0016648517555745619,0.20295655627590567,0.9982178706525601,2400
strong_signal,21045,HARD_FPA,0.06077096774034626,0.2519040813613331,0.934948126930965,2400
strong_signal,21045,ORDINARY_SOFT,0.35654090539299327,0.5667732289406945,0.6183431894545033,2400
strong_signal,21045,FPA_SOFT,0.05743630527111892,0.25053103267914395,0.9385176939091165,2400
strong_signal,21045,ORACLE_RIDGE,1.746759064983273e-07,0.2013836085258167,0.9999998130193525,2400
strong_signal,21046,ZERO,0.9121489056623409,1.1093917030794238,0.0,2400
strong_signal,21046,DIRECT,0.0009457254479767058,0.19661215482591574,0.9989631896260512,2400
strong_signal,21046,HARD_FPA,0.04834332656877578,0.23952718948157853,0.9470006198892799,2400
strong_signal,21046,ORDINARY_SOFT,0.36548061635250517,0.5604768788082886,0.5993191308088914,2400
strong_signal,21046,FPA_SOFT,0.04532148688509871,0.23567661102087736,0.9503134996887495,2400
strong_signal,21046,ORACLE_RIDGE,1.7024704750212472e-07,0.194537541674204,0.9999998133560799,2400
strong_signal,21047,ZERO,1.0411185526324187,1.2659764352192495,0.0,2400
strong_signal,21047,DIRECT,0.0017903406085793758,0.19888998778694722,0.9982803681635942,2400
strong_signal,21047,HARD_FPA,0.06214168471547404,0.2641022721963218,0.9403125757788565,2400
strong_signal,21047,ORDINARY_SOFT,0.4180302320241134,0.6320633898542283,0.598479701502635,2400
strong_signal,21047,FPA_SOFT,0.05798022267479225,0.259970267329352,0.9443096825734283,2400
strong_signal,21047,ORACLE_RIDGE,1.7442154390282148e-07,0.19592533194028794,0.9999998324671638,2400
strong_signal,21048,ZERO,1.0212325296360767,1.2197763253509142,0.0,2400
strong_signal,21048,DIRECT,0.0020872570144100985,0.19037412560911704,0.9979561393180906,2400
strong_signal,21048,HARD_FPA,0.05703239260170197,0.23999971039796417,0.9441533725702747,2400
strong_signal,21048,ORDINARY_SOFT,0.40531869869213016,0.5975980411947436,0.6031083157558952,2400
strong_signal,21048,FPA_SOFT,0.05241536812930161,0.23537510475760243,0.9486744041065944,2400
strong_signal,21048,ORACLE_RIDGE,1.825005829511821e-07,0.18807105677724978,0.9999998212938017,2400
strong_signal,21049,ZERO,1.0795206168488412,1.284870296019171,0.0,2400
strong_signal,21049,DIRECT,0.0014310179053766755,0.21376513179405388,0.9986743950203064,2400
strong_signal,21049,HARD_FPA,0.07590924468347456,0.29265868892197877,0.9296824502480959,2400
strong_signal,21049,ORDINARY_SOFT,0.422582206330867,0.6322291957318336,0.6085464235371443,2400
strong_signal,21049,FPA_SOFT,0.07154505367548003,0.2883499278473307,0.9337251622999823,2400
strong_signal,21049,ORACLE_RIDGE,2.0381626342769974e-07,0.21415807319029218,0.9999998111974332,2400
strong_signal,21050,ZERO,1.0171470745145674,1.2269395937722831,0.0,2400
strong_signal,21050,DIRECT,0.002468876006505114,0.1991468176113323,0.9975727443273792,2400
strong_signal,21050,HARD_FPA,0.0687869150971771,0.2713776345797693,0.9323726953351308,2400
strong_signal,21050,ORDINARY_SOFT,0.4105628234114729,0.6158354725833524,0.5963584483518142,2400
strong_signal,21050,FPA_SOFT,0.0655808291554922,0.2685094189080868,0.9355247330512251,2400
strong_signal,21050,ORACLE_RIDGE,1.880621044782438e-07,0.19772583773474448,0.9999998151082482,2400
strong_signal,21051,ZERO,0.9476894900748778,1.1852117267126887,0.0,2400
strong_signal,21051,DIRECT,0.001371425647522475,0.20154703777633212,0.9985528744785235,2400
strong_signal,21051,HARD_FPA,0.050063306535179646,0.24751256843685362,0.9471733019522839,2400
strong_signal,21051,ORDINARY_SOFT,0.36005826623851683,0.5836823668080637,0.6200672583062324,2400
strong_signal,21051,FPA_SOFT,0.046089925232268396,0.2435759663400332,0.9513660057276495,2400
strong_signal,21051,ORACLE_RIDGE,1.6892686517115354e-07,0.19932897204614156,0.9999998217487195,2400
strong_signal,21052,ZERO,0.9212126833982183,1.1279846076332047,0.0,2400
strong_signal,21052,DIRECT,0.0020503731569062726,0.2152949831195643,0.9977742673392829,2400
strong_signal,21052,HARD_FPA,0.0463186379134507,0.24998183167209825,0.9497199303177328,2400
strong_signal,21052,ORDINARY_SOFT,0.35504651982669505,0.5599941149822255,0.6145878946032521,2400
strong_signal,21052,FPA_SOFT,0.04301937139210878,0.24734108966320922,0.9533013687638161,2400
strong_signal,21052,ORACLE_RIDGE,1.739129371503574e-07,0.21663163737814053,0.9999998112130453,2400
strong_signal,21053,ZERO,0.9979169356945732,1.1769975900541094,0.0,2400
strong_signal,21053,DIRECT,0.0016327658797369083,0.1944572500573737,0.9983638258643236,2400
strong_signal,21053,HARD_FPA,0.06261541321245795,0.24603727801667105,0.9372538825900613,2400
strong_signal,21053,ORDINARY_SOFT,0.3914695761856205,0.5720720854427547,0.6077132653198749,2400
strong_signal,21053,FPA_SOFT,0.059495594588554135,0.2435473010026116,0.9403802135624206,2400
strong_signal,21053,ORACLE_RIDGE,1.8102306976531844e-07,0.19303670335319784,0.9999998185990604,2400
strong_signal,21054,ZERO,1.089684912848997,1.2712382415643075,0.0,2400
strong_signal,21054,DIRECT,0.0016276229121991387,0.22216497280563086,0.9985063361958975,2400
strong_signal,21054,HARD_FPA,0.07118132182630629,0.2875441811033671,0.9346771520950935,2400
strong_signal,21054,ORDINARY_SOFT,0.4095675493582963,0.6045687804616797,0.6241413049507347,2400
strong_signal,21054,FPA_SOFT,0.06692240652166467,0.28282554099057533,0.9385855436442677,2400
strong_signal,21054,ORACLE_RIDGE,1.7063606131923957e-07,0.21915807618952585,0.9999998434078885,2400
strong_signal,21055,ZERO,1.0001390046411505,1.2636013008744085,0.0,2400
strong_signal,21055,DIRECT,0.0019190434369632452,0.21762134012741,0.9980812232819058,2400
strong_signal,21055,HARD_FPA,0.06853316614848344,0.2907085563611522,0.9314763589556503,2400
strong_signal,21055,ORDINARY_SOFT,0.3970559349782749,0.6437687090889374,0.6029992499685197,2400
strong_signal,21055,FPA_SOFT,0.06282306020211995,0.2855630537730464,0.9371856712811028,2400
strong_signal,21055,ORACLE_RIDGE,1.68494205769624e-07,0.21627508114513147,0.9999998315292125,2400
strong_signal,21056,ZERO,0.965672100265563,1.1755242972795068,0.0,2400
strong_signal,21056,DIRECT,0.0009246475100504525,0.19068234325351419,0.9990424829403313,2400
strong_signal,21056,HARD_FPA,0.055621534750240696,0.251346023300104,0.9424012201088293,2400
strong_signal,21056,ORDINARY_SOFT,0.3899840129624162,0.593660380708232,0.596152759456166,2400
strong_signal,21056,FPA_SOFT,0.053312435223383144,0.2490007527741552,0.944792403955005,2400
strong_signal,21056,ORACLE_RIDGE,1.8285393247686914e-07,0.18996265006213764,0.9999998106459403,2400
strong_signal,21057,ZERO,1.0615920022764842,1.260919864221039,0.0,2400
strong_signal,21057,DIRECT,0.002023838978189672,0.2019711906371335,0.9980935811744533,2400
strong_signal,21057,HARD_FPA,0.07090515981596057,0.2777181616297585,0.9332086529816435,2400
strong_signal,21057,ORDINARY_SOFT,0.42670903189708514,0.6286329233751773,0.5980479967991019,2400
strong_signal,21057,FPA_SOFT,0.0671688732656314,0.2733975662186579,0.9367281656968082,2400
strong_signal,21057,ORACLE_RIDGE,1.914093385887319e-07,0.20002005323494715,0.999999819695949,2400
strong_signal,21058,ZERO,0.9760938781217385,1.0930014285532983,0.0,2400
strong_signal,21058,DIRECT,0.0009544055067960559,0.1947949808397425,0.9990222195547086,2400
strong_signal,21058,HARD_FPA,0.05685118809851171,0.24743792526834862,0.9417564341168614,2400
strong_signal,21058,ORDINARY_SOFT,0.3942362663079123,0.5381153389130204,0.5961082482491062,2400
strong_signal,21058,FPA_SOFT,0.055097612961170245,0.24517803295749985,0.9435529571528586,2400
strong_signal,21058,ORACLE_RIDGE,1.7895703546250257e-07,0.19200205558270772,0.9999998166600166,2400
strong_signal,21059,ZERO,1.0317925241088604,1.2637652892493862,0.0,2400
strong_signal,21059,DIRECT,0.001334082252263382,0.20718813125112556,0.9987070246962532,2400
strong_signal,21059,HARD_FPA,0.0645983812072135,0.26086713135605966,0.9373920825187158,2400
strong_signal,21059,ORDINARY_SOFT,0.4140387283889384,0.6322581391553708,0.5987190072475705,2400
strong_signal,21059,FPA_SOFT,0.06152169532237018,0.258246318386805,0.9403739667764066,2400
strong_signal,21059,ORACLE_RIDGE,1.9626570326844213e-07,0.20622794386866924,0.999999809781813,2400
strong_signal,21060,ZERO,1.0229546839941235,1.2499139482751174,0.0,2400
strong_signal,21060,DIRECT,0.0017338655859079086,0.1966827078166202,0.9983050416474579,2400
strong_signal,21060,HARD_FPA,0.06888784291323685,0.24921539678393861,0.9326579720577021,2400
strong_signal,21060,ORDINARY_SOFT,0.4199757258014923,0.6302627562699623,0.5894483574172628,2400
strong_signal,21060,FPA_SOFT,0.06429253811341393,0.2446356165059014,0.937150160100559,2400
strong_signal,21060,ORACLE_RIDGE,1.9136762576779872e-07,0.1952200729904754,0.9999998129265854,2400
strong_signal,21061,ZERO,1.0181646854326556,1.2462440180673393,0.0,2400
strong_signal,21061,DIRECT,0.001721358455433597,0.2008639858786003,0.9983093516401994,2400
strong_signal,21061,HARD_FPA,0.07365654273813033,0.2714433775324422,0.9276575353752021,2400
strong_signal,21061,ORDINARY_SOFT,0.4066710412010451,0.6193764565695021,0.6005842207852302,2400
strong_signal,21061,FPA_SOFT,0.07094324684121296,0.2665594542691452,0.9303224244012485,2400
strong_signal,21061,ORACLE_RIDGE,1.938359281068794e-07,0.19915088335321954,0.9999998096222243,2400
strong_signal,21062,ZERO,1.0178685579222566,1.2167016289893187,0.0,2400
strong_signal,21062,DIRECT,0.0019510921975813258,0.2049587223602228,0.9980831589870857,2400
strong_signal,21062,HARD_FPA,0.06270486153467597,0.2675320298186391,0.9383959146329528,2400
strong_signal,21062,ORDINARY_SOFT,0.3979844655038713,0.5975639723746883,0.6090021030649924,2400
strong_signal,21062,FPA_SOFT,0.059320786639815944,0.2633477579937625,0.9417205825073273,2400
strong_signal,21062,ORACLE_RIDGE,1.8192158885761662e-07,0.2013901447639498,0.9999998212720224,2400
strong_signal,21063,ZERO,0.966484027017063,1.170409232482311,0.0,2400
strong_signal,21063,DIRECT,0.0026716118415755176,0.1915991807348061,0.9972357413398532,2400
strong_signal,21063,HARD_FPA,0.056074478400246,0.24336376250547892,0.9419809569193677,2400
strong_signal,21063,ORDINARY_SOFT,0.3885360870133205,0.586030952035653,0.5979901621214678,2400
strong_signal,21063,FPA_SOFT,0.05147943652028323,0.23913990665022022,0.9467353468021936,2400
strong_signal,21063,ORACLE_RIDGE,1.7887247579346094e-07,0.18950030011532534,0.99999981492454,2400
strong_signal,21064,ZERO,0.9858787755489107,1.1489086714876948,0.0,2400
strong_signal,21064,DIRECT,0.0016986185430499783,0.20639283619643825,0.9982770513118063,2400
strong_signal,21064,HARD_FPA,0.06077909085177833,0.2632998828184321,0.9383503404686462,2400
strong_signal,21064,ORDINARY_SOFT,0.3971125523260804,0.5766236234304678,0.5971994101354106,2400
strong_signal,21064,FPA_SOFT,0.0562486512164482,0.25908600351807837,0.9429456718092644,2400
strong_signal,21064,ORACLE_RIDGE,1.7359808215088055e-07,0.2047586271729918,0.9999998239153876,2400
strong_signal,21065,ZERO,0.9764269761259627,1.2419556655164437,0.0,2400
strong_signal,21065,DIRECT,0.0022647505209806877,0.21154997495298802,0.9976805735847588,2400
strong_signal,21065,HARD_FPA,0.06745410780817324,0.2840575347935445,0.9309174065675635,2400
strong_signal,21065,ORDINARY_SOFT,0.39905949005162533,0.6460062529092657,0.591306365136572,2400
strong_signal,21065,FPA_SOFT,0.06497442561912395,0.280833694320352,0.9334569535584585,2400
strong_signal,21065,ORACLE_RIDGE,1.7835874212281272e-07,0.21029579742623294,0.9999998173352985,2400
strong_signal,21066,ZERO,1.0029214248671818,1.198558745952718,0.0,2400
strong_signal,21066,DIRECT,0.003300632722320209,0.19446943176713827,0.9967089817402621,2400
strong_signal,21066,HARD_FPA,0.058001955240392915,0.24106049066406104,0.9421669995253374,2400
strong_signal,21066,ORDINARY_SOFT,0.39339441985684437,0.584642925321973,0.6077515046515811,2400
strong_signal,21066,FPA_SOFT,0.05491380552869826,0.2384787560289857,0.9452461537193997,2400
strong_signal,21066,ORACLE_RIDGE,1.7586056194971289e-07,0.19164936989522313,0.9999998246517049,2400
strong_signal,21067,ZERO,0.9566436278606332,1.1649817773225006,0.0,2400
strong_signal,21067,DIRECT,0.0016959340019842236,0.2027384863850859,0.998227203994682,2400
strong_signal,21067,HARD_FPA,0.05149405910177652,0.2550233130749693,0.9461721610826657,2400
strong_signal,21067,ORDINARY_SOFT,0.369610514282215,0.5774500879633955,0.613638241537463,2400
strong_signal,21067,FPA_SOFT,0.04719766826624075,0.2523429562375085,0.9506632701126227,2400
strong_signal,21067,ORACLE_RIDGE,1.639124600963867e-07,0.20206877370400578,0.9999998286588074,2400
strong_signal,21068,ZERO,0.9516706024745785,1.1798127926839297,0.0,2400
strong_signal,21068,DIRECT,0.0012846574361864646,0.1952820516534496,0.9986501028477227,2400
strong_signal,21068,HARD_FPA,0.0553727839365524,0.2510608275872203,0.9418151787051429,2400
strong_signal,21068,ORDINARY_SOFT,0.3751990887607384,0.5913087251563036,0.6057468962631312,2400
strong_signal,21068,FPA_SOFT,0.05297680260469095,0.24851639298334893,0.9443328369428055,2400
strong_signal,21068,ORACLE_RIDGE,1.9177632488319336e-07,0.19421767194148154,0.9999997984845551,2400
strong_signal,21069,ZERO,0.9467403693677366,1.1563535321768934,0.0,2400
strong_signal,21069,DIRECT,0.001349286262304486,0.19931843190859141,0.998574808568472,2400
strong_signal,21069,HARD_FPA,0.048659567032379836,0.24595012243239742,0.948603050417216,2400
strong_signal,21069,ORDINARY_SOFT,0.3752400617892741,0.5806969570519585,0.6036505108154717,2400
strong_signal,21069,FPA_SOFT,0.04466227125595448,0.24134381191222842,0.9528252172390395,2400
strong_signal,21069,ORACLE_RIDGE,1.8019389238021275e-07,0.1979857922650345,0.9999998096691572,2400
strong_signal,21070,ZERO,1.0214854545300958,1.2301411190152907,0.0,2400
strong_signal,21070,DIRECT,0.001205360085109974,0.21144467260724303,0.9988199929037027,2400
strong_signal,21070,HARD_FPA,0.06611510070402259,0.28158665005758354,0.9352755338699983,2400
strong_signal,21070,ORDINARY_SOFT,0.4034131295723503,0.6137342534736475,0.6050720763733943,2400
strong_signal,21070,FPA_SOFT,0.06391099742335259,0.2792024955953234,0.9374332770575251,2400
strong_signal,21070,ORACLE_RIDGE,1.8895380684437784e-07,0.20940336831582193,0.9999998150205605,2400
strong_signal,21071,ZERO,0.9948164745258213,1.2166789506301372,0.0,2400
strong_signal,21071,DIRECT,0.0027118785855194034,0.22135088351518603,0.9972739910777895,2400
strong_signal,21071,HARD_FPA,0.05891259916673667,0.27887523462347735,0.9407804347080024,2400
strong_signal,21071,ORDINARY_SOFT,0.3859819813332665,0.6073719656706263,0.6120068462705701,2400
strong_signal,21071,FPA_SOFT,0.05386055447187863,0.27202501307546223,0.9458588032555942,2400
strong_signal,21071,ORACLE_RIDGE,1.750546627263227e-07,0.21870632335185045,0.999999824033209,2400
strong_signal,21072,ZERO,1.029963573022973,1.2329160488040865,0.0,2400
strong_signal,21072,DIRECT,0.0013710972278267951,0.20401732936068057,0.9986687905633375,2400
strong_signal,21072,HARD_FPA,0.0583251814675818,0.25641936772860324,0.9433716075060833,2400
strong_signal,21072,ORDINARY_SOFT,0.39569074040638674,0.5986250690845499,0.6158206457292243,2400
strong_signal,21072,FPA_SOFT,0.05480396303381712,0.25256436307385316,0.9467903870881901,2400
strong_signal,21072,ORACLE_RIDGE,1.731384497117021e-07,0.2020562451860207,0.9999998318984726,2400
strong_signal,21073,ZERO,1.02002245040367,1.239751384186187,0.0,2400
strong_signal,21073,DIRECT,0.002205549363123332,0.21336884554329,0.9978377442945001,2400
strong_signal,21073,HARD_FPA,0.06000725536067002,0.2601461921217314,0.9411706523352281,2400
strong_signal,21073,ORDINARY_SOFT,0.4007916104429137,0.6147292556112263,0.6070756969277471,2400
strong_signal,21073,FPA_SOFT,0.0574791716863186,0.25807910713423987,0.9436491111900808,2400
strong_signal,21073,ORACLE_RIDGE,1.8669956815901002e-07,0.2095809026235619,0.9999998169652363,2400
strong_signal,21074,ZERO,1.030016761028301,1.2176895176429916,0.0,2400
strong_signal,21074,DIRECT,0.0012196295220029154,0.19723611501303945,0.9988159129364212,2400
strong_signal,21074,HARD_FPA,0.07079842366050572,0.26184748135464486,0.9312647848663888,2400
strong_signal,21074,ORDINARY_SOFT,0.41558661776826106,0.6043427152274422,0.5965244125218248,2400
strong_signal,21074,FPA_SOFT,0.06568377592727602,0.25596755793964665,0.9362303814729174,2400
strong_signal,21074,ORACLE_RIDGE,1.7643567816406097e-07,0.19757253668103547,0.9999998287060126,2400
strong_signal,21075,ZERO,1.028209422219177,1.233842136994226,0.0,2400
strong_signal,21075,DIRECT,0.001921627882799284,0.20941858210654096,0.9981310929064899,2400
strong_signal,21075,HARD_FPA,0.07083214085076328,0.2828799245427547,0.9311111731519764,2400
strong_signal,21075,ORDINARY_SOFT,0.4075052856393608,0.6159008521410054,0.6036748187350345,2400
strong_signal,21075,FPA_SOFT,0.06601020313712451,0.2789254100170067,0.935800818674998,2400
strong_signal,21075,ORACLE_RIDGE,1.9486565071910847e-07,0.20764577198924455,0.9999998104805825,2400
strong_signal,21076,ZERO,1.00174394479561,1.2021270193877311,0.0,2400
strong_signal,21076,DIRECT,0.0019695518562467197,0.1946676712209533,0.9980338769538072,2400
strong_signal,21076,HARD_FPA,0.05725260679474688,0.25446928773104,0.9428470647692027,2400
strong_signal,21076,ORDINARY_SOFT,0.39129635487740916,0.5896304706099019,0.6093848563694119,2400
strong_signal,21076,FPA_SOFT,0.053411699680041926,0.2507753277523842,0.9466812852151157,2400
strong_signal,21076,ORACLE_RIDGE,1.657216331024871e-07,0.1924305244506991,0.9999998345668731,2400
strong_signal,21077,ZERO,0.963752183424772,1.1931823184879595,0.0,2400
strong_signal,21077,DIRECT,0.0017911220610406931,0.1920217312212057,0.9981415117995627,2400
strong_signal,21077,HARD_FPA,0.06343148501534944,0.26530063180947056,0.934182784634593,2400
strong_signal,21077,ORDINARY_SOFT,0.37375246523263966,0.5912124835601672,0.6121902791395193,2400
strong_signal,21077,FPA_SOFT,0.05825465050478556,0.25952332114926396,0.9395543257834469,2400
strong_signal,21077,ORACLE_RIDGE,1.6994721843622044e-07,0.19066162712671053,0.9999998236608733,2400
strong_signal,21078,ZERO,1.0037325142906597,1.2405508769258267,0.0,2400
strong_signal,21078,DIRECT,0.0018583617855795229,0.2009201179407842,0.9981485487825481,2400
strong_signal,21078,HARD_FPA,0.06138523932982971,0.27144853561161425,0.9388430299349116,2400
strong_signal,21078,ORDINARY_SOFT,0.4015002354217137,0.6258074847161195,0.5999927971791819,2400
strong_signal,21078,FPA_SOFT,0.05699401215969014,0.2674907420820349,0.9432179277364867,2400
strong_signal,21078,ORACLE_RIDGE,1.881808756984322e-07,0.20180201240074108,0.9999998125189001,2400
strong_signal,21079,ZERO,0.9723414293961139,1.1526653015138675,0.0,2400
strong_signal,21079,DIRECT,0.00202964910041091,0.19251355837170578,0.9979126168657944,2400
strong_signal,21079,HARD_FPA,0.05990566923650332,0.25575343546080725,0.9383902943704573,2400
strong_signal,21079,ORDINARY_SOFT,0.3766335361708768,0.5630480887801875,0.6126529994666685,2400
strong_signal,21079,FPA_SOFT,0.05476195860660596,0.2512715814269083,0.9436803195348606,2400
strong_signal,21079,ORACLE_RIDGE,1.5930126263580623e-07,0.19136540698369753,0.9999998361673608,2400
strong_signal,21080,ZERO,1.031711601500386,1.2315491124675841,0.0,2400
strong_signal,21080,DIRECT,0.0020248573686309783,0.21752746654287572,0.9980373804407294,2400
strong_signal,21080,HARD_FPA,0.07867038487588394,0.28507785339905006,0.923747697746661,2400
strong_signal,21080,ORDINARY_SOFT,0.4334426702617815,0.635519758360409,0.5798800075220252,2400
strong_signal,21080,FPA_SOFT,0.07423587314341984,0.28051374290266295,0.9280459063991711,2400
strong_signal,21080,ORACLE_RIDGE,2.0068402479918843e-07,0.21466648673699698,0.9999998054843772,2400
strong_signal,21081,ZERO,1.0805989448303304,1.3287974779338811,0.0,2400
strong_signal,21081,DIRECT,0.0018307078507168713,0.21911540644570868,0.9983058396831913,2400
strong_signal,21081,HARD_FPA,0.06640314964218108,0.2881663141925335,0.9385496812116475,2400
strong_signal,21081,ORDINARY_SOFT,0.42899434748116827,0.6644604473327756,0.6030031775123317,2400
strong_signal,21081,FPA_SOFT,0.06358879162979787,0.2841133832735347,0.9411541238921141,2400
strong_signal,21081,ORACLE_RIDGE,1.9036059834185095e-07,0.21710914562880337,0.9999998238378824,2400
strong_signal,21082,ZERO,0.9148805370911854,1.1300176504036654,0.0,2400
strong_signal,21082,DIRECT,0.0013944977066008286,0.20307470170697564,0.9984757597849501,2400
strong_signal,21082,HARD_FPA,0.04843270194334837,0.2491204993534933,0.9470611735852009,2400
strong_signal,21082,ORDINARY_SOFT,0.34720218902723216,0.5582076764583072,0.6204945072597748,2400
strong_signal,21082,FPA_SOFT,0.04531173187868016,0.24556793788701095,0.9504725152174005,2400
strong_signal,21082,ORACLE_RIDGE,1.4729045283975557e-07,0.20208592031421285,0.999999839005808,2400
strong_signal,21083,ZERO,1.0830135576192956,1.2916678747941817,0.0,2400
strong_signal,21083,DIRECT,0.0015379857175299202,0.20469700030351515,0.998579901694942,2400
strong_signal,21083,HARD_FPA,0.06889194040233129,0.27745351041530136,0.9363886629879583,2400
strong_signal,21083,ORDINARY_SOFT,0.44360844776063457,0.6503977088272946,0.5903943725914341,2400
strong_signal,21083,FPA_SOFT,0.06601643413806708,0.2742485941105256,0.9390437601878356,2400
strong_signal,21083,ORACLE_RIDGE,2.1039347074887272e-07,0.2047321935106122,0.9999998057332992,2400
strong_signal,21084,ZERO,0.971998755863585,1.1859320207280983,0.0,2400
strong_signal,21084,DIRECT,0.002577807223873947,0.2243195473102613,0.9973479315602789,2400
strong_signal,21084,HARD_FPA,0.056574409034036106,0.28567893357407487,0.9417958009794243,2400
strong_signal,21084,ORDINARY_SOFT,0.37702434316469013,0.5958776622326273,0.6121143768031699,2400
strong_signal,21084,FPA_SOFT,0.0521694728630022,0.28027216271900623,0.9463276341165153,2400
strong_signal,21084,ORACLE_RIDGE,1.62747292683245e-07,0.2239777768432637,0.9999998325642994,2400
strong_signal,21085,ZERO,1.0676476135888664,1.252537858858933,0.0,2400
strong_signal,21085,DIRECT,0.0022615444876237034,0.20367107351390706,0.9978817500654344,2400
strong_signal,21085,HARD_FPA,0.07270730248426825,0.28042065136455985,0.9318995316817459,2400
strong_signal,21085,ORDINARY_SOFT,0.4385738481120584,0.6315351837522477,0.5892147909760177,2400
strong_signal,21085,FPA_SOFT,0.06996043751193551,0.27764592584796455,0.9344723515310772,2400
strong_signal,21085,ORACLE_RIDGE,2.1144762520638875e-07,0.20154554250754061,0.9999998019499856,2400
strong_signal,21086,ZERO,1.072129122863064,1.2513600630211865,0.0,2400
strong_signal,21086,DIRECT,0.0013489018683485524,0.20529799490174905,0.9987418475633361,2400
strong_signal,21086,HARD_FPA,0.07551183952228345,0.27227329113462434,0.929568334716407,2400
strong_signal,21086,ORDINARY_SOFT,0.4483262691431464,0.6369506252949717,0.5818355647816796,2400
strong_signal,21086,FPA_SOFT,0.07177463146497612,0.268619423500067,0.9330541163984933,2400
strong_signal,21086,ORACLE_RIDGE,1.973170054409807e-07,0.2038739781634954,0.9999998159577972,2400
strong_signal,21087,ZERO,0.9709548142322224,1.1898288665659469,0.0,2400
strong_signal,21087,DIRECT,0.0029887697653712226,0.21937131282553593,0.9969218240421058,2400
strong_signal,21087,HARD_FPA,0.061297979523591055,0.27310138598173606,0.9368683499735648,2400
strong_signal,21087,ORDINARY_SOFT,0.3773546476976514,0.5931430742820335,0.61135714848271,2400
strong_signal,21087,FPA_SOFT,0.057715035463314725,0.2696980859481824,0.940558474382814,2400
strong_signal,21087,ORACLE_RIDGE,1.76969094914332e-07,0.21565950917931245,0.9999998177370436,2400
strong_signal,21088,ZERO,0.9901884462458942,1.2152149228832976,0.0,2400
strong_signal,21088,DIRECT,0.0026856755577667076,0.20345225215820742,0.9972877126894897,2400
strong_signal,21088,HARD_FPA,0.0550432246528174,0.26944495822188097,0.944411364461479,2400
strong_signal,21088,ORDINARY_SOFT,0.3833133620907564,0.6014190565376017,0.6128884723468406,2400
strong_signal,21088,FPA_SOFT,0.05299309023835728,0.26704755853074036,0.946481813194983,2400
strong_signal,21088,ORACLE_RIDGE,1.8880023815503491e-07,0.199832475358884,0.9999998093289829,2400
strong_signal,21089,ZERO,1.037571198552583,1.2891108924317647,0.0,2400
strong_signal,21089,DIRECT,0.0023620010117409137,0.20972741337959414,0.9977235287418965,2400
strong_signal,21089,HARD_FPA,0.0700807912733839,0.27085516279548444,0.932456884528843,2400
strong_signal,21089,ORDINARY_SOFT,0.4258874779951956,0.6599158948029301,0.5895342135659598,2400
strong_signal,21089,FPA_SOFT,0.06540412340426396,0.2664091941878221,0.9369642068944252,2400
strong_signal,21089,ORACLE_RIDGE,1.8590878406706255e-07,0.20657712277812687,0.9999998208231066,2400
strong_signal,21090,ZERO,0.9659451286139229,1.150360747940245,0.0,2400
strong_signal,21090,DIRECT,0.002943082932067521,0.20824199385024392,0.9969531572292407,2400
strong_signal,21090,HARD_FPA,0.055465633283518244,0.25578760105008913,0.9425788984897017,2400
strong_signal,21090,ORDINARY_SOFT,0.36769006817260463,0.5580649659248642,0.6193468373299638,2400
strong_signal,21090,FPA_SOFT,0.0520775486828592,0.2532877827653358,0.9460864316821106,2400
strong_signal,21090,ORACLE_RIDGE,1.6299470140357413e-07,0.20567219221978533,0.9999998312588401,2400
strong_signal,21091,ZERO,0.947277200937731,1.106334614805426,0.0,2400
strong_signal,21091,DIRECT,0.0022369915390868036,0.1933265060511888,0.9976385037696754,2400
strong_signal,21091,HARD_FPA,0.04921964723782007,0.23434902822788728,0.9480409248854544,2400
strong_signal,21091,ORDINARY_SOFT,0.3609261334698443,0.5321252811387239,0.6189857276069186,2400
strong_signal,21091,FPA_SOFT,0.04491411341769356,0.23110561616620676,0.9525860926735785,2400
strong_signal,21091,ORACLE_RIDGE,1.5457631026720563e-07,0.1916491276684838,0.9999998368204047,2400
strong_signal,21092,ZERO,0.9766602996596718,1.1939859138099336,0.0,2400
strong_signal,21092,DIRECT,0.0018945970037595136,0.1978329729717059,0.9980601269403295,2400
strong_signal,21092,HARD_FPA,0.04958992964536195,0.25956225080258416,0.949224996999835,2400
strong_signal,21092,ORDINARY_SOFT,0.3804028236976121,0.5935291845412287,0.6105065150798412,2400
strong_signal,21092,FPA_SOFT,0.04643120465565102,0.2555318432429767,0.9524592074933009,2400
strong_signal,21092,ORACLE_RIDGE,1.722267959499671e-07,0.19739880580637084,0.9999998236574211,2400
strong_signal,21093,ZERO,1.0432712467847922,1.215129236120856,0.0,2400
strong_signal,21093,DIRECT,0.002943575809247111,0.20662525067484286,0.9971785134323228,2400
strong_signal,21093,HARD_FPA,0.06419846161098332,0.2753813420690728,0.9384642663076994,2400
strong_signal,21093,ORDINARY_SOFT,0.40279779144161393,0.5882525123130804,0.6139088538259085,2400
strong_signal,21093,FPA_SOFT,0.06088835388967226,0.27173844380508666,0.9416370823241595,2400
strong_signal,21093,ORACLE_RIDGE,1.9641066011959492e-07,0.20592029448517105,0.9999998117357679,2400
strong_signal,21094,ZERO,1.018961837318308,1.2063756870019244,0.0,2400
strong_signal,21094,DIRECT,0.0018303770620261635,0.20283536439765884,0.9982036843824855,2400
strong_signal,21094,HARD_FPA,0.0759920936501635,0.27496356871629685,0.9254220414670694,2400
strong_signal,21094,ORDINARY_SOFT,0.4047103586637206,0.5985657864050389,0.6028208870620388,2400
strong_signal,21094,FPA_SOFT,0.07025776158926905,0.2696786683067749,0.9310496634749613,2400
strong_signal,21094,ORACLE_RIDGE,1.9019035574765221e-07,0.20072287039125372,0.9999998133488922,2400
strong_signal,21095,ZERO,1.0387869666908172,1.2544701708696118,0.0,2400
strong_signal,21095,DIRECT,0.002052170534390337,0.20237784089760805,0.9980244548688093,2400
strong_signal,21095,HARD_FPA,0.07455106881335002,0.27904045746874884,0.9282325720250019,2400
strong_signal,21095,ORDINARY_SOFT,0.42081948169110256,0.6307453778874977,0.5948933754611165,2400
strong_signal,21095,FPA_SOFT,0.06936682660361851,0.27277360253750077,0.9332232413113586,2400
strong_signal,21095,ORACLE_RIDGE,1.6591018777979581e-07,0.20135457010797703,0.9999998402846848,2400
strong_signal,21096,ZERO,1.0305456538306415,1.2265242994935885,0.0,2400
strong_signal,21096,DIRECT,0.0008210609745457912,0.19395647260467502,0.9992032754963414,2400
strong_signal,21096,HARD_FPA,0.0683646590740525,0.27258780428347024,0.9336616880388228,2400
strong_signal,21096,ORDINARY_SOFT,0.4096104702489041,0.6082606938595229,0.6025304956395274,2400
strong_signal,21096,FPA_SOFT,0.0637026551916457,0.26794490990267245,0.9381855088565397,2400
strong_signal,21096,ORACLE_RIDGE,1.9288689944400244e-07,0.19337216848427816,0.9999998128303208,2400
strong_signal,21097,ZERO,0.9940619318608361,1.2425369064584322,0.0,2400
strong_signal,21097,DIRECT,0.0021816809821150686,0.20806459310757408,0.9978052866605293,2400
strong_signal,21097,HARD_FPA,0.0758274427572523,0.29384387264290124,0.9237195990240699,2400
strong_signal,21097,ORDINARY_SOFT,0.41824259995104657,0.6527271251414729,0.579259011389646,2400
strong_signal,21097,FPA_SOFT,0.07256827655064178,0.2903245499150656,0.9269982339885027,2400
strong_signal,21097,ORACLE_RIDGE,2.0168109889040345e-07,0.2034131334823501,0.9999997971141511,2400
strong_signal,21098,ZERO,0.9579023880691864,1.1775834731086106,0.0,2400
strong_signal,21098,DIRECT,0.0017334276469482505,0.19766090328436078,0.9981903921855313,2400
strong_signal,21098,HARD_FPA,0.06029029898815165,0.26918282610807553,0.9370600807148243,2400
strong_signal,21098,ORDINARY_SOFT,0.3750053411097349,0.5865931752780111,0.6085140346443636,2400
strong_signal,21098,FPA_SOFT,0.053964809194434644,0.2609234559066854,0.943663561270361,2400
strong_signal,21098,ORACLE_RIDGE,1.6806093215888904e-07,0.19719940581269502,0.9999998245531755,2400
strong_signal,21099,ZERO,0.9762333942026191,1.1975022845849181,0.0,2400
strong_signal,21099,DIRECT,0.002561275537490486,0.22340614339014517,0.9973763696748127,2400
strong_signal,21099,HARD_FPA,0.051015302824764956,0.26121031905080616,0.9477427189771214,2400
strong_signal,21099,ORDINARY_SOFT,0.3845684842144671,0.6007023016359215,0.6060691157481044,2400
strong_signal,21099,FPA_SOFT,0.04730508003708774,0.2573394696922013,0.9515432679131755,2400
strong_signal,21099,ORACLE_RIDGE,1.657789241598174e-07,0.2225351091822724,0.9999998301851534,2400
strong_signal,21100,ZERO,0.9387284958637375,1.1624576529597523,0.0,2400
strong_signal,21100,DIRECT,0.0012279029433704236,0.20403459620372713,0.9986919509221454,2400
strong_signal,21100,HARD_FPA,0.06052635584005143,0.27678927507605927,0.9355230440891642,2400
strong_signal,21100,ORDINARY_SOFT,0.3762008327058173,0.5952944366427415,0.5992442603335808,2400
strong_signal,21100,FPA_SOFT,0.05483461774104486,0.270508523653834,0.9415862861491269,2400
strong_signal,21100,ORACLE_RIDGE,1.733844326383104e-07,0.20211490100900367,0.999999815298637,2400
high_noise,21001,ZERO,0.9788572608975069,4.337577642689964,0.0,2400
high_noise,21001,DIRECT,0.03408931702757638,3.4360671192750183,0.9651743738445377,2400
high_noise,21001,HARD_FPA,0.09173368971149574,3.5333915115399503,0.9062849167330221,2400
high_noise,21001,ORDINARY_SOFT,0.3934909926710637,3.773523579924516,0.5980098341301828,2400
high_noise,21001,FPA_SOFT,0.09859203481510125,3.5317699522674806,0.8992784354230534,2400
high_noise,21001,ORACLE_RIDGE,1.970411254259013e-07,3.413978040546583,0.9999997987029026,2400
high_noise,21002,ZERO,1.0075980616116345,4.276899162658767,0.0,2400
high_noise,21002,DIRECT,0.022024734158212638,3.2893341331776558,0.9781413492171824,2400
high_noise,21002,HARD_FPA,0.06881408440796188,3.3596987544645693,0.9317048265278567,2400
high_noise,21002,ORDINARY_SOFT,0.4125219849996877,3.6878115321269145,0.5905887469256677,2400
high_noise,21002,FPA_SOFT,0.061893877872628476,3.3590123847142914,0.9385728494022405,2400
high_noise,21002,ORACLE_RIDGE,1.8077279092009828e-07,3.2505590673703058,0.9999998205903745,2400
high_noise,21003,ZERO,0.9863846360462124,4.345632852142579,0.0,2400
high_noise,21003,DIRECT,0.02122058824095153,3.3439551234143816,0.9784864975938683,2400
high_noise,21003,HARD_FPA,0.0914143998978606,3.4370249055373807,0.9073237796319672,2400
high_noise,21003,ORDINARY_SOFT,0.3585054349107784,3.703966182591305,0.6365460066898463,2400
high_noise,21003,FPA_SOFT,0.09265622359272645,3.433205098419672,0.9060648146709521,2400
high_noise,21003,ORACLE_RIDGE,1.8629974471542686e-07,3.3084924860953335,0.9999998111287038,2400
high_noise,21004,ZERO,1.0428862498239209,4.272013331594442,0.0,2400
high_noise,21004,DIRECT,0.047801150900271254,3.1963970211701667,0.9541645592620078,2400
high_noise,21004,HARD_FPA,0.09382102775437896,3.2458764343841633,0.9100371418549055,2400
high_noise,21004,ORDINARY_SOFT,0.4354155152421256,3.6392724252593354,0.5824899260915173,2400
high_noise,21004,FPA_SOFT,0.09219822356609221,3.244142492461151,0.911593212028964,2400
high_noise,21004,ORACLE_RIDGE,1.7907090182113583e-07,3.1595046844057944,0.9999998282929689,2400
high_noise,21005,ZERO,0.971708939175173,4.407766653285041,0.0,2400
high_noise,21005,DIRECT,0.02018417341127213,3.397623306036883,0.9792281694676954,2400
high_noise,21005,HARD_FPA,0.06962324936952562,3.428820639707063,0.9283496872750551,2400
high_noise,21005,ORDINARY_SOFT,0.3872904498229461,3.8008128562927816,0.601433686354996,2400
high_noise,21005,FPA_SOFT,0.07176877989540818,3.4283632911483823,0.9261416901687366,2400
high_noise,21005,ORACLE_RIDGE,1.6905775125643076e-07,3.384739555531172,0.9999998260201749,2400
high_noise,21006,ZERO,1.1010666834378267,4.149985942249687,0.0,2400
high_noise,21006,DIRECT,0.03298168262822029,3.054661929979535,0.9700456992075697,2400
high_noise,21006,HARD_FPA,0.07833237327479625,3.08054376706318,0.9288577390878621,2400
high_noise,21006,ORDINARY_SOFT,0.4355546266989535,3.4729728662679213,0.6044248425181347,2400
high_noise,21006,FPA_SOFT,0.08364894715667334,3.082614347687785,0.9240291724244177,2400
high_noise,21006,ORACLE_RIDGE,2.1937362356450423e-07,3.0333285201346607,0.9999998007626361,2400
high_noise,21007,ZERO,0.9785960745552715,3.9340809655244113,0.0,2400
high_noise,21007,DIRECT,0.01958663997555401,3.1260059509617206,0.9799849595917751,2400
high_noise,21007,HARD_FPA,0.06167036488822044,3.144791048872985,0.9369807763471288,2400
high_noise,21007,ORDINARY_SOFT,0.3710406233892009,3.3813991870741953,0.6208439487580999,2400
high_noise,21007,FPA_SOFT,0.07045711483775477,3.1578096995580425,0.9280018419552987,2400
high_noise,21007,ORACLE_RIDGE,1.699986074858819e-07,3.0915019995876225,0.9999998262831704,2400
high_noise,21008,ZERO,1.0352842755588958,4.104710374896772,0.0,2400
high_noise,21008,DIRECT,0.019932408177954886,3.134274040913646,0.9807469227066214,2400
high_noise,21008,HARD_FPA,0.054982008194777866,3.1814841491198806,0.9468918735725065,2400
high_noise,21008,ORDINARY_SOFT,0.42634790516394006,3.511337381786418,0.5881827675458732,2400
high_noise,21008,FPA_SOFT,0.060417747941830365,3.19408759440407,0.9416413932209934,2400
high_noise,21008,ORACLE_RIDGE,1.8158348418261774e-07,3.1072010974224553,0.9999998246051944,2400
high_noise,21009,ZERO,1.0343808285127234,4.433038867845526,0.0,2400
high_noise,21009,DIRECT,0.01879787947625337,3.36523978263625,0.9818269258689938,2400
high_noise,21009,HARD_FPA,0.07109039882857253,3.4106158393783477,0.9312725092451788,2400
high_noise,21009,ORDINARY_SOFT,0.38787166111686205,3.7666311261020775,0.625020446604216,2400
high_noise,21009,FPA_SOFT,0.07620856720500302,3.4154109603569016,0.9263244589378373,2400
high_noise,21009,ORACLE_RIDGE,1.9421033326761496e-07,3.345683365260542,0.9999998122448446,2400
high_noise,21010,ZERO,1.001528912780911,4.235678749385962,0.0,2400
high_noise,21010,DIRECT,0.02610237413531878,3.2725648489251866,0.9739374731950162,2400
high_noise,21010,HARD_FPA,0.08054069748611495,3.326187407780673,0.9195822542332,2400
high_noise,21010,ORDINARY_SOFT,0.386837297445282,3.626993698797603,0.6137532401624192,2400
high_noise,21010,FPA_SOFT,0.08529845272117813,3.328979338805726,0.9148317620862958,2400
high_noise,21010,ORACLE_RIDGE,1.7871252180833408e-07,3.2452634234329607,0.999999821560297,2400
high_noise,21011,ZERO,0.9651197471285765,4.203952022127098,0.0,2400
high_noise,21011,DIRECT,0.015327184475200342,3.245907392037235,0.9841188779726021,2400
high_noise,21011,HARD_FPA,0.08668534567393235,3.3153619414276982,0.910181771814494,2400
high_noise,21011,ORDINARY_SOFT,0.3576868795135537,3.5892677733315925,0.6293860108263836,2400
high_noise,21011,FPA_SOFT,0.08602713114724928,3.308399085871538,0.9108637747769672,2400
high_noise,21011,ORACLE_RIDGE,1.708243656388875e-07,3.23284906730565,0.9999998230018957,2400
high_noise,21012,ZERO,0.9419046929747106,4.386500419175521,0.0,2400
high_noise,21012,DIRECT,0.017458350553605013,3.325701990118254,0.9814648438596603,2400
high_noise,21012,HARD_FPA,0.07651675780967561,3.3871463173348824,0.9187638002226941,2400
high_noise,21012,ORDINARY_SOFT,0.3462561630270028,3.737393169832562,0.632387262098184,2400
high_noise,21012,FPA_SOFT,0.07849788577760007,3.3831777469248276,0.9166604791725911,2400
high_noise,21012,ORACLE_RIDGE,1.6739765249206644e-07,3.3036855053321057,0.9999998222775046,2400
high_noise,21013,ZERO,1.0181825437133691,4.094623805224874,0.0,2400
high_noise,21013,DIRECT,0.030145638602571634,3.3718133597403033,0.9703926974699165,2400
high_noise,21013,HARD_FPA,0.059884525263006916,3.4067987057467377,0.9411848831697658,2400
high_noise,21013,ORDINARY_SOFT,0.40899974777159204,3.5825626433730107,0.5983041053916061,2400
high_noise,21013,FPA_SOFT,0.06396575342260867,3.41425902891205,0.9371765369406924,2400
high_noise,21013,ORACLE_RIDGE,1.8661540518853134e-07,3.325139947082197,0.9999998167171433,2400
high_noise,21014,ZERO,0.9683075001797541,3.6719999018840865,0.0,2400
high_noise,21014,DIRECT,0.021126899196239796,2.903984591939402,0.9781816218584305,2400
high_noise,21014,HARD_FPA,0.07904374168262751,2.975187909176864,0.9183691733587172,2400
high_noise,21014,ORDINARY_SOFT,0.39874375544985774,3.1703973316688447,0.5882054457124044,2400
high_noise,21014,FPA_SOFT,0.07297107882721922,2.978602140499192,0.9246405931858701,2400
high_noise,21014,ORACLE_RIDGE,1.96238150238679e-07,2.892329359236337,0.9999997973390166,2400
high_noise,21015,ZERO,0.9582756958086073,4.381076855221055,0.0,2400
high_noise,21015,DIRECT,0.02531071921653209,3.5579171911568,0.9735872261738053,2400
high_noise,21015,HARD_FPA,0.05671779563472609,3.590479683119108,0.9408126535163069,2400
high_noise,21015,ORDINARY_SOFT,0.35568392502586005,3.819106071634083,0.6288292329842211,2400
high_noise,21015,FPA_SOFT,0.06601039201658819,3.6066554530266877,0.9311154479808782,2400
high_noise,21015,ORACLE_RIDGE,1.891718203900663e-07,3.565007448158535,0.999999802591445,2400
high_noise,21016,ZERO,0.9805227585313044,4.303992560062796,0.0,2400
high_noise,21016,DIRECT,0.01786888594232885,3.3946465018028262,0.981776164003481,2400
high_noise,21016,HARD_FPA,0.08521109853032593,3.4550748794932566,0.9130962562684817,2400
high_noise,21016,ORDINARY_SOFT,0.37081668923460154,3.71630171907118,0.6218173560907074,2400
high_noise,21016,FPA_SOFT,0.09431898375621127,3.4719613557051434,0.9038074507342503,2400
high_noise,21016,ORACLE_RIDGE,1.7606103570080756e-07,3.360070397857389,0.9999998204416632,2400
high_noise,21017,ZERO,0.922154988523947,4.125351477197606,0.0,2400
high_noise,21017,DIRECT,0.026329813258679467,3.167937154362318,0.9714475184905474,2400
high_noise,21017,HARD_FPA,0.06193169103594902,3.176280183528889,0.9328402580838603,2400
high_noise,21017,ORDINARY_SOFT,0.36431394858625354,3.5401853187051726,0.6049319765982127,2400
high_noise,21017,FPA_SOFT,0.060322116189881,3.1729432031501417,0.9345857074563616,2400
high_noise,21017,ORACLE_RIDGE,1.6017919072103073e-07,3.1544072457737107,0.9999998262990574,2400
high_noise,21018,ZERO,1.0084403367680947,4.297742587986714,0.0,2400
high_noise,21018,DIRECT,0.033041727270217446,3.204624148356727,0.9672348218674875,2400
high_noise,21018,HARD_FPA,0.08154981228686746,3.211555873645572,0.9191327346660658,2400
high_noise,21018,ORDINARY_SOFT,0.40639313949767936,3.6558246935237197,0.5970082466156496,2400
high_noise,21018,FPA_SOFT,0.08441676848636234,3.216824415828187,0.9162897740119105,2400
high_noise,21018,ORACLE_RIDGE,1.7087961823543802e-07,3.1740252327000458,0.9999998305505918,2400
high_noise,21019,ZERO,1.0901090394739614,4.293568460167318,0.0,2400
high_noise,21019,DIRECT,0.035260930043890394,3.0584439056620814,0.9676537586910519,2400
high_noise,21019,HARD_FPA,0.09324776563711945,3.1190110095875694,0.9144601482415771,2400
high_noise,21019,ORDINARY_SOFT,0.42681131943498146,3.560967213927767,0.6084691494339486,2400
high_noise,21019,FPA_SOFT,0.09863192457794533,3.1149051908725154,0.909521046972016,2400
high_noise,21019,ORACLE_RIDGE,2.064863495597177e-07,3.0331318427029124,0.9999998105819308,2400
high_noise,21020,ZERO,1.0369951988973283,4.200384940847751,0.0,2400
high_noise,21020,DIRECT,0.017094631662394538,3.2374158524885837,0.9835152258365595,2400
high_noise,21020,HARD_FPA,0.04673159413373463,3.262162671277742,0.9549355732953962,2400
high_noise,21020,ORDINARY_SOFT,0.39955998510306057,3.5830585217720667,0.614694469629246,2400
high_noise,21020,FPA_SOFT,0.05472774380540739,3.2757702089555867,0.9472246893104218,2400
high_noise,21020,ORACLE_RIDGE,1.921391881541881e-07,3.2252628000317256,0.9999998147154506,2400
high_noise,21021,ZERO,1.0133962950248088,4.424143725684533,0.0,2400
high_noise,21021,DIRECT,0.020373036813623478,3.4149667892522486,0.9798962785697527,2400
high_noise,21021,HARD_FPA,0.0684473712967869,3.4355509010138445,0.9324574486478547,2400
high_noise,21021,ORDINARY_SOFT,0.3929657580390001,3.7951980542056103,0.6122289375161176,2400
high_noise,21021,FPA_SOFT,0.07084964130352496,3.4395240264328817,0.9300869347447234,2400
high_noise,21021,ORACLE_RIDGE,1.7972850025607529e-07,3.3892553440990856,0.999999822647368,2400
high_noise,21022,ZERO,0.9494155627676752,4.547198581642938,0.0,2400
high_noise,21022,DIRECT,0.01556469109411254,3.6097535449724107,0.9836060291146489,2400
high_noise,21022,HARD_FPA,0.0690364773467987,3.6582322613321767,0.927285289967706,2400
high_noise,21022,ORDINARY_SOFT,0.3631389926547237,3.9630463610043125,0.6175131239726845,2400
high_noise,21022,FPA_SOFT,0.07108927618757467,3.667890281888084,0.9251231189213501,2400
high_noise,21022,ORACLE_RIDGE,1.688117642358066e-07,3.5916464248730433,0.9999998221940204,2400
high_noise,21023,ZERO,0.9576318609682858,4.073577534839537,0.0,2400
high_noise,21023,DIRECT,0.019829573367703978,3.163281874535021,0.9792931144253557,2400
high_noise,21023,HARD_FPA,0.050300793901083614,3.183204009909175,0.9474737673721265,2400
high_noise,21023,ORDINARY_SOFT,0.38571195974657496,3.510435234426548,0.597223133995801,2400
high_noise,21023,FPA_SOFT,0.04984921593879206,3.184154107730445,0.9479453243249569,2400
high_noise,21023,ORACLE_RIDGE,1.6390276049015386e-07,3.1187640991981804,0.9999998288457526,2400
high_noise,21024,ZERO,1.0298158611814299,4.453999583221637,0.0,2400
high_noise,21024,DIRECT,0.05071032150939864,3.442295669767004,0.9507578748581106,2400
high_noise,21024,HARD_FPA,0.10479874129102566,3.4971327701061017,0.8982354562195245,2400
high_noise,21024,ORDINARY_SOFT,0.42117134625016384,3.8408358457391145,0.5910226651908568,2400
high_noise,21024,FPA_SOFT,0.1124242921643166,3.5074819126613406,0.8908306849776613,2400
high_noise,21024,ORACLE_RIDGE,1.8381009206917458e-07,3.420602929886242,0.9999998215116905,2400
high_noise,21025,ZERO,1.0005417602848945,4.221696009175203,0.0,2400
high_noise,21025,DIRECT,0.02363897628781882,3.275153136829523,0.9763738234363273,2400
high_noise,21025,HARD_FPA,0.07481095655744639,3.3194988478190846,0.9252295511022501,2400
high_noise,21025,ORDINARY_SOFT,0.3949876534673764,3.6238227079969025,0.6052262192885307,2400
high_noise,21025,FPA_SOFT,0.08077081965696303,3.320265699067155,0.9192729150715665,2400
high_noise,21025,ORACLE_RIDGE,1.7781068444466225e-07,3.2671429702054566,0.9999998222855941,2400
high_noise,21026,ZERO,0.9702123222812898,3.908049810600155,0.0,2400
high_noise,21026,DIRECT,0.023922226871003354,3.0655203524192722,0.9753433075197867,2400
high_noise,21026,HARD_FPA,0.07437497249194351,3.1296020190423515,0.923341550314406,2400
high_noise,21026,ORDINARY_SOFT,0.3733006569947215,3.3517542691888194,0.6152381819713768,2400
high_noise,21026,FPA_SOFT,0.07718741868759055,3.136666802856898,0.9204427557608241,2400
high_noise,21026,ORACLE_RIDGE,1.6719904807301485e-07,3.041236717595262,0.999999827667569,2400
high_noise,21027,ZERO,1.0083656887825383,3.855704292778825,0.0,2400
high_noise,21027,DIRECT,0.014453102427935327,3.0759552226891516,0.9856668046238409,2400
high_noise,21027,HARD_FPA,0.08527905132848063,3.1538735049703983,0.9154284479557776,2400
high_noise,21027,ORDINARY_SOFT,0.3823457136905963,3.305020156196643,0.6208263351837906,2400
high_noise,21027,FPA_SOFT,0.08707382145296162,3.1629659035422826,0.9136485677551255,2400
high_noise,21027,ORACLE_RIDGE,1.760886318018871e-07,3.0744867462408494,0.9999998253722496,2400
high_noise,21028,ZERO,0.9955779323378624,4.3358400373574115,0.0,2400
high_noise,21028,DIRECT,0.02308693838240283,3.302341823034603,0.9768105161509667,2400
high_noise,21028,HARD_FPA,0.06748066905203598,3.31236077058909,0.9322196014393622,2400
high_noise,21028,ORDINARY_SOFT,0.37172006721731804,3.685292296617707,0.6266288603400161,2400
high_noise,21028,FPA_SOFT,0.06555438887267406,3.313470725717579,0.9341544375951201,2400
high_noise,21028,ORACLE_RIDGE,1.8247144640810508e-07,3.294470603074444,0.9999998167180685,2400
high_noise,21029,ZERO,1.0322736917721504,4.159234867211645,0.0,2400
high_noise,21029,DIRECT,0.02740811698164568,3.2547874763930045,0.973448788630278,2400
high_noise,21029,HARD_FPA,0.10518466826044458,3.3718436054715584,0.8981038952180702,2400
high_noise,21029,ORDINARY_SOFT,0.39586501103928784,3.5615258804589818,0.6165115761502276,2400
high_noise,21029,FPA_SOFT,0.10235092363711461,3.3696714797532143,0.90084904376338,2400
high_noise,21029,ORACLE_RIDGE,1.7754691835551716e-07,3.225401998772554,0.9999998280040266,2400
high_noise,21030,ZERO,1.0097925488664874,3.7146255394012724,0.0,2400
high_noise,21030,DIRECT,0.018272105856403185,3.0341320566128367,0.9819050894394953,2400
high_noise,21030,HARD_FPA,0.06390974332770583,3.0971241616674003,0.936710026827346,2400
high_noise,21030,ORDINARY_SOFT,0.3847119480313139,3.1965999538309635,0.6190188287057962,2400
high_noise,21030,FPA_SOFT,0.06429795779050079,3.1034391092776774,0.9363255771072221,2400
high_noise,21030,ORACLE_RIDGE,1.8149592361598852e-07,3.0447911135172894,0.9999998202641485,2400
high_noise,21031,ZERO,1.0247880334868955,4.375728224635324,0.0,2400
high_noise,21031,DIRECT,0.0358270272811351,3.3636980149470803,0.9650395729551684,2400
high_noise,21031,HARD_FPA,0.07852665747927512,3.3899067633440128,0.9233727806011902,2400
high_noise,21031,ORDINARY_SOFT,0.39790091415845336,3.736551277236275,0.6117236919672311,2400
high_noise,21031,FPA_SOFT,0.07588696512247106,3.3991180358318007,0.9259486228930078,2400
high_noise,21031,ORACLE_RIDGE,1.6701889021386782e-07,3.313068438150914,0.9999998370210378,2400
high_noise,21032,ZERO,1.0997058459851083,4.383867654042446,0.0,2400
high_noise,21032,DIRECT,0.022244113983057524,3.278168180326474,0.9797726691512388,2400
high_noise,21032,HARD_FPA,0.06361668722219782,3.278035614994397,0.9421511784679016,2400
high_noise,21032,ORDINARY_SOFT,0.4393693777656828,3.7075553166419573,0.6004664525793268,2400
high_noise,21032,FPA_SOFT,0.05540430114261685,3.2769508691361176,0.949618980980331,2400
high_noise,21032,ORACLE_RIDGE,1.9284168920727204e-07,3.264820208779215,0.9999998246424806,2400
high_noise,21033,ZERO,0.9603940824301571,4.241345066958071,0.0,2400
high_noise,21033,DIRECT,0.0195795611596285,3.3456508595403034,0.9796129927101541,2400
high_noise,21033,HARD_FPA,0.06642047946755253,3.3793547988532553,0.9308403907493018,2400
high_noise,21033,ORDINARY_SOFT,0.3840788425837353,3.681550771163161,0.6000820396436931,2400
high_noise,21033,FPA_SOFT,0.06814662318051926,3.379318271675413,0.9290430621895517,2400
high_noise,21033,ORACLE_RIDGE,1.7083303856144553e-07,3.32781851163926,0.9999998221219376,2400
high_noise,21034,ZERO,1.0678322019993216,4.128542650521672,0.0,2400
high_noise,21034,DIRECT,0.021098434727595174,3.058730072517322,0.9802418070104159,2400
high_noise,21034,HARD_FPA,0.05138790788054051,3.0813144977427904,0.9518764204859846,2400
high_noise,21034,ORDINARY_SOFT,0.43297445791901834,3.48559964889315,0.5945294990089712,2400
high_noise,21034,FPA_SOFT,0.0554008879534578,3.084434199567489,0.948118358062503,2400
high_noise,21034,ORACLE_RIDGE,1.9643515974681796e-07,3.022866201333155,0.9999998160430456,2400
high_noise,21035,ZERO,1.0561673216499223,4.273143749986313,0.0,2400
high_noise,21035,DIRECT,0.022822592576058877,3.1740599133515794,0.9783911203194529,2400
high_noise,21035,HARD_FPA,0.06564222613475722,3.205858249100324,0.9378486487991199,2400
high_noise,21035,ORDINARY_SOFT,0.41849997388818905,3.6114760712228433,0.6037559908268917,2400
high_noise,21035,FPA_SOFT,0.07164393253347569,3.213779111703886,0.932166115098548,2400
high_noise,21035,ORACLE_RIDGE,1.7539139151228145e-07,3.1436094233145924,0.9999998339359797,2400
high_noise,21036,ZERO,0.9675897240346384,4.1622048805449285,0.0,2400
high_noise,21036,DIRECT,0.03951513513319691,3.3280247845639783,0.9591612703694006,2400
high_noise,21036,HARD_FPA,0.1033209369409023,3.406684222806927,0.89321823664055,2400
high_noise,21036,ORDINARY_SOFT,0.3682552622318745,3.5931695059797084,0.6194097011527466,2400
high_noise,21036,FPA_SOFT,0.10666259254437588,3.4198678783688874,0.8897646493189116,2400
high_noise,21036,ORACLE_RIDGE,1.591281038977768e-07,3.301193877545856,0.9999998355417591,2400
high_noise,21037,ZERO,0.9693732554707815,3.917843995041759,0.0,2400
high_noise,21037,DIRECT,0.02612206434001778,2.938571068186988,0.9730526252992905,2400
high_noise,21037,HARD_FPA,0.09687886475755907,3.0151157757548868,0.9000603078217695,2400
high_noise,21037,ORDINARY_SOFT,0.3776024050301086,3.314358472234047,0.6104674820570288,2400
high_noise,21037,FPA_SOFT,0.09347789392061882,3.0027140322185204,0.9035687302150494,2400
high_noise,21037,ORACLE_RIDGE,1.9342196974413852e-07,2.904268431542708,0.9999998004669836,2400
high_noise,21038,ZERO,0.9524855549950378,4.195848779386219,0.0,2400
high_noise,21038,DIRECT,0.027926158199311837,3.260878966030505,0.9706807541039745,2400
high_noise,21038,HARD_FPA,0.11293307689782803,3.3173876028423295,0.8814332917642868,2400
high_noise,21038,ORDINARY_SOFT,0.3370839981142618,3.5790854868497735,0.6461006717146299,2400
high_noise,21038,FPA_SOFT,0.1196921110765272,3.3277423815410256,0.8743370852724892,2400
high_noise,21038,ORACLE_RIDGE,1.6919724571734158e-07,3.2237938402133755,0.9999998223624024,2400
high_noise,21039,ZERO,1.048694485829498,4.272953482066903,0.0,2400
high_noise,21039,DIRECT,0.024388836420546584,3.2212772167833803,0.9767436209972483,2400
high_noise,21039,HARD_FPA,0.10404581927111539,3.2919914102517116,0.9007853853748291,2400
high_noise,21039,ORDINARY_SOFT,0.39553439206665114,3.6089750242024063,0.6228316278846544,2400
high_noise,21039,FPA_SOFT,0.10539915511663073,3.292366420210172,0.8994948895595061,2400
high_noise,21039,ORACLE_RIDGE,1.8768873383263491e-07,3.2079770605375626,0.9999998210262986,2400
high_noise,21040,ZERO,0.9853411993438113,4.632294228196472,0.0,2400
high_noise,21040,DIRECT,0.030627097399892306,3.5868093090807056,0.9689172670134077,2400
high_noise,21040,HARD_FPA,0.09821056122862062,3.6344017163510256,0.9003283722491011,2400
high_noise,21040,ORDINARY_SOFT,0.37675512112247994,3.982702793695459,0.6176399389639038,2400
high_noise,21040,FPA_SOFT,0.09847900629817687,3.6314076769968318,0.9000559335550375,2400
high_noise,21040,ORACLE_RIDGE,1.79302388375066e-07,3.5893040441815787,0.9999998180301519,2400
high_noise,21041,ZERO,0.9630360507552751,4.2449563407748805,0.0,2400
high_noise,21041,DIRECT,0.016520028494909387,3.245922258656711,0.9828458877713319,2400
high_noise,21041,HARD_FPA,0.049509631056929855,3.2825268237726557,0.9485900543202913,2400
high_noise,21041,ORDINARY_SOFT,0.3894837781193518,3.654672099718543,0.5955667725897764,2400
high_noise,21041,FPA_SOFT,0.053509661781221185,3.291656492184095,0.9444364915111376,2400
high_noise,21041,ORACLE_RIDGE,1.8559573129629913e-07,3.2236419395697613,0.9999998072805986,2400
high_noise,21042,ZERO,0.9855173898976525,3.992184332694963,0.0,2400
high_noise,21042,DIRECT,0.03002333851851815,3.189570800718536,0.969535455359508,2400
high_noise,21042,HARD_FPA,0.09157369857463625,3.283837424269581,0.9070805857782517,2400
high_noise,21042,ORDINARY_SOFT,0.3884417212553195,3.455661760810806,0.6058499573552327,2400
high_noise,21042,FPA_SOFT,0.09010021602233814,3.2847213279139797,0.9085757218026409,2400
high_noise,21042,ORACLE_RIDGE,1.6700762535286948e-07,3.122219279619758,0.9999998305381244,2400
high_noise,21043,ZERO,0.9940198044003389,4.140846474645215,0.0,2400
high_noise,21043,DIRECT,0.032997705065679374,3.2538211930559853,0.9668037750157444,2400
high_noise,21043,HARD_FPA,0.07255274329665755,3.3137303127280573,0.9270107668122102,2400
high_noise,21043,ORDINARY_SOFT,0.41620718951226127,3.5894135692788844,0.5812888358262177,2400
high_noise,21043,FPA_SOFT,0.0762009170265709,3.3179156798144502,0.9233406450362017,2400
high_noise,21043,ORACLE_RIDGE,1.9537641880966556e-07,3.2183241607398685,0.9999998034481627,2400
high_noise,21044,ZERO,1.0100655975859365,4.102737921876563,0.0,2400
high_noise,21044,DIRECT,0.033365123858715706,3.163002227350668,0.9669673693090245,2400
high_noise,21044,HARD_FPA,0.0864953233293608,3.185898943473433,0.9143666277357776,2400
high_noise,21044,ORDINARY_SOFT,0.3679671372328713,3.4735292527675163,0.6356997623596772,2400
high_noise,21044,FPA_SOFT,0.09483156683989016,3.1923243811008017,0.9061134573174868,2400
high_noise,21044,ORACLE_RIDGE,1.808900803081159e-07,3.110668381231184,0.999999820912542,2400
high_noise,21045,ZERO,0.9341924355637578,4.22594505395167,0.0,2400
high_noise,21045,DIRECT,0.026868803324235333,3.247437775773708,0.9712384704677888,2400
high_noise,21045,HARD_FPA,0.0942179391900912,3.2929020157544344,0.8991450416388425,2400
high_noise,21045,ORDINARY_SOFT,0.3228858203832392,3.5806749698299125,0.6543690485051005,2400
high_noise,21045,FPA_SOFT,0.10396193631247153,3.30455426127381,0.8887146455540142,2400
high_noise,21045,ORACLE_RIDGE,1.746759064983273e-07,3.2220368163986444,0.9999998130193525,2400
high_noise,21046,ZERO,0.9121489056623409,4.035557320164352,0.0,2400
high_noise,21046,DIRECT,0.015021404986342095,3.1456730427411665,0.9835318500158321,2400
high_noise,21046,HARD_FPA,0.036551304359988976,3.150859620005953,0.9599283580421029,2400
high_noise,21046,ORDINARY_SOFT,0.37842856902726507,3.5034563830208767,0.5851241319502809,2400
high_noise,21046,FPA_SOFT,0.041360346391885176,3.1594225422236257,0.9546561464524785,2400
high_noise,21046,ORACLE_RIDGE,1.7024704750212472e-07,3.112586880789353,0.9999998133560799,2400
high_noise,21047,ZERO,1.0411185526324187,4.291508910232597,0.0,2400
high_noise,21047,DIRECT,0.028847428007408908,3.1822987198892214,0.9722918893967747,2400
high_noise,21047,HARD_FPA,0.09734635253841323,3.2456874955262305,0.9064983019539152,2400
high_noise,21047,ORDINARY_SOFT,0.3613562706719566,3.579002052848021,0.6529153478647706,2400
high_noise,21047,FPA_SOFT,0.10551775154164761,3.250484071606402,0.8986496290217373,2400
high_noise,21047,ORACLE_RIDGE,1.7442154390282148e-07,3.1346596317493756,0.9999998324671638,2400
high_noise,21048,ZERO,1.0212325296360767,4.0722192681918505,0.0,2400
high_noise,21048,DIRECT,0.033391951504430986,3.0459429133961633,0.9673023033095798,2400
high_noise,21048,HARD_FPA,0.05991128026329405,3.0596979365905583,0.9413343400991703,2400
high_noise,21048,ORDINARY_SOFT,0.40055398678601867,3.4338112061161414,0.6077739641443278,2400
high_noise,21048,FPA_SOFT,0.06626182152342669,3.062786156883329,0.9351158334654307,2400
high_noise,21048,ORACLE_RIDGE,1.825005829511821e-07,3.0090952353036737,0.9999998212938017,2400
high_noise,21049,ZERO,1.0795206168488412,4.4708573565041645,0.0,2400
high_noise,21049,DIRECT,0.022999100941322737,3.4203885136458165,0.9786950794803179,2400
high_noise,21049,HARD_FPA,0.07622818608498683,3.5084251428586177,0.9293870029944407,2400
high_noise,21049,ORDINARY_SOFT,0.4092906250864512,3.802722640113522,0.6208589083910365,2400
high_noise,21049,FPA_SOFT,0.08125034412008995,3.5130478367933633,0.9247347916733053,2400
high_noise,21049,ORACLE_RIDGE,2.0381626342769974e-07,3.426569704286382,0.9999998111974332,2400
high_noise,21050,ZERO,1.0171470745145674,4.228966350487042,0.0,2400
high_noise,21050,DIRECT,0.03957360560482176,3.186362074151988,0.9610935265937739,2400
high_noise,21050,HARD_FPA,0.0838594157797623,3.2234321264096706,0.9175542870043802,2400
high_noise,21050,ORDINARY_SOFT,0.3948780362582866,3.5837277849836906,0.611778821222347,2400
high_noise,21050,FPA_SOFT,0.09536936362450102,3.2335247461155516,0.9062383739637496,2400
high_noise,21050,ORACLE_RIDGE,1.880621044782438e-07,3.1635519856942755,0.9999998151082482,2400
high_noise,21051,ZERO,0.9476894900748778,4.289537962332533,0.0,2400
high_noise,21051,DIRECT,0.021931812100742732,3.2245554944367907,0.976857596997293,2400
high_noise,21051,HARD_FPA,0.0805848928962566,3.2869932573281173,0.9149669868240392,2400
high_noise,21051,ORDINARY_SOFT,0.3602655843027624,3.645352792457003,0.6198484967114097,2400
high_noise,21051,FPA_SOFT,0.08294373514385286,3.2893132459687564,0.9124779413378327,2400
high_noise,21051,ORACLE_RIDGE,1.6892686517115354e-07,3.189074907110382,0.9999998217487195,2400
high_noise,21052,ZERO,0.9212126833982183,4.347926866522959,0.0,2400
high_noise,21052,DIRECT,0.0327656419918436,3.444728325996727,0.9644320550700888,2400
high_noise,21052,HARD_FPA,0.08381171846869755,3.454381586667755,0.9090202295527148,2400
high_noise,21052,ORDINARY_SOFT,0.3744722370708387,3.778931121239807,0.5935007802004357,2400
high_noise,21052,FPA_SOFT,0.08714640869231743,3.465592398030401,0.9054003377690729,2400
high_noise,21052,ORACLE_RIDGE,1.739129371503574e-07,3.4661525139585456,0.9999998112130453,2400
high_noise,21053,ZERO,0.9979169356945732,4.030761635296535,0.0,2400
high_noise,21053,DIRECT,0.026197453262146547,3.111473014306614,0.9737478618459235,2400
high_noise,21053,HARD_FPA,0.06246709604451858,3.1182878422270828,0.9374025093571139,2400
high_noise,21053,ORDINARY_SOFT,0.38305005600998476,3.430435027663807,0.6161503605073371,2400
high_noise,21053,FPA_SOFT,0.06436169745272288,3.1273494239523156,0.9355039531342099,2400
high_noise,21053,ORACLE_RIDGE,1.8102306976531844e-07,3.0886683525073986,0.9999998185990604,2400
high_noise,21054,ZERO,1.089684912848997,4.445985334470547,0.0,2400
high_noise,21054,DIRECT,0.026149130728626162,3.554938969142265,0.9760030349871883,2400
high_noise,21054,HARD_FPA,0.0784405172022238,3.603303058572113,0.9280154141098091,2400
high_noise,21054,ORDINARY_SOFT,0.39938017574916757,3.8237647721131105,0.6334902217697203,2400
high_noise,21054,FPA_SOFT,0.08987357167042485,3.618487414802708,0.9175233403613443,2400
high_noise,21054,ORACLE_RIDGE,1.7063606131923957e-07,3.506718899610226,0.9999998434078885,2400
high_noise,21055,ZERO,1.0001390046411505,4.649044813729426,0.0,2400
high_noise,21055,DIRECT,0.030675186260070084,3.481669605651354,0.9693290771405557,2400
high_noise,21055,HARD_FPA,0.09451263316468546,3.5297287428304873,0.905500502704025,2400
high_noise,21055,ORDINARY_SOFT,0.39433311515283415,3.969484073129523,0.6057216913619715,2400
high_noise,21055,FPA_SOFT,0.0968538410672554,3.5247377883687356,0.9031596201949883,2400
high_noise,21055,ORACLE_RIDGE,1.68494205769624e-07,3.4601564432531524,0.9999998315292125,2400
high_noise,21056,ZERO,0.965672100265563,4.084525921523946,0.0,2400
high_noise,21056,DIRECT,0.014695338318763932,3.05071389691833,0.9847822689350529,2400
high_noise,21056,HARD_FPA,0.04831161142815868,3.0786160192005365,0.9499709980076334,2400
high_noise,21056,ORDINARY_SOFT,0.3793503070217556,3.467894469922271,0.6071644744448628,2400
high_noise,21056,FPA_SOFT,0.04491958589870254,3.068521836774034,0.9534836039206792,2400
high_noise,21056,ORACLE_RIDGE,1.8285393247686914e-07,3.039295084889361,0.9999998106459403,2400
high_noise,21057,ZERO,1.0615920022764842,4.259143479008262,0.0,2400
high_noise,21057,DIRECT,0.03223915248329656,3.231398466072653,0.9696313155956688,2400
high_noise,21057,HARD_FPA,0.07118077636914656,3.2961637119159457,0.9329490272943786,2400
high_noise,21057,ORDINARY_SOFT,0.45376353297015615,3.654316915852058,0.5725631579767906,2400
high_noise,21057,FPA_SOFT,0.0772555949025985,3.3022930452449586,0.9272266607727534,2400
high_noise,21057,ORACLE_RIDGE,1.914093385887319e-07,3.2003196676653305,0.999999819695949,2400
high_noise,21058,ZERO,0.9760938781217385,3.748130092294294,0.0,2400
high_noise,21058,DIRECT,0.015400041948247416,3.1172327402136384,0.9842227860522175,2400
high_noise,21058,HARD_FPA,0.06857788889258765,3.2232914848502507,0.9297425274046902,2400
high_noise,21058,ORDINARY_SOFT,0.350987744408054,3.2502080867641956,0.6404159965807318,2400
high_noise,21058,FPA_SOFT,0.07664790686182586,3.2336533043604794,0.9214748616092987,2400
high_noise,21058,ORACLE_RIDGE,1.7895703546250257e-07,3.072413697906039,0.9999998166600166,2400
high_noise,21059,ZERO,1.0317925241088604,4.434266962426955,0.0,2400
high_noise,21059,DIRECT,0.021343619335405257,3.3148588098376006,0.9793140395605799,2400
high_noise,21059,HARD_FPA,0.059923726864396405,3.3076870514360137,0.9419226971855108,2400
high_noise,21059,ORDINARY_SOFT,0.40288488601376765,3.760984340344662,0.6095291673471548,2400
high_noise,21059,FPA_SOFT,0.06498413359981882,3.3116413748628477,0.9370182162775947,2400
high_noise,21059,ORACLE_RIDGE,1.9626570326844213e-07,3.2994945644335587,0.999999809781813,2400
high_noise,21060,ZERO,1.0229546839941235,4.2732665644362235,0.0,2400
high_noise,21060,DIRECT,0.027725982452668524,3.1467437019879956,0.9728961772339587,2400
high_noise,21060,HARD_FPA,0.06564726978464283,3.1407239451714073,0.9358258280529854,2400
high_noise,21060,ORDINARY_SOFT,0.40599400331362384,3.597776216221612,0.6031163357809541,2400
high_noise,21060,FPA_SOFT,0.06754219734634971,3.1392804550193536,0.9339734218893926,2400
high_noise,21060,ORACLE_RIDGE,1.9136762576779872e-07,3.12335454117715,0.9999998129265854,2400
high_noise,21061,ZERO,1.0181646854326556,4.320138515692429,0.0,2400
high_noise,21061,DIRECT,0.027485936729155055,3.2136162010133646,0.9730044293203164,2400
high_noise,21061,HARD_FPA,0.0742368053344967,3.2339529760716275,0.9270876250211421,2400
high_noise,21061,ORDINARY_SOFT,0.4022852347260948,3.6538417040100937,0.6048917817699118,2400
high_noise,21061,FPA_SOFT,0.07594927995471214,3.2303930927743787,0.9254057020034647,2400
high_noise,21061,ORACLE_RIDGE,1.938359281068794e-07,3.1862594516261336,0.9999998096222243,2400
high_noise,21062,ZERO,1.0178685579222566,4.229915048475837,0.0,2400
high_noise,21062,DIRECT,0.0312557182600268,3.2794124530392903,0.9692929720475617,2400
high_noise,21062,HARD_FPA,0.07043933956846656,3.2991159649567057,0.9307972144141556,2400
high_noise,21062,ORDINARY_SOFT,0.40402465768048645,3.6304203991660478,0.60306794572257,2400
high_noise,21062,FPA_SOFT,0.07833073618937196,3.3068500707757447,0.9230443502948298,2400
high_noise,21062,ORACLE_RIDGE,1.8192158885761662e-07,3.222274239576364,0.9999998212720224,2400
high_noise,21063,ZERO,0.966484027017063,4.056094567871857,0.0,2400
high_noise,21063,DIRECT,0.04250177800960017,3.065251144380897,0.9560243347830829,2400
high_noise,21063,HARD_FPA,0.0703865581767708,3.0855810498691993,0.9271725592879062,2400
high_noise,21063,ORDINARY_SOFT,0.42005095689116484,3.4803525074841923,0.5653824117635946,2400
high_noise,21063,FPA_SOFT,0.07246850438026248,3.083868302648285,0.9250184148372035,2400
high_noise,21063,ORACLE_RIDGE,1.7887247579346094e-07,3.0319103828376757,0.99999981492454,2400
high_noise,21064,ZERO,0.9858787755489107,4.095304773346625,0.0,2400
high_noise,21064,DIRECT,0.027044009804413686,3.3023564634022873,0.9725686256006918,2400
high_noise,21064,HARD_FPA,0.04705339100116229,3.348282735998299,0.9522726402391976,2400
high_noise,21064,ORDINARY_SOFT,0.40492448158652944,3.579038337259755,0.589275586786947,2400
high_noise,21064,FPA_SOFT,0.051798337734555326,3.3572979061756922,0.9474597293103146,2400
high_noise,21064,ORACLE_RIDGE,1.7359808215088055e-07,3.2763404019402973,0.9999998239153876,2400
high_noise,21065,ZERO,0.9764269761259627,4.56179840551132,0.0,2400
high_noise,21065,DIRECT,0.03621377491808532,3.3844866088437464,0.962911947535733,2400
high_noise,21065,HARD_FPA,0.07637359022148914,3.4417448659137304,0.9217825888787851,2400
high_noise,21065,ORDINARY_SOFT,0.3761011119334943,3.875686408777877,0.6148190073304818,2400
high_noise,21065,FPA_SOFT,0.07692020943089205,3.435232994583979,0.9212227731191144,2400
high_noise,21065,ORACLE_RIDGE,1.7835874212281272e-07,3.3644393264521395,0.9999998173352985,2400
high_noise,21066,ZERO,1.0029214248671818,4.085228348609817,0.0,2400
high_noise,21066,DIRECT,0.05289644171305586,3.1115645374147025,0.9472576411257133,2400
high_noise,21066,HARD_FPA,0.11280794408547144,3.177087298155318,0.8875206558675215,2400
high_noise,21066,ORDINARY_SOFT,0.38577487337537697,3.4559460729669285,0.6153488560417726,2400
high_noise,21066,FPA_SOFT,0.11603658136294778,3.1739636461991516,0.8843014233360159,2400
high_noise,21066,ORACLE_RIDGE,1.7586056194971289e-07,3.066354591399699,0.9999998246517049,2400
high_noise,21067,ZERO,0.9566436278606332,4.214784293915624,0.0,2400
high_noise,21067,DIRECT,0.02711862623051767,3.2437642150691173,0.9716523212607774,2400
high_noise,21067,HARD_FPA,0.06559639745479222,3.2753373866526325,0.9314306858432883,2400
high_noise,21067,ORDINARY_SOFT,0.37225763511215376,3.6185564266426504,0.6108711496415409,2400
high_noise,21067,FPA_SOFT,0.06538010733771102,3.287663973871574,0.9316567785185355,2400
high_noise,21067,ORACLE_RIDGE,1.639124600963867e-07,3.2330626712861634,0.9999998286588074,2400
high_noise,21068,ZERO,0.9516706024745785,4.194656497183647,0.0,2400
high_noise,21068,DIRECT,0.020716783642392413,3.124482463008387,0.9782311404928096,2400
high_noise,21068,HARD_FPA,0.07141626153664454,3.133642607953679,0.9249569532242095,2400
high_noise,21068,ORDINARY_SOFT,0.3403503152444244,3.530087165107139,0.6423654210191745,2400
high_noise,21068,FPA_SOFT,0.07692210346556093,3.1416647551261794,0.9191715040208823,2400
high_noise,21068,ORACLE_RIDGE,1.9177632488319336e-07,3.107287246308615,0.9999997984845551,2400
high_noise,21069,ZERO,0.9467403693677366,4.1609432702986195,0.0,2400
high_noise,21069,DIRECT,0.0214745728969321,3.188903808078073,0.9773173579666055,2400
high_noise,21069,HARD_FPA,0.05321298256819295,3.211798556538283,0.9437934788777094,2400
high_noise,21069,ORDINARY_SOFT,0.3914989911532011,3.589777407389955,0.5864769224801762,2400
high_noise,21069,FPA_SOFT,0.052320119875076426,3.205791963285038,0.9447365702700335,2400
high_noise,21069,ORACLE_RIDGE,1.8019389238021275e-07,3.167692878172717,0.9999998096691572,2400
high_noise,21070,ZERO,1.0214854545300958,4.368950358918972,0.0,2400
high_noise,21070,DIRECT,0.01932709888584029,3.3831601933438846,0.9810794184096031,2400
high_noise,21070,HARD_FPA,0.09994089272079847,3.4680412726223766,0.9021612179815391,2400
high_noise,21070,ORDINARY_SOFT,0.3882418954506582,3.7399818700472065,0.6199242057448019,2400
high_noise,21070,FPA_SOFT,0.10144838084396111,3.4699012736325874,0.9006854376691742,2400
high_noise,21070,ORACLE_RIDGE,1.8895380684437784e-07,3.350455152849964,0.9999998150205605,2400
high_noise,21071,ZERO,0.9948164745258213,4.506728711681972,0.0,2400
high_noise,21071,DIRECT,0.043435241310571936,3.541647873357873,0.9563384378698842,2400
high_noise,21071,HARD_FPA,0.08582235886787985,3.5957361784186666,0.9137304607779169,2400
high_noise,21071,ORDINARY_SOFT,0.3787669745511636,3.8862392772143064,0.6192594470937942,2400
high_noise,21071,FPA_SOFT,0.09401714466396376,3.6045675677082714,0.9054929757684431,2400
high_noise,21071,ORACLE_RIDGE,1.750546627263227e-07,3.4992871009823006,0.999999824033209,2400
high_noise,21072,ZERO,1.029963573022973,4.266448430131831,0.0,2400
high_noise,21072,DIRECT,0.02183763912425043,3.2641794426634636,0.978797658775294,2400
high_noise,21072,HARD_FPA,0.07679883122438744,3.3350265180550047,0.9254353908857372,2400
high_noise,21072,ORDINARY_SOFT,0.41111538147661525,3.648177380179557,0.6008447364114251,2400
high_noise,21072,FPA_SOFT,0.07971931025834145,3.3426511000267563,0.9225998740670381,2400
high_noise,21072,ORACLE_RIDGE,1.731384497117021e-07,3.2328994153131383,0.9999998318984726,2400
high_noise,21073,ZERO,1.02002245040367,4.413855749818324,0.0,2400
high_noise,21073,DIRECT,0.035311300315933374,3.413873012395261,0.9653818400742463,2400
high_noise,21073,HARD_FPA,0.05601806996430868,3.4030137749718743,0.9450815323308426,2400
high_noise,21073,ORDINARY_SOFT,0.3956457449724012,3.785313770929512,0.6121205520370401,2400
high_noise,21073,FPA_SOFT,0.06671037981647361,3.4142013854315185,0.9345991063333231,2400
high_noise,21073,ORACLE_RIDGE,1.8669956815901002e-07,3.3532406146801295,0.9999998169652363,2400
high_noise,21074,ZERO,1.030016761028301,4.151635917152505,0.0,2400
high_noise,21074,DIRECT,0.019457470657990306,3.1557810452357296,0.9811095591895367,2400
high_noise,21074,HARD_FPA,0.07035167073724262,3.181804410173103,0.9316985185105064,2400
high_noise,21074,ORDINARY_SOFT,0.4064198349596408,3.53103222893607,0.6054240568338928,2400
high_noise,21074,FPA_SOFT,0.06924283948534324,3.1837762838112873,0.9327750361885221,2400
high_noise,21074,ORACLE_RIDGE,1.7643567816406097e-07,3.1612177470825493,0.9999998287060126,2400
high_noise,21075,ZERO,1.028209422219177,4.342499572480592,0.0,2400
high_noise,21075,DIRECT,0.03073172487678465,3.350695358134745,0.9701114148414857,2400
high_noise,21075,HARD_FPA,0.09324442168128202,3.445021817152001,0.909313784073255,2400
high_noise,21075,ORDINARY_SOFT,0.41345897949794125,3.731254576246391,0.597884467343651,2400
high_noise,21075,FPA_SOFT,0.09437050252592534,3.4454979710316374,0.908218597800586,2400
high_noise,21075,ORACLE_RIDGE,1.9486565071910847e-07,3.3223417945212455,0.9999998104805825,2400
high_noise,21076,ZERO,1.00174394479561,4.112401477366206,0.0,2400
high_noise,21076,DIRECT,0.031366086953113693,3.114496926241738,0.9686885185420178,2400
high_noise,21076,HARD_FPA,0.0698546857654824,3.1460237314486412,0.930266924867976,2400
high_noise,21076,ORDINARY_SOFT,0.42177366662979826,3.5202228180290165,0.5789606028356333,2400
high_noise,21076,FPA_SOFT,0.07364930377057918,3.1489116303808142,0.9264789129465553,2400
high_noise,21076,ORACLE_RIDGE,1.657216331024871e-07,3.0788468348400095,0.9999998345668731,2400
high_noise,21077,ZERO,0.963752183424772,4.169220663350009,0.0,2400
high_noise,21077,DIRECT,0.028697651800558645,3.0721978518817803,0.9702229968511416,2400
high_noise,21077,HARD_FPA,0.07858299694520063,3.1357951841469256,0.9184614070953909,2400
high_noise,21077,ORDINARY_SOFT,0.3604315052614941,3.5104221486383183,0.6260122555772882,2400
high_noise,21077,FPA_SOFT,0.08297385766960315,3.1374337817066067,0.9139054011014027,2400
high_noise,21077,ORACLE_RIDGE,1.6994721843622044e-07,3.050393938337673,0.9999998236608733,2400
high_noise,21078,ZERO,1.0037325142906597,4.3724276108735065,0.0,2400
high_noise,21078,DIRECT,0.02987052158112448,3.2146583754681934,0.9702405559690033,2400
high_noise,21078,HARD_FPA,0.07866900089025901,3.2476837399720626,0.9216235403653785,2400
high_noise,21078,ORDINARY_SOFT,0.3627535292977196,3.658159319146301,0.6385954184675602,2400
high_noise,21078,FPA_SOFT,0.0835287498953483,3.2571454033005867,0.9167818629902825,2400
high_noise,21078,ORACLE_RIDGE,1.881808756984322e-07,3.228629131102516,0.9999998125189001,2400
high_noise,21079,ZERO,0.9723414293961139,3.990078116868082,0.0,2400
high_noise,21079,DIRECT,0.03241124104413526,3.0802120161965885,0.9666668105829197,2400
high_noise,21079,HARD_FPA,0.08433752973794882,3.156306827877339,0.9132634615905157,2400
high_noise,21079,ORDINARY_SOFT,0.39518020782749846,3.4229083746472715,0.5935787616568693,2400
high_noise,21079,FPA_SOFT,0.08485160342384407,3.156968577910437,0.9127347649101588,2400
high_noise,21079,ORACLE_RIDGE,1.5930126263580623e-07,3.061902349031956,0.9999998361673608,2400
high_noise,21080,ZERO,1.031711601500386,4.407146515917911,0.0,2400
high_noise,21080,DIRECT,0.032335198523222794,3.480466383224205,0.9686586847756692,2400
high_noise,21080,HARD_FPA,0.08519704845794787,3.5166125512820257,0.9174216434766765,2400
high_noise,21080,ORDINARY_SOFT,0.42769671865610226,3.825941535956675,0.5854493464703545,2400
high_noise,21080,FPA_SOFT,0.0835503543263282,3.5126590897455183,0.9190177233591019,2400
high_noise,21080,ORACLE_RIDGE,2.0068402479918843e-07,3.4347502154446463,0.9999998054843772,2400
high_noise,21081,ZERO,1.0805989448303304,4.678545453210853,0.0,2400
high_noise,21081,DIRECT,0.02926260096241365,3.5056626912301416,0.9729200170864425,2400
high_noise,21081,HARD_FPA,0.0762751222746938,3.5565832181618466,0.9294140322460984,2400
high_noise,21081,ORDINARY_SOFT,0.4365785323643267,3.9812052731199743,0.5959846764121394,2400
high_noise,21081,FPA_SOFT,0.07906890874496819,3.557139673358885,0.9268286267322026,2400
high_noise,21081,ORACLE_RIDGE,1.9036059834185095e-07,3.473588387399738,0.9999998238378824,2400
high_noise,21082,ZERO,0.9148805370911854,4.200405639837694,0.0,2400
high_noise,21082,DIRECT,0.022301457801776954,3.2491320950192435,0.9756236394833764,2400
high_noise,21082,HARD_FPA,0.07834120183553957,3.3241282896444226,0.9143700202819689,2400
high_noise,21082,ORDINARY_SOFT,0.3511247485500532,3.6137946858677257,0.6162069971819097,2400
high_noise,21082,FPA_SOFT,0.08538063503699507,3.3232930718176226,0.9066756460811175,2400
high_noise,21082,ORACLE_RIDGE,1.4729045283975557e-07,3.233319888882082,0.999999839005808,2400
high_noise,21083,ZERO,1.0830135576192956,4.374393947178488,0.0,2400
high_noise,21083,DIRECT,0.024485464604689023,3.2750090214344025,0.9773913591086398,2400
high_noise,21083,HARD_FPA,0.0725793694930914,3.332770787312479,0.9329838772723797,2400
high_noise,21083,ORDINARY_SOFT,0.45075757429123087,3.7284497408356607,0.5837932303616806,2400
high_noise,21083,FPA_SOFT,0.07244150199693969,3.327117716720148,0.9331111771525906,2400
high_noise,21083,ORACLE_RIDGE,2.1039347074887272e-07,3.2756912637216846,0.9999998057332992,2400
high_noise,21084,ZERO,0.971998755863585,4.515521878560417,0.0,2400
high_noise,21084,DIRECT,0.04126287224716164,3.5891894077164843,0.9575484310054481,2400
high_noise,21084,HARD_FPA,0.10148276398106167,3.6844497300325383,0.8955937305795232,2400
high_noise,21084,ORDINARY_SOFT,0.3724905366351252,3.915550818871315,0.6167787927833497,2400
high_noise,21084,FPA_SOFT,0.10624520261157186,3.6918673735604095,0.8906940960874205,2400
high_noise,21084,ORACLE_RIDGE,1.62747292683245e-07,3.5837006823699555,0.9999998325642994,2400
high_noise,21085,ZERO,1.0676476135888664,4.225826143768143,0.0,2400
high_noise,21085,DIRECT,0.036073972493865784,3.258700013294425,0.966211723760985,2400
high_noise,21085,HARD_FPA,0.057637370088326124,3.302576518631169,0.9460146125418857,2400
high_noise,21085,ORDINARY_SOFT,0.4543565748837144,3.639036390843412,0.5744320793670787,2400
high_noise,21085,FPA_SOFT,0.058571700449353586,3.313475079428462,0.9451394826309155,2400
high_noise,21085,ORACLE_RIDGE,2.1144762520638875e-07,3.2247990847862957,0.9999998019499856,2400
high_noise,21086,ZERO,1.072129122863064,4.23569005793639,0.0,2400
high_noise,21086,DIRECT,0.021598333586034347,3.2849356264034,0.9798547272660991,2400
high_noise,21086,HARD_FPA,0.07423183269271828,3.360370658382716,0.930762227133159,2400
high_noise,21086,ORDINARY_SOFT,0.4221668123903296,3.6270320949582113,0.6062351041608165,2400
high_noise,21086,FPA_SOFT,0.08242168648555998,3.3702053185180194,0.9231233582523556,2400
high_noise,21086,ORACLE_RIDGE,1.973170054409807e-07,3.2621324951438027,0.9999998159577972,2400
high_noise,21087,ZERO,0.9709548142322224,4.434353188678282,0.0,2400
high_noise,21087,DIRECT,0.04780083990577097,3.5099117074569555,0.9507692436299734,2400
high_noise,21087,HARD_FPA,0.0921743870839092,3.552882752960551,0.9050683041756216,2400
high_noise,21087,ORDINARY_SOFT,0.38338606904931366,3.8467343972677015,0.6051453029227996,2400
high_noise,21087,FPA_SOFT,0.09420715278396309,3.552052071214145,0.9029747302314404,2400
high_noise,21087,ORACLE_RIDGE,1.76969094914332e-07,3.4505396709211262,0.9999998177370436,2400
high_noise,21088,ZERO,0.9901884462458942,4.288151074622994,0.0,2400
high_noise,21088,DIRECT,0.043045424668923464,3.2551799333997105,0.9565280479366107,2400
high_noise,21088,HARD_FPA,0.1195808572181523,3.3323367420344776,0.8792342430660348,2400
high_noise,21088,ORDINARY_SOFT,0.37315966034940584,3.6393250391349983,0.6231427848262947,2400
high_noise,21088,FPA_SOFT,0.12958239152302986,3.3354975170057246,0.8691336058158261,2400
high_noise,21088,ORACLE_RIDGE,1.8880023815503491e-07,3.1971860568623067,0.9999998093289829,2400
high_noise,21089,ZERO,1.037571198552583,4.522434878439114,0.0,2400
high_noise,21089,DIRECT,0.03769442692120593,3.3553226867445467,0.9636705153595341,2400
high_noise,21089,HARD_FPA,0.09119244152258893,3.380498496503366,0.9121097023030296,2400
high_noise,21089,ORDINARY_SOFT,0.43160858167582195,3.8564909354107986,0.5840202751599909,2400
high_noise,21089,FPA_SOFT,0.09534077987944609,3.377514311214683,0.9081115782584878,2400
high_noise,21089,ORACLE_RIDGE,1.8590878406706255e-07,3.3050128377559576,0.9999998208231066,2400
high_noise,21090,ZERO,0.9659451286139229,4.171757326493642,0.0,2400
high_noise,21090,DIRECT,0.04700685923899953,3.3318748038032457,0.9513358907804093,2400
high_noise,21090,HARD_FPA,0.07962726750206459,3.358942088903525,0.9175654339534531,2400
high_noise,21090,ORDINARY_SOFT,0.38162764221939177,3.617288361355194,0.6049178872437546,2400
high_noise,21090,FPA_SOFT,0.0808991037733665,3.3601657390416295,0.9162487584678312,2400
high_noise,21090,ORACLE_RIDGE,1.6299470140357413e-07,3.2908380004694684,0.9999998312588401,2400
high_noise,21091,ZERO,0.947277200937731,3.883434880858202,0.0,2400
high_noise,21091,DIRECT,0.035838131642169486,3.093410711179411,0.9621672182053019,2400
high_noise,21091,HARD_FPA,0.09198395453672588,3.172081412253827,0.9028964758724596,2400
high_noise,21091,ORDINARY_SOFT,0.3585193018990581,3.3387903327323114,0.6215265166899913,2400
high_noise,21091,FPA_SOFT,0.0951150697114821,3.1703351144266048,0.8995910915861529,2400
high_noise,21091,ORACLE_RIDGE,1.5457631026720563e-07,3.066524071394696,0.9999998368204047,2400
high_noise,21092,ZERO,0.9766602996596718,4.2146269491386725,0.0,2400
high_noise,21092,DIRECT,0.030265108585900508,3.1651597139960974,0.9690116321955068,2400
high_noise,21092,HARD_FPA,0.0632824535070237,3.2210354437058317,0.9352052565983534,2400
high_noise,21092,ORDINARY_SOFT,0.3819399828727733,3.5868827044356704,0.6089326217049422,2400
high_noise,21092,FPA_SOFT,0.062332610532443176,3.217347014221036,0.9361777984073237,2400
high_noise,21092,ORACLE_RIDGE,1.722267959499671e-07,3.1582588994230485,0.9999998236574211,2400
high_noise,21093,ZERO,1.0432712467847922,4.201935812644518,0.0,2400
high_noise,21093,DIRECT,0.04724395140737037,3.306342180878241,0.9547155626564335,2400
high_noise,21093,HARD_FPA,0.12088014815186483,3.3975517175430614,0.8841335381144648,2400
high_noise,21093,ORDINARY_SOFT,0.3889879646468559,3.5901834894482634,0.6271458972480461,2400
high_noise,21093,FPA_SOFT,0.12181404452923021,3.4004445391063154,0.8832383764963876,2400
high_noise,21093,ORACLE_RIDGE,1.9641066011959492e-07,3.2949131972241745,0.9999998117357679,2400
high_noise,21094,ZERO,1.018961837318308,4.177364798534559,0.0,2400
high_noise,21094,DIRECT,0.029317782075549276,3.245472979516683,0.9712277918545924,2400
high_noise,21094,HARD_FPA,0.05902581024927296,3.263909693134853,0.9420725996916466,2400
high_noise,21094,ORDINARY_SOFT,0.39724348397211817,3.5814636217203315,0.610148810854802,2400
high_noise,21094,FPA_SOFT,0.06966917437454524,3.277595043102185,0.9316272976837878,2400
high_noise,21094,ORACLE_RIDGE,1.9019035574765221e-07,3.2116384734757335,0.9999998133488922,2400
high_noise,21095,ZERO,1.0387869666908172,4.317697754148346,0.0,2400
high_noise,21095,DIRECT,0.03276480537591741,3.23790065155628,0.9684585902340557,2400
high_noise,21095,HARD_FPA,0.09933139394099005,3.263657351869912,0.9043775123041615,2400
high_noise,21095,ORDINARY_SOFT,0.4183494571609392,3.6636807232749575,0.5972711724583506,2400
high_noise,21095,FPA_SOFT,0.09630512057352343,3.2649666188138275,0.9072907885239307,2400
high_noise,21095,ORACLE_RIDGE,1.6591018777979581e-07,3.2215957534436948,0.9999998402846848,2400
high_noise,21096,ZERO,1.0305456538306415,4.134891903904894,0.0,2400
high_noise,21096,DIRECT,0.013027702848552203,3.10316224918454,0.9873584418117461,2400
high_noise,21096,HARD_FPA,0.04433944517507164,3.155833795751073,0.9569747880549906,2400
high_noise,21096,ORDINARY_SOFT,0.4287023510835828,3.53156700601082,0.5840045033521288,2400
high_noise,21096,FPA_SOFT,0.04522291518367568,3.1594853489045365,0.9561175043380392,2400
high_noise,21096,ORACLE_RIDGE,1.9288689944400244e-07,3.0939197626988784,0.9999998128303208,2400
high_noise,21097,ZERO,0.9940619318608361,4.428655864980354,0.0,2400
high_noise,21097,DIRECT,0.03479441978901607,3.328659866910477,0.9649977343726637,2400
high_noise,21097,HARD_FPA,0.07004096666809581,3.3721863710866598,0.9295406408562669,2400
high_noise,21097,ORDINARY_SOFT,0.4170523051103103,3.8005717691302046,0.5804564165035387,2400
high_noise,21097,FPA_SOFT,0.06901076505502518,3.3664244772429908,0.9305769964192872,2400
high_noise,21097,ORACLE_RIDGE,2.0168109889040345e-07,3.2543459636152363,0.9999997971141511,2400
high_noise,21098,ZERO,0.9579023880691864,4.2028938677767,0.0,2400
high_noise,21098,DIRECT,0.027746095124131523,3.1624619918513948,0.9710345276619903,2400
high_noise,21098,HARD_FPA,0.06512361352999525,3.248184032823007,0.9320143530895013,2400
high_noise,21098,ORDINARY_SOFT,0.36872685778190156,3.5697402593135794,0.6150684429077031,2400
high_noise,21098,FPA_SOFT,0.06921087255151265,3.2501750177795854,0.9277474684127066,2400
high_noise,21098,ORACLE_RIDGE,1.6806093215888904e-07,3.1550642586178004,0.9999998245531755,2400
high_noise,21099,ZERO,0.9762333942026191,4.53173448611866,0.0,2400
high_noise,21099,DIRECT,0.04080473229891301,3.574328827488053,0.9582018679741621,2400
high_noise,21099,HARD_FPA,0.05837669681448628,3.561298553130385,0.9402021103138272,2400
high_noise,21099,ORDINARY_SOFT,0.4186568258891288,3.960335300736794,0.5711508862784961,2400
high_noise,21099,FPA_SOFT,0.05440275838225768,3.5535211004022624,0.9442727951068571,2400
high_noise,21099,ORACLE_RIDGE,1.657789241598174e-07,3.560565469779162,0.9999998301851534,2400
high_noise,21100,ZERO,0.9387284958637375,4.258896876313725,0.0,2400
high_noise,21100,DIRECT,0.019616615732778515,3.2643987284695624,0.9791029932305091,2400
high_noise,21100,HARD_FPA,0.05824308008215051,3.306184507951551,0.9379553509467503,2400
high_noise,21100,ORDINARY_SOFT,0.35553342609911753,3.6514982390129322,0.621260643875537,2400
high_noise,21100,FPA_SOFT,0.06853644362363684,3.317886972780162,0.9269901319437678,2400
high_noise,21100,ORACLE_RIDGE,1.733844326383104e-07,3.2337108359486457,0.999999815298637,2400
cancellation_050,21001,ZERO,0.33235952546269687,0.8493723036662074,0.0,2400
cancellation_050,21001,DIRECT,0.005147336789185338,0.5196479583414138,0.9845127447994173,2400
cancellation_050,21001,HARD_FPA,0.02113787927531765,0.53372185071878,0.936400561272043,2400
cancellation_050,21001,ORDINARY_SOFT,0.1258699263836176,0.642706783548249,0.6212838304893269,2400
cancellation_050,21001,FPA_SOFT,0.02146169857501599,0.53444608518686,0.9354262570174936,2400
cancellation_050,21001,ORACLE_RIDGE,6.306948848508687e-08,0.5163155056761699,0.9999998102371569,2400
cancellation_050,21002,ZERO,0.35200519068370567,0.8466835610818212,0.0,2400
cancellation_050,21002,DIRECT,0.0033254817715284105,0.49745617112958046,0.9905527479152529,2400
cancellation_050,21002,HARD_FPA,0.01865431918743704,0.509244019648692,0.9470055565055605,2400
cancellation_050,21002,ORDINARY_SOFT,0.14129510845692683,0.6370566417086507,0.5985993610421285,2400
cancellation_050,21002,FPA_SOFT,0.01874997923161098,0.5118624148176084,0.9467337990238366,2400
cancellation_050,21002,ORACLE_RIDGE,5.9384172765443815e-08,0.4915974922339702,0.9999998312974515,2400
cancellation_050,21003,ZERO,0.3512933235137456,0.8468233315522906,0.0,2400
cancellation_050,21003,DIRECT,0.0032059599174084916,0.5057122786034862,0.9908738376085788,2400
cancellation_050,21003,HARD_FPA,0.014457540442967591,0.5204878898701562,0.9588448186308844,2400
cancellation_050,21003,ORDINARY_SOFT,0.13277411792751104,0.6320266269823549,0.6220420115034843,2400
cancellation_050,21003,FPA_SOFT,0.015332539564565746,0.5207457428450838,0.9563540251456962,2400
cancellation_050,21003,ORACLE_RIDGE,6.53319093358862e-08,0.5003524657046715,0.99999981402462,2400
cancellation_050,21004,ZERO,0.35233611132501885,0.8290811180002364,0.0,2400
cancellation_050,21004,DIRECT,0.007234848804259274,0.48340638755478743,0.9794660593345047,2400
cancellation_050,21004,HARD_FPA,0.02105602405461375,0.49663883908912454,0.940238813514093,2400
cancellation_050,21004,ORDINARY_SOFT,0.1499314169542689,0.6271496443745647,0.5744648018324697,2400
cancellation_050,21004,FPA_SOFT,0.020802212041209255,0.497238732960833,0.9409591825175709,2400
cancellation_050,21004,ORACLE_RIDGE,6.091756308650089e-08,0.4778213623785383,0.9999998271038332,2400
cancellation_050,21005,ZERO,0.33664187505854587,0.8656474588512898,0.0,2400
cancellation_050,21005,DIRECT,0.0030455720512336656,0.5138341784087845,0.9909530801814124,2400
cancellation_050,21005,HARD_FPA,0.015005547902645867,0.5282688763199491,0.955425783259922,2400
cancellation_050,21005,ORDINARY_SOFT,0.12949869926733698,0.6522264335867546,0.6153220711332609,2400
cancellation_050,21005,FPA_SOFT,0.015167415844606484,0.5284415680730152,0.9549449519850474,2400
cancellation_050,21005,ORACLE_RIDGE,6.080347448543042e-08,0.5118927178972681,0.99999981938232,2400
cancellation_050,21006,ZERO,0.34781946853160844,0.8245615418701007,0.0,2400
cancellation_050,21006,DIRECT,0.004991910748932013,0.46198120158602896,0.9856479835070578,2400
cancellation_050,21006,HARD_FPA,0.01938033449466331,0.4705059227410041,0.9442804780983612,2400
cancellation_050,21006,ORDINARY_SOFT,0.13810091033065539,0.6065001411574059,0.6029523277875248,2400
cancellation_050,21006,FPA_SOFT,0.02057033791194287,0.4709636893869398,0.9408591531728089,2400
cancellation_050,21006,ORACLE_RIDGE,7.344867054097464e-08,0.4587509526100773,0.9999997888310541,2400
cancellation_050,21007,ZERO,0.33810297477578205,0.780705749322447,0.0,2400
cancellation_050,21007,DIRECT,0.0029622019767513307,0.4727585388068754,0.9912387580182761,2400
cancellation_050,21007,HARD_FPA,0.02205847690696236,0.48903133601388427,0.9347581105383922,2400
cancellation_050,21007,ORDINARY_SOFT,0.13396479040394677,0.5849269768198959,0.6037751797576242,2400
cancellation_050,21007,FPA_SOFT,0.02147637651863251,0.48888221479760396,0.9364797765152025,2400
cancellation_050,21007,ORACLE_RIDGE,5.880360536261926e-08,0.46754035678045663,0.9999998260778232,2400
cancellation_050,21008,ZERO,0.3573984616203608,0.8005249554748372,0.0,2400
cancellation_050,21008,DIRECT,0.0030133976053645967,0.4740007493791894,0.9915685210515385,2400
cancellation_050,21008,HARD_FPA,0.020383014279825352,0.496630578609198,0.9429683771233555,2400
cancellation_050,21008,ORDINARY_SOFT,0.14166859152210076,0.5965274262797852,0.603611635932039,2400
cancellation_050,21008,FPA_SOFT,0.019702610299086334,0.496545676455614,0.9448721457564218,2400
cancellation_050,21008,ORACLE_RIDGE,6.462678876422073e-08,0.46990749316623315,0.999999819174407,2400
cancellation_050,21009,ZERO,0.34581002709075126,0.8464698898173927,0.0,2400
cancellation_050,21009,DIRECT,0.0028422209106352373,0.508934213384039,0.9917809760042344,2400
cancellation_050,21009,HARD_FPA,0.01593595340152801,0.5271744215744959,0.9539170291399737,2400
cancellation_050,21009,ORDINARY_SOFT,0.1367006301299098,0.6407346026590789,0.6046944292507883,2400
cancellation_050,21009,FPA_SOFT,0.01557882360011688,0.5275269752911409,0.954949763223527,2400
cancellation_050,21009,ORACLE_RIDGE,6.956027682394597e-08,0.5059773155109042,0.9999997988482943,2400
cancellation_050,21010,ZERO,0.3407918430443483,0.8067956496085522,0.0,2400
cancellation_050,21010,DIRECT,0.003945240380012287,0.49491310443093717,0.9884233133493783,2400
cancellation_050,21010,HARD_FPA,0.020876932572079794,0.5078012051619042,0.9387399287917727,2400
cancellation_050,21010,ORDINARY_SOFT,0.13469787168494246,0.6100585024164532,0.6047503059883572,2400
cancellation_050,21010,FPA_SOFT,0.021672058772085598,0.5103836905367071,0.9364067561638635,2400
cancellation_050,21010,ORACLE_RIDGE,5.991796259864476e-08,0.4907865589275232,0.9999998241801739,2400
cancellation_050,21011,ZERO,0.3194537826405144,0.8184019554256378,0.0,2400
cancellation_050,21011,DIRECT,0.00231772651193579,0.4908961793702042,0.9927447204012483,2400
cancellation_050,21011,HARD_FPA,0.016432650690982778,0.5031091333214736,0.9485601624273936,2400
cancellation_050,21011,ORDINARY_SOFT,0.1223711467843225,0.6170385173176307,0.6169363036717321,2400
cancellation_050,21011,FPA_SOFT,0.01646269590212176,0.5038298808157962,0.948466110602774,2400
cancellation_050,21011,ORACLE_RIDGE,5.932252570006523e-08,0.48892161636919906,0.9999998143001306,2400
cancellation_050,21012,ZERO,0.3203667474925607,0.8417781901991435,0.0,2400
cancellation_050,21012,DIRECT,0.0026360412089667107,0.5029557567536664,0.9917718014444432,2400
cancellation_050,21012,HARD_FPA,0.017032637889856417,0.5054013256816252,0.9468339394672916,2400
cancellation_050,21012,ORDINARY_SOFT,0.11942390678611278,0.6308274485766695,0.6272275205812803,2400
cancellation_050,21012,FPA_SOFT,0.018009274980527165,0.5062832352834568,0.9437854423984956,2400
cancellation_050,21012,ORACLE_RIDGE,5.7105119071559556e-08,0.49963039987241264,0.9999998217507918,2400
cancellation_050,21013,ZERO,0.35137056663583177,0.7849700115335861,0.0,2400
cancellation_050,21013,DIRECT,0.004556981276918239,0.5099194302269107,0.9870308394907727,2400
cancellation_050,21013,HARD_FPA,0.01606198007402086,0.5182448607684089,0.9542876336290631,2400
cancellation_050,21013,ORDINARY_SOFT,0.14062695173461143,0.6008259404428518,0.5997759485632719,2400
cancellation_050,21013,FPA_SOFT,0.015469753912256993,0.5195840210515711,0.955973108219135,2400
cancellation_050,21013,ORACLE_RIDGE,6.47901975133327e-08,0.5028629147498318,0.9999998156072145,2400
cancellation_050,21014,ZERO,0.32451816643815,0.7267490925815469,0.0,2400
cancellation_050,21014,DIRECT,0.0031954875356669157,0.439180622606339,0.990153132039602,2400
cancellation_050,21014,HARD_FPA,0.017070649280720808,0.46025946880209556,0.947396937841462,2400
cancellation_050,21014,ORDINARY_SOFT,0.1272240981395072,0.5431844703306133,0.607960011804902,2400
cancellation_050,21014,FPA_SOFT,0.016371983500986443,0.4600879048360461,0.9495498705644672,2400
cancellation_050,21014,ORACLE_RIDGE,6.003795367406437e-08,0.43741760882003383,0.9999998149935508,2400
cancellation_050,21015,ZERO,0.3255523972615694,0.8503308845670539,0.0,2400
cancellation_050,21015,DIRECT,0.003828328887817146,0.5380836638431074,0.9882405139079924,2400
cancellation_050,21015,HARD_FPA,0.013897274929328312,0.5495932271293753,0.9573117106609343,2400
cancellation_050,21015,ORDINARY_SOFT,0.125344399243825,0.6547602702946108,0.614979338815572,2400
cancellation_050,21015,FPA_SOFT,0.014372152448049392,0.5500633748803884,0.9558530283636588,2400
cancellation_050,21015,ORACLE_RIDGE,6.352436855204163e-08,0.5391555175082879,0.9999998048720603,2400
cancellation_050,21016,ZERO,0.3196181693497698,0.8253303244081356,0.0,2400
cancellation_050,21016,DIRECT,0.0027052818784305092,0.5133922877659881,0.9915358945834208,2400
cancellation_050,21016,HARD_FPA,0.014514671531624798,0.5214290167373734,0.9545874642822922,2400
cancellation_050,21016,ORDINARY_SOFT,0.12150521383335038,0.6291506775237186,0.6198425950547799,2400
cancellation_050,21016,FPA_SOFT,0.015352756985677318,0.5225844822832136,0.9519653184394651,2400
cancellation_050,21016,ORACLE_RIDGE,5.8512136814194544e-08,0.5081603288776482,0.9999998169311308,2400
cancellation_050,21017,ZERO,0.2912614430797868,0.781394290187339,0.0,2400
cancellation_050,21017,DIRECT,0.003976468265423976,0.4790982420462598,0.9863474264791902,2400
cancellation_050,21017,HARD_FPA,0.016629236030652875,0.490761611520743,0.9429061538155685,2400
cancellation_050,21017,ORDINARY_SOFT,0.10886630275607469,0.5927397902777461,0.6262248047495516,2400
cancellation_050,21017,FPA_SOFT,0.01749270757635544,0.4921004372851833,0.9399415611232704,2400
cancellation_050,21017,ORACLE_RIDGE,4.872033442661347e-08,0.47705758632849493,0.9999998327264539,2400
cancellation_050,21018,ZERO,0.33840382184506596,0.8425295076189779,0.0,2400
cancellation_050,21018,DIRECT,0.0050031532809097735,0.48465891966516117,0.9852154350573488,2400
cancellation_050,21018,HARD_FPA,0.0175040285669134,0.49291539955607744,0.9482747314392702,2400
cancellation_050,21018,ORDINARY_SOFT,0.14026302121043432,0.6355666646173268,0.5855158477653009,2400
cancellation_050,21018,FPA_SOFT,0.01803677409324495,0.4936250767922497,0.9467004421081779,2400
cancellation_050,21018,ORACLE_RIDGE,5.812070839322201e-08,0.4800252362208918,0.9999998282504374,2400
cancellation_050,21019,ZERO,0.3627266428328063,0.8516831565202744,0.0,2400
cancellation_050,21019,DIRECT,0.0053334558586151486,0.4625451603345789,0.9852962114473804,2400
cancellation_050,21019,HARD_FPA,0.02121201007359281,0.47870056194701677,0.941520672680859,2400
cancellation_050,21019,ORDINARY_SOFT,0.14660774214355116,0.623481965919308,0.5958175528585918,2400
cancellation_050,21019,FPA_SOFT,0.02126026815179072,0.4780965034745149,0.9413876301289775,2400
cancellation_050,21019,ORACLE_RIDGE,6.389268968574417e-08,0.45871634975544434,0.9999998238544343,2400
cancellation_050,21020,ZERO,0.34926656425622393,0.8391183579833537,0.0,2400
cancellation_050,21020,DIRECT,0.002588379130246145,0.4896170204833655,0.9925891012907055,2400
cancellation_050,21020,HARD_FPA,0.013980160265746588,0.496884360070259,0.9599728067428446,2400
cancellation_050,21020,ORDINARY_SOFT,0.1366644790485219,0.624454211722069,0.6087100998644003,2400
cancellation_050,21020,FPA_SOFT,0.01451203419916059,0.49702316383896045,0.9584499757940915,2400
cancellation_050,21020,ORACLE_RIDGE,6.309884926767632e-08,0.48777601298978057,0.9999998193389928,2400
cancellation_050,21021,ZERO,0.34916274708302353,0.8614881966506497,0.0,2400
cancellation_050,21021,DIRECT,0.003086086733916625,0.5164639809221582,0.9911614662225612,2400
cancellation_050,21021,HARD_FPA,0.017895497672625663,0.5291897161629618,0.9487474026879205,2400
cancellation_050,21021,ORDINARY_SOFT,0.14368069303853592,0.6563847159440053,0.5884993624352151,2400
cancellation_050,21021,FPA_SOFT,0.017218393397037207,0.5282794082221987,0.9506866252460116,2400
cancellation_050,21021,ORACLE_RIDGE,6.336025198171577e-08,0.512570578488821,0.9999998185366208,2400
cancellation_050,21022,ZERO,0.32340843347214726,0.87470983765496,0.0,2400
cancellation_050,21022,DIRECT,0.0023526015281888483,0.5459210655509007,0.9927256024126178,2400
cancellation_050,21022,HARD_FPA,0.014255761689597808,0.5600189154155852,0.9559202537282456,2400
cancellation_050,21022,ORDINARY_SOFT,0.12011982596292002,0.6701108780187021,0.6285816523913714,2400
cancellation_050,21022,FPA_SOFT,0.01449432398579828,0.5614692397186555,0.9551826035264892,2400
cancellation_050,21022,ORACLE_RIDGE,5.838459409339643e-08,0.5431839937251024,0.9999998194710216,2400
cancellation_050,21023,ZERO,0.322714451961352,0.8065682786398424,0.0,2400
cancellation_050,21023,DIRECT,0.0029983965972200733,0.47840309322080715,0.9907088245382356,2400
cancellation_050,21023,HARD_FPA,0.014018345675073545,0.48335737465923595,0.9565611468904641,2400
cancellation_050,21023,ORDINARY_SOFT,0.12919226657289448,0.6092516223343066,0.5996700309276313,2400
cancellation_050,21023,FPA_SOFT,0.014188384010608252,0.48419246926835285,0.9560342466091124,2400
cancellation_050,21023,ORACLE_RIDGE,5.4854443949844776e-08,0.47167101713320697,0.9999998300217309,2400
cancellation_050,21024,ZERO,0.3541133655086949,0.8559712215476931,0.0,2400
cancellation_050,21024,DIRECT,0.007678798923020629,0.5205962096319489,0.9783154219214805,2400
cancellation_050,21024,HARD_FPA,0.021047499580746386,0.5316195737443575,0.9405628207494766,2400
cancellation_050,21024,ORDINARY_SOFT,0.15251662193467078,0.6585222433934104,0.5693000129617365,2400
cancellation_050,21024,FPA_SOFT,0.021266439399734948,0.5326729730520623,0.9399445446822233,2400
cancellation_050,21024,ORACLE_RIDGE,6.669808987078552e-08,0.5173059110277238,0.999999811647635,2400
cancellation_050,21025,ZERO,0.3537363829769993,0.8415898667982216,0.0,2400
cancellation_050,21025,DIRECT,0.003578041704891568,0.49532014677382125,0.9898850051137538,2400
cancellation_050,21025,HARD_FPA,0.014161494457105756,0.5035939765618326,0.9599659657908964,2400
cancellation_050,21025,ORDINARY_SOFT,0.1392318716721078,0.6277969121585553,0.606396519067814,2400
cancellation_050,21025,FPA_SOFT,0.013793712097804146,0.5034979346977776,0.9610056732595103,2400
cancellation_050,21025,ORACLE_RIDGE,6.568672115583534e-08,0.49410576014083707,0.9999998143060077,2400
cancellation_050,21026,ZERO,0.34765955622678424,0.7898827474903821,0.0,2400
cancellation_050,21026,DIRECT,0.003622886806263578,0.4636166938316357,0.9895792112100025,2400
cancellation_050,21026,HARD_FPA,0.017833280278649184,0.4860511709055976,0.9487047602769871,2400
cancellation_050,21026,ORDINARY_SOFT,0.1379071025090961,0.5877400618692148,0.6033271629123953,2400
cancellation_050,21026,FPA_SOFT,0.01756165243813275,0.48466827693503567,0.9494860643880101,2400
cancellation_050,21026,ORACLE_RIDGE,6.097023474804075e-08,0.459939185333722,0.9999998246266105,2400
cancellation_050,21027,ZERO,0.3576164659848719,0.7925690564359767,0.0,2400
cancellation_050,21027,DIRECT,0.0021873127833609775,0.46519491249096184,0.9938836351471201,2400
cancellation_050,21027,HARD_FPA,0.01680177610663351,0.47896599234173454,0.9530173308425226,2400
cancellation_050,21027,ORDINARY_SOFT,0.13745853315240897,0.5812010474664491,0.6156258275919996,2400
cancellation_050,21027,FPA_SOFT,0.017718995419980697,0.4795203388648099,0.9504525179756956,2400
cancellation_050,21027,ORACLE_RIDGE,5.768605919689638e-08,0.46497135506236104,0.9999998386929443,2400
cancellation_050,21028,ZERO,0.3431225350213031,0.8438463392216594,0.0,2400
cancellation_050,21028,DIRECT,0.003491022579338317,0.4994260362276898,0.9898257263134245,2400
cancellation_050,21028,HARD_FPA,0.01291317430600727,0.5127507929179944,0.962365706160321,2400
cancellation_050,21028,ORDINARY_SOFT,0.13055141990770358,0.6302873356029556,0.6195195401561189,2400
cancellation_050,21028,FPA_SOFT,0.014158493191074794,0.514687861269151,0.9587363354313183,2400
cancellation_050,21028,ORACLE_RIDGE,6.131849428796887e-08,0.49823618997175023,0.9999998212927219,2400
cancellation_050,21029,ZERO,0.34061852889453226,0.8107573432431127,0.0,2400
cancellation_050,21029,DIRECT,0.004149224438556387,0.49223862337544866,0.9878185592192457,2400
cancellation_050,21029,HARD_FPA,0.025742564370480992,0.5152001738204725,0.9244240633237782,2400
cancellation_050,21029,ORDINARY_SOFT,0.13411791567200215,0.6110726326891184,0.6062518498119347,2400
cancellation_050,21029,FPA_SOFT,0.02571709205550995,0.5152065797425476,0.9244988458526492,2400
cancellation_050,21029,ORACLE_RIDGE,5.858389717429187e-08,0.4877903853877635,0.9999998280073096,2400
cancellation_050,21030,ZERO,0.35009954493069745,0.7260363301616004,0.0,2400
cancellation_050,21030,DIRECT,0.0027691627674384994,0.4588567271498281,0.9920903559929315,2400
cancellation_050,21030,HARD_FPA,0.015200877161900973,0.4724585807664435,0.9565812712926833,2400
cancellation_050,21030,ORDINARY_SOFT,0.14077454752795499,0.5444411101542916,0.5979013695781255,2400
cancellation_050,21030,FPA_SOFT,0.014659742495026743,0.47365124434825173,0.9581269307335756,2400
cancellation_050,21030,ORACLE_RIDGE,6.295171582234983e-08,0.46046299178466626,0.9999998201890955,2400
cancellation_050,21031,ZERO,0.34124222893438855,0.8571580233954516,0.0,2400
cancellation_050,21031,DIRECT,0.005421732204623877,0.5087145549604852,0.984111778247509,2400
cancellation_050,21031,HARD_FPA,0.019457510297149934,0.5257922266488038,0.9429803563354081,2400
cancellation_050,21031,ORDINARY_SOFT,0.13699286234565183,0.6482849967983606,0.5985465726986803,2400
cancellation_050,21031,FPA_SOFT,0.019225727850494874,0.5245022246212308,0.9436595877640002,2400
cancellation_050,21031,ORACLE_RIDGE,5.43940078152674e-08,0.5010541947110971,0.9999998406000102,2400
cancellation_050,21032,ZERO,0.3634734684073643,0.8577241554672501,0.0,2400
cancellation_050,21032,DIRECT,0.003368381441588247,0.4957754821183037,0.9907327996831584,2400
cancellation_050,21032,HARD_FPA,0.012860488247212908,0.49896282356874794,0.9646178074466787,2400
cancellation_050,21032,ORDINARY_SOFT,0.1441515104826502,0.6361991204437678,0.6034056870387803,2400
cancellation_050,21032,FPA_SOFT,0.014208766176973864,0.5003460463221723,0.9609083814583976,2400
cancellation_050,21032,ORACLE_RIDGE,6.390919886303836e-08,0.49375253967885047,0.9999998241709384,2400
cancellation_050,21033,ZERO,0.34074831633107006,0.8429963776494593,0.0,2400
cancellation_050,21033,DIRECT,0.0029630707675255964,0.5059822877000111,0.9913042247737868,2400
cancellation_050,21033,HARD_FPA,0.015405538082015478,0.5198777745308625,0.9547890999201666,2400
cancellation_050,21033,ORDINARY_SOFT,0.1344695332650598,0.6374807037954892,0.6053699260705676,2400
cancellation_050,21033,FPA_SOFT,0.016958271606458405,0.5227255283130562,0.9502322658874658,2400
cancellation_050,21033,ORACLE_RIDGE,6.108426871432057e-08,0.5032834912230868,0.9999998207349361,2400
cancellation_050,21034,ZERO,0.36033376188831456,0.8284812365239085,0.0,2400
cancellation_050,21034,DIRECT,0.0031950382492506634,0.4625919050773419,0.9911331143867641,2400
cancellation_050,21034,HARD_FPA,0.016054416856382373,0.47333097885805936,0.9554457046371402,2400
cancellation_050,21034,ORDINARY_SOFT,0.147798305821735,0.6128136736806262,0.589829426342944,2400
cancellation_050,21034,FPA_SOFT,0.015740642488376498,0.47400554586443927,0.9563164927818911,2400
cancellation_050,21034,ORACLE_RIDGE,6.203470477505816e-08,0.4571638547526267,0.9999998278409871,2400
cancellation_050,21035,ZERO,0.3510145598882978,0.8541559412066264,0.0,2400
cancellation_050,21035,DIRECT,0.0034522897874564233,0.4800349955836276,0.9901648245344722,2400
cancellation_050,21035,HARD_FPA,0.018863885539857565,0.49868029936185126,0.9462589655943031,2400
cancellation_050,21035,ORDINARY_SOFT,0.14227586261655445,0.6362268913922041,0.5946724755183077,2400
cancellation_050,21035,FPA_SOFT,0.01840179231236883,0.497065409038374,0.9475754159080331,2400
cancellation_050,21035,ORACLE_RIDGE,6.046737389210521e-08,0.47542913796180547,0.9999998277354253,2400
cancellation_050,21036,ZERO,0.34028718981386546,0.8205392437619821,0.0,2400
cancellation_050,21036,DIRECT,0.00598016426183756,0.5033156456837008,0.9824261258112341,2400
cancellation_050,21036,HARD_FPA,0.02312306822933383,0.524200382005841,0.9320483728994265,2400
cancellation_050,21036,ORDINARY_SOFT,0.1355084673667494,0.6217945413996548,0.601782049330533,2400
cancellation_050,21036,FPA_SOFT,0.022319341413795084,0.5240814143791859,0.9344102802517967,2400
cancellation_050,21036,ORACLE_RIDGE,5.550163758324414e-08,0.49925380661597474,0.999999836897658,2400
cancellation_050,21037,ZERO,0.31947324651420494,0.7732669791683403,0.0,2400
cancellation_050,21037,DIRECT,0.003952670632251762,0.4444189715870804,0.9876275379069152,2400
cancellation_050,21037,HARD_FPA,0.01734235882853986,0.4573060603039986,0.9457157711396382,2400
cancellation_050,21037,ORDINARY_SOFT,0.1226219926857847,0.5711310962184064,0.6161744558465477,2400
cancellation_050,21037,FPA_SOFT,0.018945101373457847,0.458664708113893,0.9406989424617893,2400
cancellation_050,21037,ORACLE_RIDGE,6.119727551070574e-08,0.4392291475823961,0.9999998084431915,2400
cancellation_050,21038,ZERO,0.33261289155487783,0.8350849814817847,0.0,2400
cancellation_050,21038,DIRECT,0.004221050934911995,0.49316001416300054,0.987309418720424,2400
cancellation_050,21038,HARD_FPA,0.01842276557098229,0.4981919602618046,0.9446119917816153,2400
cancellation_050,21038,ORDINARY_SOFT,0.12065333753259745,0.6174575038347742,0.6372559795605792,2400
cancellation_050,21038,FPA_SOFT,0.020426675203375485,0.49920248510478793,0.9385872414388806,2400
cancellation_050,21038,ORACLE_RIDGE,5.562540447841513e-08,0.4875538407549188,0.9999998327623315,2400
cancellation_050,21039,ZERO,0.3502323637699711,0.8357282148995852,0.0,2400
cancellation_050,21039,DIRECT,0.0036822122629809315,0.4871606594924801,0.9894863734940288,2400
cancellation_050,21039,HARD_FPA,0.022011787701476843,0.5067942130671981,0.9371509032902112,2400
cancellation_050,21039,ORDINARY_SOFT,0.12922182932810464,0.6144463470302877,0.6310397247783298,2400
cancellation_050,21039,FPA_SOFT,0.0232565213109551,0.5092059265813176,0.9335968810517188,2400
cancellation_050,21039,ORACLE_RIDGE,5.459990017483481e-08,0.48515546519919495,0.9999998441037842,2400
cancellation_050,21040,ZERO,0.3420720026998025,0.8801942844747063,0.0,2400
cancellation_050,21040,DIRECT,0.004637710021320978,0.5424503524097618,0.9864422987420255,2400
cancellation_050,21040,HARD_FPA,0.017490340793136838,0.5555608074280595,0.948869417388461,2400
cancellation_050,21040,ORDINARY_SOFT,0.13538407274123596,0.6726946306527071,0.6042234626841206,2400
cancellation_050,21040,FPA_SOFT,0.01803338033533283,0.5557689593140194,0.947281916692964,2400
cancellation_050,21040,ORACLE_RIDGE,6.511591526641961e-08,0.5428218464139872,0.9999998096426637,2400
cancellation_050,21041,ZERO,0.35140714983440036,0.8521823885134953,0.0,2400
cancellation_050,21041,DIRECT,0.002502217399595706,0.49090033519640686,0.9928794351487302,2400
cancellation_050,21041,HARD_FPA,0.01471209269935984,0.5034372235589791,0.958133769599472,2400
cancellation_050,21041,ORDINARY_SOFT,0.14397654431502724,0.641108890440951,0.5902856718115275,2400
cancellation_050,21041,FPA_SOFT,0.014945189767815482,0.5040020192664675,0.9574704448248752,2400
cancellation_050,21041,ORACLE_RIDGE,6.567845445015127e-08,0.4875270003481027,0.9999998130986962,2400
cancellation_050,21042,ZERO,0.33683099802836336,0.7818766518899306,0.0,2400
cancellation_050,21042,DIRECT,0.004543264822877203,0.48237289450572246,0.9865117377869876,2400
cancellation_050,21042,HARD_FPA,0.02230487507616196,0.5069310852818728,0.9337802185466204,2400
cancellation_050,21042,ORDINARY_SOFT,0.13326674176776648,0.5918347653416254,0.6043513140184783,2400
cancellation_050,21042,FPA_SOFT,0.02194824944897879,0.5059224557127836,0.9348389857897502,2400
cancellation_050,21042,ORACLE_RIDGE,5.579000406964349e-08,0.47218434865245923,0.9999998343679638,2400
cancellation_050,21043,ZERO,0.36026923064158733,0.8443538543158488,0.0,2400
cancellation_050,21043,DIRECT,0.004989264928677633,0.4920926327066233,0.9861512876917286,2400
cancellation_050,21043,HARD_FPA,0.01612359682678551,0.4983301125123837,0.9552457011161577,2400
cancellation_050,21043,ORDINARY_SOFT,0.14848628121619437,0.632246649729656,0.5878463421598292,2400
cancellation_050,21043,FPA_SOFT,0.015756892125316457,0.4978167302128698,0.9562635640649753,2400
cancellation_050,21043,ORACLE_RIDGE,7.149807114616013e-08,0.48672542505158484,0.9999998015426657,2400
cancellation_050,21044,ZERO,0.3449257988902131,0.804093956057251,0.0,2400
cancellation_050,21044,DIRECT,0.005042102159139586,0.4783476264932541,0.9853820671710775,2400
cancellation_050,21044,HARD_FPA,0.02138685843395886,0.4857946197231747,0.9379957703866445,2400
cancellation_050,21044,ORDINARY_SOFT,0.1281623503528607,0.5917320346877656,0.6284350119207707,2400
cancellation_050,21044,FPA_SOFT,0.021318815641502984,0.48433261694164986,0.9381930382995545,2400
cancellation_050,21044,ORACLE_RIDGE,5.9256221410551733e-08,0.47043682971875683,0.9999998282058877,2400
cancellation_050,21045,ZERO,0.3221398029697141,0.8324217304299448,0.0,2400
cancellation_050,21045,DIRECT,0.00406161452264318,0.49112834375851,0.9873917644289829,2400
cancellation_050,21045,HARD_FPA,0.019407469406463977,0.5052051061577125,0.9397545127067438,2400
cancellation_050,21045,ORDINARY_SOFT,0.11670583594186518,0.6175040412071756,0.6377168084602161,2400
cancellation_050,21045,FPA_SOFT,0.021493174776005312,0.5055543032499998,0.9332799778920025,2400
cancellation_050,21045,ORACLE_RIDGE,5.948085031909018e-08,0.4872887510450814,0.999999815357029,2400
cancellation_050,21046,ZERO,0.33147776256726263,0.8203355463570283,0.0,2400
cancellation_050,21046,DIRECT,0.0022753268866098205,0.4757452156706669,0.9931358083601517,2400
cancellation_050,21046,HARD_FPA,0.014551357160685315,0.48579034743204924,0.9561015585239068,2400
cancellation_050,21046,ORDINARY_SOFT,0.13756996584318482,0.620468383041942,0.5849798044438367,2400
cancellation_050,21046,FPA_SOFT,0.015018521886872771,0.48690197717255973,0.9546922189574474,2400
cancellation_050,21046,ORACLE_RIDGE,6.354190849122408e-08,0.4707379108648129,0.9999998083071757,2400
cancellation_050,21047,ZERO,0.3528077461747292,0.8789971487530673,0.0,2400
cancellation_050,21047,DIRECT,0.004363739136138075,0.4812890123836841,0.9876313964660602,2400
cancellation_050,21047,HARD_FPA,0.018849953471067528,0.48882167526272097,0.9465715997580959,2400
cancellation_050,21047,ORDINARY_SOFT,0.13506587764134925,0.6428400717229569,0.617168616319276,2400
cancellation_050,21047,FPA_SOFT,0.019080012013421133,0.4889682772222507,0.9459195207013066,2400
cancellation_050,21047,ORACLE_RIDGE,6.115968113636576e-08,0.4740833594283843,0.9999998266487009,2400
cancellation_050,21048,ZERO,0.3404815980411249,0.8030849536679597,0.0,2400
cancellation_050,21048,DIRECT,0.00504814436477176,0.46064997417053016,0.9851735177647926,2400
cancellation_050,21048,HARD_FPA,0.016637238178298853,0.47739367006280437,0.9511361604444498,2400
cancellation_050,21048,ORDINARY_SOFT,0.13003374789565778,0.5903822297735656,0.6180887641394595,2400
cancellation_050,21048,FPA_SOFT,0.017244104312142197,0.4778215762969389,0.9493537847233101,2400
cancellation_050,21048,ORACLE_RIDGE,6.018391982323054e-08,0.45507923707195164,0.9999998232388471,2400
cancellation_050,21049,ZERO,0.34970990269496616,0.8400402890581582,0.0,2400
cancellation_050,21049,DIRECT,0.0034812821415378834,0.5172746211142457,0.9900452285888672,2400
cancellation_050,21049,HARD_FPA,0.02418379327093344,0.5440510953881085,0.9308461296504157,2400
cancellation_050,21049,ORDINARY_SOFT,0.13740046471582254,0.6365002111197197,0.6071015900408463,2400
cancellation_050,21049,FPA_SOFT,0.024899854727893498,0.5454877447917236,0.9287985426320273,2400
cancellation_050,21049,ORACLE_RIDGE,5.977249496531277e-08,0.5182064367097572,0.9999998290797758,2400
cancellation_050,21050,ZERO,0.32584169730172297,0.8233280468364219,0.0,2400
cancellation_050,21050,DIRECT,0.005988519551724345,0.48189705572621544,0.981621383631024,2400
cancellation_050,21050,HARD_FPA,0.020132901260712256,0.4937184395612875,0.9382126307730665,2400
cancellation_050,21050,ORDINARY_SOFT,0.1295984624843032,0.6184101097400515,0.6022655677358026,2400
cancellation_050,21050,FPA_SOFT,0.01985565495739678,0.49385551736343813,0.9390634927272342,2400
cancellation_050,21050,ORACLE_RIDGE,6.066967004008481e-08,0.4784437916749181,0.9999998138063037,2400
cancellation_050,21051,ZERO,0.31185688360735286,0.8133177417382091,0.0,2400
cancellation_050,21051,DIRECT,0.0033125590173027335,0.487657828504432,0.9893779512608949,2400
cancellation_050,21051,HARD_FPA,0.01725263547969831,0.4997086294378026,0.9446777147256418,2400
cancellation_050,21051,ORDINARY_SOFT,0.11642067207501328,0.6098093580943429,0.626685578563037,2400
cancellation_050,21051,FPA_SOFT,0.01882667387299773,0.500367378564511,0.9396304046419521,2400
cancellation_050,21051,ORACLE_RIDGE,5.362150028695342e-08,0.48229625439420365,0.9999998280573459,2400
cancellation_050,21052,ZERO,0.3152790976314389,0.8395894432075365,0.0,2400
cancellation_050,21052,DIRECT,0.0049594516323228305,0.5209674215746435,0.9842696465779649,2400
cancellation_050,21052,HARD_FPA,0.015218250046388278,0.5310543656123575,0.9517308627158708,2400
cancellation_050,21052,ORDINARY_SOFT,0.12708515279849172,0.6454942813867316,0.5969122160231053,2400
cancellation_050,21052,FPA_SOFT,0.01600555922110863,0.5314766778821588,0.949233681073843,2400
cancellation_050,21052,ORACLE_RIDGE,5.588664388669495e-08,0.5242033750450001,0.9999998227391403,2400
cancellation_050,21053,ZERO,0.339690896071103,0.7726943490958259,0.0,2400
cancellation_050,21053,DIRECT,0.003961688784644837,0.47055045775411314,0.9883373713265027,2400
cancellation_050,21053,HARD_FPA,0.018744019553593987,0.47638683830265205,0.9448203653074336,2400
cancellation_050,21053,ORDINARY_SOFT,0.12851927979709038,0.572542342011073,0.62165815662546,2400
cancellation_050,21053,FPA_SOFT,0.019172686907736367,0.47708139944737005,0.9435584317110365,2400
cancellation_050,21053,ORACLE_RIDGE,6.539636597607558e-08,0.4671019143397638,0.9999998074827241,2400
cancellation_050,21054,ZERO,0.3731962972051347,0.8815692444860811,0.0,2400
cancellation_050,21054,DIRECT,0.003955984181222003,0.5376321362205777,0.9893997228513564,2400
cancellation_050,21054,HARD_FPA,0.017717692471710025,0.5523144722352672,0.9525244687463468,2400
cancellation_050,21054,ORDINARY_SOFT,0.14136719652918084,0.6594906369867463,0.6211988232791186,2400
cancellation_050,21054,FPA_SOFT,0.018797856299502317,0.5540070230560327,0.9496301103728001,2400
cancellation_050,21054,ORACLE_RIDGE,5.711374531003918e-08,0.5303382944539211,0.9999998469605789,2400
cancellation_050,21055,ZERO,0.34669945598464486,0.9306254618074052,0.0,2400
cancellation_050,21055,DIRECT,0.0046387422363687505,0.5265618211289542,0.9866202782949444,2400
cancellation_050,21055,HARD_FPA,0.02244812476579241,0.5429211804655701,0.9352519181143837,2400
cancellation_050,21055,ORDINARY_SOFT,0.1411172386793198,0.7020115570170152,0.5929695410725715,2400
cancellation_050,21055,FPA_SOFT,0.0231709099543295,0.5427681435708407,0.9331671580258962,2400
cancellation_050,21055,ORACLE_RIDGE,6.352376451327375e-08,0.5233087316540521,0.9999998167757018,2400
cancellation_050,21056,ZERO,0.32754948448106413,0.810796887010062,0.0,2400
cancellation_050,21056,DIRECT,0.002223873788722653,0.46137989773600574,0.9932105715499875,2400
cancellation_050,21056,HARD_FPA,0.015585261613411791,0.4760477953749835,0.9524186043580454,2400
cancellation_050,21056,ORDINARY_SOFT,0.1271059293585881,0.6018598302966083,0.6119489256410776,2400
cancellation_050,21056,FPA_SOFT,0.016343848003715876,0.47709860600970105,0.9501026599702656,2400
cancellation_050,21056,ORACLE_RIDGE,6.1004880022629e-08,0.4596515813359819,0.9999998137536985,2400
cancellation_050,21057,ZERO,0.3603018210385713,0.8320315090681284,0.0,2400
cancellation_050,21057,DIRECT,0.004882370057404622,0.4887004755998266,0.9864492218126149,2400
cancellation_050,21057,HARD_FPA,0.018252680501559624,0.5084921772376853,0.9493405821570754,2400
cancellation_050,21057,ORDINARY_SOFT,0.15292044607938715,0.629663924722902,0.5755768160188771,2400
cancellation_050,21057,FPA_SOFT,0.016091019575917805,0.5054874775652346,0.9553401658378096,2400
cancellation_050,21057,ORACLE_RIDGE,6.719646117336602e-08,0.4839936294384669,0.9999998134995238,2400
cancellation_050,21058,ZERO,0.3316132486599047,0.7326198901369061,0.0,2400
cancellation_050,21058,DIRECT,0.0023318815086772367,0.47142879534148807,0.9929680689233596,2400
cancellation_050,21058,HARD_FPA,0.013062143159443606,0.4806949050706065,0.9606103097140131,2400
cancellation_050,21058,ORDINARY_SOFT,0.12569306390085577,0.552029428553467,0.6209648908516203,2400
cancellation_050,21058,FPA_SOFT,0.014588473221610028,0.48353646658205035,0.9560075682121747,2400
cancellation_050,21058,ORACLE_RIDGE,6.147487969620352e-08,0.46464777843576777,0.9999998146187465,2400
cancellation_050,21059,ZERO,0.3580357604217869,0.8777050788786956,0.0,2400
cancellation_050,21059,DIRECT,0.0032257138205966716,0.5013215041924824,0.9909905261508052,2400
cancellation_050,21059,HARD_FPA,0.015493757437639552,0.5129387397950617,0.9567256705883597,2400
cancellation_050,21059,ORDINARY_SOFT,0.14356630731083514,0.6558100964993713,0.5990168492060522,2400
cancellation_050,21059,FPA_SOFT,0.01516779193003177,0.5127785440885899,0.9576360978239625,2400
cancellation_050,21059,ORACLE_RIDGE,6.471069769200199e-08,0.4990001134332543,0.9999998192619151,2400
cancellation_050,21060,ZERO,0.33613281616301277,0.8458519254205756,0.0,2400
cancellation_050,21060,DIRECT,0.004191374244878003,0.47590168896575563,0.9875306008716348,2400
cancellation_050,21060,HARD_FPA,0.015771321893536017,0.4773670532012979,0.9530800887769093,2400
cancellation_050,21060,ORDINARY_SOFT,0.13072357801786694,0.6244055547654976,0.6110954606869728,2400
cancellation_050,21060,FPA_SOFT,0.01583063996248774,0.4764687037296668,0.9529036166620208,2400
cancellation_050,21060,ORACLE_RIDGE,5.91031211905769e-08,0.4723662222296643,0.9999998241673578,2400
cancellation_050,21061,ZERO,0.3349152163161198,0.8698950686072174,0.0,2400
cancellation_050,21061,DIRECT,0.004158578501134615,0.4860272060591014,0.9875831903164131,2400
cancellation_050,21061,HARD_FPA,0.013790343605281911,0.4951234558283235,0.9588243742491966,2400
cancellation_050,21061,ORDINARY_SOFT,0.1339266958782409,0.6478947588433516,0.6001176137908582,2400
cancellation_050,21061,FPA_SOFT,0.013625153974628806,0.4928392985656295,0.959317602453248,2400
cancellation_050,21061,ORACLE_RIDGE,6.630400175531349e-08,0.48188820213910993,0.9999998020275027,2400
cancellation_050,21062,ZERO,0.3482087937901565,0.8391572918135312,0.0,2400
cancellation_050,21062,DIRECT,0.004726390533748446,0.4959624791492628,0.9864265618271642,2400
cancellation_050,21062,HARD_FPA,0.02246798690735745,0.5121196532137585,0.9354755327606761,2400
cancellation_050,21062,ORDINARY_SOFT,0.13467287378545795,0.6258917018016222,0.6132410318545349,2400
cancellation_050,21062,FPA_SOFT,0.021090744751080182,0.511449514552877,0.9394307521027448,2400
cancellation_050,21062,ORACLE_RIDGE,5.972961392340537e-08,0.48732179285407917,0.9999998284660957,2400
cancellation_050,21063,ZERO,0.3404246789357096,0.812412116383008,0.0,2400
cancellation_050,21063,DIRECT,0.006433585072655535,0.4635796812949722,0.9811012964959849,2400
cancellation_050,21063,HARD_FPA,0.015854458927038587,0.4697090546413379,0.9534274102083158,2400
cancellation_050,21063,ORDINARY_SOFT,0.14419923476293453,0.6095730715681275,0.57641368653485,2400
cancellation_050,21063,FPA_SOFT,0.015801963867859734,0.46997180754191753,0.9535816148310329,2400
cancellation_050,21063,ORACLE_RIDGE,6.335786590539972e-08,0.45853159489531,0.9999998138858026,2400
cancellation_050,21064,ZERO,0.34121968917126533,0.7957196778171224,0.0,2400
cancellation_050,21064,DIRECT,0.00409522820936792,0.49942997857767824,0.9879982652252155,2400
cancellation_050,21064,HARD_FPA,0.01682295900116527,0.5176243562374927,0.9506975724583071,2400
cancellation_050,21064,ORDINARY_SOFT,0.14092410434972316,0.6112998361637383,0.5869989076773633,2400
cancellation_050,21064,FPA_SOFT,0.016406406752618643,0.5163720445470212,0.9519183468208837,2400
cancellation_050,21064,ORACLE_RIDGE,6.20525221591989e-08,0.4954902474901928,0.9999998181449543,2400
cancellation_050,21065,ZERO,0.3255205404193619,0.9053229143109452,0.0,2400
cancellation_050,21065,DIRECT,0.005477762260358955,0.5118685108068475,0.9831722991940783,2400
cancellation_050,21065,HARD_FPA,0.017533495930787766,0.5265329779144775,0.9461370520330309,2400
cancellation_050,21065,ORDINARY_SOFT,0.12860535405283188,0.6820768444084618,0.6049239968477809,2400
cancellation_050,21065,FPA_SOFT,0.01851684887905072,0.5266936258235736,0.9431161890576988,2400
cancellation_050,21065,ORACLE_RIDGE,5.7931668211180903e-08,0.5088357120158699,0.9999998220337551,2400
cancellation_050,21066,ZERO,0.3620098615312212,0.8266699580182876,0.0,2400
cancellation_050,21066,DIRECT,0.008004080014174185,0.47057989801310496,0.9778898840481342,2400
cancellation_050,21066,HARD_FPA,0.021535643578956556,0.4843679417959013,0.9405108924716427,2400
cancellation_050,21066,ORDINARY_SOFT,0.14081528579913097,0.6037909629085346,0.611018094359326,2400
cancellation_050,21066,FPA_SOFT,0.021201681813637314,0.48284555741003016,0.9414334136535427,2400
cancellation_050,21066,ORACLE_RIDGE,6.03174825712066e-08,0.46373831557578693,0.999999833381659,2400
cancellation_050,21067,ZERO,0.3316526317915544,0.837160703452235,0.0,2400
cancellation_050,21067,DIRECT,0.0041016852537093,0.4905746475933789,0.987632586445787,2400
cancellation_050,21067,HARD_FPA,0.01629140002136152,0.5068521598032244,0.9508781222891041,2400
cancellation_050,21067,ORDINARY_SOFT,0.13256646721315388,0.63117277050656,0.6002851944908651,2400
cancellation_050,21067,FPA_SOFT,0.015570585584459154,0.5052529843484905,0.9530515241192316,2400
cancellation_050,21067,ORACLE_RIDGE,5.5178315610407965e-08,0.48895582309891134,0.999999833626179,2400
cancellation_050,21068,ZERO,0.3297184744481774,0.8116657297658243,0.0,2400
cancellation_050,21068,DIRECT,0.003129449908947534,0.4725222800861138,0.9905087213745453,2400
cancellation_050,21068,HARD_FPA,0.01805582699747809,0.4845816712391612,0.9452386554083855,2400
cancellation_050,21068,ORDINARY_SOFT,0.1220885161023902,0.5987149027493464,0.6297189100285641,2400
cancellation_050,21068,FPA_SOFT,0.018774052555106426,0.4853675164611284,0.9430603560005941,2400
cancellation_050,21068,ORACLE_RIDGE,6.291851177706203e-08,0.46992544674737097,0.9999998091750488,2400
cancellation_050,21069,ZERO,0.33441725605996736,0.8350456410760243,0.0,2400
cancellation_050,21069,DIRECT,0.003250232119651871,0.4822814631031385,0.9902809078755522,2400
cancellation_050,21069,HARD_FPA,0.01724135173344701,0.4919256685730981,0.9484435942792518,2400
cancellation_050,21069,ORDINARY_SOFT,0.13736259077101737,0.6296781705486401,0.5892478983010804,2400
cancellation_050,21069,FPA_SOFT,0.01684724054851604,0.4912406199111628,0.9496220956208821,2400
cancellation_050,21069,ORACLE_RIDGE,6.58469616341834e-08,0.4790711415128139,0.9999998030993902,2400
cancellation_050,21070,ZERO,0.3431301463814531,0.82498406102996,0.0,2400
cancellation_050,21070,DIRECT,0.00292246064656684,0.5116399181853569,0.9914829382454843,2400
cancellation_050,21070,HARD_FPA,0.02533546183660942,0.5326209657747525,0.9261636958926822,2400
cancellation_050,21070,ORDINARY_SOFT,0.13557203814580124,0.6271571045025591,0.6048961609013286,2400
cancellation_050,21070,FPA_SOFT,0.02480652428501074,0.5307009299868574,0.9277052029773167,2400
cancellation_050,21070,ORACLE_RIDGE,6.361738800248718e-08,0.5066942853613247,0.9999998145969141,2400
cancellation_050,21071,ZERO,0.34216819439890683,0.8696561688233699,0.0,2400
cancellation_050,21071,DIRECT,0.00657301098541294,0.5356213494543016,0.9807901169862971,2400
cancellation_050,21071,HARD_FPA,0.023351142808446333,0.5564221883408798,0.931755367124441,2400
cancellation_050,21071,ORDINARY_SOFT,0.1355927787048871,0.6652628768566416,0.6037247735924567,2400
cancellation_050,21071,FPA_SOFT,0.023976502596175404,0.5572657085710321,0.9299277285596478,2400
cancellation_050,21071,ORACLE_RIDGE,6.228711356389914e-08,0.5292108711267939,0.9999998179634618,2400
cancellation_050,21072,ZERO,0.344150045776389,0.8284255666830922,0.0,2400
cancellation_050,21072,DIRECT,0.0033058988699680774,0.493657707635683,0.9903940187992417,2400
cancellation_050,21072,HARD_FPA,0.014233816315463565,0.514382479681926,0.9586406670864953,2400
cancellation_050,21072,ORDINARY_SOFT,0.13669765806010473,0.6236739448086309,0.6027963391615416,2400
cancellation_050,21072,FPA_SOFT,0.01483559102083844,0.5151981222859677,0.9568920847086627,2400
cancellation_050,21072,ORACLE_RIDGE,5.8443190187682414e-08,0.4889238255210604,0.9999998301810769,2400
cancellation_050,21073,ZERO,0.34919722642534745,0.8699494934467524,0.0,2400
cancellation_050,21073,DIRECT,0.005336585440331466,0.5162944433042866,0.9847175606319647,2400
cancellation_050,21073,HARD_FPA,0.017737202809336362,0.5255532362987883,0.9492057740810027,2400
cancellation_050,21073,ORDINARY_SOFT,0.13595511837579938,0.6531621702555751,0.6106638080504219,2400
cancellation_050,21073,FPA_SOFT,0.019369415401756702,0.5262639858088053,0.9445315886382117,2400
cancellation_050,21073,ORACLE_RIDGE,5.9376952301468185e-08,0.507128463781526,0.9999998299615581,2400
cancellation_050,21074,ZERO,0.3414834859937274,0.7929053578440847,0.0,2400
cancellation_050,21074,DIRECT,0.00294779783606311,0.4772589066845841,0.9913676708919469,2400
cancellation_050,21074,HARD_FPA,0.014351777145545419,0.4920513726764557,0.9579722659097809,2400
cancellation_050,21074,ORDINARY_SOFT,0.13612133508350086,0.5968599461919217,0.601382378162787,2400
cancellation_050,21074,FPA_SOFT,0.014306391025151044,0.4914013853769279,0.9581051745927947,2400
cancellation_050,21074,ORACLE_RIDGE,6.05203298934107e-08,0.47807600210770107,0.9999998227723086,2400
cancellation_050,21075,ZERO,0.35662108560526784,0.8601636003400862,0.0,2400
cancellation_050,21075,DIRECT,0.004641177842676743,0.5067351679263079,0.98698568864822,2400
cancellation_050,21075,HARD_FPA,0.021666436625610904,0.5319964493081002,0.9392452171221508,2400
cancellation_050,21075,ORDINARY_SOFT,0.13859487131433476,0.6427998828641873,0.6113665823233434,2400
cancellation_050,21075,FPA_SOFT,0.0220183106730935,0.5331825765730095,0.9382585282759617,2400
cancellation_050,21075,ORACLE_RIDGE,6.87935960969823e-08,0.502453689597857,0.999999807096106,2400
cancellation_050,21076,ZERO,0.3515240117832469,0.8199434299883673,0.0,2400
cancellation_050,21076,DIRECT,0.004743536183051508,0.47101819603489975,0.9865057975442758,2400
cancellation_050,21076,HARD_FPA,0.015800674600135987,0.479507081189447,0.9550509379999941,2400
cancellation_050,21076,ORDINARY_SOFT,0.13990557922777874,0.6066449850989497,0.6020027806406412,2400
cancellation_050,21076,FPA_SOFT,0.017458572932610095,0.4815076529636045,0.950334621967801,2400
cancellation_050,21076,ORACLE_RIDGE,5.902817540728851e-08,0.46562680425551073,0.9999998320792508,2400
cancellation_050,21077,ZERO,0.3389801639052489,0.8230885531509212,0.0,2400
cancellation_050,21077,DIRECT,0.00434105653880839,0.46462322881141394,0.9871937741465551,2400
cancellation_050,21077,HARD_FPA,0.01477566342108141,0.48381373882858403,0.9564114216865756,2400
cancellation_050,21077,ORDINARY_SOFT,0.12967332334983836,0.6068500852162065,0.617460438227635,2400
cancellation_050,21077,FPA_SOFT,0.015740107963088636,0.4839028648217129,0.9535662860571149,2400
cancellation_050,21077,ORACLE_RIDGE,6.364094815376298e-08,0.4613247817380982,0.999999812257604,2400
cancellation_050,21078,ZERO,0.32375239810898515,0.8316134707440974,0.0,2400
cancellation_050,21078,DIRECT,0.004511734328324785,0.4861610168357164,0.9860642442969457,2400
cancellation_050,21078,HARD_FPA,0.02722027154438269,0.5107261898926778,0.9159225639613039,2400
cancellation_050,21078,ORDINARY_SOFT,0.1211203923114032,0.6184589303858963,0.6258857292830606,2400
cancellation_050,21078,FPA_SOFT,0.02757573803659047,0.5120905483533253,0.9148246060950949,2400
cancellation_050,21078,ORACLE_RIDGE,5.924563868385359e-08,0.48827962990949325,0.9999998170032437,2400
cancellation_050,21079,ZERO,0.32537444840443297,0.7532927836105643,0.0,2400
cancellation_050,21079,DIRECT,0.004907773254987533,0.465828266228937,0.984916537610577,2400
cancellation_050,21079,HARD_FPA,0.0166365439010477,0.48597315355995857,0.9488695440510778,2400
cancellation_050,21079,ORDINARY_SOFT,0.13200089797469594,0.5735336335278798,0.5943108052214909,2400
cancellation_050,21079,FPA_SOFT,0.015758728659949272,0.48730131639975555,0.9515674056852752,2400
cancellation_050,21079,ORACLE_RIDGE,5.6208402083612024e-08,0.46305317052288786,0.9999998272501042,2400
cancellation_050,21080,ZERO,0.3384974665151856,0.8466219515736543,0.0,2400
cancellation_050,21080,DIRECT,0.004894068053339107,0.5263691418284296,0.9855417882333853,2400
cancellation_050,21080,HARD_FPA,0.015289684594584324,0.5325492176252754,0.9548307266462261,2400
cancellation_050,21080,ORDINARY_SOFT,0.13603504808079717,0.6480375827629139,0.5981209269266587,2400
cancellation_050,21080,FPA_SOFT,0.016085591491233463,0.5344826297670205,0.9524794331348065,2400
cancellation_050,21080,ORACLE_RIDGE,6.387710647863714e-08,0.5194514421982536,0.9999998112922169,2400
cancellation_050,21081,ZERO,0.3698178706413889,0.9230094827136488,0.0,2400
cancellation_050,21081,DIRECT,0.004420445225685978,0.5301771998397239,0.9880469669623606,2400
cancellation_050,21081,HARD_FPA,0.01766723902211162,0.5437852389325907,0.9522271895853203,2400
cancellation_050,21081,ORDINARY_SOFT,0.14923920466012194,0.691490706903525,0.5964521552155095,2400
cancellation_050,21081,FPA_SOFT,0.01784763603089742,0.5445109838094466,0.9517393899869047,2400
cancellation_050,21081,ORACLE_RIDGE,6.698895142737321e-08,0.5253315661455793,0.9999998188596151,2400
cancellation_050,21082,ZERO,0.32312851283358346,0.8253771852458113,0.0,2400
cancellation_050,21082,DIRECT,0.0033744975690212804,0.49138524550574253,0.9895567941701289,2400
cancellation_050,21082,HARD_FPA,0.014987437890281405,0.5040176478997427,0.953617717734491,2400
cancellation_050,21082,ORDINARY_SOFT,0.12325482519377412,0.6201857785984916,0.6185578793003252,2400
cancellation_050,21082,FPA_SOFT,0.017318942786489627,0.505836854167395,0.9464023071358943,2400
cancellation_050,21082,ORACLE_RIDGE,5.395718039727568e-08,0.4889921787899941,0.9999998330163441,2400
cancellation_050,21083,ZERO,0.3453306215953447,0.8624391585492257,0.0,2400
cancellation_050,21083,DIRECT,0.0037025944275122934,0.49530175674055743,0.9892781172709005,2400
cancellation_050,21083,HARD_FPA,0.019116021966288574,0.515017648584102,0.9446442893538455,2400
cancellation_050,21083,ORDINARY_SOFT,0.1369119461367737,0.6447383389003111,0.6035337222506556,2400
cancellation_050,21083,FPA_SOFT,0.019612229055976007,0.5169056133947968,0.943207384953665,2400
cancellation_050,21083,ORACLE_RIDGE,6.667756844243336e-08,0.49540542444872016,0.9999998069167219,2400
cancellation_050,21084,ZERO,0.3303283393310134,0.874190195339722,0.0,2400
cancellation_050,21084,DIRECT,0.00623226613556904,0.5428051928771651,0.9811331169823615,2400
cancellation_050,21084,HARD_FPA,0.024519872838079937,0.5683238506214949,0.9257712102820546,2400
cancellation_050,21084,ORDINARY_SOFT,0.12421757085362363,0.6661501733087872,0.6239572689851824,2400
cancellation_050,21084,FPA_SOFT,0.025363983161616675,0.5697099451139368,0.9232158427188407,2400
cancellation_050,21084,ORACLE_RIDGE,5.392929843263815e-08,0.5419832437064306,0.9999998367403217,2400
cancellation_050,21085,ZERO,0.35084911062329044,0.8305970850621872,0.0,2400
cancellation_050,21085,DIRECT,0.005454011510094696,0.4928278364844101,0.9844548230422886,2400
cancellation_050,21085,HARD_FPA,0.021435364878551626,0.5176299834612373,0.9389043203202901,2400
cancellation_050,21085,ORDINARY_SOFT,0.1443082727377301,0.6278731576314261,0.5886885034955238,2400
cancellation_050,21085,FPA_SOFT,0.021469559203122632,0.5177320441671036,0.9388068586949486,2400
cancellation_050,21085,ORACLE_RIDGE,6.855993828594317e-08,0.4877025009242768,0.9999998045885362,2400
cancellation_050,21086,ZERO,0.3659937377968575,0.8674521136959233,0.0,2400
cancellation_050,21086,DIRECT,0.003262435072863008,0.4968010326839869,0.9910860904547121,2400
cancellation_050,21086,HARD_FPA,0.017801525970646364,0.5131513521933982,0.9513611186961701,2400
cancellation_050,21086,ORDINARY_SOFT,0.14439674800169572,0.6445372148327436,0.6054666157106704,2400
cancellation_050,21086,FPA_SOFT,0.01793196978646936,0.5135520190568023,0.9510047087296822,2400
cancellation_050,21086,ORACLE_RIDGE,6.658733497424529e-08,0.49335642730173723,0.9999998180642778,2400
cancellation_050,21087,ZERO,0.335581213076849,0.879639714045904,0.0,2400
cancellation_050,21087,DIRECT,0.007233188988391313,0.5308322515988615,0.9784457868720592,2400
cancellation_050,21087,HARD_FPA,0.015210269770688229,0.5348123091607069,0.9546748471667124,2400
cancellation_050,21087,ORDINARY_SOFT,0.13188777859774345,0.6676108398428088,0.6069870020776735,2400
cancellation_050,21087,FPA_SOFT,0.015650045138334522,0.5345569507383383,0.9533643585263797,2400
cancellation_050,21087,ORACLE_RIDGE,5.97478952471249e-08,0.5218491306720736,0.9999998219569722,2400
cancellation_050,21088,ZERO,0.33522696613799335,0.8434594327919614,0.0,2400
cancellation_050,21088,DIRECT,0.0065074364012373065,0.49229757260684265,0.9805879685748234,2400
cancellation_050,21088,HARD_FPA,0.028572090128682875,0.5096127765817626,0.9147679243771774,2400
cancellation_050,21088,ORDINARY_SOFT,0.12852988754052994,0.6272726377714137,0.6165884593913555,2400
cancellation_050,21088,FPA_SOFT,0.02939690213527794,0.5087548739621411,0.9123074659716457,2400
cancellation_050,21088,ORACLE_RIDGE,6.411909734319478e-08,0.4835294491124582,0.9999998087292974,2400
cancellation_050,21089,ZERO,0.359823992554282,0.8855543012473379,0.0,2400
cancellation_050,21089,DIRECT,0.0057071283320296136,0.5074468846430849,0.9841391112040183,2400
cancellation_050,21089,HARD_FPA,0.022071903479217243,0.5247625741014996,0.9386591668817428,2400
cancellation_050,21089,ORDINARY_SOFT,0.14798888335307248,0.6653006903097654,0.5887186890942318,2400
cancellation_050,21089,FPA_SOFT,0.022329493084904898,0.5250827592933557,0.9379432902003155,2400
cancellation_050,21089,ORACLE_RIDGE,6.447499670118844e-08,0.4998319047649649,0.9999998208151818,2400
cancellation_050,21090,ZERO,0.342108343203082,0.7851863536987199,0.0,2400
cancellation_050,21090,DIRECT,0.007109839930513075,0.5038782116870616,0.9792175780808346,2400
cancellation_050,21090,HARD_FPA,0.017363961439522627,0.5153529972957078,0.9492442619874516,2400
cancellation_050,21090,ORDINARY_SOFT,0.13202608464815616,0.595683354771392,0.6140810732295325,2400
cancellation_050,21090,FPA_SOFT,0.017871498372331433,0.5170617961343221,0.947760705848315,2400
cancellation_050,21090,ORACLE_RIDGE,6.152871188594048e-08,0.4976712874599996,0.9999998201484614,2400
cancellation_050,21091,ZERO,0.3291444627433177,0.7541395338105117,0.0,2400
cancellation_050,21091,DIRECT,0.005417626693824954,0.467820735337334,0.9835402769693565,2400
cancellation_050,21091,HARD_FPA,0.020704110313199447,0.4852916914124964,0.9370971939171114,2400
cancellation_050,21091,ORDINARY_SOFT,0.1304434455489211,0.5682784908806118,0.6036893816723661,2400
cancellation_050,21091,FPA_SOFT,0.0192781810038474,0.4838623357709707,0.9414294232897928,2400
cancellation_050,21091,ORACLE_RIDGE,5.5674632167022915e-08,0.4637569159439933,0.999999830850467,2400
cancellation_050,21092,ZERO,0.33391123107685333,0.8431182260582037,0.0,2400
cancellation_050,21092,DIRECT,0.004571704649337934,0.47868541980275486,0.986308622700128,2400
cancellation_050,21092,HARD_FPA,0.016948244102213995,0.49251761864033883,0.9492432643024422,2400
cancellation_050,21092,ORDINARY_SOFT,0.1318400242810961,0.6288637388503651,0.6051644508754135,2400
cancellation_050,21092,FPA_SOFT,0.01728056820321171,0.49262509519841313,0.9482480174521761,2400
cancellation_050,21092,ORACLE_RIDGE,6.344601967732753e-08,0.47764724146214255,0.9999998099913576,2400
cancellation_050,21093,ZERO,0.3444587389025712,0.8399521831594411,0.0,2400
cancellation_050,21093,DIRECT,0.0071428997526107275,0.5000384841747192,0.9792634096746459,2400
cancellation_050,21093,HARD_FPA,0.023410755004172425,0.5219337178193733,0.9320361124274044,2400
cancellation_050,21093,ORDINARY_SOFT,0.13243843091421995,0.6271145082465833,0.6155172856517959,2400
cancellation_050,21093,FPA_SOFT,0.022217821687450044,0.5198246220872744,0.9354993234944918,2400
cancellation_050,21093,ORACLE_RIDGE,6.57053588212827e-08,0.4983120815959533,0.9999998092504228,2400
cancellation_050,21094,ZERO,0.3418292027733765,0.8238396039132696,0.0,2400
cancellation_050,21094,DIRECT,0.0044395702621157045,0.49083514921590504,0.9870123142607595,2400
cancellation_050,21094,HARD_FPA,0.017599875000466135,0.5037820992808859,0.9485126640507237,2400
cancellation_050,21094,ORDINARY_SOFT,0.13760239818964665,0.6218224457167678,0.5974527715208893,2400
cancellation_050,21094,FPA_SOFT,0.018379234591237446,0.5057290930479187,0.9462326962058231,2400
cancellation_050,21094,ORACLE_RIDGE,5.707543547516202e-08,0.4857125224686322,0.9999998330293755,2400
cancellation_050,21095,ZERO,0.33584397112408715,0.8218159969256805,0.0,2400
cancellation_050,21095,DIRECT,0.004959990376759373,0.4896836729961039,0.9852312656971092,2400
cancellation_050,21095,HARD_FPA,0.019242111717318138,0.49892741714749167,0.9427052042860445,2400
cancellation_050,21095,ORDINARY_SOFT,0.1348835179622199,0.6194469068929477,0.5983744549269181,2400
cancellation_050,21095,FPA_SOFT,0.019587382139848335,0.5008294785422366,0.9416771363371855,2400
cancellation_050,21095,ORACLE_RIDGE,5.1306335248361e-08,0.48721301579698867,0.9999998472316324,2400
cancellation_050,21096,ZERO,0.3479637112741253,0.7967367168490264,0.0,2400
cancellation_050,21096,DIRECT,0.001975725313243788,0.46930282155978054,0.9943220363238185,2400
cancellation_050,21096,HARD_FPA,0.012341061045118588,0.4859305820493819,0.96453348252917,2400
cancellation_050,21096,ORDINARY_SOFT,0.1440066757960886,0.600788272177751,0.5861445572333249,2400
cancellation_050,21096,FPA_SOFT,0.012562067944726106,0.4857872587789917,0.9638983389999835,2400
cancellation_050,21096,ORACLE_RIDGE,6.041078899418287e-08,0.46789958304721324,0.9999998263876748,2400
cancellation_050,21097,ZERO,0.3342701701606294,0.8681606045950402,0.0,2400
cancellation_050,21097,DIRECT,0.005268934660722525,0.5034217676058277,0.9842374966985818,2400
cancellation_050,21097,HARD_FPA,0.019533396456950118,0.5206951646051782,0.941564045491814,2400
cancellation_050,21097,ORDINARY_SOFT,0.14127559380205104,0.6624041991678924,0.5773610497934565,2400
cancellation_050,21097,FPA_SOFT,0.01846880344805522,0.5191762296769743,0.9447488735259258,2400
cancellation_050,21097,ORACLE_RIDGE,6.682836453910163e-08,0.49217615726057207,0.9999998000767927,2400
cancellation_050,21098,ZERO,0.3269720326090445,0.8199531199496821,0.0,2400
cancellation_050,21098,DIRECT,0.004195542710316268,0.47827375970235714,0.9871684967156417,2400
cancellation_050,21098,HARD_FPA,0.01841649470292182,0.4969645874673546,0.9436756270682571,2400
cancellation_050,21098,ORDINARY_SOFT,0.12331785614344584,0.6088664247372231,0.6228489172011383,2400
cancellation_050,21098,FPA_SOFT,0.018605646071639587,0.49647268254715043,0.943097133038635,2400
cancellation_050,21098,ORACLE_RIDGE,5.7940621382032146e-08,0.4771556252340531,0.9999998227963997,2400
cancellation_050,21099,ZERO,0.3297102153482674,0.8798948565884287,0.0,2400
cancellation_050,21099,DIRECT,0.006172974617592149,0.5405695728760709,0.9812775754883065,2400
cancellation_050,21099,HARD_FPA,0.014148533935776406,0.5388905758913997,0.9570879721732869,2400
cancellation_050,21099,ORDINARY_SOFT,0.13345092383704332,0.6754291689591603,0.5952478339317411,2400
cancellation_050,21099,FPA_SOFT,0.01593795863183474,0.5394500957247209,0.9516607072213406,2400
cancellation_050,21099,ORACLE_RIDGE,5.6997351822296634e-08,0.538486220785904,0.9999998271289479,2400
cancellation_050,21100,ZERO,0.34086864004889783,0.8562746997740629,0.0,2400
cancellation_050,21100,DIRECT,0.0029751827807970987,0.49370489867293654,0.9912717615197153,2400
cancellation_050,21100,HARD_FPA,0.015723638293037336,0.5089722620296296,0.9538718542991171,2400
cancellation_050,21100,ORDINARY_SOFT,0.13966047147176758,0.647070645531014,0.5902806680845349,2400
cancellation_050,21100,FPA_SOFT,0.017150622464584285,0.5094014796664649,0.9496855373315538,2400
cancellation_050,21100,ORACLE_RIDGE,6.141727671425742e-08,0.48905539132652737,0.9999998198212757,2400
cancellation_085,21001,ZERO,0.10924131714221531,0.6337782868042516,0.0,2400
cancellation_085,21001,DIRECT,0.005148682003200318,0.5196523405030181,0.9528687300932345,2400
cancellation_085,21001,HARD_FPA,0.011840236676706698,0.5238294953846958,0.8916139333866459,2400
cancellation_085,21001,ORDINARY_SOFT,0.037957947770762716,0.5588417624774045,0.6525312147111213,2400
cancellation_085,21001,FPA_SOFT,0.013783611317311473,0.5242545405763219,0.8738241932824067,2400
cancellation_085,21001,ORACLE_RIDGE,1.9259657627410746e-08,0.5163184988139284,0.9999998236962155,2400
cancellation_085,21002,ZERO,0.11696250504074066,0.6090888725168628,0.0,2400
cancellation_085,21002,DIRECT,0.003322404626365246,0.4974521146958442,0.9715942760869565,2400
cancellation_085,21002,HARD_FPA,0.00815360101888051,0.5004047334355887,0.9302887620606243,2400
cancellation_085,21002,ORDINARY_SOFT,0.04326702647414389,0.5363632919652779,0.6300778060535467,2400
cancellation_085,21002,FPA_SOFT,0.00925525647485934,0.5007223805641542,0.9208698849974568,2400
cancellation_085,21002,ORACLE_RIDGE,1.9513113810605518e-08,0.4915964730743382,0.9999998331677848,2400
cancellation_085,21003,ZERO,0.11704962034103382,0.605668714987798,0.0,2400
cancellation_085,21003,DIRECT,0.0032066005149210355,0.5057104499723792,0.972604776456529,2400
cancellation_085,21003,HARD_FPA,0.008786684682922898,0.5135342126434073,0.9249319676789881,2400
cancellation_085,21003,ORDINARY_SOFT,0.04327587535737343,0.5377599489756889,0.6302775247686787,2400
cancellation_085,21003,FPA_SOFT,0.009346269882585422,0.5139509074400128,0.9201512157377847,2400
cancellation_085,21003,ORACLE_RIDGE,2.2225880554697966e-08,0.5003499533700232,0.9999998101157399,2400
cancellation_085,21004,ZERO,0.11090663307925261,0.5781717027796328,0.0,2400
cancellation_085,21004,DIRECT,0.007226867557459619,0.4833948755702219,0.9348382747108067,2400
cancellation_085,21004,HARD_FPA,0.011423004692249324,0.48623219056922723,0.8970034129150186,2400
cancellation_085,21004,ORDINARY_SOFT,0.048006114682656496,0.5189661193741074,0.5671483900484845,2400
cancellation_085,21004,FPA_SOFT,0.011321392259411995,0.4865347564496519,0.8979196108917863,2400
cancellation_085,21004,ORACLE_RIDGE,1.9467385087302702e-08,0.47781779019059456,0.9999998244705068,2400
cancellation_085,21005,ZERO,0.11403175751370476,0.6360504262919421,0.0,2400
cancellation_085,21005,DIRECT,0.003046079539591504,0.5138327654775967,0.9732874454800416,2400
cancellation_085,21005,HARD_FPA,0.009291758952315104,0.518454157860475,0.918516041891239,2400
cancellation_085,21005,ORDINARY_SOFT,0.04185479378083233,0.5598259588306942,0.6329549355950068,2400
cancellation_085,21005,FPA_SOFT,0.010009939902202477,0.5189763659890527,0.9122179634826777,2400
cancellation_085,21005,ORACLE_RIDGE,2.192677378769963e-08,0.5118907586010218,0.9999998077134452,2400
cancellation_085,21006,ZERO,0.10493117382605469,0.5795509510470064,0.0,2400
cancellation_085,21006,DIRECT,0.004987936619226772,0.4619770339623677,0.9524646829216328,2400
cancellation_085,21006,HARD_FPA,0.009432931034450929,0.4611299882660927,0.9101036356451326,2400
cancellation_085,21006,ORDINARY_SOFT,0.04390564783835593,0.5118851514019385,0.5815767017803621,2400
cancellation_085,21006,FPA_SOFT,0.010072662788653538,0.4610796836515905,0.9040069559752464,2400
cancellation_085,21006,ORACLE_RIDGE,2.2316259459877195e-08,0.4587507079837102,0.9999997873247897,2400
cancellation_085,21007,ZERO,0.11797880524909739,0.579102092872931,0.0,2400
cancellation_085,21007,DIRECT,0.002964347830220102,0.47276778109203,0.9748738951546317,2400
cancellation_085,21007,HARD_FPA,0.008403545857311375,0.4760328226958083,0.9287707157267074,2400
cancellation_085,21007,ORDINARY_SOFT,0.04556461987357838,0.5097014212376554,0.6137897838736845,2400
cancellation_085,21007,FPA_SOFT,0.008818386721753672,0.476786997987691,0.9252544836071636,2400
cancellation_085,21007,ORACLE_RIDGE,1.964822805039933e-08,0.467547414056765,0.9999998334596794,2400
cancellation_085,21008,ZERO,0.11964684065522976,0.5679165925177428,0.0,2400
cancellation_085,21008,DIRECT,0.003009755595078854,0.47399879313095816,0.9748446713795673,2400
cancellation_085,21008,HARD_FPA,0.005959004724380752,0.48373061992384236,0.9501950516056499,2400
cancellation_085,21008,ORDINARY_SOFT,0.04772429911491207,0.5048872833210586,0.6011236163566342,2400
cancellation_085,21008,FPA_SOFT,0.006626804271203066,0.4848691545909372,0.9446136292867219,2400
cancellation_085,21008,ORACLE_RIDGE,2.0908164689307277e-08,0.4699091352096635,0.999999825251009,2400
cancellation_085,21009,ZERO,0.10915786372168247,0.6026046236201713,0.0,2400
cancellation_085,21009,DIRECT,0.0028424017970871615,0.5089317596252468,0.973960631875919,2400
cancellation_085,21009,HARD_FPA,0.006206690197032718,0.5154216016801414,0.9431402375841855,2400
cancellation_085,21009,ORDINARY_SOFT,0.04219436322469654,0.5409568003748492,0.6134555790476202,2400
cancellation_085,21009,FPA_SOFT,0.007043164029937424,0.5170356206623822,0.9354772639386272,2400
cancellation_085,21009,ORACLE_RIDGE,2.1646146929991577e-08,0.5059746329515301,0.9999998016986941,2400
cancellation_085,21010,ZERO,0.11784600258638697,0.5853621562882894,0.0,2400
cancellation_085,21010,DIRECT,0.00394619705668632,0.494913749918493,0.9665139506637609,2400
cancellation_085,21010,HARD_FPA,0.008079426574067598,0.5007411472049816,0.9314408092192608,2400
cancellation_085,21010,ORDINARY_SOFT,0.04627732021651636,0.5228521656558016,0.607306830941569,2400
cancellation_085,21010,FPA_SOFT,0.009424046081995053,0.5024109935678102,0.9200308379141944,2400
cancellation_085,21010,ORACLE_RIDGE,2.0984941881493507e-08,0.49078620880538426,0.9999998219291157,2400
cancellation_085,21011,ZERO,0.10529194718225171,0.6034257331587113,0.0,2400
cancellation_085,21011,DIRECT,0.002320107935015617,0.49089857828279954,0.9779650011505656,2400
cancellation_085,21011,HARD_FPA,0.008201302908628716,0.4979982917331112,0.9221089254391608,2400
cancellation_085,21011,ORDINARY_SOFT,0.04134822714424055,0.535585922498197,0.6072992450916482,2400
cancellation_085,21011,FPA_SOFT,0.007715326611251546,0.4965935065724031,0.9267244379297407,2400
cancellation_085,21011,ORACLE_RIDGE,1.899268376327387e-08,0.4889215935288727,0.9999998196188382,2400
cancellation_085,21012,ZERO,0.110765109691088,0.6129888271781638,0.0,2400
cancellation_085,21012,DIRECT,0.0026400434884737076,0.5029515033276984,0.976165387315225,2400
cancellation_085,21012,HARD_FPA,0.00905065645453548,0.5054228307397689,0.9182896448188713,2400
cancellation_085,21012,ORDINARY_SOFT,0.04234821712707388,0.5434454305910335,0.6176754824224117,2400
cancellation_085,21012,FPA_SOFT,0.009856428506750104,0.5059165472029247,0.9110150431463606,2400
cancellation_085,21012,ORACLE_RIDGE,2.185989210055168e-08,0.4996221089217106,0.9999998026464095,2400
cancellation_085,21013,ZERO,0.11974088085813074,0.5872059290004599,0.0,2400
cancellation_085,21013,DIRECT,0.004554414905676735,0.5099318380757745,0.9619644112099625,2400
cancellation_085,21013,HARD_FPA,0.011960033958103506,0.5177087075713569,0.9001173711735612,2400
cancellation_085,21013,ORDINARY_SOFT,0.04706405131168759,0.5285655698818433,0.6069508510844415,2400
cancellation_085,21013,FPA_SOFT,0.013189522939574668,0.5205624302711443,0.8898494578873055,2400
cancellation_085,21013,ORACLE_RIDGE,2.132752955036196e-08,0.5028778455072691,0.9999998218859808,2400
cancellation_085,21014,ZERO,0.10882902759584802,0.5367467984283877,0.0,2400
cancellation_085,21014,DIRECT,0.0031934144111954756,0.4391898349949022,0.9706565933580269,2400
cancellation_085,21014,HARD_FPA,0.009121551470125427,0.4439473846301818,0.9161845725204897,2400
cancellation_085,21014,ORDINARY_SOFT,0.04479655510692704,0.47579440463371253,0.5883767768900281,2400
cancellation_085,21014,FPA_SOFT,0.008921750260756645,0.4440177737517318,0.9180204908759377,2400
cancellation_085,21014,ORACLE_RIDGE,1.8354325812948336e-08,0.4374288526494407,0.9999998313471486,2400
cancellation_085,21015,ZERO,0.11095107724982502,0.6550932770147865,0.0,2400
cancellation_085,21015,DIRECT,0.0038289320403166326,0.5380921492352531,0.9654899065856283,2400
cancellation_085,21015,HARD_FPA,0.00906872729845341,0.5473645079495508,0.9182637291746736,2400
cancellation_085,21015,ORDINARY_SOFT,0.04505504987886443,0.5861508092595326,0.5939196716637964,2400
cancellation_085,21015,FPA_SOFT,0.009261129922772027,0.5466704132274085,0.9165296078926838,2400
cancellation_085,21015,ORACLE_RIDGE,2.049650040733185e-08,0.5391633567200661,0.9999998152654223,2400
cancellation_085,21016,ZERO,0.106439460485372,0.6171352855168403,0.0,2400
cancellation_085,21016,DIRECT,0.002708659936542245,0.5133976119278185,0.9745521076094283,2400
cancellation_085,21016,HARD_FPA,0.0077376712192903626,0.5194966485088002,0.9273044866630665,2400
cancellation_085,21016,ORDINARY_SOFT,0.0432135468231499,0.5539196768691751,0.5940082124985147,2400
cancellation_085,21016,FPA_SOFT,0.008051408033722132,0.5193701307754901,0.9243569255517916,2400
cancellation_085,21016,ORACLE_RIDGE,1.948827614091501e-08,0.5081622359575059,0.9999998169074134,2400
cancellation_085,21017,ZERO,0.1012928549585104,0.5847807618767409,0.0,2400
cancellation_085,21017,DIRECT,0.0039762474214262555,0.4790938608764901,0.9607450355402173,2400
cancellation_085,21017,HARD_FPA,0.011020760171398246,0.49107722745631727,0.8911990369319499,2400
cancellation_085,21017,ORDINARY_SOFT,0.036780808778138184,0.5170322843122384,0.636886443834527,2400
cancellation_085,21017,FPA_SOFT,0.01184226431219959,0.4915894079630484,0.8830888484972589,2400
cancellation_085,21017,ORACLE_RIDGE,1.8234097907130574e-08,0.4770533955164862,0.9999998199863365,2400
cancellation_085,21018,ZERO,0.10700851317636553,0.5954373037289816,0.0,2400
cancellation_085,21018,DIRECT,0.004999893198356272,0.4846492706960657,0.9532757436773678,2400
cancellation_085,21018,HARD_FPA,0.007845310184183782,0.48447135303045014,0.9266851771760105,2400
cancellation_085,21018,ORDINARY_SOFT,0.04719804681324206,0.5327753822554998,0.5589318511934388,2400
cancellation_085,21018,FPA_SOFT,0.007985729093900391,0.4844756079937814,0.9253729553204917,2400
cancellation_085,21018,ORACLE_RIDGE,1.925508212569903e-08,0.48001880846872375,0.9999998200602779,2400
cancellation_085,21019,ZERO,0.11534276504837986,0.5811045755901814,0.0,2400
cancellation_085,21019,DIRECT,0.005334255273198043,0.46253476060172544,0.9537530137155926,2400
cancellation_085,21019,HARD_FPA,0.010482877096297537,0.46764076760829404,0.909115434401971,2400
cancellation_085,21019,ORDINARY_SOFT,0.047100603614848816,0.5088096472340127,0.5916466577241083,2400
cancellation_085,21019,FPA_SOFT,0.012268640692175769,0.469141302099877,0.893633201119899,2400
cancellation_085,21019,ORACLE_RIDGE,1.92907700455015e-08,0.4587051060060882,0.9999998327526651,2400
cancellation_085,21020,ZERO,0.11489079095349458,0.6131686326666866,0.0,2400
cancellation_085,21020,DIRECT,0.002589990465450766,0.48962309527362236,0.9774569358957661,2400
cancellation_085,21020,HARD_FPA,0.007304242429924037,0.48721929338559894,0.9364244743264006,2400
cancellation_085,21020,ORDINARY_SOFT,0.0466033818389765,0.5400329178655613,0.5943679954484726,2400
cancellation_085,21020,FPA_SOFT,0.006762526541941239,0.4870085393140503,0.9411395248843002,2400
cancellation_085,21020,ORACLE_RIDGE,2.0051149539617824e-08,0.4877804333971331,0.9999998254764427,2400
cancellation_085,21021,ZERO,0.1161479612751457,0.6255469056267009,0.0,2400
cancellation_085,21021,DIRECT,0.0030845308778040936,0.516461256094885,0.9734430906583278,2400
cancellation_085,21021,HARD_FPA,0.005788990314922914,0.5201833019524987,0.9501584853374289,2400
cancellation_085,21021,ORDINARY_SOFT,0.048884095903453696,0.5599743881627705,0.5791222216320183,2400
cancellation_085,21021,FPA_SOFT,0.005800661052285944,0.5199807361627566,0.950058003699741,2400
cancellation_085,21021,ORACLE_RIDGE,2.0676148858292566e-08,0.5125693668335571,0.9999998219844014,2400
cancellation_085,21022,ZERO,0.11175275138464892,0.6622178424486989,0.0,2400
cancellation_085,21022,DIRECT,0.002352786035759397,0.5459202185449449,0.9789465046130167,2400
cancellation_085,21022,HARD_FPA,0.008752992208092196,0.5535517142585195,0.9216753762243874,2400
cancellation_085,21022,ORDINARY_SOFT,0.04205747704671541,0.590488562458974,0.6236560037617768,2400
cancellation_085,21022,FPA_SOFT,0.008783285358253377,0.5528866143373767,0.9214043032549452,2400
cancellation_085,21022,ORACLE_RIDGE,2.0169672417490052e-08,0.5431829239966544,0.9999998195152051,2400
cancellation_085,21023,ZERO,0.1105932538113468,0.5948308037392569,0.0,2400
cancellation_085,21023,DIRECT,0.0029933184609340297,0.4783981416400957,0.9729339868592697,2400
cancellation_085,21023,HARD_FPA,0.005753562925011247,0.47858091943218994,0.9479754620944073,2400
cancellation_085,21023,ORDINARY_SOFT,0.044776431869822456,0.5257390345368752,0.5951251063993162,2400
cancellation_085,21023,FPA_SOFT,0.0065549598239776595,0.47892540235066444,0.9407291168486706,2400
cancellation_085,21023,ORACLE_RIDGE,1.9134905857111447e-08,0.47167110796924355,0.9999998269794477,2400
cancellation_085,21024,ZERO,0.11587392181474745,0.6172440840386364,0.0,2400
cancellation_085,21024,DIRECT,0.007675699707968094,0.5205928272191168,0.9337581779596659,2400
cancellation_085,21024,HARD_FPA,0.011255622213225805,0.52262549481997,0.9028631978882993,2400
cancellation_085,21024,ORDINARY_SOFT,0.051863145778513614,0.5578779118044376,0.5524174467709013,2400
cancellation_085,21024,FPA_SOFT,0.010847974369326203,0.5217513311934202,0.9063812271179591,2400
cancellation_085,21024,ORACLE_RIDGE,2.2867060757154895e-08,0.5173055839989154,0.9999998026556761,2400
cancellation_085,21025,ZERO,0.11756776202741015,0.6116830938672845,0.0,2400
cancellation_085,21025,DIRECT,0.003577710219126824,0.49532211155193445,0.9695689519181908,2400
cancellation_085,21025,HARD_FPA,0.006700854946971629,0.5021715549505816,0.9430043165624827,2400
cancellation_085,21025,ORDINARY_SOFT,0.04903642829307109,0.542590874601617,0.5829092308345669,2400
cancellation_085,21025,FPA_SOFT,0.007257095844154917,0.5026391959798405,0.9382730799752489,2400
cancellation_085,21025,ORACLE_RIDGE,2.107200660782008e-08,0.4941080117900005,0.9999998207671368,2400
cancellation_085,21026,ZERO,0.12147573413847552,0.5777788068789335,0.0,2400
cancellation_085,21026,DIRECT,0.0036253693730742484,0.463625296648112,0.9701556084531127,2400
cancellation_085,21026,HARD_FPA,0.005903789612732946,0.4672318015262305,0.9513994325319083,2400
cancellation_085,21026,ORDINARY_SOFT,0.05043812948403046,0.5084007200109368,0.5847884366227923,2400
cancellation_085,21026,FPA_SOFT,0.006498551924646484,0.4684783375187726,0.9465032916184026,2400
cancellation_085,21026,ORACLE_RIDGE,2.136995315178658e-08,0.459945265983106,0.9999998240804775,2400
cancellation_085,21027,ZERO,0.1199068286966561,0.5857902398017791,0.0,2400
cancellation_085,21027,DIRECT,0.0021900914427709747,0.4652111497442773,0.9817350565720362,2400
cancellation_085,21027,HARD_FPA,0.0067993740853794045,0.4631994756890947,0.9432945215940898,2400
cancellation_085,21027,ORDINARY_SOFT,0.047576261913000885,0.5109604976957286,0.6032230822035938,2400
cancellation_085,21027,FPA_SOFT,0.006316869625563787,0.46410279467157733,0.9473185164329182,2400
cancellation_085,21027,ORACLE_RIDGE,2.0298283716797296e-08,0.464984776268491,0.9999998307161991,2400
cancellation_085,21028,ZERO,0.1150733934717766,0.6095618641540722,0.0,2400
cancellation_085,21028,DIRECT,0.0034954137464450145,0.4994278509223218,0.9696244836361559,2400
cancellation_085,21028,HARD_FPA,0.006361054553923548,0.5031015489683413,0.9447217609387378,2400
cancellation_085,21028,ORDINARY_SOFT,0.04468293828901456,0.5399836091527848,0.6117005248483118,2400
cancellation_085,21028,FPA_SOFT,0.0068867340515336,0.5030640912565038,0.9401535503233189,2400
cancellation_085,21028,ORACLE_RIDGE,2.01320870305235e-08,0.4982335723128684,0.9999998250500275,2400
cancellation_085,21029,ZERO,0.11257623617479294,0.5961205198922077,0.0,2400
cancellation_085,21029,DIRECT,0.004155601609518043,0.4922516042387976,0.9630863337528376,2400
cancellation_085,21029,HARD_FPA,0.008920551249447928,0.4962281968720356,0.9207599085512388,2400
cancellation_085,21029,ORDINARY_SOFT,0.04597934277353011,0.5309452931398583,0.5915715044679617,2400
cancellation_085,21029,FPA_SOFT,0.009254122182403483,0.496227180897658,0.9177968415284825,2400
cancellation_085,21029,ORACLE_RIDGE,1.9756131951294174e-08,0.4877969502523854,0.9999998245088606,2400
cancellation_085,21030,ZERO,0.11196942069579868,0.534198115839001,0.0,2400
cancellation_085,21030,DIRECT,0.002768391560383614,0.45887581270828803,0.9752754676841202,2400
cancellation_085,21030,HARD_FPA,0.005176085077516429,0.46361130477887513,0.9537723331481821,2400
cancellation_085,21030,ORDINARY_SOFT,0.04927637225844265,0.48184637642906486,0.5599122336060135,2400
cancellation_085,21030,FPA_SOFT,0.005130755001655515,0.464486525376776,0.9541771765025482,2400
cancellation_085,21030,ORACLE_RIDGE,1.959087880260163e-08,0.46048280518934404,0.9999998250336682,2400
cancellation_085,21031,ZERO,0.11396687504164649,0.6247254845479202,0.0,2400
cancellation_085,21031,DIRECT,0.005425833316463779,0.5087162602308799,0.9523911372099916,2400
cancellation_085,21031,HARD_FPA,0.008733196350613127,0.5083511071738053,0.923370748321196,2400
cancellation_085,21031,ORDINARY_SOFT,0.04758152220653904,0.5548947722560533,0.5824969124655608,2400
cancellation_085,21031,FPA_SOFT,0.009328125119999333,0.5092567388836218,0.9181505580758392,2400
cancellation_085,21031,ORACLE_RIDGE,2.026873020346454e-08,0.5010517647443743,0.9999998221524439,2400
cancellation_085,21032,ZERO,0.11623679428741317,0.6078545018709769,0.0,2400
cancellation_085,21032,DIRECT,0.0033668141203070526,0.4957735681370082,0.9710348677374732,2400
cancellation_085,21032,HARD_FPA,0.006365390112604736,0.497495313842921,0.9452377351627116,2400
cancellation_085,21032,ORDINARY_SOFT,0.04814635054929375,0.5395345837515024,0.5857907915952623,2400
cancellation_085,21032,FPA_SOFT,0.00575590637083105,0.4965361875146034,0.9504812017045249,2400
cancellation_085,21032,ORACLE_RIDGE,2.0519520362306558e-08,0.49375214962915775,0.9999998234679432,2400
cancellation_085,21033,ZERO,0.11419043364654101,0.6228200168561754,0.0,2400
cancellation_085,21033,DIRECT,0.0029613319098003247,0.5059829027956502,0.9740667250729017,2400
cancellation_085,21033,HARD_FPA,0.006660734704068601,0.5122039868787878,0.9416699412431878,2400
cancellation_085,21033,ORDINARY_SOFT,0.04628363651051125,0.552794643884344,0.5946802632015993,2400
cancellation_085,21033,FPA_SOFT,0.00676291020381368,0.5121861616493728,0.9407751596359881,2400
cancellation_085,21033,ORACLE_RIDGE,2.0140078204009654e-08,0.5032858042322608,0.9999998236272728,2400
cancellation_085,21034,ZERO,0.11441489318173784,0.5774097207412149,0.0,2400
cancellation_085,21034,DIRECT,0.003190608201880917,0.462585877224948,0.9721136985478549,2400
cancellation_085,21034,HARD_FPA,0.007770771036787072,0.46449174483841565,0.9320825215958215,2400
cancellation_085,21034,ORDINARY_SOFT,0.0485651684523862,0.5104852123374672,0.575534555844537,2400
cancellation_085,21034,FPA_SOFT,0.008143783771529826,0.465002824364344,0.9288223451942209,2400
cancellation_085,21034,ORACLE_RIDGE,1.8602461517116034e-08,0.4571622135153594,0.9999998374122372,2400
cancellation_085,21035,ZERO,0.10836805098556364,0.6015197600042282,0.0,2400
cancellation_085,21035,DIRECT,0.003449995435672045,0.48002911737730786,0.9681640907601851,2400
cancellation_085,21035,HARD_FPA,0.013155326760377105,0.4891394569811293,0.8786051180146296,2400
cancellation_085,21035,ORDINARY_SOFT,0.043491657638060774,0.5306881337615763,0.5986671602698238,2400
cancellation_085,21035,FPA_SOFT,0.013623998169140814,0.4883978240098341,0.8742803063704103,2400
cancellation_085,21035,ORACLE_RIDGE,1.8856899388139046e-08,0.4754255124967955,0.9999998259920778,2400
cancellation_085,21036,ZERO,0.11251667499598839,0.6072810534960393,0.0,2400
cancellation_085,21036,DIRECT,0.00598038444221492,0.5033216639341634,0.9468489053517788,2400
cancellation_085,21036,HARD_FPA,0.011783993563179935,0.5085413769570268,0.8952689140200768,2400
cancellation_085,21036,ORDINARY_SOFT,0.04744132952769367,0.5424876934974213,0.5783617892247072,2400
cancellation_085,21036,FPA_SOFT,0.012424452565093542,0.5100384665818218,0.8895767888134224,2400
cancellation_085,21036,ORACLE_RIDGE,1.8334496799068532e-08,0.49925956751891915,0.9999998370508478,2400
cancellation_085,21037,ZERO,0.10800361538943146,0.5557774777952993,0.0,2400
cancellation_085,21037,DIRECT,0.003952455653970215,0.4444153379468138,0.9634044134567279,2400
cancellation_085,21037,HARD_FPA,0.007339709054458113,0.445037294508511,0.9320420059273652,2400
cancellation_085,21037,ORDINARY_SOFT,0.04252925991750945,0.4875146403915734,0.6062237383057911,2400
cancellation_085,21037,FPA_SOFT,0.007755491493951002,0.4460810789590707,0.9281922973968342,2400
cancellation_085,21037,ORACLE_RIDGE,1.806001498228205e-08,0.43922568578315063,0.9999998327832368,2400
cancellation_085,21038,ZERO,0.11643069096191622,0.6162382047581211,0.0,2400
cancellation_085,21038,DIRECT,0.004230248558568239,0.49316826930978136,0.9636672382202737,2400
cancellation_085,21038,HARD_FPA,0.011801251435428038,0.4969385425021812,0.8986414034140864,2400
cancellation_085,21038,ORDINARY_SOFT,0.04431552303009019,0.5401562550820252,0.6193828047916891,2400
cancellation_085,21038,FPA_SOFT,0.012951643919906525,0.4987176743094793,0.8887609116384706,2400
cancellation_085,21038,ORACLE_RIDGE,1.9161324658451507e-08,0.4875528618139635,0.9999998354272014,2400
cancellation_085,21039,ZERO,0.10930376880127678,0.5925826932164764,0.0,2400
cancellation_085,21039,DIRECT,0.003686471379751738,0.48716416980050364,0.9662731539801336,2400
cancellation_085,21039,HARD_FPA,0.008807934947476654,0.4935763174864248,0.9194178293752139,2400
cancellation_085,21039,ORDINARY_SOFT,0.038227052374745524,0.5214802133820872,0.6502677556869476,2400
cancellation_085,21039,FPA_SOFT,0.00910009027424279,0.49375221011877574,0.91674495423129,2400
cancellation_085,21039,ORACLE_RIDGE,1.6118221336085796e-08,0.48515467790876887,0.9999998525373689,2400
cancellation_085,21040,ZERO,0.11570509930447817,0.6459767466311157,0.0,2400
cancellation_085,21040,DIRECT,0.0046374041297057725,0.5424461038329365,0.959920486153316,2400
cancellation_085,21040,HARD_FPA,0.007226940449768114,0.5468131481967679,0.9375400004562425,2400
cancellation_085,21040,ORDINARY_SOFT,0.04958235156660268,0.582340065110634,0.5714765220837275,2400
cancellation_085,21040,FPA_SOFT,0.007050014132144839,0.5464701743408836,0.9390691147190262,2400
cancellation_085,21040,ORACLE_RIDGE,2.1842658716193508e-08,0.5428178604555205,0.9999998112212958,2400
cancellation_085,21041,ZERO,0.12280766130745213,0.6156485459941511,0.0,2400
cancellation_085,21041,DIRECT,0.002499991402869787,0.49089611150237733,0.9796430338608029,2400
cancellation_085,21041,HARD_FPA,0.007122837371346229,0.4956998098111588,0.9420000568733735,2400
cancellation_085,21041,ORDINARY_SOFT,0.05277580744358451,0.5444118292114286,0.5702563921361639,2400
cancellation_085,21041,FPA_SOFT,0.006956813844831268,0.4954045280922451,0.9433519556453835,2400
cancellation_085,21041,ORACLE_RIDGE,2.1241041146559822e-08,0.48752495821338576,0.999999827038143,2400
cancellation_085,21042,ZERO,0.11667977013589566,0.5774598816758422,0.0,2400
cancellation_085,21042,DIRECT,0.0045429800594618056,0.482379133195891,0.9610645439721843,2400
cancellation_085,21042,HARD_FPA,0.011747318266367705,0.4938353977396714,0.8993200084925971,2400
cancellation_085,21042,ORDINARY_SOFT,0.0485357977335981,0.5161690832916437,0.5840255969216517,2400
cancellation_085,21042,FPA_SOFT,0.011400621903336426,0.4937203282270058,0.902291357875849,2400
cancellation_085,21042,ORACLE_RIDGE,1.986174186385367e-08,0.47219083617778096,0.9999998297756172,2400
cancellation_085,21043,ZERO,0.11887185848866222,0.6126911634522714,0.0,2400
cancellation_085,21043,DIRECT,0.0049860200165707065,0.49209249280383593,0.9580555054832741,2400
cancellation_085,21043,HARD_FPA,0.010310609186919966,0.4955968823476064,0.9132628250453123,2400
cancellation_085,21043,ORDINARY_SOFT,0.046994137116806944,0.5380128954995663,0.6046655809517005,2400
cancellation_085,21043,FPA_SOFT,0.010361256902871995,0.4961281493860307,0.9128367551865926,2400
cancellation_085,21043,ORACLE_RIDGE,2.2274089674161967e-08,0.48672848083692294,0.9999998126210025,2400
cancellation_085,21044,ZERO,0.11647929449465005,0.5780976269937043,0.0,2400
cancellation_085,21044,DIRECT,0.005049281457187064,0.47835554243866957,0.9566508238301616,2400
cancellation_085,21044,HARD_FPA,0.012820611484443937,0.4821212156339815,0.8899322704514424,2400
cancellation_085,21044,ORDINARY_SOFT,0.044161767436208726,0.5106137946681097,0.6208616507525542,2400
cancellation_085,21044,FPA_SOFT,0.013841862549366162,0.48339749851195707,0.8811646086163243,2400
cancellation_085,21044,ORACLE_RIDGE,2.0395173066622894e-08,0.4704375275050765,0.9999998249030169,2400
cancellation_085,21045,ZERO,0.10986004532370681,0.6106483938360708,0.0,2400
cancellation_085,21045,DIRECT,0.004072181669488605,0.4911344510035819,0.9629330057393498,2400
cancellation_085,21045,HARD_FPA,0.012555993584979499,0.5023430920096833,0.8857091898334578,2400
cancellation_085,21045,ORDINARY_SOFT,0.04089171720205565,0.5365691395823993,0.6277835396702537,2400
cancellation_085,21045,FPA_SOFT,0.013532816015043381,0.5037165579281052,0.8768176731115628,2400
cancellation_085,21045,ORACLE_RIDGE,1.9245002810555922e-08,0.48728425090746036,0.999999824822548,2400
cancellation_085,21046,ZERO,0.11898663949238829,0.6063709595188258,0.0,2400
cancellation_085,21046,DIRECT,0.002270401113640487,0.4757397802844405,0.9809188567445362,2400
cancellation_085,21046,HARD_FPA,0.0049301141940194144,0.47775103752542153,0.9585658170106166,2400
cancellation_085,21046,ORDINARY_SOFT,0.04975947046164664,0.5320285448973471,0.5818062374571911,2400
cancellation_085,21046,FPA_SOFT,0.0048277492779987595,0.47710868833987624,0.9594261229782223,2400
cancellation_085,21046,ORACLE_RIDGE,2.182014568552394e-08,0.470737359529793,0.9999998166168422,2400
cancellation_085,21047,ZERO,0.11699512514662459,0.6274257754789754,0.0,2400
cancellation_085,21047,DIRECT,0.00437298070404012,0.4812917631315569,0.9626225391993071,2400
cancellation_085,21047,HARD_FPA,0.0094116616283879,0.4803963788604055,0.9195550958504237,2400
cancellation_085,21047,ORDINARY_SOFT,0.047048201110049946,0.545587513143268,0.5978618677394754,2400
cancellation_085,21047,FPA_SOFT,0.009273180927139526,0.47965134069509247,0.9207387409046499,2400
cancellation_085,21047,ORACLE_RIDGE,2.0195109541873934e-08,0.47407682764378345,0.999999827385034,2400
cancellation_085,21048,ZERO,0.1074696779280739,0.5643693431371313,0.0,2400
cancellation_085,21048,DIRECT,0.005048037904562991,0.46064810118665916,0.9530282587434431,2400
cancellation_085,21048,HARD_FPA,0.00954065590842759,0.4667104245441754,0.9112246719971298,2400
cancellation_085,21048,ORDINARY_SOFT,0.041996343953711254,0.498399096760412,0.6092261113705197,2400
cancellation_085,21048,FPA_SOFT,0.009859656853502353,0.4675247461211167,0.9082563840928125,2400
cancellation_085,21048,ORACLE_RIDGE,1.829561098221276e-08,0.4550774286599805,0.9999998297602511,2400
cancellation_085,21049,ZERO,0.10984505787636133,0.604972992178046,0.0,2400
cancellation_085,21049,DIRECT,0.0034860438098428662,0.5172813604990296,0.9682639904130538,2400
cancellation_085,21049,HARD_FPA,0.009111715498201658,0.5271844823194552,0.9170493814254478,2400
cancellation_085,21049,ORDINARY_SOFT,0.044370100458249365,0.5466284673084465,0.596066483863196,2400
cancellation_085,21049,FPA_SOFT,0.008971978329641453,0.52813439544144,0.9183215111986187,2400
cancellation_085,21049,ORACLE_RIDGE,1.800259338473065e-08,0.5182083726563346,0.9999998361092094,2400
cancellation_085,21050,ZERO,0.10605145076894242,0.5969654016227174,0.0,2400
cancellation_085,21050,DIRECT,0.005991854792800011,0.48189773239379735,0.9435004919842667,2400
cancellation_085,21050,HARD_FPA,0.01105262780703689,0.48316286632716393,0.8957805128840944,2400
cancellation_085,21050,ORDINARY_SOFT,0.0442525154309242,0.5292047508591172,0.5827259777205828,2400
cancellation_085,21050,FPA_SOFT,0.01092679864225787,0.4830720295284274,0.8969670045715412,2400
cancellation_085,21050,ORACLE_RIDGE,1.9881872502349156e-08,0.47844109231362675,0.999999812526162,2400
cancellation_085,21051,ZERO,0.10669223340139733,0.5873504448809399,0.0,2400
cancellation_085,21051,DIRECT,0.0033121399823087734,0.4876489655115489,0.9689561285136112,2400
cancellation_085,21051,HARD_FPA,0.012155036923417338,0.4923066780383587,0.88607383559319,2400
cancellation_085,21051,ORDINARY_SOFT,0.038885556461758584,0.5196001581479655,0.6355352660444982,2400
cancellation_085,21051,FPA_SOFT,0.011892889074838597,0.4914714073341876,0.8885308827485578,2400
cancellation_085,21051,ORACLE_RIDGE,1.8617501968126268e-08,0.48228777543231616,0.999999825502744,2400
cancellation_085,21052,ZERO,0.11150158265177981,0.6411821193138799,0.0,2400
cancellation_085,21052,DIRECT,0.0049577039033545664,0.5209678935730041,0.9555369189795493,2400
cancellation_085,21052,HARD_FPA,0.010951835994362625,0.5239872550149158,0.9017786498280901,2400
cancellation_085,21052,ORDINARY_SOFT,0.04839122475673475,0.5704288274768703,0.566004144462587,2400
cancellation_085,21052,FPA_SOFT,0.010735573700372205,0.5237541013057652,0.9037181944412442,2400
cancellation_085,21052,ORACLE_RIDGE,1.9520088003135584e-08,0.5242055584057733,0.9999998249344311,2400
cancellation_085,21053,ZERO,0.11149654028571424,0.5521019907758258,0.0,2400
cancellation_085,21053,DIRECT,0.00396508978673391,0.47055766143760197,0.9644375531601859,2400
cancellation_085,21053,HARD_FPA,0.009399625789979927,0.4767244583797151,0.915695807547992,2400
cancellation_085,21053,ORDINARY_SOFT,0.04651358291646821,0.496693517444598,0.5828248769219624,2400
cancellation_085,21053,FPA_SOFT,0.010015211359858073,0.4774179427901718,0.9101746894191183,2400
cancellation_085,21053,ORACLE_RIDGE,2.2128003457004688e-08,0.46710567375280104,0.9999998015364118,2400
cancellation_085,21054,ZERO,0.1200603027689552,0.6489155750005057,0.0,2400
cancellation_085,21054,DIRECT,0.003960926030562938,0.5376458000753055,0.9670088618868022,2400
cancellation_085,21054,HARD_FPA,0.008472660186614907,0.5435859923011347,0.9294299615175905,2400
cancellation_085,21054,ORDINARY_SOFT,0.04790254689582516,0.5792418299548407,0.6010126095716324,2400
cancellation_085,21054,FPA_SOFT,0.009512442846428527,0.5453696615875196,0.9207694581219379,2400
cancellation_085,21054,ORACLE_RIDGE,2.0759342124277465e-08,0.5303469801049049,0.9999998270923723,2400
cancellation_085,21055,ZERO,0.11393571089595002,0.6721598133839433,0.0,2400
cancellation_085,21055,DIRECT,0.004637477016107222,0.5265495614131951,0.959297423260541,2400
cancellation_085,21055,HARD_FPA,0.011030972463996602,0.5289586003843864,0.9031824844269374,2400
cancellation_085,21055,ORDINARY_SOFT,0.043976342615723585,0.5880387525124356,0.6140249420492554,2400
cancellation_085,21055,FPA_SOFT,0.011943461298801906,0.5291931411436508,0.895173679921047,2400
cancellation_085,21055,ORACLE_RIDGE,2.2455905294456005e-08,0.5232976960906954,0.9999998029072262,2400
cancellation_085,21056,ZERO,0.10957657837163368,0.5819903834772325,0.0,2400
cancellation_085,21056,DIRECT,0.002219463759080229,0.4613707431771996,0.9797450897622225,2400
cancellation_085,21056,HARD_FPA,0.007895427674668802,0.4653862305958872,0.9279460283210239,2400
cancellation_085,21056,ORDINARY_SOFT,0.04265390079953042,0.5102307380413407,0.610738887512367,2400
cancellation_085,21056,FPA_SOFT,0.007727040681762782,0.4652322298215389,0.9294827343891302,2400
cancellation_085,21056,ORACLE_RIDGE,1.9190626257616584e-08,0.4596467949925644,0.9999998248656187,2400
cancellation_085,21057,ZERO,0.11525272541807174,0.5873592454803381,0.0,2400
cancellation_085,21057,DIRECT,0.004875999426513545,0.488694181510849,0.9576929794169624,2400
cancellation_085,21057,HARD_FPA,0.006786817194628206,0.490131670959605,0.9411136077692787,2400
cancellation_085,21057,ORDINARY_SOFT,0.05061938745217522,0.5267303223227259,0.5607966122401298,2400
cancellation_085,21057,FPA_SOFT,0.007011150913925484,0.49056353966853217,0.9391671573189008,2400
cancellation_085,21057,ORACLE_RIDGE,2.1196454633815394e-08,0.4839936599803739,0.9999998160871723,2400
cancellation_085,21058,ZERO,0.11235112571985201,0.5542598551191795,0.0,2400
cancellation_085,21058,DIRECT,0.002337840920597205,0.47145215397005075,0.9791916555742697,2400
cancellation_085,21058,HARD_FPA,0.007302582963869686,0.4802331719339249,0.9350021380108046,2400
cancellation_085,21058,ORDINARY_SOFT,0.043976253498524215,0.4959377467722883,0.608581994913169,2400
cancellation_085,21058,FPA_SOFT,0.007734558336093104,0.48110637062481504,0.931157268905527,2400
cancellation_085,21058,ORACLE_RIDGE,2.119091348201839e-08,0.46466513736844434,0.9999998113867276,2400
cancellation_085,21059,ZERO,0.11643243361756991,0.622078233192455,0.0,2400
cancellation_085,21059,DIRECT,0.003225725945035261,0.5013147292053465,0.9722952974114552,2400
cancellation_085,21059,HARD_FPA,0.010790892155234688,0.5089392533901915,0.9073205650697117,2400
cancellation_085,21059,ORDINARY_SOFT,0.045598709684503975,0.5494311156085556,0.6083676320442122,2400
cancellation_085,21059,FPA_SOFT,0.011168152438756114,0.5095295161023656,0.9040804001792262,2400
cancellation_085,21059,ORACLE_RIDGE,2.024536567602379e-08,0.4989932818563477,0.9999998261191917,2400
cancellation_085,21060,ZERO,0.10885574684922879,0.6012870958710175,0.0,2400
cancellation_085,21060,DIRECT,0.004190743587536438,0.47589362863096274,0.9615018617864902,2400
cancellation_085,21060,HARD_FPA,0.011545388437063072,0.4768973832711047,0.8939386410801621,2400
cancellation_085,21060,ORDINARY_SOFT,0.04126809298324757,0.5254417130565544,0.6208919218531828,2400
cancellation_085,21060,FPA_SOFT,0.011750478147071282,0.47815483569840894,0.8920545907112617,2400
cancellation_085,21060,ORACLE_RIDGE,1.8097600107642283e-08,0.47235875154669205,0.9999998337469483,2400
cancellation_085,21061,ZERO,0.1063827502494561,0.6256056774453104,0.0,2400
cancellation_085,21061,DIRECT,0.0041561322433994515,0.48601787373670297,0.9609322730080415,2400
cancellation_085,21061,HARD_FPA,0.006870394749275338,0.4886475740474989,0.935418150657273,2400
cancellation_085,21061,ORDINARY_SOFT,0.042316221236788326,0.5473921138362737,0.6022266660942555,2400
cancellation_085,21061,FPA_SOFT,0.008163714920874483,0.4875707740492091,0.9232609149346915,2400
cancellation_085,21061,ORACLE_RIDGE,1.973138154842478e-08,0.48188126950182647,0.9999998145246151,2400
cancellation_085,21062,ZERO,0.11521295547477363,0.60755511120236,0.0,2400
cancellation_085,21062,DIRECT,0.004728208329792374,0.49596586912741136,0.95896114017466,2400
cancellation_085,21062,HARD_FPA,0.009155460403472834,0.49819902880364414,0.9205344540833564,2400
cancellation_085,21062,ORDINARY_SOFT,0.0463798896118383,0.5385228845560827,0.5974420635186867,2400
cancellation_085,21062,FPA_SOFT,0.009475696632458327,0.4983868204779574,0.9177549382930892,2400
cancellation_085,21062,ORACLE_RIDGE,1.8614356599861905e-08,0.4873233239209264,0.9999998384352131,2400
cancellation_085,21063,ZERO,0.1112047017158163,0.5753343201049024,0.0,2400
cancellation_085,21063,DIRECT,0.0064225928461830355,0.4635645269758152,0.9422453120498809,2400
cancellation_085,21063,HARD_FPA,0.015513632348099238,0.47075832667156986,0.8604948162376773,2400
cancellation_085,21063,ORDINARY_SOFT,0.0485579004700003,0.5090468896817089,0.5633466955912525,2400
cancellation_085,21063,FPA_SOFT,0.014531299036123284,0.4698140473549942,0.8693283754021657,2400
cancellation_085,21063,ORACLE_RIDGE,2.02888518380953e-08,0.4585273897336114,0.9999998175540106,2400
cancellation_085,21064,ZERO,0.11347260157569183,0.5907007712179204,0.0,2400
cancellation_085,21064,DIRECT,0.004089231382067576,0.4994332813670811,0.9639628304517205,2400
cancellation_085,21064,HARD_FPA,0.00805097496407579,0.5038787214163125,0.9290491726436236,2400
cancellation_085,21064,ORDINARY_SOFT,0.04619614843375268,0.5307552956352043,0.5928872010311885,2400
cancellation_085,21064,FPA_SOFT,0.007762709717117392,0.5037608155684659,0.9315895677958941,2400
cancellation_085,21064,ORACLE_RIDGE,2.157961490346942e-08,0.49549950663398873,0.999999809825327,2400
cancellation_085,21065,ZERO,0.10954188746610635,0.6592597313185652,0.0,2400
cancellation_085,21065,DIRECT,0.005476835780835274,0.5118543925751605,0.9500023606720317,2400
cancellation_085,21065,HARD_FPA,0.007802105900507105,0.5162032989774499,0.9287751372467343,2400
cancellation_085,21065,ORDINARY_SOFT,0.04418969589285633,0.5791215423342322,0.5965954493295619,2400
cancellation_085,21065,FPA_SOFT,0.008382982224194988,0.5170723659036102,0.9234723591303027,2400
cancellation_085,21065,ORACLE_RIDGE,1.8807503064665747e-08,0.5088224811395414,0.9999998283076593,2400
cancellation_085,21066,ZERO,0.12569642217599455,0.5881837219337359,0.0,2400
cancellation_085,21066,DIRECT,0.008008076458858635,0.4705824113450518,0.9362903388956761,2400
cancellation_085,21066,HARD_FPA,0.014300641369656463,0.476498356218369,0.8862287317165374,2400
cancellation_085,21066,ORDINARY_SOFT,0.05280175396367892,0.5152938582994668,0.5799263570943312,2400
cancellation_085,21066,FPA_SOFT,0.013914776066899497,0.47597611233523623,0.8892985510166976,2400
cancellation_085,21066,ORACLE_RIDGE,2.079258027732393e-08,0.46373679293814707,0.9999998345809696,2400
cancellation_085,21067,ZERO,0.11337054296589794,0.6154635993104587,0.0,2400
cancellation_085,21067,DIRECT,0.004101021624564804,0.49057238469084513,0.9638263916068709,2400
cancellation_085,21067,HARD_FPA,0.008482544389813796,0.4942769868494683,0.9251785854781929,2400
cancellation_085,21067,ORDINARY_SOFT,0.045992393182347845,0.5420013891572729,0.594317959682151,2400
cancellation_085,21067,FPA_SOFT,0.00909110598796044,0.4942982041752692,0.919810686708142,2400
cancellation_085,21067,ORACLE_RIDGE,2.0342321203795913e-08,0.48895418898952786,0.9999998205678418,2400
cancellation_085,21068,ZERO,0.11476425216079113,0.5782326479567833,0.0,2400
cancellation_085,21068,DIRECT,0.0031369003903879786,0.47252099095885003,0.9726665722877451,2400
cancellation_085,21068,HARD_FPA,0.007116936763218355,0.47562601181266617,0.9379864667854313,2400
cancellation_085,21068,ORDINARY_SOFT,0.04316703073722388,0.5082106745262079,0.6238634424529299,2400
cancellation_085,21068,FPA_SOFT,0.00868467917807567,0.4776759774413078,0.9243259201836828,2400
cancellation_085,21068,ORACLE_RIDGE,2.0877632031133856e-08,0.46991666509778685,0.9999998180824461,2400
cancellation_085,21069,ZERO,0.11083056793070244,0.6051248997090134,0.0,2400
cancellation_085,21069,DIRECT,0.0032451368852343195,0.482272870032783,0.9707198388871979,2400
cancellation_085,21069,HARD_FPA,0.012021333806404865,0.48825442547541986,0.8915341315049357,2400
cancellation_085,21069,ORDINARY_SOFT,0.04567047832421343,0.5341459961622597,0.5879252522393532,2400
cancellation_085,21069,FPA_SOFT,0.012274466825272846,0.4881678276907275,0.8892501675805944,2400
cancellation_085,21069,ORACLE_RIDGE,2.053401273373295e-08,0.47906759836392704,0.9999998147260895,2400
cancellation_085,21070,ZERO,0.10901454277709069,0.5912756234984327,0.0,2400
cancellation_085,21070,DIRECT,0.0029244205155004627,0.5116420638053015,0.9731740331060212,2400
cancellation_085,21070,HARD_FPA,0.009751217116127328,0.5207061464895315,0.9105512267655308,2400
cancellation_085,21070,ORDINARY_SOFT,0.042861202605293656,0.5345968124869306,0.6068304144252128,2400
cancellation_085,21070,FPA_SOFT,0.009550549327563914,0.520120942779591,0.9123919700595126,2400
cancellation_085,21070,ORACLE_RIDGE,1.9393980905231448e-08,0.5066944268889286,0.9999998220973054,2400
cancellation_085,21071,ZERO,0.1123772838022217,0.638146293740451,0.0,2400
cancellation_085,21071,DIRECT,0.006575138831851945,0.5356229579539434,0.9414904987076939,2400
cancellation_085,21071,HARD_FPA,0.010073577224678536,0.5429526380905516,0.9103593103174881,2400
cancellation_085,21071,ORDINARY_SOFT,0.047710912217625676,0.5757968906872356,0.5754398878193705,2400
cancellation_085,21071,FPA_SOFT,0.011625303913978273,0.5450179350030527,0.896551122071626,2400
cancellation_085,21071,ORACLE_RIDGE,2.0986934124481878e-08,0.5292103104798173,0.9999998132457609,2400
cancellation_085,21072,ZERO,0.11083158661493096,0.5946191602863947,0.0,2400
cancellation_085,21072,DIRECT,0.003301444110428322,0.4936533476736101,0.9702120648881556,2400
cancellation_085,21072,HARD_FPA,0.007073080379073969,0.5010000593163383,0.9361817276545141,2400
cancellation_085,21072,ORDINARY_SOFT,0.04416051896019566,0.5304440664641762,0.6015529479549429,2400
cancellation_085,21072,FPA_SOFT,0.007251641206080303,0.5021267256238191,0.9345706271329027,2400
cancellation_085,21072,ORACLE_RIDGE,1.9102879495653505e-08,0.48892388097821654,0.9999998276404761,2400
cancellation_085,21073,ZERO,0.11671314195411867,0.6319379530364724,0.0,2400
cancellation_085,21073,DIRECT,0.005337692959506062,0.5162932357184948,0.9542665644147909,2400
cancellation_085,21073,HARD_FPA,0.012054190188079026,0.5258459485042214,0.8967195125908128,2400
cancellation_085,21073,ORDINARY_SOFT,0.045820914587958665,0.5607798458760603,0.6074056972438338,2400
cancellation_085,21073,FPA_SOFT,0.012356703538289798,0.5255335931416455,0.894127573541398,2400
cancellation_085,21073,ORACLE_RIDGE,1.8526705923457543e-08,0.5071261078263134,0.999999841262898,2400
cancellation_085,21074,ZERO,0.10947444009928703,0.5662888096016524,0.0,2400
cancellation_085,21074,DIRECT,0.00294530901703865,0.4772591313186491,0.9730959207065373,2400
cancellation_085,21074,HARD_FPA,0.006553927607605272,0.48442243216892755,0.9401328054141109,2400
cancellation_085,21074,ORDINARY_SOFT,0.04502514701369841,0.5087986527666869,0.5887154392124483,2400
cancellation_085,21074,FPA_SOFT,0.0059803631427026,0.48408435537689515,0.94537206002352,2400
cancellation_085,21074,ORACLE_RIDGE,1.9666847392919788e-08,0.47807867470730797,0.9999998203521536,2400
cancellation_085,21075,ZERO,0.11627622719247736,0.6209151946857876,0.0,2400
cancellation_085,21075,DIRECT,0.004640613758099346,0.5067351648771254,0.9600897460285023,2400
cancellation_085,21075,HARD_FPA,0.014379859536311625,0.5211632273787814,0.8763301847375218,2400
cancellation_085,21075,ORDINARY_SOFT,0.04311166793248289,0.5468954156380195,0.6292305918980483,2400
cancellation_085,21075,FPA_SOFT,0.014992706522144872,0.5218731452527544,0.8710595718131897,2400
cancellation_085,21075,ORACLE_RIDGE,2.1852443632823683e-08,0.5024542036920995,0.9999998120643905,2400
cancellation_085,21076,ZERO,0.11979339918075758,0.583881232770819,0.0,2400
cancellation_085,21076,DIRECT,0.004736952812279528,0.47100984001895424,0.9604573136360219,2400
cancellation_085,21076,HARD_FPA,0.012782551005357022,0.47530042313528953,0.8932950305043996,2400
cancellation_085,21076,ORDINARY_SOFT,0.04916544363491137,0.5132015286693575,0.5895813628201243,2400
cancellation_085,21076,FPA_SOFT,0.013300061480144518,0.47589643744661636,0.888975005542034,2400
cancellation_085,21076,ORACLE_RIDGE,2.064739838396053e-08,0.4656249932295603,0.9999998276416019,2400
cancellation_085,21077,ZERO,0.11183442923964085,0.5748268273990146,0.0,2400
cancellation_085,21077,DIRECT,0.004342931120874504,0.4646165035994157,0.9611664211960309,2400
cancellation_085,21077,HARD_FPA,0.00782662046933134,0.4696750644142855,0.9300160020259922,2400
cancellation_085,21077,ORDINARY_SOFT,0.04437832110529457,0.5069975559831718,0.6031783645964706,2400
cancellation_085,21077,FPA_SOFT,0.007707201494049649,0.4692610120265646,0.931083821445232,2400
cancellation_085,21077,ORACLE_RIDGE,2.141414666323913e-08,0.4613161397172323,0.9999998085191939,2400
cancellation_085,21078,ZERO,0.10238872310480412,0.5911761507645353,0.0,2400
cancellation_085,21078,DIRECT,0.004518024633696428,0.4861582219695936,0.9558738062484496,2400
cancellation_085,21078,HARD_FPA,0.01550139172780553,0.49695780808647877,0.84860254862307,2400
cancellation_085,21078,ORDINARY_SOFT,0.03670317170124054,0.5220277062440295,0.6415311121355471,2400
cancellation_085,21078,FPA_SOFT,0.016026919065342333,0.4977807669440179,0.8434698804775861,2400
cancellation_085,21078,ORACLE_RIDGE,1.7856080345435504e-08,0.48827050334844047,0.99999982560501,2400
cancellation_085,21079,ZERO,0.10910315583760517,0.5430355484009658,0.0,2400
cancellation_085,21079,DIRECT,0.004904979654947437,0.4658281144009108,0.9550427334819878,2400
cancellation_085,21079,HARD_FPA,0.008835154269573792,0.4711702681078387,0.9190201768065765,2400
cancellation_085,21079,ORDINARY_SOFT,0.04863384680173782,0.4922744218539353,0.5542397795153884,2400
cancellation_085,21079,FPA_SOFT,0.008351150719966617,0.47269539769052643,0.92345637799518,2400
cancellation_085,21079,ORACLE_RIDGE,1.9087187412409222e-08,0.4630557751736871,0.9999998250537552,2400
cancellation_085,21080,ZERO,0.1107350974072452,0.6269370845103208,0.0,2400
cancellation_085,21080,DIRECT,0.004891323883719538,0.5263704554900511,0.9558286035932135,2400
cancellation_085,21080,HARD_FPA,0.010694064779015541,0.5303014081518078,0.9034266006947509,2400
cancellation_085,21080,ORDINARY_SOFT,0.04542674441863574,0.5634761885079388,0.5897710348185998,2400
cancellation_085,21080,FPA_SOFT,0.01140526862630847,0.5308183587836524,0.8970040313021638,2400
cancellation_085,21080,ORACLE_RIDGE,1.9658052218168215e-08,0.5194554558104403,0.9999998224767696,2400
cancellation_085,21081,ZERO,0.11435060257673231,0.6506086303503458,0.0,2400
cancellation_085,21081,DIRECT,0.0044192264461596215,0.5301689446941282,0.9613537108980759,2400
cancellation_085,21081,HARD_FPA,0.008966442873072253,0.5337358694882427,0.9215881449592228,2400
cancellation_085,21081,ORDINARY_SOFT,0.044484033582927344,0.5758042982122049,0.6109855778584343,2400
cancellation_085,21081,FPA_SOFT,0.009499411081339868,0.5348112386771691,0.9169273194256627,2400
cancellation_085,21081,ORACLE_RIDGE,2.1906428767520504e-08,0.5253244846969873,0.9999998084275179,2400
cancellation_085,21082,ZERO,0.11182222978894951,0.606962784791543,0.0,2400
cancellation_085,21082,DIRECT,0.0033740865015496483,0.49138244674138376,0.969826334996916,2400
cancellation_085,21082,HARD_FPA,0.00888104760343433,0.49609968658654235,0.9205788721956609,2400
cancellation_085,21082,ORDINARY_SOFT,0.044929512423426035,0.5372897685078911,0.5982058978056074,2400
cancellation_085,21082,FPA_SOFT,0.00954724421182823,0.4967590604426445,0.9146212320229398,2400
cancellation_085,21082,ORACLE_RIDGE,1.9288972769403118e-08,0.48898975642489945,0.9999998275032361,2400
cancellation_085,21083,ZERO,0.10688520653888539,0.6218573124032198,0.0,2400
cancellation_085,21083,DIRECT,0.0036971415862574863,0.4952953657967505,0.9654101656723426,2400
cancellation_085,21083,HARD_FPA,0.008540036963491406,0.4966438299983897,0.9201008517452367,2400
cancellation_085,21083,ORDINARY_SOFT,0.0417272574090097,0.5474640926910445,0.6096068037831868,2400
cancellation_085,21083,FPA_SOFT,0.008329994692573799,0.49642045837939275,0.9220659718747579,2400
cancellation_085,21083,ORACLE_RIDGE,1.9760121688048365e-08,0.49540443942872114,0.9999998151276278,2400
cancellation_085,21084,ZERO,0.1115943762903147,0.6609274854086217,0.0,2400
cancellation_085,21084,DIRECT,0.006233157588804384,0.5428087473028721,0.944144518783019,2400
cancellation_085,21084,HARD_FPA,0.010035405495349774,0.5468175346969816,0.9100724800930605,2400
cancellation_085,21084,ORDINARY_SOFT,0.040635510344227466,0.5845678405508291,0.6358641743871261,2400
cancellation_085,21084,FPA_SOFT,0.011503555387840316,0.5479151668168956,0.8969163521474092,2400
cancellation_085,21084,ORACLE_RIDGE,1.9923409811422098e-08,0.5419858726730133,0.9999998214658259,2400
cancellation_085,21085,ZERO,0.1081678698868152,0.5969869514433528,0.0,2400
cancellation_085,21085,DIRECT,0.00544908365628996,0.49282624681821763,0.9496238239507556,2400
cancellation_085,21085,HARD_FPA,0.012782632046538945,0.4989620227769713,0.8818259797487512,2400
cancellation_085,21085,ORDINARY_SOFT,0.04130012537362537,0.5294209330911376,0.6181849063234671,2400
cancellation_085,21085,FPA_SOFT,0.013545008104571382,0.4999166889989461,0.8747778973668926,2400
cancellation_085,21085,ORACLE_RIDGE,2.1087701167570342e-08,0.487705791639652,0.9999998050465337,2400
cancellation_085,21086,ZERO,0.1170502488598514,0.63193216988357,0.0,2400
cancellation_085,21086,DIRECT,0.0032632455723345245,0.4968087306000001,0.9721209856098493,2400
cancellation_085,21086,HARD_FPA,0.005762051871738212,0.49679149921141347,0.9507728353603303,2400
cancellation_085,21086,ORDINARY_SOFT,0.044100151754389375,0.5513850046985683,0.6232374370498595,2400
cancellation_085,21086,FPA_SOFT,0.007329652288404892,0.49741057676293127,0.9373802929955241,2400
cancellation_085,21086,ORACLE_RIDGE,2.1245205199229893e-08,0.4933632693761491,0.9999998184950019,2400
cancellation_085,21087,ZERO,0.11106814296409925,0.6533759618203921,0.0,2400
cancellation_085,21087,DIRECT,0.007232385696090985,0.530831002705486,0.9348833472580097,2400
cancellation_085,21087,HARD_FPA,0.010043483916295929,0.5337839513598472,0.909573675688966,2400
cancellation_085,21087,ORDINARY_SOFT,0.04922234201056672,0.5848637855742228,0.5568275412106517,2400
cancellation_085,21087,FPA_SOFT,0.010195929637640277,0.5327684700335025,0.9082011334164836,2400
cancellation_085,21087,ORACLE_RIDGE,1.9667061072075505e-08,0.5218486449901644,0.9999998229279743,2400
cancellation_085,21088,ZERO,0.10952977171694954,0.6040394708771708,0.0,2400
cancellation_085,21088,DIRECT,0.006510905913602131,0.4922951114461177,0.9405558341669165,2400
cancellation_085,21088,HARD_FPA,0.018311585444709556,0.5011574186545369,0.8328163643759712,2400
cancellation_085,21088,ORDINARY_SOFT,0.04048247685880757,0.5310721024474484,0.6303975054068064,2400
cancellation_085,21088,FPA_SOFT,0.019063030631329952,0.5016289628112571,0.8259557165827638,2400
cancellation_085,21088,ORACLE_RIDGE,1.9798440649196522e-08,0.4835234741187117,0.9999998192414689,2400
cancellation_085,21089,ZERO,0.11798523637286062,0.6192259157262511,0.0,2400
cancellation_085,21089,DIRECT,0.0057027831026157235,0.507432633334918,0.9516652822172292,2400
cancellation_085,21089,HARD_FPA,0.00967087406057363,0.5116596503771162,0.9180331848468615,2400
cancellation_085,21089,ORDINARY_SOFT,0.05097414010233854,0.5534455295050847,0.5679617071643737,2400
cancellation_085,21089,FPA_SOFT,0.0105778426444066,0.5122082279827304,0.9103460486278285,2400
cancellation_085,21089,ORACLE_RIDGE,2.0385499010263092e-08,0.4998219545967142,0.9999998272199163,2400
cancellation_085,21090,ZERO,0.11496354939033088,0.5696183674269594,0.0,2400
cancellation_085,21090,DIRECT,0.007106169160083153,0.5038784141794075,0.9381876325342402,2400
cancellation_085,21090,HARD_FPA,0.00844472621322897,0.510910622564096,0.9265443154981502,2400
cancellation_085,21090,ORDINARY_SOFT,0.04587800301298803,0.5166639828037067,0.6009343547908357,2400
cancellation_085,21090,FPA_SOFT,0.010841091795735034,0.5142843446708546,0.905699746978699,2400
cancellation_085,21090,ORACLE_RIDGE,2.142024904186344e-08,0.4976751206143124,0.9999998136779079,2400
cancellation_085,21091,ZERO,0.11311804683932868,0.5558637788730323,0.0,2400
cancellation_085,21091,DIRECT,0.005419795036635144,0.4678292712911042,0.9520872646931984,2400
cancellation_085,21091,HARD_FPA,0.01235077506215843,0.477411423079976,0.8908151669229111,2400
cancellation_085,21091,ORDINARY_SOFT,0.04440685867893887,0.49421751460482993,0.6074290538094795,2400
cancellation_085,21091,FPA_SOFT,0.012613339035007557,0.478471983825465,0.8884940167600014,2400
cancellation_085,21091,ORACLE_RIDGE,1.966798836899162e-08,0.4637632475483095,0.9999998261286425,2400
cancellation_085,21092,ZERO,0.1090925575570121,0.6074450009926826,0.0,2400
cancellation_085,21092,DIRECT,0.004569581500525602,0.4786778789745256,0.9581128025334127,2400
cancellation_085,21092,HARD_FPA,0.009848643659536561,0.48458110421959383,0.9097221306376502,2400
cancellation_085,21092,ORDINARY_SOFT,0.03944070798378492,0.5289342802351439,0.6384656399390665,2400
cancellation_085,21092,FPA_SOFT,0.010421574903316981,0.4845464241513554,0.9044703402624819,2400
cancellation_085,21092,ORACLE_RIDGE,2.098567336786697e-08,0.4776417813223792,0.9999998076342342,2400
cancellation_085,21093,ZERO,0.11141838989647036,0.6254654453456111,0.0,2400
cancellation_085,21093,DIRECT,0.007149646398167146,0.5000539161438363,0.9358306433542023,2400
cancellation_085,21093,HARD_FPA,0.010947008387050795,0.5037918938680637,0.9017486395448479,2400
cancellation_085,21093,ORDINARY_SOFT,0.043550745865600905,0.5495955122966993,0.6091242576196969,2400
cancellation_085,21093,FPA_SOFT,0.011256829325286112,0.5032364846275954,0.8989679411473642,2400
cancellation_085,21093,ORACLE_RIDGE,2.1104298013003892e-08,0.4983207223184533,0.9999998105851464,2400
cancellation_085,21094,ZERO,0.10996761870802971,0.5992273596142572,0.0,2400
cancellation_085,21094,DIRECT,0.004441100422660097,0.4908401003055972,0.9596144712885757,2400
cancellation_085,21094,HARD_FPA,0.0085690512438252,0.4888792863858839,0.9220765954150875,2400
cancellation_085,21094,ORDINARY_SOFT,0.04628692701127757,0.5343438134117565,0.5790858476787426,2400
cancellation_085,21094,FPA_SOFT,0.009004759013533111,0.48871866244930895,0.9181144493322051,2400
cancellation_085,21094,ORACLE_RIDGE,1.733321607859135e-08,0.48571590365556055,0.9999998423789086,2400
cancellation_085,21095,ZERO,0.1071570496749364,0.5853244426147185,0.0,2400
cancellation_085,21095,DIRECT,0.004956896387856197,0.4896771816906037,0.9537417612476914,2400
cancellation_085,21095,HARD_FPA,0.011937201291872737,0.5006459268726248,0.8886008776082904,2400
cancellation_085,21095,ORDINARY_SOFT,0.0449154227514502,0.5255273905499597,0.5808449104589735,2400
cancellation_085,21095,FPA_SOFT,0.011922443570910336,0.5014681644504534,0.888738598094317,2400
cancellation_085,21095,ORACLE_RIDGE,1.684664881092618e-08,0.48720958402070524,0.9999998427854363,2400
cancellation_085,21096,ZERO,0.11581331244602429,0.5631656773300809,0.0,2400
cancellation_085,21096,DIRECT,0.0019708576975128213,0.46929650028890324,0.9829824598235946,2400
cancellation_085,21096,HARD_FPA,0.0072227445347468975,0.47709521984533204,0.9376345915491096,2400
cancellation_085,21096,ORDINARY_SOFT,0.04844237803378753,0.5036649233799417,0.5817201234412108,2400
cancellation_085,21096,FPA_SOFT,0.007085093545166751,0.47647333837242845,0.938823150849184,2400
cancellation_085,21096,ORACLE_RIDGE,1.9269681870223856e-08,0.46789808825095985,0.9999998336142757,2400
cancellation_085,21097,ZERO,0.11071473383050347,0.6200595410781928,0.0,2400
cancellation_085,21097,DIRECT,0.005263923071252354,0.5034049076854239,0.9524550808268116,2400
cancellation_085,21097,HARD_FPA,0.009224718680247082,0.5065207395540986,0.9166802975440516,2400
cancellation_085,21097,ORDINARY_SOFT,0.049945790275191665,0.5551999110875339,0.5488785589128978,2400
cancellation_085,21097,FPA_SOFT,0.009143021488999065,0.5063067823533998,0.9174182046718696,2400
cancellation_085,21097,ORACLE_RIDGE,2.1058069139003647e-08,0.49216426315934314,0.999999809798855,2400
cancellation_085,21098,ZERO,0.11252130996125663,0.5932566675192644,0.0,2400
cancellation_085,21098,DIRECT,0.004196129782637074,0.47826873384866353,0.9627081324943525,2400
cancellation_085,21098,HARD_FPA,0.006616637797559209,0.48381615601649003,0.9411965804536274,2400
cancellation_085,21098,ORDINARY_SOFT,0.043380955434178026,0.520894309600348,0.6144645361032948,2400
cancellation_085,21098,FPA_SOFT,0.006887453444803316,0.48386643532625195,0.9387897861553975,2400
cancellation_085,21098,ORACLE_RIDGE,2.009566427198133e-08,0.4771499744630816,0.9999998214057028,2400
cancellation_085,21099,ZERO,0.10673220683782228,0.6576064253410983,0.0,2400
cancellation_085,21099,DIRECT,0.006165079202938444,0.5405619591908492,0.9422378737815646,2400
cancellation_085,21099,HARD_FPA,0.008529934462315633,0.5392491282027239,0.9200809697931505,2400
cancellation_085,21099,ORDINARY_SOFT,0.04237361052129734,0.5867750200133215,0.6029913390090088,2400
cancellation_085,21099,FPA_SOFT,0.009394648345224403,0.5396351779778418,0.911979255151171,2400
cancellation_085,21099,ORACLE_RIDGE,1.92597689962842e-08,0.5384864647777532,0.9999998195505408,2400
cancellation_085,21100,ZERO,0.11816751590633322,0.6218000492229555,0.0,2400
cancellation_085,21100,DIRECT,0.0029739073315040243,0.4936979528606646,0.9748331230567517,2400
cancellation_085,21100,HARD_FPA,0.005798935516090824,0.4953578124362984,0.9509261452133139,2400
cancellation_085,21100,ORDINARY_SOFT,0.05051334872320552,0.5492605329904386,0.5725276245694673,2400
cancellation_085,21100,FPA_SOFT,0.0062436829840465434,0.4949164455262486,0.9471624419269703,2400
cancellation_085,21100,ORACLE_RIDGE,2.143014868929926e-08,0.48904968097642043,0.9999998186460253,2400
cancellation_100,21001,ZERO,0.08703352242932193,0.6147951455735836,0.0,2400
cancellation_100,21001,DIRECT,0.0051492733015768575,0.5196542333503615,0.9408357474471004,2400
cancellation_100,21001,HARD_FPA,0.014331619474426138,0.5261156664887756,0.8353321906962397,2400
cancellation_100,21001,ORDINARY_SOFT,0.03060060516558529,0.5535494615269183,0.6484043813068074,2400
cancellation_100,21001,FPA_SOFT,0.014950748750316472,0.5265655398362047,0.828218503250197,2400
cancellation_100,21001,ORACLE_RIDGE,1.5262100238242386e-08,0.5163197963653381,0.9999998246411289,2400
cancellation_100,21002,ZERO,0.09179978010034247,0.5828324320384676,0.0,2400
cancellation_100,21002,DIRECT,0.0033210994078261046,0.4974503897822023,0.9638223598771593,2400
cancellation_100,21002,HARD_FPA,0.006298119798489985,0.49723543497127914,0.9313928661745619,2400
cancellation_100,21002,ORDINARY_SOFT,0.033409858234058794,0.5258176634668894,0.6360573173754895,2400
cancellation_100,21002,FPA_SOFT,0.006845332708889703,0.49717056013532207,0.9254319269457143,2400
cancellation_100,21002,ORACLE_RIDGE,1.598347643469239e-08,0.4915960498495981,0.9999998258876392,2400
cancellation_100,21003,ZERO,0.09063830954190898,0.576295584163624,0.0,2400
cancellation_100,21003,DIRECT,0.0032068890291929706,0.5057096802458142,0.9646188345148893,2400
cancellation_100,21003,HARD_FPA,0.010469195067142941,0.5167959234437977,0.8844948110787278,2400
cancellation_100,21003,ORDINARY_SOFT,0.033840644081381974,0.5263157299619653,0.6266408293312788,2400
cancellation_100,21003,FPA_SOFT,0.010307509598261178,0.5162937451620356,0.8862786646137168,2400
cancellation_100,21003,ORACLE_RIDGE,1.7724349073256504e-08,0.5003488906276549,0.999999804449695,2400
cancellation_100,21004,ZERO,0.08565332542500399,0.5488555649933109,0.0,2400
cancellation_100,21004,DIRECT,0.0072234604534345305,0.4833899552928686,0.9156663163094675,2400
cancellation_100,21004,HARD_FPA,0.011842515767743075,0.4887689464223769,0.861738984342037,2400
cancellation_100,21004,ORDINARY_SOFT,0.03710870789620704,0.5054410757392254,0.5667569506253609,2400
cancellation_100,21004,FPA_SOFT,0.013884536149550101,0.49009537469732056,0.8378984577579878,2400
cancellation_100,21004,ORACLE_RIDGE,1.513334072429077e-08,0.4778162726832219,0.9999998233187019,2400
cancellation_100,21005,ZERO,0.0915055918611965,0.6105298684903596,0.0,2400
cancellation_100,21005,DIRECT,0.0030463097139333296,0.5138321726149904,0.9667090321807411,2400
cancellation_100,21005,HARD_FPA,0.010495995386332169,0.5207982648965991,0.8852966778002661,2400
cancellation_100,21005,ORDINARY_SOFT,0.03375734747326045,0.5498822931552539,0.6310897860267766,2400
cancellation_100,21005,FPA_SOFT,0.010944948138626823,0.5208492808152075,0.8803903901826124,2400
cancellation_100,21005,ORACLE_RIDGE,1.7944661975787862e-08,0.5118899315819617,0.9999998038954603,2400
cancellation_100,21006,ZERO,0.08341619163865434,0.5571264133806602,0.0,2400
cancellation_100,21006,DIRECT,0.004986249873803427,0.46197526429096325,0.9402244363372153,2400
cancellation_100,21006,HARD_FPA,0.01145408499542711,0.46492459347096693,0.8626875098177056,2400
cancellation_100,21006,ORDINARY_SOFT,0.034569305245394207,0.5022153307832142,0.585580394329881,2400
cancellation_100,21006,FPA_SOFT,0.011817648760504276,0.46563927509036546,0.8583290782238483,2400
cancellation_100,21006,ORACLE_RIDGE,1.6855390763708033e-08,0.45875061959686037,0.9999997979362227,2400
cancellation_100,21007,ZERO,0.09703458104359218,0.5660952314147839,0.0,2400
cancellation_100,21007,DIRECT,0.002965280231602291,0.4727717548212775,0.9694409951616099,2400
cancellation_100,21007,HARD_FPA,0.008432480732098145,0.4791041375025494,0.9130981899297334,2400
cancellation_100,21007,ORDINARY_SOFT,0.038191161807313294,0.5077594921006634,0.6064169969450772,2400
cancellation_100,21007,FPA_SOFT,0.008942787479973725,0.47982780375423356,0.9078391704916391,2400
cancellation_100,21007,ORACLE_RIDGE,1.5617247621022527e-08,0.4675504513536499,0.999999839054825,2400
cancellation_100,21008,ZERO,0.0953996094799479,0.5458736147744767,0.0,2400
cancellation_100,21008,DIRECT,0.0030082083522891363,0.4739979683576203,0.9684672886116852,2400
cancellation_100,21008,HARD_FPA,0.0062397381464169045,0.4822139028232621,0.9345936720241141,2400
cancellation_100,21008,ORDINARY_SOFT,0.03760758441682478,0.49579326043557825,0.6057889060360405,2400
cancellation_100,21008,FPA_SOFT,0.006724373352425248,0.48321758465303843,0.9295136176229458,2400
cancellation_100,21008,ORACLE_RIDGE,1.5790372828043217e-08,0.46990985256132356,0.9999998344817875,2400
cancellation_100,21009,ZERO,0.08531407013053581,0.5756695002455307,0.0,2400
cancellation_100,21009,DIRECT,0.002842493885627262,0.508930722580111,0.9666820035513712,2400
cancellation_100,21009,HARD_FPA,0.005924373087044857,0.5165472926988596,0.930558077020822,2400
cancellation_100,21009,ORDINARY_SOFT,0.03350823729323268,0.5301764414510196,0.607236681570074,2400
cancellation_100,21009,FPA_SOFT,0.0064097807160298816,0.5173351379614988,0.9248684219821828,2400
cancellation_100,21009,ORACLE_RIDGE,1.5677294827618886e-08,0.505973497849002,0.9999998162402192,2400
cancellation_100,21010,ZERO,0.09741245370582902,0.5655767561810308,0.0,2400
cancellation_100,21010,DIRECT,0.003946620464414332,0.49491403995945615,0.9594854629539203,2400
cancellation_100,21010,HARD_FPA,0.007622101252630606,0.49867646924144765,0.9217543449254629,2400
cancellation_100,21010,ORDINARY_SOFT,0.038180662620273725,0.5150882278472145,0.608051525572145,2400
cancellation_100,21010,FPA_SOFT,0.007484781166088867,0.4992297853248912,0.9231640218334733,2400
cancellation_100,21010,ORACLE_RIDGE,1.7702800709764656e-08,0.49078607215647824,0.9999998182696356,2400
cancellation_100,21011,ZERO,0.08589228444906806,0.5836770475075288,0.0,2400
cancellation_100,21011,DIRECT,0.0023211413567344004,0.490899619200025,0.972976136662068,2400
cancellation_100,21011,HARD_FPA,0.007625799464241956,0.4947003283513878,0.9112167115689668,2400
cancellation_100,21011,ORDINARY_SOFT,0.034088898939495446,0.5278788514512174,0.603120359900204,2400
cancellation_100,21011,FPA_SOFT,0.007805515737524388,0.49468997754348437,0.9091243667857867,2400
cancellation_100,21011,ORACLE_RIDGE,1.4520293213421878e-08,0.48892159655198897,0.9999998309476421,2400
cancellation_100,21012,ZERO,0.09157868832070294,0.5855790949994187,0.0,2400
cancellation_100,21012,DIRECT,0.0026417713059434804,0.5029496929856789,0.9711529903475778,2400
cancellation_100,21012,HARD_FPA,0.006890003811861239,0.5054383527746844,0.9247641133739231,2400
cancellation_100,21012,ORDINARY_SOFT,0.03588198028445088,0.5320125794357968,0.6081841644336028,2400
cancellation_100,21012,FPA_SOFT,0.007312786588185733,0.5054374860207671,0.9201475067804334,2400
cancellation_100,21012,ORACLE_RIDGE,1.9309618764290547e-08,0.4996185682119481,0.9999997891472446,2400
cancellation_100,21013,ZERO,0.09683470630333299,0.5788135844076229,0.0,2400
cancellation_100,21013,DIRECT,0.004553329028442905,0.509937169721443,0.952978335947241,2400
cancellation_100,21013,HARD_FPA,0.012123933543024178,0.5201371139355465,0.8747976422312247,2400
cancellation_100,21013,ORDINARY_SOFT,0.03676822666637578,0.5272950284788007,0.6202990841816572,2400
cancellation_100,21013,FPA_SOFT,0.011635564928693823,0.5196527296394822,0.8798409643310569,2400
cancellation_100,21013,ORACLE_RIDGE,1.669682724117313e-08,0.502884258399469,0.9999998275739362,2400
cancellation_100,21014,ZERO,0.08901388774834297,0.5279403063048009,0.0,2400
cancellation_100,21014,DIRECT,0.0031925406471404096,0.43919379787929064,0.9641343533251098,2400
cancellation_100,21014,HARD_FPA,0.008037599920066153,0.4426751670745017,0.9097039785208598,2400
cancellation_100,21014,ORDINARY_SOFT,0.036842159124210384,0.4750479447584596,0.5861077405318001,2400
cancellation_100,21014,FPA_SOFT,0.008059285779478852,0.44321974427811267,0.9094603551946434,2400
cancellation_100,21014,ORACLE_RIDGE,1.5207775140315872e-08,0.43743368615133343,0.9999998291527814,2400
cancellation_100,21015,ZERO,0.09084976014472299,0.6432906938208889,0.0,2400
cancellation_100,21015,DIRECT,0.00382920472213151,0.5380958000197734,0.9578512401570283,2400
cancellation_100,21015,HARD_FPA,0.009558317405344786,0.5460711569458362,0.8947898443527154,2400
cancellation_100,21015,ORDINARY_SOFT,0.03778366729668494,0.5834823799354516,0.5841082327955974,2400
cancellation_100,21015,FPA_SOFT,0.009323468500117981,0.5445171898356982,0.8973748693968397,2400
cancellation_100,21015,ORACLE_RIDGE,1.6243872017299998e-08,0.5391667305701431,0.9999998212007165,2400
cancellation_100,21016,ZERO,0.08861636357619221,0.6014480471675615,0.0,2400
cancellation_100,21016,DIRECT,0.0027101208803106893,0.5133999069160375,0.9694173765324896,2400
cancellation_100,21016,HARD_FPA,0.007167129252426019,0.517892472206986,0.9191218307410716,2400
cancellation_100,21016,ORDINARY_SOFT,0.036709337784026644,0.5486445644703131,0.5857498964910244,2400
cancellation_100,21016,FPA_SOFT,0.006816602757214156,0.5172990042488228,0.9230773811729112,2400
cancellation_100,21016,ORACLE_RIDGE,1.596834210128213e-08,0.5081630664820225,0.9999998198036857,2400
cancellation_100,21017,ZERO,0.08903936990297369,0.569679445311495,0.0,2400
cancellation_100,21017,DIRECT,0.003976164787437968,0.47909199524574236,0.9553437452244912,2400
cancellation_100,21017,HARD_FPA,0.008045689514939397,0.4857353915851759,0.909638966181962,2400
cancellation_100,21017,ORDINARY_SOFT,0.032253773521843346,0.5105130081718473,0.6377582910010446,2400
cancellation_100,21017,FPA_SOFT,0.008712862908886511,0.487335651426781,0.9021459505117688,2400
cancellation_100,21017,ORACLE_RIDGE,1.7182007274236003e-08,0.4770516114676362,0.9999998070291009,2400
cancellation_100,21018,ZERO,0.08347212043310101,0.5651736701765905,0.0,2400
cancellation_100,21018,DIRECT,0.004998508836090415,0.4846451482395677,0.9401176247811209,2400
cancellation_100,21018,HARD_FPA,0.007588922943026343,0.48669022540574314,0.9090843397334262,2400
cancellation_100,21018,ORDINARY_SOFT,0.03744516628746016,0.5187345517783651,0.5514051147476156,2400
cancellation_100,21018,FPA_SOFT,0.008013933522097286,0.4873123372544247,0.9039926926437662,2400
cancellation_100,21018,ORACLE_RIDGE,1.541435652157014e-08,0.4800160665337659,0.9999998153352707,2400
cancellation_100,21019,ZERO,0.0910792811013156,0.5469005045806885,0.0,2400
cancellation_100,21019,DIRECT,0.0053346133659240725,0.4625303190598359,0.9414289034627985,2400
cancellation_100,21019,HARD_FPA,0.01119249637281363,0.467032962048073,0.8771125964382259,2400
cancellation_100,21019,ORDINARY_SOFT,0.03744643736980706,0.49266934291720066,0.5888588829752395,2400
cancellation_100,21019,FPA_SOFT,0.011801558790175795,0.4681964812520273,0.8704254288409692,2400
cancellation_100,21019,ORACLE_RIDGE,1.566213784537313e-08,0.45870030274284035,0.9999998280384116,2400
cancellation_100,21020,ZERO,0.0922186708839102,0.5941076760197004,0.0,2400
cancellation_100,21020,DIRECT,0.0025906954481204215,0.4896257131656002,0.9719070398294752,2400
cancellation_100,21020,HARD_FPA,0.00599644840570323,0.48583862177554543,0.9349757663146991,2400
cancellation_100,21020,ORDINARY_SOFT,0.03769633271873398,0.5333298302909395,0.5912288438185349,2400
cancellation_100,21020,FPA_SOFT,0.005913413248071196,0.48594598283212387,0.9358761822156891,2400
cancellation_100,21020,ORACLE_RIDGE,1.6012574481955006e-08,0.4877823422678662,0.9999998263629878,2400
cancellation_100,21021,ZERO,0.09228920377005873,0.6004339316004405,0.0,2400
cancellation_100,21021,DIRECT,0.0030838775619648194,0.5164601017914053,0.9665846335650659,2400
cancellation_100,21021,HARD_FPA,0.004746319055951059,0.5184244972480889,0.9485712427666333,2400
cancellation_100,21021,ORDINARY_SOFT,0.038735250514414926,0.5492204097791354,0.5802840534747169,2400
cancellation_100,21021,FPA_SOFT,0.004948197411271824,0.5184855799437671,0.9463837891201184,2400
cancellation_100,21021,ORACLE_RIDGE,1.586259932477477e-08,0.5125688610323673,0.9999998281207478,2400
cancellation_100,21022,ZERO,0.09224934055472529,0.6423560117107339,0.0,2400
cancellation_100,21022,DIRECT,0.002352877771314815,0.5459198682032748,0.9744943675784976,2400
cancellation_100,21022,HARD_FPA,0.00786366921989292,0.5504965684428581,0.914756363865518,2400
cancellation_100,21022,ORDINARY_SOFT,0.035980191893680576,0.5840609577416715,0.6099680314534501,2400
cancellation_100,21022,FPA_SOFT,0.0078059274290050535,0.5503556333782209,0.9153822956124621,2400
cancellation_100,21022,ORACLE_RIDGE,1.645273115986017e-08,0.5431824782024876,0.9999998216493358,2400
cancellation_100,21023,ZERO,0.0915065584625374,0.5759085612116275,0.0,2400
cancellation_100,21023,DIRECT,0.002991154409518478,0.47839603182678353,0.9673121308485987,2400
cancellation_100,21023,HARD_FPA,0.009520421748361013,0.4868598883578834,0.8959591322379515,2400
cancellation_100,21023,ORDINARY_SOFT,0.03549878573413057,0.5166314247069946,0.6120629348259918,2400
cancellation_100,21023,FPA_SOFT,0.010459632366775216,0.4862520318569245,0.8856952710000849,2400
cancellation_100,21023,ORACLE_RIDGE,1.611923942549368e-08,0.47167115919168046,0.9999998238460751,2400
cancellation_100,21024,ZERO,0.09100749267737725,0.5921686432662193,0.0,2400
cancellation_100,21024,DIRECT,0.007674385258702454,0.5205913913993743,0.9156730392967944,2400
cancellation_100,21024,HARD_FPA,0.011376369674611716,0.524328651270758,0.8749952411617239,2400
cancellation_100,21024,ORDINARY_SOFT,0.041195115163362855,0.5471737653023665,0.5473436971898558,2400
cancellation_100,21024,FPA_SOFT,0.01101876592812218,0.5243745569732066,0.878924629127144,2400
cancellation_100,21024,ORACLE_RIDGE,1.786809089926791e-08,0.5173054576294686,0.9999998036635185,2400
cancellation_100,21025,ZERO,0.0913932707846676,0.5881922517753929,0.0,2400
cancellation_100,21025,DIRECT,0.003577581489600427,0.4953229669354987,0.9608550885761645,2400
cancellation_100,21025,HARD_FPA,0.0069410730691513165,0.5019824217566891,0.9240526899895591,2400
cancellation_100,21025,ORDINARY_SOFT,0.03858763307665645,0.5337341487952008,0.5777847455796492,2400
cancellation_100,21025,FPA_SOFT,0.006500227888663884,0.5020106214926866,0.9288762965494569,2400
cancellation_100,21025,ORACLE_RIDGE,1.528721599209513e-08,0.49410899011830056,0.9999998327314926,2400
cancellation_100,21026,ZERO,0.09730573455743997,0.5596430422165523,0.0,2400
cancellation_100,21026,DIRECT,0.003626445870207464,0.4636289961093875,0.9627314270150568,2400
cancellation_100,21026,HARD_FPA,0.005533714281549485,0.46683692352473843,0.943130645827632,2400
cancellation_100,21026,ORDINARY_SOFT,0.04152745871844215,0.5031767788424897,0.5732270157836554,2400
cancellation_100,21026,FPA_SOFT,0.005764252904804517,0.46771081402968084,0.9407614265385166,2400
cancellation_100,21026,ORACLE_RIDGE,1.6938332501817002e-08,0.4599478845156276,0.9999998259266776,2400
cancellation_100,21027,ZERO,0.09365869651753966,0.572798173617242,0.0,2400
cancellation_100,21027,DIRECT,0.0021912955034512228,0.4652181217737741,0.976603395253949,2400
cancellation_100,21027,HARD_FPA,0.006638419545802927,0.46733915981111085,0.9291211623411849,2400
cancellation_100,21027,ORDINARY_SOFT,0.03686520864823624,0.5086507039254367,0.6063877672979101,2400
cancellation_100,21027,FPA_SOFT,0.006690553247340268,0.46680680103851635,0.9285645274159104,2400
cancellation_100,21027,ORACLE_RIDGE,1.7481598753305994e-08,0.46499054142062257,0.9999998133478321,2400
cancellation_100,21028,ZERO,0.09200639201874782,0.5838225769075888,0.0,2400
cancellation_100,21028,DIRECT,0.0034973093605635106,0.49942864233395123,0.9619884088069568,2400
cancellation_100,21028,HARD_FPA,0.00671342351210111,0.5028304746168749,0.9270330749331727,2400
cancellation_100,21028,ORDINARY_SOFT,0.036471759927338275,0.5299468226075312,0.6035953684619373,2400
cancellation_100,21028,FPA_SOFT,0.007571858749865246,0.5036648398383273,0.9177029053772443,2400
cancellation_100,21028,ORACLE_RIDGE,1.616612811516909e-08,0.49823246414442035,0.9999998242934239,2400
cancellation_100,21029,ZERO,0.09226435189210168,0.5815538367675882,0.0,2400
cancellation_100,21029,DIRECT,0.004158347998806193,0.49225718078196595,0.9549300687261191,2400
cancellation_100,21029,HARD_FPA,0.008895683198889014,0.49711406308040124,0.9035848297152507,2400
cancellation_100,21029,ORDINARY_SOFT,0.039843373891565066,0.5284193305362254,0.568160691811288,2400
cancellation_100,21029,FPA_SOFT,0.009238966990428256,0.49787287603040437,0.8998641750474469,2400
cancellation_100,21029,ORACLE_RIDGE,1.643168001804148e-08,0.48779977708181377,0.9999998219065145,2400
cancellation_100,21030,ZERO,0.0856480943315429,0.5277161794371592,0.0,2400
cancellation_100,21030,DIRECT,0.0027680746552686524,0.4588840058455366,0.9676808377714341,2400
cancellation_100,21030,HARD_FPA,0.0060938226845655835,0.4593184946538603,0.9288504580034618,2400
cancellation_100,21030,ORDINARY_SOFT,0.037662139855913566,0.48313996164331596,0.560268793487409,2400
cancellation_100,21030,FPA_SOFT,0.005785614208374589,0.45976562926227843,0.9324490024730903,2400
cancellation_100,21030,ORACLE_RIDGE,1.4619857208188774e-08,0.4604913102606859,0.9999998293031815,2400
cancellation_100,21031,ZERO,0.09342225445627417,0.6019706418390668,0.0,2400
cancellation_100,21031,DIRECT,0.005427603462240486,0.5087170035874657,0.9419024568200626,2400
cancellation_100,21031,HARD_FPA,0.007923722334040116,0.5079912478737162,0.9151837816357903,2400
cancellation_100,21031,ORDINARY_SOFT,0.04063145236503278,0.5463864910139853,0.5650773726077213,2400
cancellation_100,21031,FPA_SOFT,0.008768584378151022,0.5088564854891624,0.906140304264921,2400
cancellation_100,21031,ORACLE_RIDGE,1.8170027993066128e-08,0.5010507358564812,0.9999998055064278,2400
cancellation_100,21032,ZERO,0.09275615811346008,0.5832454459214574,0.0,2400
cancellation_100,21032,DIRECT,0.003366156874313223,0.495772762322437,0.9637096130027754,2400
cancellation_100,21032,HARD_FPA,0.009101667522338878,0.5009801289314423,0.90187532873876,2400
cancellation_100,21032,ORDINARY_SOFT,0.039022415554211494,0.5298220709901096,0.579301079864919,2400
cancellation_100,21032,FPA_SOFT,0.008566209550952773,0.500316200832293,0.9076480772255087,2400
cancellation_100,21032,ORACLE_RIDGE,1.6387070552519372e-08,0.49375199692813054,0.9999998233317239,2400
cancellation_100,21033,ZERO,0.08912375439257601,0.6004882755556011,0.0,2400
cancellation_100,21033,DIRECT,0.002960599497538816,0.5059831792205449,0.9667810280467108,2400
cancellation_100,21033,HARD_FPA,0.004976509934971877,0.50940980629571,0.9441618009823606,2400
cancellation_100,21033,ORDINARY_SOFT,0.03565924422414719,0.5437279435977131,0.5998906860782158,2400
cancellation_100,21033,FPA_SOFT,0.005737829787126629,0.509336525034773,0.935619523366886,2400
cancellation_100,21033,ORACLE_RIDGE,1.5405045877526053e-08,0.5032868083343846,0.9999998271499446,2400
cancellation_100,21034,ZERO,0.08910850745743978,0.5498950576985812,0.0,2400
cancellation_100,21034,DIRECT,0.003188724342788008,0.46258330859227326,0.9642152648072237,2400
cancellation_100,21034,HARD_FPA,0.007057299734706882,0.46537816610909516,0.9208010555212407,2400
cancellation_100,21034,ORDINARY_SOFT,0.03711032811992418,0.4977261194270371,0.5835377655983196,2400
cancellation_100,21034,FPA_SOFT,0.008207607365361318,0.4666658182258013,0.9078919892213271,2400
cancellation_100,21034,ORACLE_RIDGE,1.472127995889775e-08,0.45716152486059597,0.999999834793777,2400
cancellation_100,21035,ZERO,0.08358923915099319,0.5724596600412304,0.0,2400
cancellation_100,21035,DIRECT,0.0034490252964045317,0.4800266113003823,0.9587384054283075,2400
cancellation_100,21035,HARD_FPA,0.01365238989147264,0.4902358252778675,0.836672877631876,2400
cancellation_100,21035,ORDINARY_SOFT,0.03244496741607025,0.5168216456492801,0.6118523419328821,2400
cancellation_100,21035,FPA_SOFT,0.01407216716341804,0.48973865250579934,0.8316509719869745,2400
cancellation_100,21035,ORACLE_RIDGE,1.4178193249945081e-08,0.4754239718804313,0.9999998303825541,2400
cancellation_100,21036,ZERO,0.08746996937663892,0.5884539155418045,0.0,2400
cancellation_100,21036,DIRECT,0.005980490739841604,0.5033242551189695,0.9316280686678867,2400
cancellation_100,21036,HARD_FPA,0.013174575421051098,0.5103814419090295,0.8493817304962987,2400
cancellation_100,21036,ORDINARY_SOFT,0.03830240123686443,0.5372743312387082,0.5621079839191752,2400
cancellation_100,21036,FPA_SOFT,0.012134909481763389,0.5096614198858068,0.8612677062968731,2400
cancellation_100,21036,ORACLE_RIDGE,1.434032996946489e-08,0.49926204841193167,0.9999998360542472,2400
cancellation_100,21037,ZERO,0.09007676763912288,0.535270685652876,0.0,2400
cancellation_100,21037,DIRECT,0.003952378027068703,0.44441379517906154,0.9561221152727946,2400
cancellation_100,21037,HARD_FPA,0.008003083551032974,0.44451540445793475,0.9111526339056042,2400
cancellation_100,21037,ORDINARY_SOFT,0.035994942429207095,0.4794648262612314,0.6003970460683641,2400
cancellation_100,21037,FPA_SOFT,0.0077072313756582625,0.44468819139046617,0.9144370787533589,2400
cancellation_100,21037,ORACLE_RIDGE,1.4079265343731815e-08,0.4392242166615502,0.9999998436970408,2400
cancellation_100,21038,ZERO,0.09521759304670338,0.5938831456440359,0.0,2400
cancellation_100,21038,DIRECT,0.004234203087071495,0.4931718199196237,0.95553129467372,2400
cancellation_100,21038,HARD_FPA,0.007132997287839222,0.49368276386785237,0.9250874018172193,2400
cancellation_100,21038,ORDINARY_SOFT,0.03805512417995093,0.5332434967628672,0.6003351590573685,2400
cancellation_100,21038,FPA_SOFT,0.007649482129814774,0.49248042985282275,0.9196631432800157,2400
cancellation_100,21038,ORACLE_RIDGE,1.6223655307539716e-08,0.4875524549576333,0.9999998296149399,2400
cancellation_100,21039,ZERO,0.08470074310904868,0.5670295560752134,0.0,2400
cancellation_100,21039,DIRECT,0.0036883107921656796,0.48716568829488316,0.9564548000787061,2400
cancellation_100,21039,HARD_FPA,0.0073623577938653866,0.48924202646043236,0.9130780023454262,2400
cancellation_100,21039,ORDINARY_SOFT,0.030755652762829544,0.5133072342022961,0.6368904022101327,2400
cancellation_100,21039,FPA_SOFT,0.007106640572195889,0.4893195080683565,0.916097069384074,2400
cancellation_100,21039,ORACLE_RIDGE,1.3702728299699184e-08,0.4851543545752413,0.9999998382218644,2400
cancellation_100,21040,ZERO,0.09259130208583928,0.6194983917917914,0.0,2400
cancellation_100,21040,DIRECT,0.00463728648097843,0.5424442964619762,0.949916607969512,2400
cancellation_100,21040,HARD_FPA,0.007134863590503346,0.5470764589045435,0.9229423992343387,2400
cancellation_100,21040,ORDINARY_SOFT,0.04048246791154122,0.5711723360653862,0.5627832528587745,2400
cancellation_100,21040,FPA_SOFT,0.007083551634148287,0.5473767580433476,0.9234965760867982,2400
cancellation_100,21040,ORACLE_RIDGE,1.6744656465734546e-08,0.5428161656352852,0.9999998191551897,2400
cancellation_100,21041,ZERO,0.09706415574540568,0.5865046030067922,0.0,2400
cancellation_100,21041,DIRECT,0.002499051323952798,0.490894315267473,0.9742536129350604,2400
cancellation_100,21041,HARD_FPA,0.005141485847413281,0.4931249037086309,0.9470300255750523,2400
cancellation_100,21041,ORDINARY_SOFT,0.041668020972600944,0.5309111321169155,0.5707167012105474,2400
cancellation_100,21041,FPA_SOFT,0.004468762254043068,0.4921004374636118,0.9539607363838366,2400
cancellation_100,21041,ORACLE_RIDGE,1.6116115292413386e-08,0.4875240969324726,0.9999998339642975,2400
cancellation_100,21042,ZERO,0.0962430481385906,0.5637664986835568,0.0,2400
cancellation_100,21042,DIRECT,0.004542870543569966,0.48238181944582076,0.9527979357321663,2400
cancellation_100,21042,HARD_FPA,0.009219464355003447,0.49024730340935413,0.9042064384564446,2400
cancellation_100,21042,ORDINARY_SOFT,0.03930953614692688,0.5111369673632167,0.591559734368337,2400
cancellation_100,21042,FPA_SOFT,0.008760914564138498,0.48964245203524714,0.9089709362537778,2400
cancellation_100,21042,ORACLE_RIDGE,1.6989487105665845e-08,0.4721936290713478,0.9999998234730982,2400
cancellation_100,21043,ZERO,0.0899673271817197,0.5879586384121922,0.0,2400
cancellation_100,21043,DIRECT,0.004984643993184861,0.49209244749873005,0.9445949529753543,2400
cancellation_100,21043,HARD_FPA,0.008984589894839306,0.5001822712863185,0.9001349692573186,2400
cancellation_100,21043,ORDINARY_SOFT,0.03441971971325252,0.5286593254846341,0.6174197812531415,2400
cancellation_100,21043,FPA_SOFT,0.009533355907090908,0.5001018760586945,0.8940353547701262,2400
cancellation_100,21043,ORACLE_RIDGE,1.583132902540778e-08,0.4867298051124422,0.9999998240324625,2400
cancellation_100,21044,ZERO,0.09432856957263973,0.5569969772139864,0.0,2400
cancellation_100,21044,DIRECT,0.005052371865963415,0.4783589485534607,0.9464385828296408,2400
cancellation_100,21044,HARD_FPA,0.012402752992552876,0.4840082648064816,0.8685154132120929,2400
cancellation_100,21044,ORDINARY_SOFT,0.03715599886546754,0.5045369458889308,0.6061002617361353,2400
cancellation_100,21044,FPA_SOFT,0.012765949398870638,0.4843985289383706,0.8646650801903665,2400
cancellation_100,21044,ORACLE_RIDGE,1.7307194085119095e-08,0.4704378401231124,0.999999816522246,2400
cancellation_100,21045,ZERO,0.08894743899984264,0.5856671108202638,0.0,2400
cancellation_100,21045,DIRECT,0.004076723547401054,0.49113708149501994,0.9541670497403724,2400
cancellation_100,21045,HARD_FPA,0.008787121191404571,0.49790420576841704,0.9012099584854814,2400
cancellation_100,21045,ORDINARY_SOFT,0.036669422291974105,0.5299070713422739,0.5877405498764391,2400
cancellation_100,21045,FPA_SOFT,0.009992590466706796,0.4995042650166089,0.8876573560850417,2400
cancellation_100,21045,ORACLE_RIDGE,1.510176115148034e-08,0.4872823353777443,0.9999998302170212,2400
cancellation_100,21046,ZERO,0.09633018324211766,0.5830830187985574,0.0,2400
cancellation_100,21046,DIRECT,0.0022683028366107566,0.4757374636017291,0.9764528337820185,2400
cancellation_100,21046,HARD_FPA,0.005400864154878586,0.4773193940809262,0.9439338328537799,2400
cancellation_100,21046,ORDINARY_SOFT,0.03992182829552306,0.5220011621133683,0.5855730057609985,2400
cancellation_100,21046,FPA_SOFT,0.00534055487204396,0.4774330799047835,0.9445599012448577,2400
cancellation_100,21046,ORACLE_RIDGE,1.6707918760014857e-08,0.47073713601188444,0.9999998265557254,2400
cancellation_100,21047,ZERO,0.09401646472486831,0.5976933640946529,0.0,2400
cancellation_100,21047,DIRECT,0.004376954457613947,0.4812929551051181,0.9534448091573879,2400
cancellation_100,21047,HARD_FPA,0.007807471100063056,0.4786203856920176,0.9169563424564942,2400
cancellation_100,21047,ORDINARY_SOFT,0.040012750094261626,0.5344731911829664,0.5744069912503544,2400
cancellation_100,21047,FPA_SOFT,0.007810791309481063,0.4790161852242784,0.9169210272653974,2400
cancellation_100,21047,ORACLE_RIDGE,1.5720480365438093e-08,0.4740740413891418,0.999999832790135,2400
cancellation_100,21048,ZERO,0.0841998661737578,0.5386550926323391,0.0,2400
cancellation_100,21048,DIRECT,0.005048005966302962,0.4606473121668296,0.9400473397916604,2400
cancellation_100,21048,HARD_FPA,0.008424627125946523,0.46655960354382264,0.8999448869840105,2400
cancellation_100,21048,ORDINARY_SOFT,0.03375942831484822,0.4881965958912203,0.599056033590587,2400
cancellation_100,21048,FPA_SOFT,0.009113629107039141,0.4664538456493783,0.8917619525875262,2400
cancellation_100,21048,ORACLE_RIDGE,1.40310223433441e-08,0.45507666731382224,0.9999998333605149,2400
cancellation_100,21049,ZERO,0.08800988493205089,0.5851939112073753,0.0,2400
cancellation_100,21049,DIRECT,0.0034880998110504683,0.5172842640930139,0.9603669540785845,2400
cancellation_100,21049,HARD_FPA,0.0064262586275177,0.524858438709518,0.9269825357403981,2400
cancellation_100,21049,ORDINARY_SOFT,0.037746470556465524,0.5412747003552753,0.5711110111596198,2400
cancellation_100,21049,FPA_SOFT,0.006552439996363884,0.5256071579584879,0.9255488175967646,2400
cancellation_100,21049,ORACLE_RIDGE,1.538742675015404e-08,0.5182092176339446,0.9999998251625171,2400
cancellation_100,21050,ZERO,0.08814166141491474,0.5762388699768651,0.0,2400
cancellation_100,21050,DIRECT,0.005993298286490285,0.4818980364988474,0.93200379717966,2400
cancellation_100,21050,HARD_FPA,0.009401542272103033,0.4845528595680598,0.8933359988774597,2400
cancellation_100,21050,ORDINARY_SOFT,0.03816440661234992,0.5214228607649852,0.5670105827402523,2400
cancellation_100,21050,FPA_SOFT,0.009084367740454092,0.4833670271781232,0.8969344621530256,2400
cancellation_100,21050,ORACLE_RIDGE,1.650604567910205e-08,0.47843994954915964,0.9999998127327598,2400
cancellation_100,21051,ZERO,0.08984123792588938,0.5615840294120119,0.0,2400
cancellation_100,21051,DIRECT,0.003311973065397654,0.48764517975554234,0.9631352690383705,2400
cancellation_100,21051,HARD_FPA,0.009068600284581107,0.4882101913838112,0.899059713624362,2400
cancellation_100,21051,ORDINARY_SOFT,0.034290636191061735,0.509559759570175,0.6183196382562282,2400
cancellation_100,21051,FPA_SOFT,0.009567378219009796,0.4881056762253719,0.8935079431240475,2400
cancellation_100,21051,ORACLE_RIDGE,1.6285303290894415e-08,0.482284154261022,0.9999998187324255,2400
cancellation_100,21052,ZERO,0.09325931320107796,0.6252413603286078,0.0,2400
cancellation_100,21052,DIRECT,0.004956967920124162,0.5209681089014861,0.9468474756034675,2400
cancellation_100,21052,HARD_FPA,0.007128044859014118,0.5188286385236817,0.9235674742355734,2400
cancellation_100,21052,ORDINARY_SOFT,0.04084765172238981,0.5645490770673611,0.5619992221654313,2400
cancellation_100,21052,FPA_SOFT,0.008160008835235039,0.5196779168122401,0.9125019415740162,2400
cancellation_100,21052,ORACLE_RIDGE,1.6977891482113468e-08,0.5242065071752892,0.9999998179496407,2400
cancellation_100,21053,ZERO,0.08854272941192631,0.5324061788157759,0.0,2400
cancellation_100,21053,DIRECT,0.003966560935788022,0.4705607623072559,0.9552017318402911,2400
cancellation_100,21053,HARD_FPA,0.010063481630598645,0.4805470780779347,0.8863432187212071,2400
cancellation_100,21053,ORDINARY_SOFT,0.03706085019709032,0.48969288219554463,0.5814354217083985,2400
cancellation_100,21053,FPA_SOFT,0.009807896135414053,0.48065781254130474,0.8892297967257718,2400
cancellation_100,21053,ORACLE_RIDGE,1.716114975259646e-08,0.4671072985065472,0.9999998061822821,2400
cancellation_100,21054,ZERO,0.0932998164742673,0.6309332279703623,0.0,2400
cancellation_100,21054,DIRECT,0.003963056763699365,0.5376516688107507,0.9575234238023137,2400
cancellation_100,21054,HARD_FPA,0.008951074053734152,0.5429077959132674,0.9040611826261961,2400
cancellation_100,21054,ORDINARY_SOFT,0.03825029723909679,0.5752709629605863,0.5900281620634649,2400
cancellation_100,21054,FPA_SOFT,0.0086988886407654,0.5429515451390226,0.9067641398505365,2400
cancellation_100,21054,ORACLE_RIDGE,1.797658821503141e-08,0.5303507153244598,0.9999998073245061,2400
cancellation_100,21055,ZERO,0.08919024549173853,0.6363992465505458,0.0,2400
cancellation_100,21055,DIRECT,0.004636947415917718,0.5265443198863639,0.9480105992493627,2400
cancellation_100,21055,HARD_FPA,0.01036550627813133,0.5262788381043906,0.8837820635991919,2400
cancellation_100,21055,ORDINARY_SOFT,0.03393271285086942,0.5712616874407639,0.6195468163162245,2400
cancellation_100,21055,FPA_SOFT,0.009803552138777035,0.5263609923892839,0.8900826869045325,2400
cancellation_100,21055,ORACLE_RIDGE,1.749245963341223e-08,0.5232929792006079,0.9999998038747451,2400
cancellation_100,21056,ZERO,0.08858502613036641,0.5563558609116512,0.0,2400
cancellation_100,21056,DIRECT,0.00221758746042127,0.461366833508899,0.9749665653746294,2400
cancellation_100,21056,HARD_FPA,0.007300216819753697,0.4698200063882923,0.9175908487173632,2400
cancellation_100,21056,ORDINARY_SOFT,0.034363336398092435,0.4994533150196579,0.6120863999348882,2400
cancellation_100,21056,FPA_SOFT,0.006869994206479365,0.46828138917367257,0.9224474552124744,2400
cancellation_100,21056,ORACLE_RIDGE,1.4984276722726917e-08,0.4596447574165732,0.9999998308486504,2400
cancellation_100,21057,ZERO,0.08985108460859396,0.56211910411345,0.0,2400
cancellation_100,21057,DIRECT,0.004873283511832033,0.4886914983998446,0.9457626634885838,2400
cancellation_100,21057,HARD_FPA,0.008539074551465945,0.4922812619010392,0.904964146079443,2400
cancellation_100,21057,ORDINARY_SOFT,0.03936031269599285,0.5154790113067285,0.5619383687191667,2400
cancellation_100,21057,FPA_SOFT,0.00826041816320303,0.4921425334782027,0.9080654596526379,2400
cancellation_100,21057,ORACLE_RIDGE,1.583786651097518e-08,0.483993687425463,0.9999998237320498,2400
cancellation_100,21058,ZERO,0.09158868531895979,0.5510268809707127,0.0,2400
cancellation_100,21058,DIRECT,0.0023404083760548535,0.471462178232641,0.9744465337841205,2400
cancellation_100,21058,HARD_FPA,0.004554872652183409,0.47526264890028086,0.9502681730137194,2400
cancellation_100,21058,ORDINARY_SOFT,0.03709264774748064,0.4999460718832206,0.5950084050414677,2400
cancellation_100,21058,FPA_SOFT,0.004835727086738923,0.47540425371802486,0.9472016977872497,2400
cancellation_100,21058,ORACLE_RIDGE,1.7348134192738698e-08,0.4646725903327976,0.9999998105864919,2400
cancellation_100,21059,ZERO,0.09027259000964143,0.5899083100636592,0.0,2400
cancellation_100,21059,DIRECT,0.003225745861150982,0.5013118403593589,0.9642666078285063,2400
cancellation_100,21059,HARD_FPA,0.010212108085569955,0.5101373033847061,0.8868747635967987,2400
cancellation_100,21059,ORDINARY_SOFT,0.03569711900815057,0.5358054995040651,0.6045630350880816,2400
cancellation_100,21059,FPA_SOFT,0.010545225514699934,0.5106185960191821,0.8831846354073405,2400
cancellation_100,21059,ORACLE_RIDGE,1.5908722557113678e-08,0.4989903687576013,0.999999823770177,2400
cancellation_100,21060,ZERO,0.08817288987145207,0.5731951987921946,0.0,2400
cancellation_100,21060,DIRECT,0.004190487658390566,0.4758901885543377,0.9524741940011276,2400
cancellation_100,21060,HARD_FPA,0.010699298849157863,0.4803136722533192,0.8786554590106272,2400
cancellation_100,21060,ORDINARY_SOFT,0.03394485916411842,0.5137334063904799,0.6150193192759488,2400
cancellation_100,21060,FPA_SOFT,0.011538992498130386,0.48076473533509945,0.8691321956788173,2400
cancellation_100,21060,ORACLE_RIDGE,1.487637729040724e-08,0.47235556417798996,0.9999998312817316,2400
cancellation_100,21061,ZERO,0.08480261619976372,0.5972725754976564,0.0,2400
cancellation_100,21061,DIRECT,0.004155098384921834,0.48601388870765533,0.9510027099266142,2400
cancellation_100,21061,HARD_FPA,0.007905767562544143,0.48824335796539875,0.9067744850710612,2400
cancellation_100,21061,ORDINARY_SOFT,0.03435451489178394,0.5355735019299429,0.594888501896482,2400
cancellation_100,21061,FPA_SOFT,0.008352381329832983,0.4871168126617815,0.9015079757662446,2400
cancellation_100,21061,ORACLE_RIDGE,1.4309381782036288e-08,0.4818783129092566,0.9999998312624961,2400
cancellation_100,21062,ZERO,0.0916977380409216,0.5846371756417419,0.0,2400
cancellation_100,21062,DIRECT,0.004729001029358937,0.49596733561930845,0.9484283786013507,2400
cancellation_100,21062,HARD_FPA,0.009795348029578906,0.4996432583599032,0.8931778663372528,2400
cancellation_100,21062,ORDINARY_SOFT,0.03818987541687515,0.5306523209799459,0.5835243460440398,2400
cancellation_100,21062,FPA_SOFT,0.00967670643669972,0.49945187122090773,0.8944716997012365,2400
cancellation_100,21062,ORACLE_RIDGE,1.4637651196945678e-08,0.4873239937365516,0.9999998403706404,2400
cancellation_100,21063,ZERO,0.08545387064785602,0.5462158522977081,0.0,2400
cancellation_100,21063,DIRECT,0.006417895307416234,0.4635580456830408,0.9248963767380003,2400
cancellation_100,21063,HARD_FPA,0.016431042635393554,0.4731386030424657,0.8077203231307838,2400
cancellation_100,21063,ORDINARY_SOFT,0.036061464063738974,0.4939875750544927,0.5780008115449393,2400
cancellation_100,21063,FPA_SOFT,0.015964744670911288,0.4722962970318755,0.8131770445285051,2400
cancellation_100,21063,ORACLE_RIDGE,1.5246138636563263e-08,0.4585256009368906,0.9999998215863305,2400
cancellation_100,21064,ZERO,0.08980761505804292,0.5767764336987165,0.0,2400
cancellation_100,21064,DIRECT,0.004086674333080747,0.4994347098681099,0.9544952359503198,2400
cancellation_100,21064,HARD_FPA,0.0061150124086503084,0.503985431321296,0.9319098675017908,2400
cancellation_100,21064,ORDINARY_SOFT,0.03739519571826984,0.5275574787341655,0.5836077409014679,2400
cancellation_100,21064,FPA_SOFT,0.006486792349542386,0.5030630043169046,0.92777013012371,2400
cancellation_100,21064,ORACLE_RIDGE,1.725393938372348e-08,0.49550348785832893,0.9999998078788823,2400
cancellation_100,21065,ZERO,0.09021163083844404,0.6270361046741353,0.0,2400
cancellation_100,21065,DIRECT,0.005476452095087924,0.5118483552813431,0.9392932813187309,2400
cancellation_100,21065,HARD_FPA,0.007904955956345591,0.5216824296530123,0.9123732063939491,2400
cancellation_100,21065,ORDINARY_SOFT,0.03693721815367556,0.5638811871797913,0.5905492694193195,2400
cancellation_100,21065,FPA_SOFT,0.008645842932042432,0.5205081969895002,0.9041604408246883,2400
cancellation_100,21065,ORACLE_RIDGE,1.5416909375241924e-08,0.5088168241408778,0.9999998291028637,2400
cancellation_100,21066,ZERO,0.09963834074593607,0.5611944419053952,0.0,2400
cancellation_100,21066,DIRECT,0.008009802410408436,0.47058350167685686,0.919611242515245,2400
cancellation_100,21066,HARD_FPA,0.014077114767684206,0.47527543303581316,0.8587178925070732,2400
cancellation_100,21066,ORDINARY_SOFT,0.04423601691628833,0.506086719581534,0.5560341873909358,2400
cancellation_100,21066,FPA_SOFT,0.014701763543282974,0.4762946236148627,0.8524487317510593,2400
cancellation_100,21066,ORACLE_RIDGE,1.7042878583297457e-08,0.4637361535687006,0.9999998289526054,2400
cancellation_100,21067,ZERO,0.09156934841587837,0.5921988267678162,0.0,2400
cancellation_100,21067,DIRECT,0.004100749505508822,0.49057142716890817,0.9552170068210539,2400
cancellation_100,21067,HARD_FPA,0.007210032927198343,0.4939906394321708,0.9212615023266005,2400
cancellation_100,21067,ORDINARY_SOFT,0.03626624761770831,0.5311649257868746,0.6039477374787168,2400
cancellation_100,21067,FPA_SOFT,0.008003852837854875,0.4942938907110977,0.9125924452197262,2400
cancellation_100,21067,ORACLE_RIDGE,1.770604382230961e-08,0.4889535009503694,0.9999998066378747,2400
cancellation_100,21068,ZERO,0.09401630922321892,0.5495651937956448,0.0,2400
cancellation_100,21068,DIRECT,0.003140107837086826,0.47252045285896127,0.9666003923890333,2400
cancellation_100,21068,HARD_FPA,0.006544834883044958,0.4770995282883998,0.9303861751528042,2400
cancellation_100,21068,ORDINARY_SOFT,0.03662061540342998,0.4967277488714284,0.6104865665755586,2400
cancellation_100,21068,FPA_SOFT,0.007430288610987136,0.47784038028391723,0.920968088703145,2400
cancellation_100,21068,ORACLE_RIDGE,1.7243336506148232e-08,0.4699129159169038,0.9999998165920716,2400
cancellation_100,21069,ZERO,0.08601322929216915,0.5775929668257318,0.0,2400
cancellation_100,21069,DIRECT,0.0032429667278830094,0.4822692008028868,0.9622968843912683,2400
cancellation_100,21069,HARD_FPA,0.010671608170577409,0.4905891693771713,0.8759306183665286,2400
cancellation_100,21069,ORDINARY_SOFT,0.033294223766641186,0.5202606652933678,0.6129174076984414,2400
cancellation_100,21069,FPA_SOFT,0.010187447834626238,0.48961534774745713,0.88155952382602,2400
cancellation_100,21069,ORACLE_RIDGE,1.4628719419110542e-08,0.47906609338608885,0.9999998299247739,2400
cancellation_100,21070,ZERO,0.08529069317926394,0.5677262736461068,0.0,2400
cancellation_100,21070,DIRECT,0.0029252746308646715,0.5116429975282418,0.9657022997255242,2400
cancellation_100,21070,HARD_FPA,0.00702837604889353,0.5189447455942733,0.9175950413004466,2400
cancellation_100,21070,ORDINARY_SOFT,0.03460593419964748,0.5265162961736991,0.5942589641414598,2400
cancellation_100,21070,FPA_SOFT,0.006761911364584743,0.5195640574205078,0.920719235446093,2400
cancellation_100,21070,ORACLE_RIDGE,1.4612627662635628e-08,0.5066945017151515,0.9999998286726591,2400
cancellation_100,21071,ZERO,0.08850670056450752,0.6135390114372081,0.0,2400
cancellation_100,21071,DIRECT,0.0065760638951397905,0.5356236604400325,0.9256998187346632,2400
cancellation_100,21071,HARD_FPA,0.008973500082658356,0.5410194013311758,0.8986121951736515,2400
cancellation_100,21071,ORDINARY_SOFT,0.03746261223648309,0.5649397069382123,0.5767256942407574,2400
cancellation_100,21071,FPA_SOFT,0.010578643527631793,0.5433624049498994,0.8804763542177056,2400
cancellation_100,21071,ORACLE_RIDGE,1.641595692651882e-08,0.5292100833316412,0.9999998145230042,2400
cancellation_100,21072,ZERO,0.08808522923674333,0.5716636826645328,0.0,2400
cancellation_100,21072,DIRECT,0.0032995479131521536,0.4936514921038196,0.9625414165150881,2400
cancellation_100,21072,HARD_FPA,0.008751093813169698,0.5025776318997159,0.9006519720843353,2400
cancellation_100,21072,ORDINARY_SOFT,0.03474676772986627,0.5210367351814416,0.6055324141068112,2400
cancellation_100,21072,FPA_SOFT,0.008669378411848614,0.5033209015094748,0.9015796577136871,2400
cancellation_100,21072,ORACLE_RIDGE,1.5228130070217808e-08,0.48892391773095273,0.9999998271205036,2400
cancellation_100,21073,ZERO,0.09357878953243873,0.6064346909266277,0.0,2400
cancellation_100,21073,DIRECT,0.0053381816130485095,0.5162927321841947,0.942955218380998,2400
cancellation_100,21073,HARD_FPA,0.01100366090617877,0.5261881492489763,0.8824128741015143,2400
cancellation_100,21073,ORDINARY_SOFT,0.036063696656887044,0.5495958807722736,0.6146167647917085,2400
cancellation_100,21073,FPA_SOFT,0.011212127625594436,0.5263903418680425,0.8801851607440616,2400
cancellation_100,21073,ORACLE_RIDGE,1.5021925087740126e-08,0.5071251121336898,0.9999998394729707,2400
cancellation_100,21074,ZERO,0.08729324893593517,0.5464186888605896,0.0,2400
cancellation_100,21074,DIRECT,0.0029442556129897586,0.477259240823067,0.9662716687844835,2400
cancellation_100,21074,HARD_FPA,0.0054552635256366055,0.47949407172789005,0.9375064670849833,2400
cancellation_100,21074,ORDINARY_SOFT,0.03629127751162655,0.5010185861486411,0.5842602039218308,2400
cancellation_100,21074,FPA_SOFT,0.005692113781494854,0.47913341025265177,0.934793195912867,2400
cancellation_100,21074,ORACLE_RIDGE,1.5390887897893033e-08,0.47807983333981535,0.999999823687535,2400
cancellation_100,21075,ZERO,0.09038699453914831,0.5954958703575263,0.0,2400
cancellation_100,21075,DIRECT,0.0046403866224899925,0.5067351781852568,0.9486609036382977,2400
cancellation_100,21075,HARD_FPA,0.012593314331254863,0.5182098580020166,0.8606733812152537,2400
cancellation_100,21075,ORDINARY_SOFT,0.03253657592553393,0.5363470602141611,0.6400303374238012,2400
cancellation_100,21075,FPA_SOFT,0.013642859293895814,0.51902058882204,0.8490617000437288,2400
cancellation_100,21075,ORACLE_RIDGE,1.6349730666290007e-08,0.5024544386331272,0.9999998191141242,2400
cancellation_100,21076,ZERO,0.09561107535364723,0.5578425155372548,0.0,2400
cancellation_100,21076,DIRECT,0.004734143796785455,0.47100627129838585,0.9504854037121249,2400
cancellation_100,21076,HARD_FPA,0.01095752949279982,0.47477793408930663,0.8853947677895055,2400
cancellation_100,21076,ORDINARY_SOFT,0.038135064297347435,0.5011362824427524,0.6011438616677716,2400
cancellation_100,21076,FPA_SOFT,0.011131013952549002,0.47515509837166064,0.8835802869973223,2400
cancellation_100,21076,ORACLE_RIDGE,1.6627616427882034e-08,0.465624229504704,0.9999998260911054,2400
cancellation_100,21077,ZERO,0.08676767099695246,0.5407103586907696,0.0,2400
cancellation_100,21077,DIRECT,0.004343747259229939,0.46461363411174356,0.9499381830891542,2400
cancellation_100,21077,HARD_FPA,0.008246864587165791,0.4674332553301133,0.9049546392981385,2400
cancellation_100,21077,ORDINARY_SOFT,0.034777897859977036,0.4916370097017841,0.5991836883440315,2400
cancellation_100,21077,FPA_SOFT,0.008623311433648648,0.4686375358180989,0.9006160781479138,2400
cancellation_100,21077,ORACLE_RIDGE,1.6062987407046645e-08,0.4613124487400454,0.9999998148735904,2400
cancellation_100,21078,ZERO,0.08279851524624031,0.5634115236308083,0.0,2400
cancellation_100,21078,DIRECT,0.004520734592421406,0.48615703828339235,0.9454007770673559,2400
cancellation_100,21078,HARD_FPA,0.00848227552018873,0.4904856546406068,0.8975552219147567,2400
cancellation_100,21078,ORDINARY_SOFT,0.029731930761556384,0.5100991598531293,0.6409122715167717,2400
cancellation_100,21078,FPA_SOFT,0.009170402084927224,0.49226164321050203,0.8892443655824658,2400
cancellation_100,21078,ORACLE_RIDGE,1.423126387764606e-08,0.48826660607869776,0.9999998281217503,2400
cancellation_100,21079,ZERO,0.08934106622795894,0.525850911944418,0.0,2400
cancellation_100,21079,DIRECT,0.004903794345382065,0.4658280612793515,0.945111530985429,2400
cancellation_100,21079,HARD_FPA,0.008902349534818766,0.4729305659640475,0.9003554590214549,2400
cancellation_100,21079,ORDINARY_SOFT,0.0394121965885994,0.48471205022053465,0.5588568812461128,2400
cancellation_100,21079,FPA_SOFT,0.00976936075820595,0.4758040155982505,0.8906509495501335,2400
cancellation_100,21079,ORACLE_RIDGE,1.5125690108433538e-08,0.4630569034001958,0.9999998306972286,2400
cancellation_100,21080,ZERO,0.09050102361637112,0.6101647973099925,0.0,2400
cancellation_100,21080,DIRECT,0.004890162862327307,0.5263710335391907,0.9459656624100028,2400
cancellation_100,21080,HARD_FPA,0.008812518048435412,0.5258893297876341,0.9026252113369326,2400
cancellation_100,21080,ORDINARY_SOFT,0.03750077962305019,0.5575134039355435,0.5856314312861925,2400
cancellation_100,21080,FPA_SOFT,0.009154278751644665,0.5258334882872763,0.8988488926882291,2400
cancellation_100,21080,ORACLE_RIDGE,1.5758330823587417e-08,0.5194571909812508,0.999999825876767,2400
cancellation_100,21081,ZERO,0.08590955141129712,0.614910328771205,0.0,2400
cancellation_100,21081,DIRECT,0.0044187183891217915,0.530165421051632,0.9485654584789192,2400
cancellation_100,21081,HARD_FPA,0.00942766975596072,0.5341981301570832,0.8902605170078798,2400
cancellation_100,21081,ORDINARY_SOFT,0.032762207496255795,0.5593504122860755,0.6186430151473523,2400
cancellation_100,21081,FPA_SOFT,0.009584050964580234,0.5349174322643799,0.8884402164004324,2400
cancellation_100,21081,ORACLE_RIDGE,1.686239250340749e-08,0.5253214640674927,0.9999998037192346,2400
cancellation_100,21082,ZERO,0.08987843448023104,0.5819726534501238,0.0,2400
cancellation_100,21082,DIRECT,0.0033739213765600524,0.4913812583177283,0.9624612801049383,2400
cancellation_100,21082,HARD_FPA,0.008723214514150618,0.49892059118684606,0.9029442984337994,2400
cancellation_100,21082,ORDINARY_SOFT,0.03676275803868729,0.527225698584149,0.5909724256849029,2400
cancellation_100,21082,FPA_SOFT,0.009073753936357625,0.49865141316815115,0.8990441479223427,2400
cancellation_100,21082,ORACLE_RIDGE,1.5477953463210336e-08,0.48898872931521425,0.9999998277901306,2400
cancellation_100,21083,ZERO,0.08592033119327855,0.5999768237335217,0.0,2400
cancellation_100,21083,DIRECT,0.0036948204338014415,0.49529264260034345,0.9569971346422081,2400
cancellation_100,21083,HARD_FPA,0.007926850654609524,0.4962206417802088,0.9077418517303197,2400
cancellation_100,21083,ORDINARY_SOFT,0.03156908285231747,0.5366554434594429,0.6325772676399193,2400
cancellation_100,21083,FPA_SOFT,0.008139928714155491,0.49556065805242855,0.9052619024961083,2400
cancellation_100,21083,ORACLE_RIDGE,1.543215481370964e-08,0.4954040330568033,0.9999998203899519,2400
cancellation_100,21084,ZERO,0.09075115596264127,0.6424290878422046,0.0,2400
cancellation_100,21084,DIRECT,0.006233551846237904,0.5428102828342218,0.9313115984020742,2400
cancellation_100,21084,HARD_FPA,0.010279393088135096,0.5449321403156856,0.8867298936405094,2400
cancellation_100,21084,ORDINARY_SOFT,0.032775416899555654,0.5777392203417502,0.6388429816469994,2400
cancellation_100,21084,FPA_SOFT,0.010161168988522455,0.5441794376701831,0.888032621945825,2400
cancellation_100,21084,ORACLE_RIDGE,1.7555504496500772e-08,0.5419870115790243,0.9999998065533787,2400
cancellation_100,21085,ZERO,0.08423519487606221,0.5769418937687316,0.0,2400
cancellation_100,21085,DIRECT,0.005446987577516965,0.4928255813912784,0.9353359651446016,2400
cancellation_100,21085,HARD_FPA,0.009833661558283108,0.49645881235741457,0.8832594668683124,2400
cancellation_100,21085,ORDINARY_SOFT,0.030776436131996973,0.5213259354336318,0.634636850104291,2400
cancellation_100,21085,FPA_SOFT,0.011254046138954213,0.4979286277467505,0.8663973395501413,2400
cancellation_100,21085,ORACLE_RIDGE,1.6601028578803967e-08,0.48770721780481324,0.9999998029205179,2400
cancellation_100,21086,ZERO,0.09076986638729283,0.6114047353215771,0.0,2400
cancellation_100,21086,DIRECT,0.003263607728026299,0.4968120445056384,0.9640452513822012,2400
cancellation_100,21086,HARD_FPA,0.008520518099750393,0.4959669818664322,0.9061305426693543,2400
cancellation_100,21086,ORDINARY_SOFT,0.032937220635310294,0.5432975364729387,0.6371348560239669,2400
cancellation_100,21086,FPA_SOFT,0.009801281223972218,0.4964114018955689,0.8920205392596642,2400
cancellation_100,21086,ORACLE_RIDGE,1.661163927493207e-08,0.4933662164925295,0.9999998169916963,2400
cancellation_100,21087,ZERO,0.08766986684033744,0.6292273933625893,0.0,2400
cancellation_100,21087,DIRECT,0.007232054700644364,0.5308304807381502,0.9175080907352667,2400
cancellation_100,21087,HARD_FPA,0.00982184281099849,0.5345739514921475,0.8879678598247922,2400
cancellation_100,21087,ORDINARY_SOFT,0.04011676833502356,0.575343631737256,0.5424109813228826,2400
cancellation_100,21087,FPA_SOFT,0.009763597745270237,0.5336755396206987,0.8886322279575091,2400
cancellation_100,21087,ORACLE_RIDGE,1.5762242830113253e-08,0.5218484501134569,0.9999998202091164,2400
cancellation_100,21088,ZERO,0.0870665361478014,0.5756950492392742,0.0,2400
cancellation_100,21088,DIRECT,0.006512407007490594,0.49229407082296767,0.9252019513394292,2400
cancellation_100,21088,HARD_FPA,0.013667418410246747,0.49963101676273264,0.8430232898315219,2400
cancellation_100,21088,ORDINARY_SOFT,0.032257158158128414,0.5196588383643257,0.6295114106369215,2400
cancellation_100,21088,FPA_SOFT,0.014965238458529307,0.5002312284529914,0.8281172179271633,2400
cancellation_100,21088,ORACLE_RIDGE,1.4963891356147542e-08,0.4835209275671239,0.9999998281326901,2400
cancellation_100,21089,ZERO,0.09215789504369516,0.5829030189658003,0.0,2400
cancellation_100,21089,DIRECT,0.005700934804597146,0.5074265395745767,0.9381394854787629,2400
cancellation_100,21089,HARD_FPA,0.010310856088429268,0.5146722774001508,0.8881174957008237,2400
cancellation_100,21089,ORDINARY_SOFT,0.03907307204322735,0.5348653245743552,0.5760203504572072,2400
cancellation_100,21089,FPA_SOFT,0.0105377426675338,0.5152042866728263,0.8856555625262762,2400
cancellation_100,21089,ORACLE_RIDGE,1.5433158804901443e-08,0.49981770418205135,0.9999998325356846,2400
cancellation_100,21090,ZERO,0.09006166525948175,0.549677972242249,0.0,2400
cancellation_100,21090,DIRECT,0.007104608197358659,0.5038785131864439,0.9211139592312759,2400
cancellation_100,21090,HARD_FPA,0.011589156964259922,0.5127087260278368,0.871319757070117,2400
cancellation_100,21090,ORDINARY_SOFT,0.03622456008551192,0.5095619567056565,0.5977804765085868,2400
cancellation_100,21090,FPA_SOFT,0.012627325619601825,0.5136639852380743,0.8597924479497406,2400
cancellation_100,21090,ORACLE_RIDGE,1.645551042820948e-08,0.49767677561933493,0.9999998172861851,2400
cancellation_100,21091,ZERO,0.09158108723652034,0.541934245398728,0.0,2400
cancellation_100,21091,DIRECT,0.00542073591963421,0.46783294115022905,0.9408094391188604,2400
cancellation_100,21091,HARD_FPA,0.011218525770984821,0.475462039950469,0.8775017188646004,2400
cancellation_100,21091,ORDINARY_SOFT,0.03609016011732227,0.49075909323914935,0.6059212528880047,2400
cancellation_100,21091,FPA_SOFT,0.01204671238679128,0.47792547606270847,0.8684585131023936,2400
cancellation_100,21091,ORACLE_RIDGE,1.5829792868232524e-08,0.4637659726862398,0.9999998271499788,2400
cancellation_100,21092,ZERO,0.0859912199515555,0.5796917127247918,0.0,2400
cancellation_100,21092,DIRECT,0.004568684496615714,0.47867466010800835,0.9468703374694585,2400
cancellation_100,21092,HARD_FPA,0.009659149271920346,0.4838917843169449,0.8876728429092879,2400
cancellation_100,21092,ORDINARY_SOFT,0.03126474467904054,0.518297575181145,0.6364193379666665,2400
cancellation_100,21092,FPA_SOFT,0.010449835422067419,0.484799153631454,0.8784778791607504,2400
cancellation_100,21092,ORACLE_RIDGE,1.570539178854984e-08,0.4776394541794904,0.9999998173605189,2400
cancellation_100,21093,ZERO,0.08978929811700084,0.611787901219972,0.0,2400
cancellation_100,21093,DIRECT,0.007152552548490842,0.500060544575686,0.9203407009689436,2400
cancellation_100,21093,HARD_FPA,0.011328024304475284,0.5005859791862923,0.8738377006832798,2400
cancellation_100,21093,ORDINARY_SOFT,0.035285734820422736,0.5459859348093661,0.6070162529342493,2400
cancellation_100,21093,FPA_SOFT,0.011621045578751061,0.5005940695461167,0.870574268621544,2400
cancellation_100,21093,ORACLE_RIDGE,1.672035717553963e-08,0.49832444021603844,0.9999998137822934,2400
cancellation_100,21094,ZERO,0.08702050619318273,0.5793871069992679,0.0,2400
cancellation_100,21094,DIRECT,0.004441770470027215,0.4908422364654562,0.9489571979716295,2400
cancellation_100,21094,HARD_FPA,0.009343479933792939,0.4894763362110505,0.8926289866316025,2400
cancellation_100,21094,ORDINARY_SOFT,0.03704966958621053,0.5268545024365411,0.5742420814702979,2400
cancellation_100,21094,FPA_SOFT,0.008306455494085888,0.48808689619813833,0.9045459988977101,2400
cancellation_100,21094,ORACLE_RIDGE,1.4565113018319124e-08,0.48571736699994933,0.9999998326243589,2400
cancellation_100,21095,ZERO,0.0870573915556831,0.5618799418404034,0.0,2400
cancellation_100,21095,DIRECT,0.004955582835876091,0.48967441214579616,0.9430768284309732,2400
cancellation_100,21095,HARD_FPA,0.00932817030603062,0.4981340459696622,0.892850335401283,2400
cancellation_100,21095,ORDINARY_SOFT,0.037663302236999964,0.516347906633153,0.5673738718336168,2400
cancellation_100,21095,FPA_SOFT,0.008911160723798515,0.49945509790996395,0.8976403891207926,2400
cancellation_100,21095,ORACLE_RIDGE,1.452147584968065e-08,0.48720812570270483,0.9999998331965202,2400
cancellation_100,21096,ZERO,0.09361120841413627,0.540354727287831,0.0,2400
cancellation_100,21096,DIRECT,0.0019687860430027226,0.46929380563933054,0.9789684795618404,2400
cancellation_100,21096,HARD_FPA,0.0069008940477036105,0.47559835186634464,0.9262813271550343,2400
cancellation_100,21096,ORDINARY_SOFT,0.0384039888853981,0.49328245658625036,0.5897501000574767,2400
cancellation_100,21096,FPA_SOFT,0.00682992884284479,0.47560444279908853,0.927039411641508,2400
cancellation_100,21096,ORACLE_RIDGE,1.6104296275367984e-08,0.46789746209051153,0.9999998279661533,2400
cancellation_100,21097,ZERO,0.08945990600715505,0.5882851587462495,0.0,2400
cancellation_100,21097,DIRECT,0.005261790373276138,0.5033976971313334,0.9411826972760815,2400
cancellation_100,21097,HARD_FPA,0.009583618813458384,0.5123378329872565,0.8928724694536133,2400
cancellation_100,21097,ORDINARY_SOFT,0.03852213496871261,0.5373390886090378,0.5693921815027215,2400
cancellation_100,21097,FPA_SOFT,0.009745056068498084,0.5116521649711171,0.8910678928310223,2400
cancellation_100,21097,ORACLE_RIDGE,1.6568310669982176e-08,0.4921591808134702,0.9999998147962432,2400
cancellation_100,21098,ZERO,0.09245653650310791,0.5679437241542742,0.0,2400
cancellation_100,21098,DIRECT,0.004196393989630189,0.47826659251593623,0.9546122518932003,2400
cancellation_100,21098,HARD_FPA,0.005605144825729928,0.478926600408306,0.939375353677222,2400
cancellation_100,21098,ORDINARY_SOFT,0.035661375612860494,0.5099082842996402,0.6142903794404873,2400
cancellation_100,21098,FPA_SOFT,0.006275565660231544,0.47983032021257543,0.9321241537095585,2400
cancellation_100,21098,ORACLE_RIDGE,1.6480966851033768e-08,0.47714756530866376,0.9999998217436271,2400
cancellation_100,21099,ZERO,0.08438770775568512,0.6355574593717243,0.0,2400
cancellation_100,21099,DIRECT,0.006161707887220462,0.5405587086163164,0.9269833480361913,2400
cancellation_100,21099,HARD_FPA,0.008775865988394945,0.5422680670398952,0.8960053991062019,2400
cancellation_100,21099,ORDINARY_SOFT,0.033448494956620216,0.5786350485641202,0.6036330901005328,2400
cancellation_100,21099,FPA_SOFT,0.009643580321357887,0.5424938576703836,0.8857229260299678,2400
cancellation_100,21099,ORACLE_RIDGE,1.5519938525748066e-08,0.5384865817791079,0.999999816087687,2400
cancellation_100,21100,ZERO,0.09312881417787156,0.5917155504622613,0.0,2400
cancellation_100,21100,DIRECT,0.0029733737142108095,0.49369498908780896,0.9680724624225129,2400
cancellation_100,21100,HARD_FPA,0.007110444891503911,0.49645865872141487,0.9236493564932191,2400
cancellation_100,21100,ORDINARY_SOFT,0.04075767980033311,0.5362290875833203,0.5623515647639634,2400
cancellation_100,21100,FPA_SOFT,0.006581583934496714,0.4946832220858814,0.9293281677362905,2400
cancellation_100,21100,ORACLE_RIDGE,1.7296640555108796e-08,0.48904724668734983,0.9999998142718695,2400
anticipation,21001,ZERO,0.9788572608975069,0.5979626848894718,0.0,2400
anticipation,21001,DIRECT,0.478641823267605,0.5196532380537064,0.5110197958497626,2400
anticipation,21001,HARD_FPA,0.44697280393582534,0.531648115043058,0.5433728473076869,2400
anticipation,21001,ORDINARY_SOFT,0.7717030078125483,0.5473019424302111,0.21162866268675418,2400
anticipation,21001,FPA_SOFT,0.4341451620487111,0.5328164024223914,0.5564775586885399,2400
anticipation,21001,ORACLE_RIDGE,1.970411254259013e-07,1.0103827448826754,0.9999997987029026,2400
anticipation,21002,ZERO,1.0075980616116345,0.5844670371747199,0.0,2400
anticipation,21002,DIRECT,0.5089342823622004,0.4974599951649509,0.4949034721760288,2400
anticipation,21002,HARD_FPA,0.47810972018002457,0.5056558117117047,0.5254955935352863,2400
anticipation,21002,ORDINARY_SOFT,0.7985553642988134,0.5314427193926319,0.20746635516394418,2400
anticipation,21002,FPA_SOFT,0.46788100787192816,0.5054548017497507,0.5356471735132547,2400
anticipation,21002,ORACLE_RIDGE,1.8077279092009828e-07,0.97962277593571,0.9999998205903745,2400
anticipation,21003,ZERO,0.9863846360462124,0.5950539170710497,0.0,2400
anticipation,21003,DIRECT,0.48631325554445576,0.5057211432960226,0.5069740162480878,2400
anticipation,21003,HARD_FPA,0.42138191333303754,0.5179996585229033,0.5728016253151619,2400
anticipation,21003,ORDINARY_SOFT,0.7615949618932242,0.5369575176650743,0.22789251366893426,2400
anticipation,21003,FPA_SOFT,0.412423158676361,0.5177873920348423,0.5818840403582292,2400
anticipation,21003,ORACLE_RIDGE,1.8629974471542686e-07,0.9692717129629859,0.9999998111287038,2400
anticipation,21004,ZERO,1.0428862498239209,0.5798077983526635,0.0,2400
anticipation,21004,DIRECT,0.5518327779865724,0.48340279822054366,0.47086005009679355,2400
anticipation,21004,HARD_FPA,0.49509648464390676,0.48626845865472584,0.5252631965111267,2400
anticipation,21004,ORDINARY_SOFT,0.8325520216418028,0.5231428518579966,0.20168472661100922,2400
anticipation,21004,FPA_SOFT,0.4882683697497794,0.4867034952382233,0.5318105212028466,2400
anticipation,21004,ORACLE_RIDGE,1.7907090182113583e-07,0.969285108058417,0.9999998282929689,2400
anticipation,21005,ZERO,0.971708939175173,0.6053300535960162,0.0,2400
anticipation,21005,DIRECT,0.4760082272862301,0.5138377332612546,0.5101329131640122,2400
anticipation,21005,HARD_FPA,0.43521661516612925,0.5166677661079644,0.5521121627886234,2400
anticipation,21005,ORDINARY_SOFT,0.7650015026873225,0.549685753484496,0.21272567139632614,2400
anticipation,21005,FPA_SOFT,0.42486410890344556,0.5168734441178706,0.5627660796615828,2400
anticipation,21005,ORACLE_RIDGE,1.6905775125643076e-07,0.9734916006260276,0.9999998260201749,2400
anticipation,21006,ZERO,1.1010666834378267,0.5596589923421931,0.0,2400
anticipation,21006,DIRECT,0.5605798959670086,0.46196941817346177,0.4908756168911339,2400
anticipation,21006,HARD_FPA,0.4929293566245359,0.46401239502556524,0.5523165272011703,2400
anticipation,21006,ORDINARY_SOFT,0.8721018564650691,0.499785646767841,0.20794819279961108,2400
anticipation,21006,FPA_SOFT,0.48259190484111003,0.464586927571869,0.5617051064206864,2400
anticipation,21006,ORACLE_RIDGE,2.1937362356450423e-07,0.9933378601340875,0.9999998007626361,2400
anticipation,21007,ZERO,0.9785960745552715,0.5397487495031242,0.0,2400
anticipation,21007,DIRECT,0.4726463806493037,0.47276250603183845,0.5170158628889856,2400
anticipation,21007,HARD_FPA,0.4280008710754267,0.47695068981951055,0.5626378623377024,2400
anticipation,21007,ORDINARY_SOFT,0.76183663427177,0.49133027442797733,0.22150041873201787,2400
anticipation,21007,FPA_SOFT,0.42396469961676864,0.4782817276745257,0.5667623132358857,2400
anticipation,21007,ORACLE_RIDGE,1.699986074858819e-07,0.9835136888966001,0.9999998262831704,2400
anticipation,21008,ZERO,1.0352842755588958,0.5586851388944456,0.0,2400
anticipation,21008,DIRECT,0.5284573862967603,0.4740100834206404,0.4895533538249929,2400
anticipation,21008,HARD_FPA,0.4575427537147393,0.4794231475798862,0.5580510932924816,2400
anticipation,21008,ORDINARY_SOFT,0.8247009442619397,0.5059421737022589,0.20340628778822434,2400
anticipation,21008,FPA_SOFT,0.4553014172382431,0.48078577057017224,0.5602160411521273,2400
anticipation,21008,ORACLE_RIDGE,1.8158348418261774e-07,0.9868848330901896,0.9999998246051944,2400
anticipation,21009,ZERO,1.0343808285127234,0.605256955457739,0.0,2400
anticipation,21009,DIRECT,0.5104930860742354,0.5089399615104836,0.5064747218795189,2400
anticipation,21009,HARD_FPA,0.43613670318121595,0.5192851186030681,0.5783596416724855,2400
anticipation,21009,ORDINARY_SOFT,0.8071543237471811,0.5449680727581763,0.21967393294813686,2400
anticipation,21009,FPA_SOFT,0.4307041148938859,0.5182541676325662,0.583611661177856,2400
anticipation,21009,ORACLE_RIDGE,1.9421033326761496e-07,0.9977842412202516,0.9999998122448446,2400
anticipation,21010,ZERO,1.001528912780911,0.5796369433790504,0.0,2400
anticipation,21010,DIRECT,0.48970946122541725,0.4949250937336843,0.5110381188440604,2400
anticipation,21010,HARD_FPA,0.4461979363308826,0.5014595099831313,0.5544832199682184,2400
anticipation,21010,ORDINARY_SOFT,0.7851411777321664,0.5252490378903977,0.21605740212522495,2400
anticipation,21010,FPA_SOFT,0.43397547060285147,0.5014096015756532,0.5666870271394895,2400
anticipation,21010,ORACLE_RIDGE,1.7871252180833408e-07,0.9839814194303843,0.999999821560297,2400
anticipation,21011,ZERO,0.9651197471285765,0.5764773484596944,0.0,2400
anticipation,21011,DIRECT,0.4642722603206647,0.49089401091196083,0.5189485432227792,2400
anticipation,21011,HARD_FPA,0.39236862520398696,0.5018993112729615,0.5934508371926264,2400
anticipation,21011,ORDINARY_SOFT,0.7503349700465172,0.5210084142464873,0.22254728257409184,2400
anticipation,21011,FPA_SOFT,0.3851451634192934,0.5015065884436966,0.6009353610625241,2400
anticipation,21011,ORACLE_RIDGE,1.708243656388875e-07,0.9596320253090007,0.9999998230018957,2400
anticipation,21012,ZERO,0.9419046929747106,0.6008402955425219,0.0,2400
anticipation,21012,DIRECT,0.44351970301238386,0.5029600219092893,0.5291246488945012,2400
anticipation,21012,HARD_FPA,0.40595757333906335,0.5085426163430761,0.5690035559150113,2400
anticipation,21012,ORDINARY_SOFT,0.729196525299536,0.540851539266741,0.22582769707134853,2400
anticipation,21012,FPA_SOFT,0.39370348752832635,0.5084273177395807,0.5820134558572616,2400
anticipation,21012,ORACLE_RIDGE,1.6739765249206644e-07,0.9222509351518661,0.9999998222775046,2400
anticipation,21013,ZERO,1.0181825437133691,0.5655014819180308,0.0,2400
anticipation,21013,DIRECT,0.5171344994063282,0.5099378873144703,0.49210040714280023,2400
anticipation,21013,HARD_FPA,0.47782607755397727,0.5135415108953899,0.5307068653806235,2400
anticipation,21013,ORDINARY_SOFT,0.8010566219133134,0.5219201308769571,0.21324852124078386,2400
anticipation,21013,FPA_SOFT,0.4689443102899478,0.5148787521508157,0.5394300234418855,2400
anticipation,21013,ORACLE_RIDGE,1.8661540518853134e-07,1.068881874981704,0.9999998167171433,2400
anticipation,21014,ZERO,0.9683075001797541,0.5025630702214389,0.0,2400
anticipation,21014,DIRECT,0.48632158886813226,0.43918519317779653,0.497761208316725,2400
anticipation,21014,HARD_FPA,0.44074441361838723,0.4474702309246256,0.5448301148792418,2400
anticipation,21014,ORDINARY_SOFT,0.7677266761327682,0.45880562050814355,0.20714579202345385,2400
anticipation,21014,FPA_SOFT,0.4348532180960158,0.44874271836338275,0.5509141279859024,2400
anticipation,21014,ORACLE_RIDGE,1.96238150238679e-07,0.9626365555428146,0.9999997973390166,2400
anticipation,21015,ZERO,0.9582756958086073,0.6088084352220374,0.0,2400
anticipation,21015,DIRECT,0.471484293974638,0.538082223397058,0.5079867974979867,2400
anticipation,21015,HARD_FPA,0.40822806895200964,0.5424180947655308,0.5739972632744894,2400
anticipation,21015,ORDINARY_SOFT,0.7482877826805677,0.5597055973641946,0.21913100170076694,2400
anticipation,21015,FPA_SOFT,0.39880065833149025,0.5442369751237396,0.5838351529984528,2400
anticipation,21015,ORACLE_RIDGE,1.891718203900663e-07,1.0468287621809524,0.999999802591445,2400
anticipation,21016,ZERO,0.9805227585313044,0.592136261596657,0.0,2400
anticipation,21016,DIRECT,0.467890333174028,0.5133892481754719,0.5228154276858735,2400
anticipation,21016,HARD_FPA,0.39868526135080484,0.5175472811087708,0.593395198752976,2400
anticipation,21016,ORDINARY_SOFT,0.7677090047228798,0.5402813875739945,0.21704111603405507,2400
anticipation,21016,FPA_SOFT,0.3855041704910114,0.5193803652830027,0.6068381206485748,2400
anticipation,21016,ORACLE_RIDGE,1.7606103570080756e-07,0.9980000243494374,0.9999998204416632,2400
anticipation,21017,ZERO,0.922154988523947,0.5657403819768623,0.0,2400
anticipation,21017,DIRECT,0.45685977291139634,0.47910049193424764,0.5045737662356826,2400
anticipation,21017,HARD_FPA,0.4068670633907608,0.481763262735392,0.5587866807053605,2400
anticipation,21017,ORDINARY_SOFT,0.7264809702914965,0.5123380446690291,0.21219211593233067,2400
anticipation,21017,FPA_SOFT,0.4028035279010533,0.48233218227276436,0.5631932452636804,2400
anticipation,21017,ORACLE_RIDGE,1.6017919072103073e-07,0.9150936518043103,0.9999998262990574,2400
anticipation,21018,ZERO,1.0084403367680947,0.5842293218966593,0.0,2400
anticipation,21018,DIRECT,0.5153104483476709,0.4846474972376532,0.4890025422830999,2400
anticipation,21018,HARD_FPA,0.47081273853478367,0.48465217839835795,0.5331278198929742,2400
anticipation,21018,ORDINARY_SOFT,0.8029539600862909,0.527529512704557,0.2037665186423997,2400
anticipation,21018,FPA_SOFT,0.4593623778676234,0.4850795846250518,0.5444823445482028,2400
anticipation,21018,ORACLE_RIDGE,1.7087961823543802e-07,0.9421970793446935,0.9999998305505918,2400
anticipation,21019,ZERO,1.0901090394739614,0.5766928965711385,0.0,2400
anticipation,21019,DIRECT,0.5384184419154191,0.46253980000434375,0.5060875358163839,2400
anticipation,21019,HARD_FPA,0.5135122022024149,0.46918890861112156,0.5289350114459987,2400
anticipation,21019,ORDINARY_SOFT,0.8546884308682731,0.5083659421705166,0.2159606058484681,2400
anticipation,21019,FPA_SOFT,0.4996639841404806,0.4677568437506215,0.5416385278470892,2400
anticipation,21019,ORACLE_RIDGE,2.064863495597177e-07,0.945838019754897,0.9999998105819308,2400
anticipation,21020,ZERO,1.0369951988973283,0.5738833973227025,0.0,2400
anticipation,21020,DIRECT,0.5035807213130501,0.4896107295387815,0.5143847128236232,2400
anticipation,21020,HARD_FPA,0.4480855561870196,0.4928315852830927,0.5679000667857633,2400
anticipation,21020,ORDINARY_SOFT,0.8099962663057664,0.5183417537216993,0.21890065916692525,2400
anticipation,21020,FPA_SOFT,0.4392627917904175,0.4944224418874201,0.57640807570035,2400
anticipation,21020,ORACLE_RIDGE,1.921391881541881e-07,1.0121205399272908,0.9999998147154506,2400
anticipation,21021,ZERO,1.0133962950248088,0.6062853410283474,0.0,2400
anticipation,21021,DIRECT,0.5065305400670537,0.5164603345848152,0.5001653918078974,2400
anticipation,21021,HARD_FPA,0.4470305513639254,0.5184695443809118,0.558878837865712,2400
anticipation,21021,ORDINARY_SOFT,0.7967206222397856,0.5500894393869362,0.21381139229418522,2400
anticipation,21021,FPA_SOFT,0.4357111729009536,0.5192821779011056,0.5700485831258273,2400
anticipation,21021,ORACLE_RIDGE,1.7972850025607529e-07,1.002691153778258,0.999999822647368,2400
anticipation,21022,ZERO,0.9494155627676752,0.6293441639285473,0.0,2400
anticipation,21022,DIRECT,0.46353114268509565,0.5459193018594899,0.5117721250177958,2400
anticipation,21022,HARD_FPA,0.4059713263884899,0.5540431364222423,0.5723987026239297,2400
anticipation,21022,ORDINARY_SOFT,0.7433978101445261,0.5769755081668393,0.21699428648776242,2400
anticipation,21022,FPA_SOFT,0.3935294331925915,0.55475684407241,0.5855034943335037,2400
anticipation,21022,ORACLE_RIDGE,1.688117642358066e-07,1.0061656613683159,0.9999998221940204,2400
anticipation,21023,ZERO,0.9576318609682858,0.5575230186024478,0.0,2400
anticipation,21023,DIRECT,0.4970838120876051,0.47839630893591734,0.4809238995191836,2400
anticipation,21023,HARD_FPA,0.4401461284288712,0.4805329515107812,0.5403806552720287,2400
anticipation,21023,ORDINARY_SOFT,0.7604700584395484,0.5079210129357867,0.20588475651737626,2400
anticipation,21023,FPA_SOFT,0.43408188396286645,0.47997175254980856,0.5467131977794104,2400
anticipation,21023,ORACLE_RIDGE,1.6390276049015386e-07,0.9411198882322941,0.9999998288457526,2400
anticipation,21024,ZERO,1.0298158611814299,0.6104145143768259,0.0,2400
anticipation,21024,DIRECT,0.5245563377062417,0.5205932390561808,0.4906309394919808,2400
anticipation,21024,HARD_FPA,0.48106821180257964,0.5290821340935893,0.5328599704701709,2400
anticipation,21024,ORDINARY_SOFT,0.8162187892334526,0.5552750475859107,0.20741287835956757,2400
anticipation,21024,FPA_SOFT,0.47705190802291253,0.5288649013053601,0.5367599917565584,2400
anticipation,21024,ORACLE_RIDGE,1.8381009206917458e-07,1.020341570568957,0.9999998215116905,2400
anticipation,21025,ZERO,1.0005417602848945,0.5787889400077038,0.0,2400
anticipation,21025,DIRECT,0.49472502650222056,0.49531686889261334,0.5055428507438287,2400
anticipation,21025,HARD_FPA,0.44394822869491807,0.49967397504397143,0.5562921545938191,2400
anticipation,21025,ORDINARY_SOFT,0.7882995586106067,0.5255469084014565,0.21212727953889088,2400
anticipation,21025,FPA_SOFT,0.4274880707153534,0.5015870899580296,0.5727433999420171,2400
anticipation,21025,ORACLE_RIDGE,1.7781068444466225e-07,0.9963030435750917,0.9999998222855941,2400
anticipation,21026,ZERO,0.9702123222812898,0.5351975350300261,0.0,2400
anticipation,21026,DIRECT,0.46706143328582406,0.4636148305517015,0.5185987411625445,2400
anticipation,21026,HARD_FPA,0.4259914453487722,0.46991445210220384,0.5609296691397141,2400
anticipation,21026,ORDINARY_SOFT,0.7590160757613387,0.4860456461544191,0.21768044135262987,2400
anticipation,21026,FPA_SOFT,0.41159677507981784,0.47199959299353317,0.5757662878244859,2400
anticipation,21026,ORACLE_RIDGE,1.6719904807301485e-07,0.9629318832176009,0.999999827667569,2400
anticipation,21027,ZERO,1.0083656887825383,0.5292243819496174,0.0,2400
anticipation,21027,DIRECT,0.48467075705427815,0.46519488144641,0.5193502095063837,2400
anticipation,21027,HARD_FPA,0.4409973104737177,0.4731582215638202,0.5626613287425906,2400
anticipation,21027,ORDINARY_SOFT,0.7860068791914144,0.48117462801501215,0.22051405761295917,2400
anticipation,21027,FPA_SOFT,0.4322670299955494,0.47378213676483016,0.5713191803288628,2400
anticipation,21027,ORACLE_RIDGE,1.760886318018871e-07,1.020318885998776,0.9999998253722496,2400
anticipation,21028,ZERO,0.9955779323378624,0.5931815332734156,0.0,2400
anticipation,21028,DIRECT,0.4719779016748045,0.49942869883012025,0.5259257097367716,2400
anticipation,21028,HARD_FPA,0.4328689068844622,0.4999941586518501,0.5652084153091066,2400
anticipation,21028,ORDINARY_SOFT,0.7710359130782019,0.5330615074910806,0.22553936961256316,2400
anticipation,21028,FPA_SOFT,0.42466400612394267,0.5003723437521609,0.5734497598528254,2400
anticipation,21028,ORACLE_RIDGE,1.8247144640810508e-07,0.9730110682835368,0.9999998167180685,2400
anticipation,21029,ZERO,1.0322736917721504,0.5692138181202496,0.0,2400
anticipation,21029,DIRECT,0.47891664339055146,0.4922396733188562,0.5360565253112537,2400
anticipation,21029,HARD_FPA,0.4433702958759259,0.5051357803721824,0.5704915281578355,2400
anticipation,21029,ORDINARY_SOFT,0.8054274391287959,0.5163394348745085,0.21975398041377714,2400
anticipation,21029,FPA_SOFT,0.4315091365397997,0.5064166323808438,0.5819818523137903,2400
anticipation,21029,ORACLE_RIDGE,1.7754691835551716e-07,1.0198095359658583,0.9999998280040266,2400
anticipation,21030,ZERO,1.0097925488664874,0.5117022534997985,0.0,2400
anticipation,21030,DIRECT,0.49962315157187104,0.45887049756153603,0.5052219863052979,2400
anticipation,21030,HARD_FPA,0.4378826536173401,0.47162023251114815,0.5663637505457213,2400
anticipation,21030,ORDINARY_SOFT,0.7879182996778225,0.4677125412919196,0.21972260484366146,2400
anticipation,21030,FPA_SOFT,0.43172868800681813,0.47169636006862675,0.5724580375529189,2400
anticipation,21030,ORACLE_RIDGE,1.8149592361598852e-07,1.0472295699811107,0.9999998202641485,2400
anticipation,21031,ZERO,1.0247880334868955,0.5976991536266743,0.0,2400
anticipation,21031,DIRECT,0.48725117874738816,0.5087078473647143,0.5245346717315871,2400
anticipation,21031,HARD_FPA,0.45081262233212405,0.5137552656751816,0.5600918359690343,2400
anticipation,21031,ORDINARY_SOFT,0.7989679830236966,0.5396285314569097,0.22035781360056883,2400
anticipation,21031,FPA_SOFT,0.4463246858083704,0.5142295733511495,0.5644712162673026,2400
anticipation,21031,ORACLE_RIDGE,1.6701889021386782e-07,0.9923093294958104,0.9999998370210378,2400
anticipation,21032,ZERO,1.0997058459851083,0.5949836248976128,0.0,2400
anticipation,21032,DIRECT,0.5516808442438021,0.4957718613797864,0.49833780891688306,2400
anticipation,21032,HARD_FPA,0.496788762990843,0.4972187714524595,0.5482530489361696,2400
anticipation,21032,ORDINARY_SOFT,0.8686671558212843,0.5338773998319862,0.21009135398099232,2400
anticipation,21032,FPA_SOFT,0.4890299825561099,0.49669029982750335,0.5553083723783968,2400
anticipation,21032,ORACLE_RIDGE,1.9284168920727204e-07,1.0267028756139218,0.9999998246424806,2400
anticipation,21033,ZERO,0.9603940824301571,0.5842493758413031,0.0,2400
anticipation,21033,DIRECT,0.4810869628279018,0.5059782182433744,0.49907337870036494,2400
anticipation,21033,HARD_FPA,0.42616033565682554,0.5094092034471419,0.5562651379749445,2400
anticipation,21033,ORDINARY_SOFT,0.7594680914334656,0.5345875140811136,0.20921202522226445,2400
anticipation,21033,FPA_SOFT,0.4237006419963503,0.5090877681772488,0.5588262675211109,2400
anticipation,21033,ORACLE_RIDGE,1.7083303856144553e-07,0.9860685427295535,0.9999998221219376,2400
anticipation,21034,ZERO,1.0678322019993216,0.5576815115517743,0.0,2400
anticipation,21034,DIRECT,0.5477998578752487,0.46258418896231024,0.48699818487437163,2400
anticipation,21034,HARD_FPA,0.5028591109430625,0.46329921674266444,0.5290841482383185,2400
anticipation,21034,ORDINARY_SOFT,0.8456705858025152,0.4997007213613034,0.20804918205393053,2400
anticipation,21034,FPA_SOFT,0.4946416507188782,0.46422917062042085,0.5367796084508861,2400
anticipation,21034,ORACLE_RIDGE,1.9643515974681796e-07,0.9694579823476973,0.9999998160430456,2400
anticipation,21035,ZERO,1.0561673216499223,0.5790360394047432,0.0,2400
anticipation,21035,DIRECT,0.5289281167522273,0.480026086438284,0.49920045251357814,2400
anticipation,21035,HARD_FPA,0.4745909778691751,0.482926046276332,0.5506479246794163,2400
anticipation,21035,ORDINARY_SOFT,0.8311249314485066,0.5188385615344923,0.21307456270267788,2400
anticipation,21035,FPA_SOFT,0.4671308186888971,0.48304230328450254,0.5577113501683093,2400
anticipation,21035,ORACLE_RIDGE,1.7539139151228145e-07,0.9723712470514996,0.9999998339359797,2400
anticipation,21036,ZERO,0.9675897240346384,0.5739049876961612,0.0,2400
anticipation,21036,DIRECT,0.47886238412823484,0.5033139183978276,0.5050976956106117,2400
anticipation,21036,HARD_FPA,0.41176355591296304,0.515099445387717,0.5744440585871471,2400
anticipation,21036,ORDINARY_SOFT,0.7598928137063061,0.5243438077094781,0.21465390254691974,2400
anticipation,21036,FPA_SOFT,0.4060571218439318,0.5160689478828563,0.5803416347263777,2400
anticipation,21036,ORACLE_RIDGE,1.591281038977768e-07,1.0018404558161087,0.9999998355417591,2400
anticipation,21037,ZERO,0.9693732554707815,0.5316254353247527,0.0,2400
anticipation,21037,DIRECT,0.481407787011522,0.4444126020264384,0.5033824336553172,2400
anticipation,21037,HARD_FPA,0.42882221143098104,0.4535572434591138,0.5576294177594974,2400
anticipation,21037,ORDINARY_SOFT,0.7588351288277905,0.4767291860710739,0.2171899476850555,2400
anticipation,21037,FPA_SOFT,0.4220092583218194,0.4521928504015106,0.5646576218807808,2400
anticipation,21037,ORACLE_RIDGE,1.9342196974413852e-07,0.9015816985657724,0.9999998004669836,2400
anticipation,21038,ZERO,0.9524855549950378,0.5755556179896287,0.0,2400
anticipation,21038,DIRECT,0.4277870930708042,0.49315971685106047,0.5508728811398795,2400
anticipation,21038,HARD_FPA,0.374811098181628,0.49781863550669886,0.6064915670205826,2400
anticipation,21038,ORDINARY_SOFT,0.7275140470188338,0.519363141240998,0.23619414152414742,2400
anticipation,21038,FPA_SOFT,0.369527276583382,0.49995248645280604,0.6120389704122,2400
anticipation,21038,ORACLE_RIDGE,1.6919724571734158e-07,0.9483802146158334,0.9999998223624024,2400
anticipation,21039,ZERO,1.048694485829498,0.5814388908154515,0.0,2400
anticipation,21039,DIRECT,0.49446607607919113,0.48716935775721176,0.5284936816578399,2400
anticipation,21039,HARD_FPA,0.44421075127169085,0.4940310135969621,0.5764154791752067,2400
anticipation,21039,ORDINARY_SOFT,0.8154765333909337,0.5207873090574441,0.22238884211743815,2400
anticipation,21039,FPA_SOFT,0.43305477811443266,0.49536899137196067,0.5870534421930385,2400
anticipation,21039,ORACLE_RIDGE,1.8768873383263491e-07,0.9939667194694755,0.9999998210262986,2400
anticipation,21040,ZERO,0.9853411993438113,0.6382322614922047,0.0,2400
anticipation,21040,DIRECT,0.48737283208827376,0.5424484770098371,0.5053765818248135,2400
anticipation,21040,HARD_FPA,0.4492902491846098,0.5447799236982088,0.5440257146622764,2400
anticipation,21040,ORDINARY_SOFT,0.7696711949954885,0.5783418406735875,0.2188785006573848,2400
anticipation,21040,FPA_SOFT,0.44123665054981587,0.5450488488495976,0.5521991257001557,2400
anticipation,21040,ORACLE_RIDGE,1.79302388375066e-07,1.0093647834269353,0.9999998180301519,2400
anticipation,21041,ZERO,0.9630360507552751,0.5809979674855694,0.0,2400
anticipation,21041,DIRECT,0.4831734885295428,0.4908945774655667,0.49828099565887807,2400
anticipation,21041,HARD_FPA,0.4163633927688012,0.49487170522329665,0.5676554450456324,2400
anticipation,21041,ORDINARY_SOFT,0.7640219200656071,0.5277380884442344,0.20665283561668146,2400
anticipation,21041,FPA_SOFT,0.40673004077174607,0.49567674715976295,0.5776585513566579,2400
anticipation,21041,ORACLE_RIDGE,1.8559573129629913e-07,0.942961677372945,0.9999998072805986,2400
anticipation,21042,ZERO,0.9855173898976525,0.5474045937513811,0.0,2400
anticipation,21042,DIRECT,0.48737715395721554,0.48237494516430984,0.505460625095788,2400
anticipation,21042,HARD_FPA,0.4420258149487775,0.49063849985538127,0.5514784219133032,2400
anticipation,21042,ORDINARY_SOFT,0.7767537288084044,0.5015716945009029,0.21183153461242166,2400
anticipation,21042,FPA_SOFT,0.4329144716309514,0.4915443667927972,0.5607236604156622,2400
anticipation,21042,ORACLE_RIDGE,1.6700762535286948e-07,0.9859825954833028,0.9999998305381244,2400
anticipation,21043,ZERO,0.9940198044003389,0.5678430541405881,0.0,2400
anticipation,21043,DIRECT,0.5071197972369234,0.49209020716637286,0.48982928208069965,2400
anticipation,21043,HARD_FPA,0.47860648881574946,0.4951606956225592,0.5185141315122209,2400
anticipation,21043,ORDINARY_SOFT,0.7910155668578982,0.5189276930421016,0.20422554625549616,2400
anticipation,21043,FPA_SOFT,0.4668673471497753,0.49648868317508876,0.5303238978911272,2400
anticipation,21043,ORACLE_RIDGE,1.9537641880966556e-07,0.9926413930773685,0.9999998034481627,2400
anticipation,21044,ZERO,1.0100655975859365,0.5592471331579221,0.0,2400
anticipation,21044,DIRECT,0.4644465332320087,0.47835728431560315,0.5401818116149694,2400
anticipation,21044,HARD_FPA,0.4307907692258218,0.48128906663516563,0.5735021861397769,2400
anticipation,21044,ORDINARY_SOFT,0.7780916894639821,0.5029343357829897,0.22966222062841624,2400
anticipation,21044,FPA_SOFT,0.4241290156982496,0.4821088772388272,0.5800975533550288,2400
anticipation,21044,ORACLE_RIDGE,1.808900803081159e-07,0.9696745075719989,0.999999820912542,2400
anticipation,21045,ZERO,0.9341924355637578,0.5794930364110921,0.0,2400
anticipation,21045,DIRECT,0.40983669724594196,0.49112639937407476,0.5612930680619165,2400
anticipation,21045,HARD_FPA,0.3695685766677529,0.49720810934984483,0.60439780649184,2400
anticipation,21045,ORDINARY_SOFT,0.7120093781864535,0.519861036232324,0.23783435716135215,2400
anticipation,21045,FPA_SOFT,0.3585298902076433,0.4983660984819259,0.6162140940573116,2400
anticipation,21045,ORACLE_RIDGE,1.746759064983273e-07,0.9254959072776434,0.9999998130193525,2400
anticipation,21046,ZERO,0.9121489056623409,0.5540865104366445,0.0,2400
anticipation,21046,DIRECT,0.47239868254915696,0.47573312313297134,0.4821035473302103,2400
anticipation,21046,HARD_FPA,0.4335519395135003,0.4745738197569763,0.5246917067792959,2400
anticipation,21046,ORDINARY_SOFT,0.7297646156002441,0.5073575708702543,0.19995012758323882,2400
anticipation,21046,FPA_SOFT,0.4256699088110807,0.4761492458305239,0.5333328734281735,2400
anticipation,21046,ORACLE_RIDGE,1.7024704750212472e-07,0.9141883689852374,0.9999998133560799,2400
anticipation,21047,ZERO,1.0411185526324187,0.5812698281862881,0.0,2400
anticipation,21047,DIRECT,0.46929307820180516,0.4812742701608055,0.549241460527987,2400
anticipation,21047,HARD_FPA,0.4249255472600805,0.4899741747633334,0.5918567139297667,2400
anticipation,21047,ORDINARY_SOFT,0.796596515766624,0.5170575640484568,0.2348647387442403,2400
anticipation,21047,FPA_SOFT,0.41617101506622123,0.4908098507590523,0.6002654894450276,2400
anticipation,21047,ORACLE_RIDGE,1.7442154390282148e-07,0.9521161898356212,0.9999998324671638,2400
anticipation,21048,ZERO,1.0212325296360767,0.5518770324485477,0.0,2400
anticipation,21048,DIRECT,0.5073647298509917,0.4606513841438091,0.5031839320357385,2400
anticipation,21048,HARD_FPA,0.4364720446759303,0.46437554450686475,0.5726026815543468,2400
anticipation,21048,ORDINARY_SOFT,0.8042967013352299,0.494664148689065,0.21242549762702267,2400
anticipation,21048,FPA_SOFT,0.4290078895936665,0.464028048971524,0.5799116487735203,2400
anticipation,21048,ORACLE_RIDGE,1.825005829511821e-07,0.9434765610002213,0.9999998212938017,2400
anticipation,21049,ZERO,1.0795206168488412,0.6112626268190181,0.0,2400
anticipation,21049,DIRECT,0.5106391189299079,0.5172826886329854,0.5269760382895867,2400
anticipation,21049,HARD_FPA,0.4625225805124433,0.5303920535280628,0.5715481730561449,2400
anticipation,21049,ORDINARY_SOFT,0.8389044914671013,0.5499735928451142,0.22289164433385888,2400
anticipation,21049,FPA_SOFT,0.4533450352226109,0.5301532048820247,0.5800496737654339,2400
anticipation,21049,ORACLE_RIDGE,2.0381626342769974e-07,1.0561187281774103,0.9999998111974332,2400
anticipation,21050,ZERO,1.0171470745145674,0.5756121564674866,0.0,2400
anticipation,21050,DIRECT,0.48836769569374383,0.48188826215624564,0.5198652113050446,2400
anticipation,21050,HARD_FPA,0.4585187117626008,0.4840807613735154,0.549211000797079,2400
anticipation,21050,ORDINARY_SOFT,0.7985518142644732,0.5171088936419693,0.21491017939015222,2400
anticipation,21050,FPA_SOFT,0.4469955036531449,0.486084558635997,0.5605399505607651,2400
anticipation,21050,ORACLE_RIDGE,1.880621044782438e-07,0.9630906021508429,0.9999998151082482,2400
anticipation,21051,ZERO,0.9476894900748778,0.5854118519520736,0.0,2400
anticipation,21051,DIRECT,0.46982108430061015,0.48766200450161296,0.5042457585305824,2400
anticipation,21051,HARD_FPA,0.41172422429372496,0.4951663616245572,0.5655494456721323,2400
anticipation,21051,ORDINARY_SOFT,0.7422408657783356,0.5263670034441602,0.21678896563505157,2400
anticipation,21051,FPA_SOFT,0.40701950832593053,0.4953780688484064,0.5705138522811184,2400
anticipation,21051,ORACLE_RIDGE,1.6892686517115354e-07,0.9045171539063801,0.9999998217487195,2400
anticipation,21052,ZERO,0.9212126833982183,0.6025106383653298,0.0,2400
anticipation,21052,DIRECT,0.46472793158014325,0.5209621183783246,0.4955259084516399,2400
anticipation,21052,HARD_FPA,0.40917706975360507,0.52406565057354,0.5558277940288328,2400
anticipation,21052,ORDINARY_SOFT,0.7287885426707198,0.5502655668324351,0.20888134107931955,2400
anticipation,21052,FPA_SOFT,0.394175206606058,0.5245476234352463,0.5721127013232128,2400
anticipation,21052,ORACLE_RIDGE,1.739129371503574e-07,0.9857749922857973,0.9999998112130453,2400
anticipation,21053,ZERO,0.9979169356945732,0.5504141478913195,0.0,2400
anticipation,21053,DIRECT,0.47854634456307876,0.4705641062658514,0.5204547318059098,2400
anticipation,21053,HARD_FPA,0.4361113198887576,0.4707181525518869,0.56297833588202,2400
anticipation,21053,ORDINARY_SOFT,0.7778113425078153,0.4963516697908492,0.22056504435768431,2400
anticipation,21053,FPA_SOFT,0.4305157584602972,0.4714191664588778,0.5685855775554622,2400
anticipation,21053,ORACLE_RIDGE,1.8102306976531844e-07,0.9706978746065795,0.9999998185990604,2400
anticipation,21054,ZERO,1.089684912848997,0.6108621464719912,0.0,2400
anticipation,21054,DIRECT,0.5116997044769287,0.5376331278828572,0.5304149865312144,2400
anticipation,21054,HARD_FPA,0.4530301820846414,0.5452882054613725,0.5842558002384493,2400
anticipation,21054,ORDINARY_SOFT,0.842091750154158,0.5568689341020103,0.22721537187066576,2400
anticipation,21054,FPA_SOFT,0.44413163461153904,0.5468803418494033,0.5924219658595158,2400
anticipation,21054,ORACLE_RIDGE,1.7063606131923957e-07,1.104631188559832,0.9999998434078885,2400
anticipation,21055,ZERO,1.0001390046411505,0.6353257362538818,0.0,2400
anticipation,21055,DIRECT,0.5041492387217933,0.5265456849192013,0.49592083062225745,2400
anticipation,21055,HARD_FPA,0.4422622779301643,0.5308981899048901,0.5577991900347414,2400
anticipation,21055,ORDINARY_SOFT,0.7885740961747458,0.5724711333410819,0.21153550404957366,2400
anticipation,21055,FPA_SOFT,0.4335586789383233,0.5296963495054599,0.566501579354078,2400
anticipation,21055,ORACLE_RIDGE,1.68494205769624e-07,0.9614060004494587,0.9999998315292125,2400
anticipation,21056,ZERO,0.965672100265563,0.5558376092072109,0.0,2400
anticipation,21056,DIRECT,0.4970467049184701,0.46137107244593056,0.48528418209267865,2400
anticipation,21056,HARD_FPA,0.4293881895271614,0.46342069240321876,0.5553478355550727,2400
anticipation,21056,ORDINARY_SOFT,0.7610832149413854,0.49952458455208926,0.21186165083149344,2400
anticipation,21056,FPA_SOFT,0.4112746834980672,0.46295251467459614,0.5741052440212726,2400
anticipation,21056,ORACLE_RIDGE,1.8285393247686914e-07,0.910580868072481,0.9999998106459403,2400
anticipation,21057,ZERO,1.0615920022764842,0.5792192995037548,0.0,2400
anticipation,21057,DIRECT,0.5567676723187783,0.48869755219609495,0.475535166876877,2400
anticipation,21057,HARD_FPA,0.48772403840436546,0.495348141385345,0.5405729909810104,2400
anticipation,21057,ORDINARY_SOFT,0.854326386901502,0.5256047075835162,0.19524037005791361,2400
anticipation,21057,FPA_SOFT,0.47407863050953497,0.49668591144690644,0.553426712434798,2400
anticipation,21057,ORACLE_RIDGE,1.914093385887319e-07,1.0043033442606255,0.999999819695949,2400
anticipation,21058,ZERO,0.9760938781217385,0.5174639799412061,0.0,2400
anticipation,21058,DIRECT,0.45469382556768456,0.4714392781363938,0.5341699853269901,2400
anticipation,21058,HARD_FPA,0.4263426738976071,0.48366230279488426,0.5632155026748016,2400
anticipation,21058,ORDINARY_SOFT,0.7495499625319236,0.47557902369929006,0.23209234343908092,2400
anticipation,21058,FPA_SOFT,0.4133147382022637,0.4851822241522287,0.5765625136410137,2400
anticipation,21058,ORACLE_RIDGE,1.7895703546250257e-07,1.024131487637862,0.9999998166600166,2400
anticipation,21059,ZERO,1.0317925241088604,0.6038715500388717,0.0,2400
anticipation,21059,DIRECT,0.5081566713948465,0.5013195184022737,0.5075011113947236,2400
anticipation,21059,HARD_FPA,0.4689930355765773,0.504951542727765,0.5454580018578467,2400
anticipation,21059,ORDINARY_SOFT,0.8122731051325629,0.5428128372357386,0.21275538816865558,2400
anticipation,21059,FPA_SOFT,0.45349878716956066,0.5047314536202854,0.5604748274744102,2400
anticipation,21059,ORACLE_RIDGE,1.9626570326844213e-07,0.9759135071580266,0.999999809781813,2400
anticipation,21060,ZERO,1.0229546839941235,0.5792348920602799,0.0,2400
anticipation,21060,DIRECT,0.5060707666276181,0.47589437569271864,0.5052852540332811,2400
anticipation,21060,HARD_FPA,0.44642565773965354,0.47567233081290394,0.5635919511149938,2400
anticipation,21060,ORDINARY_SOFT,0.8053002586738532,0.5168113868509507,0.21277034919126547,2400
anticipation,21060,FPA_SOFT,0.4355103940144087,0.4757956604639469,0.5742622807943362,2400
anticipation,21060,ORACLE_RIDGE,1.9136762576779872e-07,0.9384273799038557,0.9999998129265854,2400
anticipation,21061,ZERO,1.0181646854326556,0.5870056483751127,0.0,2400
anticipation,21061,DIRECT,0.513577056073535,0.4860074874055457,0.4955854750989549,2400
anticipation,21061,HARD_FPA,0.4588112958511005,0.4873266834966483,0.549374180409592,2400
anticipation,21061,ORDINARY_SOFT,0.8051852532432802,0.5267711890082141,0.20917974787042692,2400
anticipation,21061,FPA_SOFT,0.4542182440813457,0.48714040964107275,0.5538852893053037,2400
anticipation,21061,ORACLE_RIDGE,1.938359281068794e-07,0.9486525213467037,0.9999998096222243,2400
anticipation,21062,ZERO,1.0178685579222566,0.5777345781043186,0.0,2400
anticipation,21062,DIRECT,0.4934159598464833,0.49596138555423636,0.5152458969224102,2400
anticipation,21062,HARD_FPA,0.4498405868248696,0.5015778720336301,0.5580563096053235,2400
anticipation,21062,ORDINARY_SOFT,0.8022578016009261,0.525276951422997,0.21182573589015274,2400
anticipation,21062,FPA_SOFT,0.4371802863371253,0.5018954341952728,0.5704943600679366,2400
anticipation,21062,ORACLE_RIDGE,1.8192158885761662e-07,0.9882594543154914,0.9999998212720224,2400
anticipation,21063,ZERO,0.966484027017063,0.5522438409745971,0.0,2400
anticipation,21063,DIRECT,0.5316911561560473,0.46356808359821683,0.44987072595803956,2400
anticipation,21063,HARD_FPA,0.507078890425554,0.46675404879708843,0.47533650194862287,2400
anticipation,21063,ORDINARY_SOFT,0.7828272655682103,0.5009480305566573,0.19002565620839829,2400
anticipation,21063,FPA_SOFT,0.49188021055865744,0.46628865894898913,0.4910622454084558,2400
anticipation,21063,ORACLE_RIDGE,1.7887247579346094e-07,0.9158199899307801,0.99999981492454,2400
anticipation,21064,ZERO,0.9858787755489107,0.564754023440727,0.0,2400
anticipation,21064,DIRECT,0.5147205051475446,0.4994312912507819,0.47790690101735667,2400
anticipation,21064,HARD_FPA,0.45101962673332147,0.5078105688786405,0.5425201983051051,2400
anticipation,21064,ORDINARY_SOFT,0.7866644435843997,0.5209489219439117,0.2020677763892359,2400
anticipation,21064,FPA_SOFT,0.445964830074062,0.5075361107727542,0.5476473972920648,2400
anticipation,21064,ORACLE_RIDGE,1.7359808215088055e-07,1.0234396926462477,0.9999998239153876,2400
anticipation,21065,ZERO,0.9764269761259627,0.6224700111743708,0.0,2400
anticipation,21065,DIRECT,0.48593750212363707,0.5118477832879234,0.5023309330804997,2400
anticipation,21065,HARD_FPA,0.43494481486828024,0.5157921717514804,0.5545546922577335,2400
anticipation,21065,ORDINARY_SOFT,0.7618432346069066,0.5581922660930239,0.21976424941722827,2400
anticipation,21065,FPA_SOFT,0.4276694655054597,0.5162964714213374,0.5620056840274261,2400
anticipation,21065,ORACLE_RIDGE,1.7835874212281272e-07,0.9265417312693224,0.9999998173352985,2400
anticipation,21066,ZERO,1.0029214248671818,0.5558624625976728,0.0,2400
anticipation,21066,DIRECT,0.4809459382734646,0.47057675588856834,0.5204550163666541,2400
anticipation,21066,HARD_FPA,0.4325022878015214,0.4780006767684133,0.5687575546022479,2400
anticipation,21066,ORDINARY_SOFT,0.7831495024496897,0.49904551826498617,0.2191317454870373,2400
anticipation,21066,FPA_SOFT,0.4239725605871035,0.4785509097295038,0.5772624354462756,2400
anticipation,21066,ORACLE_RIDGE,1.7586056194971289e-07,0.9502412039972228,0.9999998246517049,2400
anticipation,21067,ZERO,0.9566436278606332,0.5779741168226142,0.0,2400
anticipation,21067,DIRECT,0.4769343131887966,0.49056870354418775,0.5014503841358593,2400
anticipation,21067,HARD_FPA,0.4418310893657691,0.493640764948409,0.5381445331383774,2400
anticipation,21067,ORDINARY_SOFT,0.7522566038983393,0.5238922427904071,0.21365011798528344,2400
anticipation,21067,FPA_SOFT,0.42901815124663284,0.49454120084463254,0.5515381707961018,2400
anticipation,21067,ORACLE_RIDGE,1.639124600963867e-07,0.9503273751421102,0.9999998286588074,2400
anticipation,21068,ZERO,0.9516706024745785,0.5714088810307973,0.0,2400
anticipation,21068,DIRECT,0.4371521337245331,0.4725294267443666,0.5406476436407412,2400
anticipation,21068,HARD_FPA,0.38345806960118534,0.47822666315624074,0.5970684934428996,2400
anticipation,21068,ORDINARY_SOFT,0.731630712041847,0.5095994467064175,0.23121434019352216,2400
anticipation,21068,FPA_SOFT,0.37502875798437907,0.4783483467023828,0.605925877074261,2400
anticipation,21068,ORACLE_RIDGE,1.9177632488319336e-07,0.898709831442424,0.9999997984845551,2400
anticipation,21069,ZERO,0.9467403693677366,0.5696965716709407,0.0,2400
anticipation,21069,DIRECT,0.49200786809420427,0.48227030760016976,0.4803138389220871,2400
anticipation,21069,HARD_FPA,0.4462534836496197,0.4867323027700646,0.5286421725655979,2400
anticipation,21069,ORDINARY_SOFT,0.75808294779569,0.5190020976997327,0.19927049450530787,2400
anticipation,21069,FPA_SOFT,0.437778046042907,0.48597962068878814,0.5375944026393751,2400
anticipation,21069,ORACLE_RIDGE,1.8019389238021275e-07,0.9297290844777092,0.9999998096691572,2400
anticipation,21070,ZERO,1.0214854545300958,0.5982895065441008,0.0,2400
anticipation,21070,DIRECT,0.49451638148148597,0.5116513145612074,0.5158850483005912,2400
anticipation,21070,HARD_FPA,0.4477873692466344,0.5204244743855789,0.5616311840165891,2400
anticipation,21070,ORDINARY_SOFT,0.7967954472971844,0.5418853783452632,0.21996398111833448,2400
anticipation,21070,FPA_SOFT,0.4355964242870679,0.5215001118764554,0.5735657102553152,2400
anticipation,21070,ORACLE_RIDGE,1.8895380684437784e-07,1.0074329711640213,0.9999998150205605,2400
anticipation,21071,ZERO,0.9948164745258213,0.62021944999149,0.0,2400
anticipation,21071,DIRECT,0.4847807922564725,0.5356199940629874,0.5126932407431803,2400
anticipation,21071,HARD_FPA,0.4376190935346125,0.5436689924637722,0.5601006771191608,2400
anticipation,21071,ORDINARY_SOFT,0.7763385583779748,0.5643390978667201,0.2196163028482051,2400
anticipation,21071,FPA_SOFT,0.42530351469320765,0.5436298987820171,0.5724804267079229,2400
anticipation,21071,ORACLE_RIDGE,1.750546627263227e-07,1.0126534391219588,0.999999824033209,2400
anticipation,21072,ZERO,1.029963573022973,0.582041187348452,0.0,2400
anticipation,21072,DIRECT,0.5255824469135998,0.49365565966047836,0.4897077327006818,2400
anticipation,21072,HARD_FPA,0.4500151705948096,0.5023073690451182,0.5630766151525126,2400
anticipation,21072,ORDINARY_SOFT,0.8165220315530081,0.5273052208744006,0.20723212651444345,2400
anticipation,21072,FPA_SOFT,0.4452473734859844,0.5028418842213113,0.5677057080968695,2400
anticipation,21072,ORACLE_RIDGE,1.731384497117021e-07,0.992043749861207,0.9999998318984726,2400
anticipation,21073,ZERO,1.02002245040367,0.6036631347683994,0.0,2400
anticipation,21073,DIRECT,0.5004528347487937,0.5162953021530267,0.5093707647799894,2400
anticipation,21073,HARD_FPA,0.4366425970643296,0.5159895206426856,0.5719284444263653,2400
anticipation,21073,ORDINARY_SOFT,0.8048548665864769,0.5490611097594984,0.21094396866661247,2400
anticipation,21073,FPA_SOFT,0.43270980710111245,0.5172305800662464,0.5757840359985515,2400
anticipation,21073,ORACLE_RIDGE,1.8669956815901002e-07,0.9952769543787152,0.9999998169652363,2400
anticipation,21074,ZERO,1.030016761028301,0.5661677559344159,0.0,2400
anticipation,21074,DIRECT,0.5199672575417325,0.4772632393885783,0.495185634627313,2400
anticipation,21074,HARD_FPA,0.4668810792790718,0.48092801604060886,0.5467247748347626,2400
anticipation,21074,ORDINARY_SOFT,0.8081758288651478,0.5096378726008641,0.21537604100896557,2400
anticipation,21074,FPA_SOFT,0.45785563134033774,0.4806777093403169,0.5554872030594485,2400
anticipation,21074,ORACLE_RIDGE,1.7643567816406097e-07,0.9929799637041149,0.9999998287060126,2400
anticipation,21075,ZERO,1.028209422219177,0.5940525509664616,0.0,2400
anticipation,21075,DIRECT,0.5077806237938262,0.5067409638708337,0.5061505829251333,2400
anticipation,21075,HARD_FPA,0.4772883952632552,0.5150139302086834,0.5358062424353911,2400
anticipation,21075,ORDINARY_SOFT,0.8121615909643577,0.539189799179748,0.2101204546331864,2400
anticipation,21075,FPA_SOFT,0.4665301484273908,0.5165478220463476,0.5462693315720818,2400
anticipation,21075,ORACLE_RIDGE,1.9486565071910847e-07,1.007843828262185,0.9999998104805825,2400
anticipation,21076,ZERO,1.00174394479561,0.5594958178770372,0.0,2400
anticipation,21076,DIRECT,0.5271193481040704,0.471017474306719,0.4737983185796838,2400
anticipation,21076,HARD_FPA,0.4391068244945475,0.4734739764318935,0.5616576204170216,2400
anticipation,21076,ORDINARY_SOFT,0.8047729637452108,0.5069782293296399,0.19662807254661074,2400
anticipation,21076,FPA_SOFT,0.42997037415820366,0.47346391063999305,0.5707781650270596,2400
anticipation,21076,ORACLE_RIDGE,1.657216331024871e-07,0.9472532777085113,0.9999998345668731,2400
anticipation,21077,ZERO,0.963752183424772,0.5661525456037532,0.0,2400
anticipation,21077,DIRECT,0.46775237629594113,0.4646208069637157,0.5146549244290737,2400
anticipation,21077,HARD_FPA,0.41220602184873606,0.4701072828225254,0.5722904404906992,2400
anticipation,21077,ORDINARY_SOFT,0.7509884128987709,0.5058041158813829,0.22076605810627337,2400
anticipation,21077,FPA_SOFT,0.40246396129226314,0.47112250269886413,0.5823989110332548,2400
anticipation,21077,ORACLE_RIDGE,1.6994721843622044e-07,0.8907825184196642,0.9999998236608733,2400
anticipation,21078,ZERO,1.0037325142906597,0.594954973297666,0.0,2400
anticipation,21078,DIRECT,0.46887656852520315,0.4861667595452067,0.5328670120280408,2400
anticipation,21078,HARD_FPA,0.41941231982162946,0.4878701630601472,0.5821473212731091,2400
anticipation,21078,ORDINARY_SOFT,0.7734015994006215,0.5276212889795094,0.2294743984186003,2400
anticipation,21078,FPA_SOFT,0.4066942986386838,0.48908024620978285,0.5948180487845453,2400
anticipation,21078,ORACLE_RIDGE,1.881808756984322e-07,0.9413728379887641,0.9999998125189001,2400
anticipation,21079,ZERO,0.9723414293961139,0.5454242122614567,0.0,2400
anticipation,21079,DIRECT,0.4979932651740116,0.46583449442704894,0.48784115320140453,2400
anticipation,21079,HARD_FPA,0.4537571725401373,0.4758496443322855,0.5333355559868004,2400
anticipation,21079,ORDINARY_SOFT,0.7719997899221877,0.4948503818703847,0.20604042306245374,2400
anticipation,21079,FPA_SOFT,0.4410518881673233,0.4761599148999911,0.5464022463372309,2400
anticipation,21079,ORACLE_RIDGE,1.5930126263580623e-07,0.9509868240337683,0.9999998361673608,2400
anticipation,21080,ZERO,1.031711601500386,0.6053879139864035,0.0,2400
anticipation,21080,DIRECT,0.5241803519740805,0.52636716213147,0.4919313195550177,2400
anticipation,21080,HARD_FPA,0.4705183948123566,0.532930021191194,0.5439438752766796,2400
anticipation,21080,ORDINARY_SOFT,0.8224139978116115,0.5544967601331643,0.20286444718116914,2400
anticipation,21080,FPA_SOFT,0.4611681220839535,0.5330532019979559,0.5530067497416031,2400
anticipation,21080,ORACLE_RIDGE,2.0068402479918843e-07,1.0405053429650304,0.9999998054843772,2400
anticipation,21081,ZERO,1.0805989448303304,0.637087197723662,0.0,2400
anticipation,21081,DIRECT,0.5397632262438956,0.5301752855636369,0.5004962490235947,2400
anticipation,21081,HARD_FPA,0.4916631887625709,0.5354103063234196,0.5450086351511576,2400
anticipation,21081,ORDINARY_SOFT,0.8562323575500909,0.5734357243825059,0.20763169199232223,2400
anticipation,21081,FPA_SOFT,0.4802771664046394,0.5349904167024985,0.5555454049790416,2400
anticipation,21081,ORACLE_RIDGE,1.9036059834185095e-07,1.020333222424406,0.9999998238378824,2400
anticipation,21082,ZERO,0.9148805370911854,0.5774189814132078,0.0,2400
anticipation,21082,DIRECT,0.45539922411441297,0.49138037743232765,0.5022309409244503,2400
anticipation,21082,HARD_FPA,0.4053297957759263,0.49926677862143476,0.5569587729293586,2400
anticipation,21082,ORDINARY_SOFT,0.7216668984743855,0.5252106665414086,0.21119001966214357,2400
anticipation,21082,FPA_SOFT,0.3970503168488332,0.4994101204642555,0.5660085653245681,2400
anticipation,21082,ORACLE_RIDGE,1.4729045283975557e-07,0.922556451869073,0.999999839005808,2400
anticipation,21083,ZERO,1.0830135576192956,0.5946991255257825,0.0,2400
anticipation,21083,DIRECT,0.5600454599119455,0.4952929501646258,0.48288231853435903,2400
anticipation,21083,HARD_FPA,0.5325483067210641,0.4994504023417123,0.5082718005010726,2400
anticipation,21083,ORDINARY_SOFT,0.8623906108540219,0.5358104886463366,0.2037120821001096,2400
anticipation,21083,FPA_SOFT,0.5231353090817582,0.499822808136092,0.5169632869308434,2400
anticipation,21083,ORACLE_RIDGE,2.1039347074887272e-07,1.0211378533557218,0.9999998057332992,2400
anticipation,21084,ZERO,0.971998755863585,0.6247726009360742,0.0,2400
anticipation,21084,DIRECT,0.47607371918177177,0.542810410573637,0.5102115961467483,2400
anticipation,21084,HARD_FPA,0.4341163953240217,0.5485249128221613,0.5533776224452825,2400
anticipation,21084,ORDINARY_SOFT,0.7556794089417936,0.5696849181388068,0.22255105329800506,2400
anticipation,21084,FPA_SOFT,0.42439722471840885,0.5489067458456434,0.5633767819575575,2400
anticipation,21084,ORACLE_RIDGE,1.62747292683245e-07,1.0286432495128828,0.9999998325642994,2400
anticipation,21085,ZERO,1.0676476135888664,0.5760178238258431,0.0,2400
anticipation,21085,DIRECT,0.5534480816998381,0.49282768381411945,0.48161914600320377,2400
anticipation,21085,HARD_FPA,0.5209480232125068,0.49691904151872923,0.5120599563170893,2400
anticipation,21085,ORDINARY_SOFT,0.8570672155337697,0.5244908784273683,0.19723773591104354,2400
anticipation,21085,FPA_SOFT,0.5114009326593829,0.49953753395020384,0.5210021301501124,2400
anticipation,21085,ORACLE_RIDGE,2.1144762520638875e-07,1.0283220363267025,0.9999998019499856,2400
anticipation,21086,ZERO,1.072129122863064,0.5783405464200879,0.0,2400
anticipation,21086,DIRECT,0.5228967786212316,0.4967977745016185,0.5122819001270449,2400
anticipation,21086,HARD_FPA,0.4833025686289193,0.5041068362918323,0.5492123492193874,2400
anticipation,21086,ORDINARY_SOFT,0.8423706708874632,0.5244041784776537,0.21430110149609882,2400
anticipation,21086,FPA_SOFT,0.4690477864829346,0.5058663864011193,0.5625081191429935,2400
anticipation,21086,ORACLE_RIDGE,1.973170054409807e-07,1.0448855481797614,0.9999998159577972,2400
anticipation,21087,ZERO,0.9709548142322224,0.6107268722306561,0.0,2400
anticipation,21087,DIRECT,0.48618216439535883,0.5308196626121005,0.49927416057995977,2400
anticipation,21087,HARD_FPA,0.44683861841042244,0.5367449656144647,0.5397946311602999,2400
anticipation,21087,ORDINARY_SOFT,0.7633386334548652,0.5594919254853761,0.21382682050094026,2400
anticipation,21087,FPA_SOFT,0.43781031361053646,0.536804722655606,0.5490930090740291,2400
anticipation,21087,ORACLE_RIDGE,1.76969094914332e-07,0.9935299599645497,0.9999998177370436,2400
anticipation,21088,ZERO,0.9901884462458942,0.5843977659191616,0.0,2400
anticipation,21088,DIRECT,0.47538282447044006,0.49229510530672144,0.5199067144514147,2400
anticipation,21088,HARD_FPA,0.42408830824711774,0.5000853266966367,0.5717094964549772,2400
anticipation,21088,ORDINARY_SOFT,0.7745421268940775,0.5260509184655849,0.21778311004273732,2400
anticipation,21088,FPA_SOFT,0.4152546566761109,0.5012985194526698,0.580630678684984,2400
anticipation,21088,ORACLE_RIDGE,1.8880023815503491e-07,0.9406785361583517,0.9999998093289829,2400
anticipation,21089,ZERO,1.037571198552583,0.6141936722883535,0.0,2400
anticipation,21089,DIRECT,0.5350207850581102,0.5074371571324577,0.4843527019596662,2400
anticipation,21089,HARD_FPA,0.4808802462111217,0.5084746808034406,0.536532772997215,2400
anticipation,21089,ORDINARY_SOFT,0.8250943280572246,0.5533077790912729,0.204782930358673,2400
anticipation,21089,FPA_SOFT,0.47479107882704424,0.5076002824291276,0.5424014472554942,2400
anticipation,21089,ORACLE_RIDGE,1.8590878406706255e-07,0.9586671086363955,0.9999998208231066,2400
anticipation,21090,ZERO,0.9659451286139229,0.5747048256918112,0.0,2400
anticipation,21090,DIRECT,0.4916944381551414,0.5038946978861882,0.49097063219243586,2400
anticipation,21090,HARD_FPA,0.44597911414899916,0.5063313531562992,0.5382976724682549,2400
anticipation,21090,ORDINARY_SOFT,0.7601708781793072,0.5262801110576121,0.21302892300920884,2400
anticipation,21090,FPA_SOFT,0.43308279978835496,0.5073738918731588,0.5516486527451052,2400
anticipation,21090,ORACLE_RIDGE,1.6299470140357413e-07,0.9935976624036271,0.9999998312588401,2400
anticipation,21091,ZERO,0.947277200937731,0.5338115904695064,0.0,2400
anticipation,21091,DIRECT,0.45808855325912967,0.4678327997866747,0.5164155193372568,2400
anticipation,21091,HARD_FPA,0.39387747232541875,0.48164822658196993,0.584200409409716,2400
anticipation,21091,ORDINARY_SOFT,0.7441086483900146,0.48701396516787476,0.21447634583266162,2400
anticipation,21091,FPA_SOFT,0.3867840052288946,0.480536556277363,0.591688679041353,2400
anticipation,21091,ORACLE_RIDGE,1.5457631026720563e-07,0.9628875886336061,0.9999998368204047,2400
anticipation,21092,ZERO,0.9766602996596718,0.5748352025782705,0.0,2400
anticipation,21092,DIRECT,0.49645133371043926,0.47867964679096264,0.4916847404533252,2400
anticipation,21092,HARD_FPA,0.4450097874095627,0.4849679380388159,0.5443556090437676,2400
anticipation,21092,ORDINARY_SOFT,0.7694184253919825,0.5176344765529709,0.21219442864617832,2400
anticipation,21092,FPA_SOFT,0.4362748287587644,0.4840831202431599,0.5532993110185914,2400
anticipation,21092,ORACLE_RIDGE,1.722267959499671e-07,0.9339302538855145,0.9999998236574211,2400
anticipation,21093,ZERO,1.0432712467847922,0.5763057112126744,0.0,2400
anticipation,21093,DIRECT,0.4852496563535099,0.5000371495891299,0.5348768042357368,2400
anticipation,21093,HARD_FPA,0.4431206811165104,0.5107684479680482,0.5752584167519781,2400
anticipation,21093,ORDINARY_SOFT,0.8052854551611114,0.5210990816244021,0.2281149723594107,2400
anticipation,21093,FPA_SOFT,0.4353946459901935,0.5117987140691707,0.5826640029311501,2400
anticipation,21093,ORACLE_RIDGE,1.9641066011959492e-07,1.0459685204471403,0.9999998117357679,2400
anticipation,21094,ZERO,1.018961837318308,0.5712073746190457,0.0,2400
anticipation,21094,DIRECT,0.49987654624419653,0.4908289595589799,0.5094256448703065,2400
anticipation,21094,HARD_FPA,0.4426120458160118,0.49461880667060304,0.5656245115313905,2400
anticipation,21094,ORDINARY_SOFT,0.7989770520289996,0.5183015414367136,0.21589109349596625,2400
anticipation,21094,FPA_SOFT,0.4397058472902673,0.49467183144435845,0.5684766286758294,2400
anticipation,21094,ORACLE_RIDGE,1.9019035574765221e-07,0.9988806683460336,0.9999998133488922,2400
anticipation,21095,ZERO,1.0387869666908172,0.5873933541492322,0.0,2400
anticipation,21095,DIRECT,0.5278916056804398,0.48968085595194355,0.4918191866017505,2400
anticipation,21095,HARD_FPA,0.4765630141827499,0.49486247046779397,0.5412312346381283,2400
anticipation,21095,ORDINARY_SOFT,0.8237757882805932,0.5281551545923029,0.2069829380851479,2400
anticipation,21095,FPA_SOFT,0.46795388858368614,0.49435608832646977,0.5495189065815771,2400
anticipation,21095,ORACLE_RIDGE,1.6591018777979581e-07,0.9800406327031488,0.9999998402846848,2400
anticipation,21096,ZERO,1.0305456538306415,0.5618727749547849,0.0,2400
anticipation,21096,DIRECT,0.5316106186318357,0.46930379511790865,0.4841464648792746,2400
anticipation,21096,HARD_FPA,0.49643822879613425,0.47597538768184183,0.5182763355016601,2400
anticipation,21096,ORDINARY_SOFT,0.8262913202725494,0.508333578281039,0.19820017948633162,2400
anticipation,21096,FPA_SOFT,0.4916731898044835,0.4756020138759798,0.5229001374399233,2400
anticipation,21096,ORACLE_RIDGE,1.9288689944400244e-07,0.9694136811132646,0.9999998128303208,2400
anticipation,21097,ZERO,0.9940619318608361,0.6026610931798397,0.0,2400
anticipation,21097,DIRECT,0.5149735860692708,0.503404154052187,0.48195019891239066,2400
anticipation,21097,HARD_FPA,0.47657727616609435,0.5059096843159364,0.5205758706864827,2400
anticipation,21097,ORDINARY_SOFT,0.7993280143399579,0.5469320158294498,0.1958971682542412,2400
anticipation,21097,FPA_SOFT,0.4651108226824956,0.5064375144616141,0.532110819482011,2400
anticipation,21097,ORACLE_RIDGE,2.0168109889040345e-07,0.9295658532321215,0.9999997971141511,2400
anticipation,21098,ZERO,0.9579023880691864,0.5738560725915187,0.0,2400
anticipation,21098,DIRECT,0.471850996660973,0.4782722957547151,0.5074122347559147,2400
anticipation,21098,HARD_FPA,0.4278144994557067,0.48684787391545303,0.5533840349661943,2400
anticipation,21098,ORDINARY_SOFT,0.7477683483906663,0.5148968551129439,0.2193689485439958,2400
anticipation,21098,FPA_SOFT,0.418312256327189,0.48760224096137034,0.5633038798761449,2400
anticipation,21098,ORACLE_RIDGE,1.6806093215888904e-07,0.9214870554526624,0.9999998245531755,2400
anticipation,21099,ZERO,0.9762333942026191,0.6257508075200151,0.0,2400
anticipation,21099,DIRECT,0.5237154228970127,0.5405601415604872,0.46353461579258937,2400
anticipation,21099,HARD_FPA,0.49960487720317626,0.541466655333546,0.48823213775508045,2400
anticipation,21099,ORDINARY_SOFT,0.7877644650011242,0.5756778950331823,0.19305724463096763,2400
anticipation,21099,FPA_SOFT,0.4845759602614005,0.5404220791807615,0.5036269368175026,2400
anticipation,21099,ORACLE_RIDGE,1.657789241598174e-07,1.0176524727935632,0.9999998301851534,2400
anticipation,21100,ZERO,0.9387284958637375,0.5836196930594052,0.0,2400
anticipation,21100,DIRECT,0.46941653584514825,0.4936881666799589,0.4999442992158969,2400
anticipation,21100,HARD_FPA,0.4075363006393112,0.4974237797536443,0.5658635032013903,2400
anticipation,21100,ORDINARY_SOFT,0.7296531527958731,0.5275326666198203,0.2227218455486336,2400
anticipation,21100,FPA_SOFT,0.3980633444365059,0.49872333773188077,0.5759547662711122,2400
anticipation,21100,ORACLE_RIDGE,1.733844326383104e-07,0.9249252031719978,0.999999815298637,2400
stale_price,21001,ZERO,0.9788572608975069,1.0271915174888273,0.0,2400
stale_price,21001,DIRECT,0.07632448699011353,0.5461893666057277,0.9220269491384963,2400
stale_price,21001,HARD_FPA,0.09512493231205416,0.5825370968004645,0.9028204252938423,2400
stale_price,21001,ORDINARY_SOFT,0.4900300698670832,0.7104010124527751,0.4993855698452109,2400
stale_price,21001,FPA_SOFT,0.0907512366898061,0.5815285298897802,0.9072885901601251,2400
stale_price,21001,ORACLE_RIDGE,1.970411254259013e-07,0.6219991987718629,0.9999997987029026,2400
stale_price,21002,ZERO,1.0075980616116345,1.079892684509591,0.0,2400
stale_price,21002,DIRECT,0.10231948211155022,0.5607283795133404,0.8984520852016209,2400
stale_price,21002,HARD_FPA,0.12097693620815278,0.5860967836301737,0.8799353226080523,2400
stale_price,21002,ORDINARY_SOFT,0.5201869500472983,0.7537907297280817,0.48373565822936493,2400
stale_price,21002,FPA_SOFT,0.11842816958466983,0.5837109445243271,0.8824648695778095,2400
stale_price,21002,ORACLE_RIDGE,1.8077279092009828e-07,0.6266743023177849,0.9999998205903745,2400
stale_price,21003,ZERO,0.9863846360462124,1.1094708295873847,0.0,2400
stale_price,21003,DIRECT,0.09975020610556273,0.5992800213582657,0.898872911782773,2400
stale_price,21003,HARD_FPA,0.10197457964226674,0.61169395314123,0.8966178345487843,2400
stale_price,21003,ORDINARY_SOFT,0.49643611132812926,0.7781837445217916,0.49671143163986686,2400
stale_price,21003,FPA_SOFT,0.09826799826047469,0.6107781906683345,0.9003755789887721,2400
stale_price,21003,ORACLE_RIDGE,1.8629974471542686e-07,0.6662541722135997,0.9999998111287038,2400
stale_price,21004,ZERO,1.0428862498239209,1.068517422529894,0.0,2400
stale_price,21004,DIRECT,0.1255809507125262,0.5391998743397075,0.8795832712016971,2400
stale_price,21004,HARD_FPA,0.13011567264654159,0.5647699117618585,0.8752350290661997,2400
stale_price,21004,ORDINARY_SOFT,0.5390644346631086,0.7338159107048084,0.48310332526282385,2400
stale_price,21004,FPA_SOFT,0.1254115225542237,0.5623390610853555,0.8797457320245636,2400
stale_price,21004,ORACLE_RIDGE,1.7907090182113583e-07,0.6166725122167654,0.9999998282929689,2400
stale_price,21005,ZERO,0.971708939175173,1.0697098924230197,0.0,2400
stale_price,21005,DIRECT,0.0687961941192966,0.59781341568641,0.9292008220304182,2400
stale_price,21005,HARD_FPA,0.0828862263740585,0.6240566410747057,0.9147005620382418,2400
stale_price,21005,ORDINARY_SOFT,0.4616509231790343,0.740785041521271,0.5249082265612346,2400
stale_price,21005,FPA_SOFT,0.08025834186765733,0.6231494899578013,0.9174049567396344,2400
stale_price,21005,ORACLE_RIDGE,1.6905775125643076e-07,0.6748798748259951,0.9999998260201749,2400
stale_price,21006,ZERO,1.1010666834378267,1.0396724511585933,0.0,2400
stale_price,21006,DIRECT,0.11415800180359227,0.5408261342081833,0.896320537601628,2400
stale_price,21006,HARD_FPA,0.1372200471921666,0.5653217233226526,0.8753753525956043,2400
stale_price,21006,ORDINARY_SOFT,0.5654761944327427,0.7080697490377377,0.4864287486501965,2400
stale_price,21006,FPA_SOFT,0.13330225488507577,0.5632517551281414,0.8789335315560813,2400
stale_price,21006,ORACLE_RIDGE,2.1937362356450423e-07,0.6519847080580422,0.9999998007626361,2400
stale_price,21007,ZERO,0.9785960745552715,0.9859388598639991,0.0,2400
stale_price,21007,DIRECT,0.08232162757523824,0.5190062497487214,0.9158778277210546,2400
stale_price,21007,HARD_FPA,0.08853821092782121,0.5454064173660297,0.9095252747993519,2400
stale_price,21007,ORDINARY_SOFT,0.4764619590504238,0.666665747364475,0.5131168298759479,2400
stale_price,21007,FPA_SOFT,0.08482783329278187,0.5437694566727844,0.913316806087402,2400
stale_price,21007,ORACLE_RIDGE,1.699986074858819e-07,0.6093367045078731,0.9999998262831704,2400
stale_price,21008,ZERO,1.0352842755588958,1.0747467168140636,0.0,2400
stale_price,21008,DIRECT,0.11442003559142715,0.5517222671926876,0.8894795967709856,2400
stale_price,21008,HARD_FPA,0.11161226166404849,0.574763033769112,0.8921916769152174,2400
stale_price,21008,ORDINARY_SOFT,0.533095465731115,0.7412390280917648,0.4850733481455375,2400
stale_price,21008,FPA_SOFT,0.10811458274262288,0.5764010662294313,0.8955701489001584,2400
stale_price,21008,ORACLE_RIDGE,1.8158348418261774e-07,0.6352262274013974,0.9999998246051944,2400
stale_price,21009,ZERO,1.0343808285127234,1.120050681069664,0.0,2400
stale_price,21009,DIRECT,0.08237930471242029,0.5860222445294878,0.9203588248722003,2400
stale_price,21009,HARD_FPA,0.09501150340565431,0.6017737857623502,0.9081464961582226,2400
stale_price,21009,ORDINARY_SOFT,0.5082328788076428,0.7643158259007382,0.50865980420538,2400
stale_price,21009,FPA_SOFT,0.09230565584683212,0.6026888936353048,0.9107624065504452,2400
stale_price,21009,ORACLE_RIDGE,1.9421033326761496e-07,0.6679726561315982,0.9999998122448446,2400
stale_price,21010,ZERO,1.001528912780911,1.0335341006920087,0.0,2400
stale_price,21010,DIRECT,0.09012383513434188,0.5587674697758054,0.9100137459995058,2400
stale_price,21010,HARD_FPA,0.1104204704080927,0.5730564675190115,0.88974809513837,2400
stale_price,21010,ORDINARY_SOFT,0.49182569971067475,0.7087918107278715,0.5089251109635575,2400
stale_price,21010,FPA_SOFT,0.103393840584904,0.5735643366713297,0.8967639982576101,2400
stale_price,21010,ORACLE_RIDGE,1.7871252180833408e-07,0.6482053711065539,0.999999821560297,2400
stale_price,21011,ZERO,0.9651197471285765,0.9897017675624187,0.0,2400
stale_price,21011,DIRECT,0.10869655342581087,0.5399894912136063,0.8873750601941316,2400
stale_price,21011,HARD_FPA,0.10099433135470658,0.551975370883804,0.8953556471565474,2400
stale_price,21011,ORDINARY_SOFT,0.4918367835572889,0.6902230178236234,0.4903878145477789,2400
stale_price,21011,FPA_SOFT,0.09871486080778727,0.552636972934856,0.8977174997180571,2400
stale_price,21011,ORACLE_RIDGE,1.708243656388875e-07,0.634344672670421,0.9999998230018957,2400
stale_price,21012,ZERO,0.9419046929747106,1.0389130866044902,0.0,2400
stale_price,21012,DIRECT,0.0860601564720356,0.5706688321551849,0.908631778656669,2400
stale_price,21012,HARD_FPA,0.08456839247852274,0.5876435183944555,0.9102155524765038,2400
stale_price,21012,ORDINARY_SOFT,0.4584964086670961,0.7222103200780967,0.5132242018891753,2400
stale_price,21012,FPA_SOFT,0.0843681017876587,0.5875026875174496,0.9104281968049139,2400
stale_price,21012,ORACLE_RIDGE,1.6739765249206644e-07,0.6417120897047552,0.9999998222775046,2400
stale_price,21013,ZERO,1.0181825437133691,0.9972705538181875,0.0,2400
stale_price,21013,DIRECT,0.12125032779793771,0.5324223484876751,0.8809149414841361,2400
stale_price,21013,HARD_FPA,0.11666849079562505,0.5603104160563979,0.8854149567619491,2400
stale_price,21013,ORDINARY_SOFT,0.5396906491032991,0.6997900108569909,0.4699470616192094,2400
stale_price,21013,FPA_SOFT,0.11335882716747546,0.5577304852019378,0.8886655169376118,2400
stale_price,21013,ORACLE_RIDGE,1.8661540518853134e-07,0.6294735474856946,0.9999998167171433,2400
stale_price,21014,ZERO,0.9683075001797541,0.9850651605735351,0.0,2400
stale_price,21014,DIRECT,0.09861207817486568,0.4915181166919186,0.8981603693490346,2400
stale_price,21014,HARD_FPA,0.11445454518864623,0.5157018369105103,0.8817993817383433,2400
stale_price,21014,ORDINARY_SOFT,0.5074753748680547,0.6788228663996044,0.475915063372071,2400
stale_price,21014,FPA_SOFT,0.10982243897947655,0.515079138348201,0.8865830958047011,2400
stale_price,21014,ORACLE_RIDGE,1.96238150238679e-07,0.5728918414195862,0.9999997973390166,2400
stale_price,21015,ZERO,0.9582756958086073,1.0481552338804512,0.0,2400
stale_price,21015,DIRECT,0.10399560655026319,0.5737192576325082,0.8914763183443674,2400
stale_price,21015,HARD_FPA,0.09098871384489175,0.5872606186894009,0.9050495444652656,2400
stale_price,21015,ORDINARY_SOFT,0.4855277703749596,0.7378228819998716,0.4933318537675485,2400
stale_price,21015,FPA_SOFT,0.08900954988892847,0.5874213273524541,0.9071148832447212,2400
stale_price,21015,ORACLE_RIDGE,1.891718203900663e-07,0.6516579963616282,0.999999802591445,2400
stale_price,21016,ZERO,0.9805227585313044,1.0163753032218612,0.0,2400
stale_price,21016,DIRECT,0.08671108432410586,0.543036804744108,0.9115664745467125,2400
stale_price,21016,HARD_FPA,0.08217724591420575,0.5726083954211915,0.9161903737580792,2400
stale_price,21016,ORDINARY_SOFT,0.4774147899976056,0.6952757479863758,0.5131017757173624,2400
stale_price,21016,FPA_SOFT,0.07885526626697456,0.5743957743946267,0.9195783416745069,2400
stale_price,21016,ORACLE_RIDGE,1.7606103570080756e-07,0.6156950486075823,0.9999998204416632,2400
stale_price,21017,ZERO,0.922154988523947,0.9957613262534126,0.0,2400
stale_price,21017,DIRECT,0.08430732070943442,0.5113042844930185,0.9085757581332597,2400
stale_price,21017,HARD_FPA,0.0827700643519555,0.5200231688852268,0.9102427841501547,2400
stale_price,21017,ORDINARY_SOFT,0.4459511168615682,0.6717100303533118,0.5164032918420984,2400
stale_price,21017,FPA_SOFT,0.07834203565570345,0.520099014340255,0.9150446111221475,2400
stale_price,21017,ORACLE_RIDGE,1.6017919072103073e-07,0.574082575537031,0.9999998262990574,2400
stale_price,21018,ZERO,1.0084403367680947,1.06757490196863,0.0,2400
stale_price,21018,DIRECT,0.10863225469996536,0.563743431891443,0.8922769640015432,2400
stale_price,21018,HARD_FPA,0.1139258869909125,0.5711914974151869,0.8870276377916134,2400
stale_price,21018,ORDINARY_SOFT,0.5200095997706587,0.7426046542567639,0.4843427213183338,2400
stale_price,21018,FPA_SOFT,0.11037045152231502,0.5687905003000248,0.8905533153542466,2400
stale_price,21018,ORACLE_RIDGE,1.7087961823543802e-07,0.6359446440869092,0.9999998305505918,2400
stale_price,21019,ZERO,1.0901090394739614,1.1214169913166832,0.0,2400
stale_price,21019,DIRECT,0.1156596584016296,0.5406495140717982,0.8939008354086837,2400
stale_price,21019,HARD_FPA,0.1435758354496293,0.5705417223095749,0.8682922255934025,2400
stale_price,21019,ORDINARY_SOFT,0.5749041717350394,0.768285458000417,0.47261773738481905,2400
stale_price,21019,FPA_SOFT,0.13825513384356744,0.5702983090259892,0.8731731149479476,2400
stale_price,21019,ORACLE_RIDGE,2.064863495597177e-07,0.6099057069368683,0.9999998105819308,2400
stale_price,21020,ZERO,1.0369951988973283,1.0400425983411299,0.0,2400
stale_price,21020,DIRECT,0.0951318685958816,0.5710048645115219,0.9082619970689947,2400
stale_price,21020,HARD_FPA,0.09754161199153508,0.5889808889687832,0.9059382221872827,2400
stale_price,21020,ORDINARY_SOFT,0.5256926265086491,0.7225121646895206,0.4930616582722507,2400
stale_price,21020,FPA_SOFT,0.0926753669500301,0.5886789455706312,0.9106308620825102,2400
stale_price,21020,ORACLE_RIDGE,1.921391881541881e-07,0.6708266696763832,0.9999998147154506,2400
stale_price,21021,ZERO,1.0133962950248088,1.1197494996203126,0.0,2400
stale_price,21021,DIRECT,0.10733411209757046,0.5803442047988773,0.8940847597089914,2400
stale_price,21021,HARD_FPA,0.09105084072492944,0.6048280713984729,0.9101527791527001,2400
stale_price,21021,ORDINARY_SOFT,0.5134846720755668,0.7775727689387846,0.4933031879073564,2400
stale_price,21021,FPA_SOFT,0.0905647820279087,0.6062846410525449,0.9106324125393693,2400
stale_price,21021,ORACLE_RIDGE,1.7972850025607529e-07,0.6489263904822891,0.999999822647368,2400
stale_price,21022,ZERO,0.9494155627676752,1.0222494824978556,0.0,2400
stale_price,21022,DIRECT,0.09364592615348004,0.5892618183132972,0.9013646607177057,2400
stale_price,21022,HARD_FPA,0.10920696958008037,0.6209925141202444,0.884974531845963,2400
stale_price,21022,ORDINARY_SOFT,0.4725732512707825,0.7295109081660752,0.5022482569243258,2400
stale_price,21022,FPA_SOFT,0.10435026580900476,0.6198676874793576,0.8900899986252494,2400
stale_price,21022,ORACLE_RIDGE,1.688117642358066e-07,0.6748686380905967,0.9999998221940204,2400
stale_price,21023,ZERO,0.9576318609682858,0.9640314138252738,0.0,2400
stale_price,21023,DIRECT,0.09121324735132182,0.5070849065719267,0.9047512399398514,2400
stale_price,21023,HARD_FPA,0.09081605296304945,0.521407938473443,0.9051660072470614,2400
stale_price,21023,ORDINARY_SOFT,0.48219072451126316,0.6594054964528938,0.4964758962554693,2400
stale_price,21023,FPA_SOFT,0.08668589651673796,0.5220574162497374,0.9094788926205027,2400
stale_price,21023,ORACLE_RIDGE,1.6390276049015386e-07,0.5886631198487828,0.9999998288457526,2400
stale_price,21024,ZERO,1.0298158611814299,1.0219559324577334,0.0,2400
stale_price,21024,DIRECT,0.10181228298247946,0.5725387307792342,0.9011354487532578,2400
stale_price,21024,HARD_FPA,0.11914081673775084,0.6000357062379331,0.8843086213480247,2400
stale_price,21024,ORDINARY_SOFT,0.5232546432078606,0.7148836430618682,0.49189494653192645,2400
stale_price,21024,FPA_SOFT,0.11623614746351421,0.5990663407562161,0.887129192853793,2400
stale_price,21024,ORACLE_RIDGE,1.8381009206917458e-07,0.6911511099699724,0.9999998215116905,2400
stale_price,21025,ZERO,1.0005417602848945,1.0465863374484452,0.0,2400
stale_price,21025,DIRECT,0.09786022812092218,0.5550129618209589,0.9021927599573081,2400
stale_price,21025,HARD_FPA,0.09454464399044182,0.5759458574145974,0.9055065488085963,2400
stale_price,21025,ORDINARY_SOFT,0.4994843996587675,0.7213903374031098,0.5007860546304992,2400
stale_price,21025,FPA_SOFT,0.09369628989234903,0.5773174928305626,0.9063544435509919,2400
stale_price,21025,ORACLE_RIDGE,1.7781068444466225e-07,0.6410469292515573,0.9999998222855941,2400
stale_price,21026,ZERO,0.9702123222812898,0.9655490881656101,0.0,2400
stale_price,21026,DIRECT,0.08209642286406295,0.5149996168811678,0.9153830342300465,2400
stale_price,21026,HARD_FPA,0.0948927023762819,0.5357426690523419,0.9021938804558184,2400
stale_price,21026,ORDINARY_SOFT,0.4823905747066493,0.6573832412705459,0.5027989609816647,2400
stale_price,21026,FPA_SOFT,0.08958739241881142,0.5357099194001891,0.9076620752371379,2400
stale_price,21026,ORACLE_RIDGE,1.6719904807301485e-07,0.6059056090742942,0.999999827667569,2400
stale_price,21027,ZERO,1.0083656887825383,0.9483492959438877,0.0,2400
stale_price,21027,DIRECT,0.09353760953817138,0.5331563649909014,0.9072384050957694,2400
stale_price,21027,HARD_FPA,0.09368900582530819,0.5485489541417349,0.9070882648353251,2400
stale_price,21027,ORDINARY_SOFT,0.4997276893464484,0.6487841279733809,0.5044181938104217,2400
stale_price,21027,FPA_SOFT,0.09268956510785303,0.5500119389223094,0.9080794139081003,2400
stale_price,21027,ORACLE_RIDGE,1.760886318018871e-07,0.6550224140798334,0.9999998253722496,2400
stale_price,21028,ZERO,0.9955779323378624,1.106313559490126,0.0,2400
stale_price,21028,DIRECT,0.09327851303090127,0.5462007898091517,0.9063071709395363,2400
stale_price,21028,HARD_FPA,0.10149627650519627,0.5763643633703289,0.8980529065496078,2400
stale_price,21028,ORDINARY_SOFT,0.4989720657453259,0.7572381849263553,0.49881164543933143,2400
stale_price,21028,FPA_SOFT,0.09800135492193332,0.5736181422647946,0.9015633515582231,2400
stale_price,21028,ORACLE_RIDGE,1.8247144640810508e-07,0.5971837180448547,0.9999998167180685,2400
stale_price,21029,ZERO,1.0322736917721504,1.099727242893075,0.0,2400
stale_price,21029,DIRECT,0.07335624396176738,0.53552218061532,0.9289372144747451,2400
stale_price,21029,HARD_FPA,0.09513197266812136,0.5741967581014595,0.9078422966444063,2400
stale_price,21029,ORDINARY_SOFT,0.4988506941007595,0.7343166151045805,0.516745706030384,2400
stale_price,21029,FPA_SOFT,0.09161124771566709,0.5737081884239376,0.9112529473085825,2400
stale_price,21029,ORACLE_RIDGE,1.7754691835551716e-07,0.5972267292879458,0.9999998280040266,2400
stale_price,21030,ZERO,1.0097925488664874,0.8938001170515578,0.0,2400
stale_price,21030,DIRECT,0.11114227169604755,0.4832382424450149,0.8899355399078682,2400
stale_price,21030,HARD_FPA,0.10909203902570216,0.5113186925048132,0.8919658902730465,2400
stale_price,21030,ORDINARY_SOFT,0.5119027144356019,0.6080653940863283,0.49306150554366535,2400
stale_price,21030,FPA_SOFT,0.10505357158134453,0.5135326145496881,0.8959651943369267,2400
stale_price,21030,ORACLE_RIDGE,1.8149592361598852e-07,0.6120380468102011,0.9999998202641485,2400
stale_price,21031,ZERO,1.0247880334868955,1.0866614325008255,0.0,2400
stale_price,21031,DIRECT,0.09184094997003661,0.5789887924187996,0.9103805402005496,2400
stale_price,21031,HARD_FPA,0.09916533740694612,0.599691742178129,0.9032333183384951,2400
stale_price,21031,ORDINARY_SOFT,0.50766980035682,0.7484044946373649,0.5046099449176367,2400
stale_price,21031,FPA_SOFT,0.09733990866183867,0.5985475359248889,0.9050145927927803,2400
stale_price,21031,ORACLE_RIDGE,1.6701889021386782e-07,0.6532822367548893,0.9999998370210378,2400
stale_price,21032,ZERO,1.0997058459851083,1.1438603959467892,0.0,2400
stale_price,21032,DIRECT,0.1063653744171439,0.5577815685326551,0.9032783404712534,2400
stale_price,21032,HARD_FPA,0.12346194327892623,0.5593589936284441,0.8877318478121484,2400
stale_price,21032,ORDINARY_SOFT,0.5572081475399051,0.7667741198423106,0.4933116436779854,2400
stale_price,21032,FPA_SOFT,0.11870304831322559,0.5590763281272952,0.8920592731714614,2400
stale_price,21032,ORACLE_RIDGE,1.9284168920727204e-07,0.6317780561184624,0.9999998246424806,2400
stale_price,21033,ZERO,0.9603940824301571,1.0345989814266319,0.0,2400
stale_price,21033,DIRECT,0.08192480578025182,0.5489064270774829,0.9146966778752412,2400
stale_price,21033,HARD_FPA,0.09303613468617164,0.5771362430281698,0.9031271262617994,2400
stale_price,21033,ORDINARY_SOFT,0.47438788879656085,0.7147125345787461,0.5060487174221424,2400
stale_price,21033,FPA_SOFT,0.0907249996103536,0.5781850112369239,0.9055335707808764,2400
stale_price,21033,ORACLE_RIDGE,1.7083303856144553e-07,0.6309756779454708,0.9999998221219376,2400
stale_price,21034,ZERO,1.0678322019993216,1.0357093255821281,0.0,2400
stale_price,21034,DIRECT,0.10150460927860194,0.5524819190117602,0.9049432962514588,2400
stale_price,21034,HARD_FPA,0.11898984291525679,0.5790415501609156,0.8885687819748553,2400
stale_price,21034,ORDINARY_SOFT,0.5317817104273437,0.7038852442219137,0.5019988070862826,2400
stale_price,21034,FPA_SOFT,0.1175175624042017,0.5776805560152178,0.8899475384014722,2400
stale_price,21034,ORACLE_RIDGE,1.9643515974681796e-07,0.6599757994129078,0.9999998160430456,2400
stale_price,21035,ZERO,1.0561673216499223,1.117856880741741,0.0,2400
stale_price,21035,DIRECT,0.10333949722191986,0.5588628641279914,0.9021561308482021,2400
stale_price,21035,HARD_FPA,0.10912687708822673,0.5830645598841085,0.8966765257253453,2400
stale_price,21035,ORDINARY_SOFT,0.5433118105924655,0.7664992591466904,0.48558168818959935,2400
stale_price,21035,FPA_SOFT,0.10782195303893327,0.5821504494335096,0.8979120534893126,2400
stale_price,21035,ORACLE_RIDGE,1.7539139151228145e-07,0.6311008027914662,0.9999998339359797,2400
stale_price,21036,ZERO,0.9675897240346384,1.007230600849247,0.0,2400
stale_price,21036,DIRECT,0.09146318921220098,0.5530445509893784,0.9054731701461034,2400
stale_price,21036,HARD_FPA,0.07757821218845196,0.5767268850714046,0.9198232367898992,2400
stale_price,21036,ORDINARY_SOFT,0.4713482821556053,0.6928881313751802,0.5128634890930986,2400
stale_price,21036,FPA_SOFT,0.07819283401004277,0.5769256684559051,0.919188027665284,2400
stale_price,21036,ORACLE_RIDGE,1.591281038977768e-07,0.6495335261967177,0.9999998355417591,2400
stale_price,21037,ZERO,0.9693732554707815,0.9906205352713532,0.0,2400
stale_price,21037,DIRECT,0.08157422982712922,0.5312103760447985,0.9158484831650195,2400
stale_price,21037,HARD_FPA,0.0989270433425416,0.5549003595470873,0.8979474183094756,2400
stale_price,21037,ORDINARY_SOFT,0.48377098247113165,0.6826139604274725,0.500944574506354,2400
stale_price,21037,FPA_SOFT,0.09429729076546421,0.5566514210229206,0.9027234450370015,2400
stale_price,21037,ORACLE_RIDGE,1.9342196974413852e-07,0.6163163323772545,0.9999998004669836,2400
stale_price,21038,ZERO,0.9524855549950378,0.9556942308960376,0.0,2400
stale_price,21038,DIRECT,0.07429851096692554,0.5718950835467738,0.9219951309736003,2400
stale_price,21038,HARD_FPA,0.07274388578446289,0.5862444892655934,0.923627308148687,2400
stale_price,21038,ORDINARY_SOFT,0.44778400479023106,0.6608068405969884,0.5298784297127068,2400
stale_price,21038,FPA_SOFT,0.07222155099906431,0.588441962236123,0.9241756994420345,2400
stale_price,21038,ORACLE_RIDGE,1.6919724571734158e-07,0.6721367128752147,0.9999998223624024,2400
stale_price,21039,ZERO,1.048694485829498,1.1460886223404267,0.0,2400
stale_price,21039,DIRECT,0.08311392957567701,0.5687061333338402,0.9207453355588731,2400
stale_price,21039,HARD_FPA,0.0940134184979621,0.5958208299643332,0.910351947332307,2400
stale_price,21039,ORDINARY_SOFT,0.5114390841225813,0.7700656244499297,0.5123087886573157,2400
stale_price,21039,FPA_SOFT,0.09294379953122915,0.5948337280240994,0.9113719002177146,2400
stale_price,21039,ORACLE_RIDGE,1.8768873383263491e-07,0.6259704547520493,0.9999998210262986,2400
stale_price,21040,ZERO,0.9853411993438113,1.1051839786084916,0.0,2400
stale_price,21040,DIRECT,0.10310121192623246,0.5823976680681339,0.8953649639384887,2400
stale_price,21040,HARD_FPA,0.10583901914487445,0.5977250956988934,0.8925864266962976,2400
stale_price,21040,ORDINARY_SOFT,0.5084850899452655,0.775125365207312,0.483950239486696,2400
stale_price,21040,FPA_SOFT,0.10376997813477716,0.5997674812362607,0.894686248576754,2400
stale_price,21040,ORACLE_RIDGE,1.79302388375066e-07,0.6505294572324395,0.9999998180301519,2400
stale_price,21041,ZERO,0.9630360507552751,1.0514944436857876,0.0,2400
stale_price,21041,DIRECT,0.09488192475320589,0.5534741003898661,0.9014762482891545,2400
stale_price,21041,HARD_FPA,0.09958065093408693,0.581470701716666,0.8965971721868674,2400
stale_price,21041,ORDINARY_SOFT,0.48109171445459076,0.7290123685776317,0.5004426738985653,2400
stale_price,21041,FPA_SOFT,0.09667977342017654,0.581268649392484,0.8996093932886998,2400
stale_price,21041,ORACLE_RIDGE,1.8559573129629913e-07,0.6187569544629664,0.9999998072805986,2400
stale_price,21042,ZERO,0.9855173898976525,1.019475479408224,0.0,2400
stale_price,21042,DIRECT,0.10829235000701064,0.5475477358219762,0.8901162464335034,2400
stale_price,21042,HARD_FPA,0.10574739527830902,0.5727484820278465,0.8926986003876693,2400
stale_price,21042,ORDINARY_SOFT,0.4977705257317364,0.7088632738001313,0.4949145181665129,2400
stale_price,21042,FPA_SOFT,0.10381141260702137,0.5714101834036132,0.8946630331730602,2400
stale_price,21042,ORACLE_RIDGE,1.6700762535286948e-07,0.6254541367171603,0.9999998305381244,2400
stale_price,21043,ZERO,0.9940198044003389,0.9871353720115712,0.0,2400
stale_price,21043,DIRECT,0.09863895648094716,0.5525796228005718,0.9007676144436046,2400
stale_price,21043,HARD_FPA,0.11726269500761279,0.5688690969776661,0.8820318322748573,2400
stale_price,21043,ORDINARY_SOFT,0.5103483648200059,0.6911234751043118,0.48658129087490054,2400
stale_price,21043,FPA_SOFT,0.11255449589939304,0.5676445946397753,0.8867683567257559,2400
stale_price,21043,ORACLE_RIDGE,1.9537641880966556e-07,0.6603808502293489,0.9999998034481627,2400
stale_price,21044,ZERO,1.0100655975859365,0.9760687384258536,0.0,2400
stale_price,21044,DIRECT,0.10087086152102437,0.5598269457769794,0.9001343459651469,2400
stale_price,21044,HARD_FPA,0.0992376420731512,0.568212958581354,0.9017512899059924,2400
stale_price,21044,ORDINARY_SOFT,0.5142839686831115,0.6805449686398447,0.49084102070969093,2400
stale_price,21044,FPA_SOFT,0.09666101027186096,0.5680347874243156,0.9043022448216419,2400
stale_price,21044,ORACLE_RIDGE,1.808900803081159e-07,0.672503305150889,0.999999820912542,2400
stale_price,21045,ZERO,0.9341924355637578,1.018518590542399,0.0,2400
stale_price,21045,DIRECT,0.07984803426623635,0.545744054776226,0.9145272095699957,2400
stale_price,21045,HARD_FPA,0.08819104030996575,0.5510344528557297,0.90559649494834,2400
stale_price,21045,ORDINARY_SOFT,0.4626781570023142,0.7028553424093028,0.5047292834017635,2400
stale_price,21045,FPA_SOFT,0.08363769398788297,0.5518501060543816,0.9104705938478188,2400
stale_price,21045,ORACLE_RIDGE,1.746759064983273e-07,0.612671898997711,0.9999998130193525,2400
stale_price,21046,ZERO,0.9121489056623409,1.002353372797088,0.0,2400
stale_price,21046,DIRECT,0.08925293158870563,0.5309228033382006,0.9021509196199756,2400
stale_price,21046,HARD_FPA,0.08709595995544303,0.5414228415978741,0.9045156339992538,2400
stale_price,21046,ORDINARY_SOFT,0.4486180437254366,0.6906264865647197,0.5081745524874794,2400
stale_price,21046,FPA_SOFT,0.08625058141319462,0.5419107215676943,0.9054424328333045,2400
stale_price,21046,ORACLE_RIDGE,1.7024704750212472e-07,0.6004678885048662,0.9999998133560799,2400
stale_price,21047,ZERO,1.0411185526324187,1.1194685573126688,0.0,2400
stale_price,21047,DIRECT,0.0764046344705,0.5664523502943223,0.926612935407486,2400
stale_price,21047,HARD_FPA,0.08408157921989211,0.5980645798958453,0.9192391884600501,2400
stale_price,21047,ORDINARY_SOFT,0.4955134316618406,0.7508640922395896,0.5240566692342976,2400
stale_price,21047,FPA_SOFT,0.0809760053834261,0.5976584589012706,0.9222221089244043,2400
stale_price,21047,ORACLE_RIDGE,1.7442154390282148e-07,0.6346240832773242,0.9999998324671638,2400
stale_price,21048,ZERO,1.0212325296360767,1.0747509357004337,0.0,2400
stale_price,21048,DIRECT,0.11454907687842668,0.5521371765164234,0.8878325224136299,2400
stale_price,21048,HARD_FPA,0.10106330191690091,0.5643258722113632,0.9010379135171933,2400
stale_price,21048,ORDINARY_SOFT,0.5177353077146982,0.7346764953556586,0.49302896971055477,2400
stale_price,21048,FPA_SOFT,0.09781674514202665,0.5633661831086085,0.904216970862763,2400
stale_price,21048,ORACLE_RIDGE,1.825005829511821e-07,0.6241561425787981,0.9999998212938017,2400
stale_price,21049,ZERO,1.0795206168488412,1.0651483441930285,0.0,2400
stale_price,21049,DIRECT,0.08488108501918334,0.6144834998277019,0.9213715016699225,2400
stale_price,21049,HARD_FPA,0.11016256561032459,0.6532718016430513,0.8979523281992585,2400
stale_price,21049,ORDINARY_SOFT,0.5350233700149456,0.7443938073416498,0.5043880017996343,2400
stale_price,21049,FPA_SOFT,0.10352312875774951,0.6523064854475997,0.9041026848936548,2400
stale_price,21049,ORACLE_RIDGE,2.0381626342769974e-07,0.7294563311239174,0.9999998111974332,2400
stale_price,21050,ZERO,1.0171470745145674,1.0452204886503087,0.0,2400
stale_price,21050,DIRECT,0.09918844895084461,0.5518579830277995,0.9024836708121269,2400
stale_price,21050,HARD_FPA,0.11977578945844206,0.5797049416263937,0.8822433918756489,2400
stale_price,21050,ORDINARY_SOFT,0.5269425179052679,0.7256149256415418,0.4819406837927044,2400
stale_price,21050,FPA_SOFT,0.11432684933006008,0.5778499829308891,0.8876004737224236,2400
stale_price,21050,ORACLE_RIDGE,1.880621044782438e-07,0.6422197064630003,0.9999998151082482,2400
stale_price,21051,ZERO,0.9476894900748778,1.041986282775891,0.0,2400
stale_price,21051,DIRECT,0.09660121412437528,0.5722106214028642,0.8980665976186538,2400
stale_price,21051,HARD_FPA,0.09175562046218351,0.5812230972149875,0.903179658080904,2400
stale_price,21051,ORDINARY_SOFT,0.4783159517172553,0.7315893995224799,0.4952819919112291,2400
stale_price,21051,FPA_SOFT,0.09040784154008007,0.5809377466864567,0.9046018316263729,2400
stale_price,21051,ORACLE_RIDGE,1.6892686517115354e-07,0.6507701036934668,0.9999998217487195,2400
stale_price,21052,ZERO,0.9212126833982183,0.9926288032845165,0.0,2400
stale_price,21052,DIRECT,0.10008957290468495,0.5379421023614892,0.8913502009813096,2400
stale_price,21052,HARD_FPA,0.0798795108337345,0.5546257719783236,0.9132887418146798,2400
stale_price,21052,ORDINARY_SOFT,0.46115321669616044,0.6912061616631274,0.49940635316153703,2400
stale_price,21052,FPA_SOFT,0.0752699765188183,0.5540751762057713,0.9182925095634177,2400
stale_price,21052,ORACLE_RIDGE,1.739129371503574e-07,0.6201013264287418,0.9999998112130453,2400
stale_price,21053,ZERO,0.9979169356945732,0.9663582491220535,0.0,2400
stale_price,21053,DIRECT,0.09261727614141183,0.5287654393350176,0.907189393396808,2400
stale_price,21053,HARD_FPA,0.10548750329789229,0.5378857457271754,0.8942923007670267,2400
stale_price,21053,ORDINARY_SOFT,0.49481203694158327,0.6572448454678576,0.504155086217489,2400
stale_price,21053,FPA_SOFT,0.0999476662138823,0.5384688289570733,0.8998437017763243,2400
stale_price,21053,ORACLE_RIDGE,1.8102306976531844e-07,0.64112479397497,0.9999998185990604,2400
stale_price,21054,ZERO,1.089684912848997,1.0858995388407557,0.0,2400
stale_price,21054,DIRECT,0.08778546326386488,0.5993625649042114,0.9194395900789811,2400
stale_price,21054,HARD_FPA,0.10755346569410847,0.6137615048352145,0.9012985639923119,2400
stale_price,21054,ORDINARY_SOFT,0.5352200432197602,0.7441486218891169,0.5088304546491154,2400
stale_price,21054,FPA_SOFT,0.10234755018168411,0.6136920536285019,0.9060760142910532,2400
stale_price,21054,ORACLE_RIDGE,1.7063606131923957e-07,0.7082551867394562,0.9999998434078885,2400
stale_price,21055,ZERO,1.0001390046411505,1.1642313244927898,0.0,2400
stale_price,21055,DIRECT,0.10147533429241336,0.6269973948538442,0.8985387692895522,2400
stale_price,21055,HARD_FPA,0.1012254050578038,0.6298164568975151,0.8987886637876668,2400
stale_price,21055,ORDINARY_SOFT,0.5029953718859789,0.8159222975307597,0.4970745370875187,2400
stale_price,21055,FPA_SOFT,0.10002366742527435,0.6292963605064318,0.8999902343963049,2400
stale_price,21055,ORACLE_RIDGE,1.68494205769624e-07,0.6860418151085496,0.9999998315292125,2400
stale_price,21056,ZERO,0.965672100265563,1.055277656423477,0.0,2400
stale_price,21056,DIRECT,0.08704483145146907,0.5238560144755738,0.9098608819416741,2400
stale_price,21056,HARD_FPA,0.09307125954867423,0.5557017073673219,0.9036202252057616,2400
stale_price,21056,ORDINARY_SOFT,0.48128192694363797,0.7200058543167693,0.5016093694626946,2400
stale_price,21056,FPA_SOFT,0.09152565245258655,0.5561160730452194,0.9052207758436671,2400
stale_price,21056,ORACLE_RIDGE,1.8285393247686914e-07,0.582330253789147,0.9999998106459403,2400
stale_price,21057,ZERO,1.0615920022764842,0.9378325128580229,0.0,2400
stale_price,21057,DIRECT,0.09878004643458586,0.5590392990165303,0.9069510261731801,2400
stale_price,21057,HARD_FPA,0.11600859216003793,0.5613818974228356,0.8907220552610905,2400
stale_price,21057,ORDINARY_SOFT,0.5382132476141895,0.6500081300804893,0.49301309122521475,2400
stale_price,21057,FPA_SOFT,0.11281769538390941,0.5625323849889666,0.8937278209123821,2400
stale_price,21057,ORACLE_RIDGE,1.914093385887319e-07,0.7049016249079478,0.999999819695949,2400
stale_price,21058,ZERO,0.9760938781217385,0.9340557526065036,0.0,2400
stale_price,21058,DIRECT,0.0719513996625303,0.5050312156735903,0.926286393885613,2400
stale_price,21058,HARD_FPA,0.08797766286507432,0.5306616120742742,0.9098676215095556,2400
stale_price,21058,ORDINARY_SOFT,0.46964048443393713,0.6256527700735357,0.5188572585480722,2400
stale_price,21058,FPA_SOFT,0.08479291667027895,0.5309461251046891,0.9131303673029455,2400
stale_price,21058,ORACLE_RIDGE,1.7895703546250257e-07,0.6027622589903073,0.9999998166600166,2400
stale_price,21059,ZERO,1.0317925241088604,1.0394709181404622,0.0,2400
stale_price,21059,DIRECT,0.10388664637493797,0.5802184267629711,0.8993144028983318,2400
stale_price,21059,HARD_FPA,0.11226887411036056,0.5898653958374439,0.8911904559423659,2400
stale_price,21059,ORDINARY_SOFT,0.5297709781481388,0.7286920649975056,0.4865528042028683,2400
stale_price,21059,FPA_SOFT,0.10799182858794198,0.589332041254427,0.8953357132712194,2400
stale_price,21059,ORACLE_RIDGE,1.9626570326844213e-07,0.6887621888376974,0.999999809781813,2400
stale_price,21060,ZERO,1.0229546839941235,1.0959406761393768,0.0,2400
stale_price,21060,DIRECT,0.09080008065869997,0.576488993753727,0.9112374359495854,2400
stale_price,21060,HARD_FPA,0.10000654926946068,0.583594523710741,0.9022375567224685,2400
stale_price,21060,ORDINARY_SOFT,0.5026570811834866,0.7446737086392865,0.508622337774667,2400
stale_price,21060,FPA_SOFT,0.09706102204621021,0.5831618478770562,0.9051169875216409,2400
stale_price,21060,ORACLE_RIDGE,1.9136762576779872e-07,0.6525517581711595,0.9999998129265854,2400
stale_price,21061,ZERO,1.0181646854326556,1.0542117189554754,0.0,2400
stale_price,21061,DIRECT,0.10507048212168656,0.5751481465525756,0.8968040400291056,2400
stale_price,21061,HARD_FPA,0.11187250265616461,0.5850525353823784,0.8901233717327115,2400
stale_price,21061,ORDINARY_SOFT,0.5219276131462347,0.7341105563568986,0.4873838971104675,2400
stale_price,21061,FPA_SOFT,0.10887295975530542,0.5851373529897063,0.8930694009397494,2400
stale_price,21061,ORACLE_RIDGE,1.938359281068794e-07,0.6734530622232019,0.9999998096222243,2400
stale_price,21062,ZERO,1.0178685579222566,1.0743088414372537,0.0,2400
stale_price,21062,DIRECT,0.10696891664493258,0.5753361437226171,0.8949089095911511,2400
stale_price,21062,HARD_FPA,0.10436866646875702,0.5960912954631008,0.8974635126938182,2400
stale_price,21062,ORDINARY_SOFT,0.5175589256020898,0.7486123309894347,0.4915267579749524,2400
stale_price,21062,FPA_SOFT,0.10194290685869602,0.5939999266329498,0.8998466883908971,2400
stale_price,21062,ORACLE_RIDGE,1.8192158885761662e-07,0.6483899834365487,0.9999998212720224,2400
stale_price,21063,ZERO,0.966484027017063,0.98498161203973,0.0,2400
stale_price,21063,DIRECT,0.1008140449375199,0.5119774012576722,0.8956899005887657,2400
stale_price,21063,HARD_FPA,0.10033819358595783,0.5362278616490858,0.8961822536316097,2400
stale_price,21063,ORDINARY_SOFT,0.4905023531378445,0.6762638408601045,0.49248788451090997,2400
stale_price,21063,FPA_SOFT,0.09794461989149184,0.5367003787352165,0.898658832268769,2400
stale_price,21063,ORACLE_RIDGE,1.7887247579346094e-07,0.6018159280973916,0.99999981492454,2400
stale_price,21064,ZERO,0.9858787755489107,0.9592546842396068,0.0,2400
stale_price,21064,DIRECT,0.10080457702737744,0.5540266672707991,0.8977515496555323,2400
stale_price,21064,HARD_FPA,0.10453710948249366,0.5738169966800024,0.8939655543103763,2400
stale_price,21064,ORDINARY_SOFT,0.5001566536295162,0.6772828173182461,0.49267935771206506,2400
stale_price,21064,FPA_SOFT,0.10248270737463973,0.5762241616679546,0.8960493826255869,2400
stale_price,21064,ORACLE_RIDGE,1.7359808215088055e-07,0.6649724230399624,0.9999998239153876,2400
stale_price,21065,ZERO,0.9764269761259627,1.1195658265136568,0.0,2400
stale_price,21065,DIRECT,0.10572634970069833,0.5899661166166936,0.8917211913581347,2400
stale_price,21065,HARD_FPA,0.10711684466840907,0.6077044412639717,0.890297126884591,2400
stale_price,21065,ORDINARY_SOFT,0.48989061955298324,0.7820674625890944,0.4982823789888968,2400
stale_price,21065,FPA_SOFT,0.10625746944725278,0.6077767779784705,0.8911772492513099,2400
stale_price,21065,ORACLE_RIDGE,1.7835874212281272e-07,0.6527845101721335,0.9999998173352985,2400
stale_price,21066,ZERO,1.0029214248671818,1.029222227072812,0.0,2400
stale_price,21066,DIRECT,0.08548415639756635,0.5445338346422507,0.9147648516842811,2400
stale_price,21066,HARD_FPA,0.08867581450760724,0.5655615985398618,0.9115824906030393,2400
stale_price,21066,ORDINARY_SOFT,0.48855055008205417,0.6962719081460074,0.5128725561459079,2400
stale_price,21066,FPA_SOFT,0.08695358768739378,0.567111800452617,0.9132997007229064,2400
stale_price,21066,ORACLE_RIDGE,1.7586056194971289e-07,0.633492142808403,0.9999998246517049,2400
stale_price,21067,ZERO,0.9566436278606332,1.0535206274095192,0.0,2400
stale_price,21067,DIRECT,0.08953362241335898,0.573599594122639,0.9064085937481386,2400
stale_price,21067,HARD_FPA,0.09456107757505945,0.5915825461732613,0.9011532875763477,2400
stale_price,21067,ORDINARY_SOFT,0.4679558625731937,0.732010227197311,0.5108357501740795,2400
stale_price,21067,FPA_SOFT,0.09157803720510378,0.5924861603258965,0.9042715233363315,2400
stale_price,21067,ORACLE_RIDGE,1.639124600963867e-07,0.6504549458266414,0.9999998286588074,2400
stale_price,21068,ZERO,0.9516706024745785,1.0902497449065367,0.0,2400
stale_price,21068,DIRECT,0.08234034824176834,0.5301220468778155,0.91347810048176,2400
stale_price,21068,HARD_FPA,0.08951928763906203,0.5497186475708512,0.9059345876542895,2400
stale_price,21068,ORDINARY_SOFT,0.47069702580211137,0.7404757351615733,0.5053992163063743,2400
stale_price,21068,FPA_SOFT,0.08759251647825839,0.5494059558680343,0.9079592074710554,2400
stale_price,21068,ORACLE_RIDGE,1.9177632488319336e-07,0.5725390996418386,0.9999997984845551,2400
stale_price,21069,ZERO,0.9467403693677366,1.0524732332484215,0.0,2400
stale_price,21069,DIRECT,0.08718268895391187,0.548723264908515,0.9079127797073497,2400
stale_price,21069,HARD_FPA,0.08890469323769885,0.5757025391913817,0.9060939027063225,2400
stale_price,21069,ORDINARY_SOFT,0.473681333440641,0.730610212394673,0.4996713473230465,2400
stale_price,21069,FPA_SOFT,0.08647158313282781,0.573792961273397,0.9086638893505975,2400
stale_price,21069,ORACLE_RIDGE,1.8019389238021275e-07,0.6125316973491878,0.9999998096691572,2400
stale_price,21070,ZERO,1.0214854545300958,1.0665638319918624,0.0,2400
stale_price,21070,DIRECT,0.09180942539225756,0.584895608083242,0.9101216517718387,2400
stale_price,21070,HARD_FPA,0.10655940601939684,0.6127678684306241,0.8956819154430189,2400
stale_price,21070,ORDINARY_SOFT,0.5036666659103473,0.7414586164955983,0.5069272267395679,2400
stale_price,21070,FPA_SOFT,0.1067069168667939,0.6118523042703528,0.8955375072708389,2400
stale_price,21070,ORACLE_RIDGE,1.8895380684437784e-07,0.682967312308855,0.9999998150205605,2400
stale_price,21071,ZERO,0.9948164745258213,1.1288331827985645,0.0,2400
stale_price,21071,DIRECT,0.09070488038711533,0.59618994020469,0.9088224987122878,2400
stale_price,21071,HARD_FPA,0.0946374301546331,0.6289736366819821,0.9048694582588794,2400
stale_price,21071,ORDINARY_SOFT,0.49518367971452176,0.7886906117732879,0.5022361486820464,2400
stale_price,21071,FPA_SOFT,0.09216854851276256,0.6301668733678215,0.9073512040935041,2400
stale_price,21071,ORACLE_RIDGE,1.750546627263227e-07,0.6588861727116541,0.999999824033209,2400
stale_price,21072,ZERO,1.029963573022973,1.0649785860789986,0.0,2400
stale_price,21072,DIRECT,0.10752487683496667,0.583067437782042,0.8956032235981142,2400
stale_price,21072,HARD_FPA,0.09868642501988598,0.60272284080011,0.9041845482649076,2400
stale_price,21072,ORDINARY_SOFT,0.5235320705006828,0.7413007478530361,0.4916984598163011,2400
stale_price,21072,FPA_SOFT,0.0961609729438097,0.600907014289348,0.9066365302011852,2400
stale_price,21072,ORACLE_RIDGE,1.731384497117021e-07,0.673670782050448,0.9999998318984726,2400
stale_price,21073,ZERO,1.02002245040367,1.1135030654230582,0.0,2400
stale_price,21073,DIRECT,0.0866236616902291,0.5758808271024096,0.9150767106587231,2400
stale_price,21073,HARD_FPA,0.08637509660608551,0.5951155515737621,0.9153203965541122,2400
stale_price,21073,ORDINARY_SOFT,0.5007565833278664,0.7576038712062103,0.5090729786097414,2400
stale_price,21073,FPA_SOFT,0.0827371046610008,0.5966302569399766,0.9188869768226592,2400
stale_price,21073,ORACLE_RIDGE,1.8669956815901002e-07,0.6325916243795224,0.9999998169652363,2400
stale_price,21074,ZERO,1.030016761028301,1.0523484014633164,0.0,2400
stale_price,21074,DIRECT,0.11237412512998489,0.5454046166392889,0.8909006829968495,2400
stale_price,21074,HARD_FPA,0.11128949819685394,0.5645944734755686,0.8919537017186498,2400
stale_price,21074,ORDINARY_SOFT,0.5312565911038807,0.7252923310959615,0.48422529496169653,2400
stale_price,21074,FPA_SOFT,0.10996712084558045,0.5642486629222558,0.8932375423330039,2400
stale_price,21074,ORACLE_RIDGE,1.7643567816406097e-07,0.6306602914733147,0.9999998287060126,2400
stale_price,21075,ZERO,1.028209422219177,1.0969250946330846,0.0,2400
stale_price,21075,DIRECT,0.091439256666421,0.5593354514193347,0.911069423513871,2400
stale_price,21075,HARD_FPA,0.10543056136331719,0.5884124756463104,0.8974619770204331,2400
stale_price,21075,ORDINARY_SOFT,0.5092048115457165,0.7481136268187258,0.5047654684522309,2400
stale_price,21075,FPA_SOFT,0.10533017417790921,0.5868674273467375,0.897559610034913,2400
stale_price,21075,ORACLE_RIDGE,1.9486565071910847e-07,0.6285923799404982,0.9999998104805825,2400
stale_price,21076,ZERO,1.00174394479561,0.9946273291730385,0.0,2400
stale_price,21076,DIRECT,0.11418973602344233,0.5363953009766563,0.8860090578868026,2400
stale_price,21076,HARD_FPA,0.1066470929728695,0.5723654986901516,0.8935385698841143,2400
stale_price,21076,ORDINARY_SOFT,0.5044487302841986,0.6887768200619827,0.49642946892269624,2400
stale_price,21076,FPA_SOFT,0.10288766641443683,0.5693593470754054,0.8972914516239682,2400
stale_price,21076,ORACLE_RIDGE,1.657216331024871e-07,0.6337032722213358,0.9999998345668731,2400
stale_price,21077,ZERO,0.963752183424772,1.034156134711347,0.0,2400
stale_price,21077,DIRECT,0.08905316976286076,0.5639368477359191,0.907597439160757,2400
stale_price,21077,HARD_FPA,0.09149169990553054,0.5747784810133153,0.9050671931238513,2400
stale_price,21077,ORDINARY_SOFT,0.4674037835242037,0.708577038006492,0.5150166281717296,2400
stale_price,21077,FPA_SOFT,0.08957532688195634,0.5753644822005415,0.9070556431180855,2400
stale_price,21077,ORACLE_RIDGE,1.6994721843622044e-07,0.6420453320234143,0.9999998236608733,2400
stale_price,21078,ZERO,1.0037325142906597,1.0856223878480193,0.0,2400
stale_price,21078,DIRECT,0.0974692327776927,0.5643928032084113,0.9028932196676178,2400
stale_price,21078,HARD_FPA,0.10941861455310374,0.5831480001213594,0.8909882732747477,2400
stale_price,21078,ORDINARY_SOFT,0.49947816936494216,0.7440951431043574,0.5023792073549349,2400
stale_price,21078,FPA_SOFT,0.1062318905139679,0.5813108905493893,0.8941631470521384,2400
stale_price,21078,ORACLE_RIDGE,1.881808756984322e-07,0.6394921571662738,0.9999998125189001,2400
stale_price,21079,ZERO,0.9723414293961139,1.0251605945418414,0.0,2400
stale_price,21079,DIRECT,0.08825010960421396,0.553698469463848,0.9092395871077684,2400
stale_price,21079,HARD_FPA,0.09918984915968415,0.5788712794101434,0.8979886630755953,2400
stale_price,21079,ORDINARY_SOFT,0.4851733801798219,0.7113872493079053,0.5010257040254413,2400
stale_price,21079,FPA_SOFT,0.09643838594640963,0.5765203812785248,0.9008183925616499,2400
stale_price,21079,ORACLE_RIDGE,1.5930126263580623e-07,0.6330920980246316,0.9999998361673608,2400
stale_price,21080,ZERO,1.031711601500386,1.0904340122562588,0.0,2400
stale_price,21080,DIRECT,0.13023734273354126,0.58318451277985,0.8737657475750576,2400
stale_price,21080,HARD_FPA,0.13685011953735968,0.606262434269858,0.8673562269355672,2400
stale_price,21080,ORDINARY_SOFT,0.5509113294875008,0.774764206815257,0.4660219690402554,2400
stale_price,21080,FPA_SOFT,0.13456392750610266,0.6068804096096522,0.869572148543827,2400
stale_price,21080,ORACLE_RIDGE,2.0068402479918843e-07,0.6633306488889393,0.9999998054843772,2400
stale_price,21081,ZERO,1.0805989448303304,1.1660386503369717,0.0,2400
stale_price,21081,DIRECT,0.08583425221994122,0.6250281010937666,0.9205678918801661,2400
stale_price,21081,HARD_FPA,0.10332858833023072,0.6327037436416886,0.9043784108576427,2400
stale_price,21081,ORDINARY_SOFT,0.5307569973358321,0.7979375468492574,0.5088307277413002,2400
stale_price,21081,FPA_SOFT,0.09894586932819806,0.6334737999039245,0.9084342347347618,2400
stale_price,21081,ORACLE_RIDGE,1.9036059834185095e-07,0.710219897854375,0.9999998238378824,2400
stale_price,21082,ZERO,0.9148805370911854,0.9714723589619245,0.0,2400
stale_price,21082,DIRECT,0.08105985333945906,0.5591746798980525,0.9113984284798706,2400
stale_price,21082,HARD_FPA,0.08668672882388812,0.5656499131728503,0.905248034787685,2400
stale_price,21082,ORDINARY_SOFT,0.44697268170841115,0.6792763672072895,0.5114414794203216,2400
stale_price,21082,FPA_SOFT,0.08250820471585375,0.565994335093939,0.9098153241097638,2400
stale_price,21082,ORACLE_RIDGE,1.4729045283975557e-07,0.6550202398375251,0.999999839005808,2400
stale_price,21083,ZERO,1.0830135576192956,1.088526142928772,0.0,2400
stale_price,21083,DIRECT,0.10643634899221373,0.5773289588185698,0.9017220530219543,2400
stale_price,21083,HARD_FPA,0.11445674149390041,0.5816083147037555,0.894316427815085,2400
stale_price,21083,ORDINARY_SOFT,0.5540045871018057,0.7480430969651605,0.48846015527300435,2400
stale_price,21083,FPA_SOFT,0.11164306944031964,0.5822218233628393,0.896914430428982,2400
stale_price,21083,ORACLE_RIDGE,2.1039347074887272e-07,0.6814537140591371,0.9999998057332992,2400
stale_price,21084,ZERO,0.971998755863585,0.9685693230197103,0.0,2400
stale_price,21084,DIRECT,0.0888526179021854,0.5642902372811656,0.9085877246589239,2400
stale_price,21084,HARD_FPA,0.08731480860975968,0.5855494416850721,0.9101698350095276,2400
stale_price,21084,ORDINARY_SOFT,0.4663235063268693,0.6709065426646806,0.5202426921703638,2400
stale_price,21084,FPA_SOFT,0.08487051561763799,0.5893241415536229,0.9126845429526979,2400
stale_price,21084,ORACLE_RIDGE,1.62747292683245e-07,0.6717033975619763,0.9999998325642994,2400
stale_price,21085,ZERO,1.0676476135888664,1.0371037536806431,0.0,2400
stale_price,21085,DIRECT,0.10932972590748913,0.575923605830052,0.8975975551146689,2400
stale_price,21085,HARD_FPA,0.1273627409133675,0.6016844928652366,0.8807071366129492,2400
stale_price,21085,ORDINARY_SOFT,0.5509947651145897,0.7263412097898009,0.48391701709289936,2400
stale_price,21085,FPA_SOFT,0.12466866956800743,0.6023425792993095,0.883230507911747,2400
stale_price,21085,ORACLE_RIDGE,2.1144762520638875e-07,0.6983487122256182,0.9999998019499856,2400
stale_price,21086,ZERO,1.072129122863064,1.0207209673742303,0.0,2400
stale_price,21086,DIRECT,0.09426670121038178,0.559916915528496,0.9120752349692287,2400
stale_price,21086,HARD_FPA,0.11909110951117048,0.5815901219090133,0.8889209266201593,2400
stale_price,21086,ORDINARY_SOFT,0.5487112368380784,0.7053927447261702,0.4882041489808857,2400
stale_price,21086,FPA_SOFT,0.11444062863181471,0.5813991988192858,0.8932585393014909,2400
stale_price,21086,ORACLE_RIDGE,1.973170054409807e-07,0.6769220809194609,0.9999998159577972,2400
stale_price,21087,ZERO,0.9709548142322224,1.0309472550037144,0.0,2400
stale_price,21087,DIRECT,0.09382785393744686,0.5753509421317777,0.9033653754406267,2400
stale_price,21087,HARD_FPA,0.10193405732480593,0.594155354468015,0.8950166827223471,2400
stale_price,21087,ORDINARY_SOFT,0.4826715254165251,0.7204377137699794,0.502889816970324,2400
stale_price,21087,FPA_SOFT,0.10018648079829162,0.5953320742472124,0.8968165363312879,2400
stale_price,21087,ORACLE_RIDGE,1.76969094914332e-07,0.6656584587455292,0.9999998177370436,2400
stale_price,21088,ZERO,0.9901884462458942,1.0951639265288842,0.0,2400
stale_price,21088,DIRECT,0.10249366987622828,0.5424628114757429,0.8964907434894711,2400
stale_price,21088,HARD_FPA,0.09277325799366523,0.5651923138247118,0.906307472738753,2400
stale_price,21088,ORDINARY_SOFT,0.49257171242895853,0.7435010608179191,0.5025475056829356,2400
stale_price,21088,FPA_SOFT,0.08986514403622434,0.5659337370733339,0.909244402540819,2400
stale_price,21088,ORACLE_RIDGE,1.8880023815503491e-07,0.5921304498235059,0.9999998093289829,2400
stale_price,21089,ZERO,1.037571198552583,1.120210559012296,0.0,2400
stale_price,21089,DIRECT,0.10650389236529756,0.6130881137734182,0.8973526900959944,2400
stale_price,21089,HARD_FPA,0.10928946214411674,0.6217413110939085,0.8946679878001856,2400
stale_price,21089,ORDINARY_SOFT,0.5212253558289774,0.7829319247426053,0.4976485887849533,2400
stale_price,21089,FPA_SOFT,0.10767549133613469,0.6224395958394005,0.8962235155656377,2400
stale_price,21089,ORACLE_RIDGE,1.8590878406706255e-07,0.6942168993981672,0.9999998208231066,2400
stale_price,21090,ZERO,0.9659451286139229,0.9850625406660962,0.0,2400
stale_price,21090,DIRECT,0.10020313662889871,0.5597576219001787,0.896264152423767,2400
stale_price,21090,HARD_FPA,0.08993378006219997,0.5825855720341195,0.9068955602154649,2400
stale_price,21090,ORDINARY_SOFT,0.4773373199069855,0.6875167126681337,0.5058339177175231,2400
stale_price,21090,FPA_SOFT,0.08781372957838923,0.5822783007551898,0.9090903541235339,2400
stale_price,21090,ORACLE_RIDGE,1.6299470140357413e-07,0.6570967728780359,0.9999998312588401,2400
stale_price,21091,ZERO,0.947277200937731,0.9725092638334085,0.0,2400
stale_price,21091,DIRECT,0.09133592405853173,0.5212001171272556,0.90358057391425,2400
stale_price,21091,HARD_FPA,0.0908174989734908,0.550822975155778,0.9041278530892662,2400
stale_price,21091,ORDINARY_SOFT,0.4572612009562738,0.6627447073678873,0.5172889197548293,2400
stale_price,21091,FPA_SOFT,0.09026878780031238,0.552931046552158,0.9047071039913626,2400
stale_price,21091,ORACLE_RIDGE,1.5457631026720563e-07,0.5984402326138628,0.9999998368204047,2400
stale_price,21092,ZERO,0.9766602996596718,1.0024474184656071,0.0,2400
stale_price,21092,DIRECT,0.08757078682545576,0.5558010272590579,0.9103364938085732,2400
stale_price,21092,HARD_FPA,0.08485940949316453,0.565853281078789,0.913112666171918,2400
stale_price,21092,ORDINARY_SOFT,0.4722751461084323,0.6847623363791574,0.5164386775289198,2400
stale_price,21092,FPA_SOFT,0.08176262608321054,0.5664506496392891,0.916283454839209,2400
stale_price,21092,ORACLE_RIDGE,1.722267959499671e-07,0.6461219919450216,0.9999998236574211,2400
stale_price,21093,ZERO,1.0432712467847922,0.9857587958255571,0.0,2400
stale_price,21093,DIRECT,0.09139665172161687,0.5376116100954622,0.9123941621095302,2400
stale_price,21093,HARD_FPA,0.11395468679241541,0.5509849877755625,0.890771755529919,2400
stale_price,21093,ORDINARY_SOFT,0.5216431312247013,0.6707053617411384,0.49999280356635123,2400
stale_price,21093,FPA_SOFT,0.10999420525414337,0.552215921639048,0.8945679701294086,2400
stale_price,21093,ORACLE_RIDGE,1.9641066011959492e-07,0.656287620206714,0.9999998117357679,2400
stale_price,21094,ZERO,1.018961837318308,1.074859338017848,0.0,2400
stale_price,21094,DIRECT,0.10323821117083681,0.5505155953479651,0.8986829463186394,2400
stale_price,21094,HARD_FPA,0.10946677767668021,0.5711083754058548,0.8925702870631803,2400
stale_price,21094,ORDINARY_SOFT,0.5240625924681118,0.7428431467121719,0.4856896762224838,2400
stale_price,21094,FPA_SOFT,0.10874294059311147,0.572901493707125,0.8932806542791634,2400
stale_price,21094,ORACLE_RIDGE,1.9019035574765221e-07,0.6264965138279744,0.9999998133488922,2400
stale_price,21095,ZERO,1.0387869666908172,0.9576111815538252,0.0,2400
stale_price,21095,DIRECT,0.10391833094446604,0.5623527151942409,0.8999618456173833,2400
stale_price,21095,HARD_FPA,0.11323536267583383,0.5763932640963859,0.8909926998443589,2400
stale_price,21095,ORDINARY_SOFT,0.5386292959654259,0.6723180083253592,0.48148242783475104,2400
stale_price,21095,FPA_SOFT,0.11044007102559557,0.5749343914697208,0.8936836189065638,2400
stale_price,21095,ORACLE_RIDGE,1.6591018777979581e-07,0.7003080839134065,0.9999998402846848,2400
stale_price,21096,ZERO,1.0305456538306415,1.0473901384983477,0.0,2400
stale_price,21096,DIRECT,0.1180614725692563,0.5543629953688904,0.8854379016296755,2400
stale_price,21096,HARD_FPA,0.11672932168668884,0.5766421318074373,0.8867305671972957,2400
stale_price,21096,ORDINARY_SOFT,0.5443031571866227,0.7350132633502906,0.47183013662384254,2400
stale_price,21096,FPA_SOFT,0.1140245765876642,0.5761865296381857,0.8893551429149952,2400
stale_price,21096,ORACLE_RIDGE,1.9288689944400244e-07,0.6512903182893054,0.9999998128303208,2400
stale_price,21097,ZERO,0.9940619318608361,1.1460502544005284,0.0,2400
stale_price,21097,DIRECT,0.09832270425759583,0.5817224724557906,0.9010899611923168,2400
stale_price,21097,HARD_FPA,0.11422693163175661,0.6175580402829661,0.8850907292889395,2400
stale_price,21097,ORDINARY_SOFT,0.5029736902240614,0.7982354101095324,0.4940217766085069,2400
stale_price,21097,FPA_SOFT,0.11357414396988673,0.6194745696870415,0.8857474164036426,2400
stale_price,21097,ORACLE_RIDGE,2.0168109889040345e-07,0.6266705790632981,0.9999997971141511,2400
stale_price,21098,ZERO,0.9579023880691864,1.040623623503036,0.0,2400
stale_price,21098,DIRECT,0.09404036994956444,0.5590208548943285,0.9018267715783457,2400
stale_price,21098,HARD_FPA,0.09018918935038361,0.57556497631569,0.905847202727853,2400
stale_price,21098,ORDINARY_SOFT,0.47514070634640243,0.72012793873492,0.5039779498784541,2400
stale_price,21098,FPA_SOFT,0.08812273373721087,0.5750491144029216,0.9080044743234881,2400
stale_price,21098,ORACLE_RIDGE,1.6806093215888904e-07,0.6333073358101698,0.9999998245531755,2400
stale_price,21099,ZERO,0.9762333942026191,1.0417055086295584,0.0,2400
stale_price,21099,DIRECT,0.11900066467102212,0.5694766054831509,0.8781022393029065,2400
stale_price,21099,HARD_FPA,0.09993141081158703,0.5706999851716792,0.8976357381287798,2400
stale_price,21099,ORDINARY_SOFT,0.507108291438211,0.7326964616228233,0.48054605133395,2400
stale_price,21099,FPA_SOFT,0.09790004612763506,0.5695102276941629,0.8997165568100658,2400
stale_price,21099,ORACLE_RIDGE,1.657789241598174e-07,0.6536819428887988,0.9999998301851534,2400
stale_price,21100,ZERO,0.9387284958637375,0.9820165027819767,0.0,2400
stale_price,21100,DIRECT,0.09318338425106099,0.5566373427311772,0.9007344672483585,2400
stale_price,21100,HARD_FPA,0.09105345882993203,0.5697674410287812,0.9030034144791221,2400
stale_price,21100,ORDINARY_SOFT,0.46479609725212717,0.6870994163254095,0.5048663172577268,2400
stale_price,21100,FPA_SOFT,0.08951320772806073,0.5722201689870322,0.9046441989111044,2400
stale_price,21100,ORACLE_RIDGE,1.733844326383104e-07,0.6469864420236846,0.999999815298637,2400
informative_missing,21001,ZERO,0.9788572608975069,1.4736744093891514,0.0,1508
informative_missing,21001,DIRECT,0.008389976616856443,0.520650886064416,0.9914288048400808,1508
informative_missing,21001,HARD_FPA,0.07923418971903758,0.6044296687379149,0.9190543985479678,1508
informative_missing,21001,ORDINARY_SOFT,0.4135030280336052,0.9182049659752708,0.5775655506151455,1508
informative_missing,21001,FPA_SOFT,0.07804329199588059,0.6011629538322368,0.9202710189590633,1508
informative_missing,21001,ORACLE_RIDGE,9.541183684661388e-07,0.5162997306441768,0.9999990252732379,1508
informative_missing,21002,ZERO,1.0075980616116345,1.5064852790852936,0.0,1530
informative_missing,21002,DIRECT,0.00501611020311147,0.49961771179330794,0.9950217151121864,1530
informative_missing,21002,HARD_FPA,0.07730955342232743,0.5869732362257518,0.9232734198608201,1530
informative_missing,21002,ORDINARY_SOFT,0.4219761225138853,0.92488574491965,0.5812059008540149,1530
informative_missing,21002,FPA_SOFT,0.07630129533934929,0.5849703664401441,0.9242740749051196,1530
informative_missing,21002,ORACLE_RIDGE,7.189862093886002e-07,0.4916006756117158,0.9999992864354976,1530
informative_missing,21003,ZERO,0.9863846360462124,1.5064857626566648,0.0,1508
informative_missing,21003,DIRECT,0.007558824289995956,0.5090885998555176,0.992336838983731,1508
informative_missing,21003,HARD_FPA,0.07262623546001343,0.5787262114701192,0.9263712827572763,1508
informative_missing,21003,ORDINARY_SOFT,0.40951401906999996,0.9235790452445556,0.5848333356939939,1508
informative_missing,21003,FPA_SOFT,0.06937529570157946,0.5719722072267026,0.9296670962154674,1508
informative_missing,21003,ORACLE_RIDGE,8.674739810020338e-07,0.5003733822022853,0.9999991205520146,1508
informative_missing,21004,ZERO,1.0428862498239209,1.5477941596421063,0.0,1497
informative_missing,21004,DIRECT,0.010758836450408324,0.48562762311104374,0.9896835954523086,1497
informative_missing,21004,HARD_FPA,0.0795872360051471,0.5551679644093802,0.9236856023189639,1497
informative_missing,21004,ORDINARY_SOFT,0.4477845152551056,0.9429695346919639,0.5706295721794119,1497
informative_missing,21004,FPA_SOFT,0.07583329924064415,0.5523021121069839,0.9272851672428822,1497
informative_missing,21004,ORACLE_RIDGE,7.594491839584099e-07,0.47784567632731095,0.9999992717813816,1497
informative_missing,21005,ZERO,0.971708939175173,1.5035590182744367,0.0,1533
informative_missing,21005,DIRECT,0.005193335407450091,0.5143725350842049,0.9946554619412492,1533
informative_missing,21005,HARD_FPA,0.0673459273450437,0.569970003515876,0.9306933129562338,1533
informative_missing,21005,ORDINARY_SOFT,0.393372555036339,0.9163212253283789,0.5951745021814351,1533
informative_missing,21005,FPA_SOFT,0.06446019038596397,0.5685936460247678,0.9336630674194677,1533
informative_missing,21005,ORACLE_RIDGE,7.711456298395855e-07,0.511900450298966,0.9999992064026595,1533
informative_missing,21006,ZERO,1.1010666834378267,1.5658742665056962,0.0,1534
informative_missing,21006,DIRECT,0.010891318513393606,0.4659353709568929,0.990108393363254,1534
informative_missing,21006,HARD_FPA,0.09505211236887884,0.544305878172131,0.9136727013916173,1534
informative_missing,21006,ORDINARY_SOFT,0.49168951182346377,0.9518940319856021,0.5534425669040528,1534
informative_missing,21006,FPA_SOFT,0.0926303027781639,0.5422060638715436,0.9158722135802464,1534
informative_missing,21006,ORACLE_RIDGE,9.301154899566553e-07,0.4587439038327721,0.9999991552596187,1534
informative_missing,21007,ZERO,0.9785960745552715,1.3932301511940837,0.0,1497
informative_missing,21007,DIRECT,0.0060349135115670355,0.477642048071545,0.9938330904154611,1497
informative_missing,21007,HARD_FPA,0.05909549506674085,0.5157076880018835,0.9396119639110578,1497
informative_missing,21007,ORDINARY_SOFT,0.38940238400956995,0.8222300925709437,0.6020805783565645,1497
informative_missing,21007,FPA_SOFT,0.057753476056925566,0.5131626494843605,0.9409833356595345,1497
informative_missing,21007,ORACLE_RIDGE,7.635354637125752e-07,0.4675086397290266,0.9999992197644324,1497
informative_missing,21008,ZERO,1.0352842755588958,1.4905073136369673,0.0,1500
informative_missing,21008,DIRECT,0.00590120800796983,0.4758737455637051,0.9942999153495459,1500
informative_missing,21008,HARD_FPA,0.07372776165050322,0.5492771796162382,0.9287850077596306,1500
informative_missing,21008,ORDINARY_SOFT,0.4372426518809778,0.8974304010650604,0.5776593326070433,1500
informative_missing,21008,FPA_SOFT,0.07200736530098868,0.5497107362446243,0.9304467700312403,1500
informative_missing,21008,ORACLE_RIDGE,8.124569045753765e-07,0.4699096421782605,0.9999992152330295,1500
informative_missing,21009,ZERO,1.0343808285127234,1.5609697150606225,0.0,1519
informative_missing,21009,DIRECT,0.007172034861691641,0.5158011858341408,0.9930663497775728,1519
informative_missing,21009,HARD_FPA,0.0682639434538721,0.5797131107383425,0.9340050186815383,1519
informative_missing,21009,ORDINARY_SOFT,0.4194271488965221,0.9388535491536948,0.594513802523204,1519
informative_missing,21009,FPA_SOFT,0.06926883476358289,0.5803438233353517,0.9330335280254753,1519
informative_missing,21009,ORACLE_RIDGE,8.179980146767715e-07,0.5059958550213185,0.9999992091906654,1519
informative_missing,21010,ZERO,1.001528912780911,1.4880035597342824,0.0,1541
informative_missing,21010,DIRECT,0.005131000035737879,0.4944592381753991,0.9948768328400117,1541
informative_missing,21010,HARD_FPA,0.07638590615609803,0.5605268156087705,0.9237307029469575,1541
informative_missing,21010,ORDINARY_SOFT,0.4118877951443616,0.8982203105817378,0.5887409840214329,1541
informative_missing,21010,FPA_SOFT,0.07336232731046216,0.5568768231286695,0.9267496660613027,1541
informative_missing,21010,ORACLE_RIDGE,7.577587469970939e-07,0.4907933441297407,0.9999992433980314,1541
informative_missing,21011,ZERO,0.9651197471285765,1.4563650919640267,0.0,1520
informative_missing,21011,DIRECT,0.003469606543566469,0.4905762442624352,0.9964049989093174,1520
informative_missing,21011,HARD_FPA,0.057801041057003545,0.5403148643301203,0.9401099798973411,1520
informative_missing,21011,ORDINARY_SOFT,0.38700547784197153,0.8731335334098518,0.5990078132859784,1520
informative_missing,21011,FPA_SOFT,0.05619076222912015,0.5394418170101379,0.9417784555789073,1520
informative_missing,21011,ORACLE_RIDGE,7.125081203372148e-07,0.48892337426541055,0.999999261741227,1520
informative_missing,21012,ZERO,0.9419046929747106,1.4963490165885223,0.0,1487
informative_missing,21012,DIRECT,0.00681348258953434,0.5076048520380183,0.9927662717466498,1487
informative_missing,21012,HARD_FPA,0.07017460062760193,0.5624263510882402,0.9254971324052145,1487
informative_missing,21012,ORDINARY_SOFT,0.3807260768274331,0.9136401205091772,0.5957912943134096,1487
informative_missing,21012,FPA_SOFT,0.06749539147303737,0.5604343619343362,0.928341591270902,1487
informative_missing,21012,ORACLE_RIDGE,7.680480675903703e-07,0.4996737695804609,0.9999991845798484,1487
informative_missing,21013,ZERO,1.0181825437133691,1.424316390208047,0.0,1520
informative_missing,21013,DIRECT,0.005397549120759967,0.512407340147187,0.9946988394624457,1520
informative_missing,21013,HARD_FPA,0.06884535562827807,0.559352378982434,0.932384073903688,1520
informative_missing,21013,ORDINARY_SOFT,0.42949095174991414,0.8690408335864857,0.5781788301108204,1520
informative_missing,21013,FPA_SOFT,0.07006660446789768,0.5594550625029251,0.9311846339337534,1520
informative_missing,21013,ORACLE_RIDGE,8.397728813978173e-07,0.5028011649078904,0.9999991752236507,1520
informative_missing,21014,ZERO,0.9683075001797541,1.3323492060067297,0.0,1561
informative_missing,21014,DIRECT,0.003800340063599131,0.4362968698806787,0.9960752756093558,1561
informative_missing,21014,HARD_FPA,0.0645948881698879,0.49709968067754196,0.9332909347930315,1561
informative_missing,21014,ORDINARY_SOFT,0.41592032299281373,0.8070746575153263,0.5704666927441919,1561
informative_missing,21014,FPA_SOFT,0.06347820515396062,0.49811492281135106,0.9344441666080489,1561
informative_missing,21014,ORACLE_RIDGE,8.032964632608712e-07,0.4373677151180492,0.9999991704118133,1561
informative_missing,21015,ZERO,0.9582756958086073,1.4421118934889166,0.0,1472
informative_missing,21015,DIRECT,0.006556554332979583,0.5384504105956757,0.9931579665834611,1472
informative_missing,21015,HARD_FPA,0.05516576665252868,0.5688022839876548,0.9424322594282442,1472
informative_missing,21015,ORDINARY_SOFT,0.3918855823608478,0.8890087981392014,0.5910513184515559,1472
informative_missing,21015,FPA_SOFT,0.05632176036742898,0.5705031590311255,0.9412259325643193,1472
informative_missing,21015,ORACLE_RIDGE,1.0008084831061876e-06,0.5391134533770234,0.9999989556152916,1472
informative_missing,21016,ZERO,0.9805227585313044,1.4744446319139393,0.0,1529
informative_missing,21016,DIRECT,0.003135471657767596,0.5147191786924395,0.9968022448938726,1529
informative_missing,21016,HARD_FPA,0.05817551582060993,0.5783545980740253,0.9406688775814349,1529
informative_missing,21016,ORDINARY_SOFT,0.39851186681555245,0.9015033806222048,0.593572037621573,1529
informative_missing,21016,FPA_SOFT,0.057237316870279574,0.5791985767089679,0.9416257130471773,1529
informative_missing,21016,ORACLE_RIDGE,7.327819124000128e-07,0.5081520766828891,0.9999992526620051,1529
informative_missing,21017,ZERO,0.922154988523947,1.4181913019122971,0.0,1504
informative_missing,21017,DIRECT,0.006918082003158489,0.4813006539982981,0.9924979183659441,1504
informative_missing,21017,HARD_FPA,0.05476346492092193,0.5203740074922839,0.9406136000971166,1504
informative_missing,21017,ORDINARY_SOFT,0.3751267818533318,0.8601375601287524,0.5932063627896426,1504
informative_missing,21017,FPA_SOFT,0.05455837645927699,0.5192835266578835,0.9408360013899548,1504
informative_missing,21017,ORACLE_RIDGE,7.270621902147643e-07,0.4770753317135654,0.9999992115618315,1504
informative_missing,21018,ZERO,1.0084403367680947,1.533303818798217,0.0,1519
informative_missing,21018,DIRECT,0.005542783499496693,0.4874002288795402,0.9945036079008298,1519
informative_missing,21018,HARD_FPA,0.06552015589907437,0.544469147326038,0.9350282277392266,1519
informative_missing,21018,ORDINARY_SOFT,0.43087049296927926,0.9394934152770104,0.572735761096034,1519
informative_missing,21018,FPA_SOFT,0.06288124386238532,0.5402108735898762,0.9376450528903766,1519
informative_missing,21018,ORACLE_RIDGE,7.261320797394545e-07,0.4800540189830773,0.9999992799454234,1519
informative_missing,21019,ZERO,1.0901090394739614,1.6150815287837765,0.0,1515
informative_missing,21019,DIRECT,0.005953223284970779,0.465509426739584,0.9945388735719103,1515
informative_missing,21019,HARD_FPA,0.0921564816881473,0.5624842175344743,0.9154612260323811,1515
informative_missing,21019,ORDINARY_SOFT,0.45998579301854364,0.9606079486230764,0.5780368968956422,1515
informative_missing,21019,FPA_SOFT,0.08864889828055912,0.5571212430687082,0.9186788705803806,1515
informative_missing,21019,ORACLE_RIDGE,9.051654320710068e-07,0.45876616440047324,0.9999991696560626,1515
informative_missing,21020,ZERO,1.0369951988973283,1.5006969323471469,0.0,1541
informative_missing,21020,DIRECT,0.0082051807495119,0.49520029511527286,0.9920875422005456,1541
informative_missing,21020,HARD_FPA,0.06674895263620188,0.5540636620964788,0.9356323416856912,1541
informative_missing,21020,ORDINARY_SOFT,0.426240584773708,0.8985197989143938,0.5889657105192542,1541
informative_missing,21020,FPA_SOFT,0.06832557417830722,0.5546686471317109,0.9341119667179172,1541
informative_missing,21020,ORACLE_RIDGE,8.409638234272811e-07,0.48775404708753095,0.9999991890378814,1541
informative_missing,21021,ZERO,1.0133962950248088,1.534328979933066,0.0,1543
informative_missing,21021,DIRECT,0.005998582257598626,0.5209255130729014,0.9940807142407682,1543
informative_missing,21021,HARD_FPA,0.06476846097234618,0.5829733282821677,0.9360877266965333,1543
informative_missing,21021,ORDINARY_SOFT,0.4076275662818196,0.9262508561146842,0.5977609467460698,1543
informative_missing,21021,FPA_SOFT,0.061731502215914204,0.5771001195339359,0.9390845392676288,1543
informative_missing,21021,ORACLE_RIDGE,7.248339051752644e-07,0.5125805601753567,0.999999284747824,1543
informative_missing,21022,ZERO,0.9494155627676752,1.4949849522846574,0.0,1494
informative_missing,21022,DIRECT,0.005414045844104382,0.5517285483345864,0.9942974962109092,1494
informative_missing,21022,HARD_FPA,0.06943393614623532,0.6199249536554993,0.9268666547409167,1494
informative_missing,21022,ORDINARY_SOFT,0.38025771735559566,0.9277781145622495,0.599482321263944,1494
informative_missing,21022,FPA_SOFT,0.06760875090630716,0.6181122873723256,0.9287890850354101,1494
informative_missing,21022,ORACLE_RIDGE,7.708998425756383e-07,0.5431888056511719,0.9999991880269581,1494
informative_missing,21023,ZERO,0.9576318609682858,1.4282005655847483,0.0,1544
informative_missing,21023,DIRECT,0.005252553443822284,0.48442391593385886,0.9945150598492919,1544
informative_missing,21023,HARD_FPA,0.06493016243906584,0.545460475129669,0.9321971572944395,1544
informative_missing,21023,ORDINARY_SOFT,0.3908220785462326,0.8643386398425692,0.5918869301705747,1544
informative_missing,21023,FPA_SOFT,0.06424864959642328,0.5455460637012172,0.9329088220483184,1544
informative_missing,21023,ORACLE_RIDGE,6.757856030913701e-07,0.47166180975766975,0.9999992943158738,1544
informative_missing,21024,ZERO,1.0298158611814299,1.5485223356821458,0.0,1499
informative_missing,21024,DIRECT,0.009257792020724727,0.5213542355200527,0.9910102452586971,1499
informative_missing,21024,HARD_FPA,0.08820726582268068,0.600766125457619,0.9143465651019521,1499
informative_missing,21024,ORDINARY_SOFT,0.4435501581138144,0.9628113495143857,0.569291778430211,1499
informative_missing,21024,FPA_SOFT,0.08933216560301874,0.601813496200198,0.9132542341108102,1499
informative_missing,21024,ORACLE_RIDGE,8.303259162483115e-07,0.5173144438380465,0.9999991937141895,1499
informative_missing,21025,ZERO,1.0005417602848945,1.4767582458296533,0.0,1484
informative_missing,21025,DIRECT,0.006561494951412046,0.49776682064236105,0.9934420578811786,1484
informative_missing,21025,HARD_FPA,0.05227325914821092,0.5329675750737505,0.9477550450934435,1484
informative_missing,21025,ORDINARY_SOFT,0.38834125386207313,0.8663527437835186,0.6118690200881802,1484
informative_missing,21025,FPA_SOFT,0.052150952011950635,0.5328861542666266,0.9478772860044331,1484
informative_missing,21025,ORACLE_RIDGE,8.148763769854487e-07,0.49409563126684364,0.9999991855648517,1484
informative_missing,21026,ZERO,0.9702123222812898,1.3899309853522797,0.0,1549
informative_missing,21026,DIRECT,0.00818331834113923,0.46685321327307255,0.9915654355719813,1549
informative_missing,21026,HARD_FPA,0.06634570308009505,0.5264775923517928,0.9316173361681345,1549
informative_missing,21026,ORDINARY_SOFT,0.3962516286154995,0.8334360437389463,0.5915825644393168,1549
informative_missing,21026,FPA_SOFT,0.06549146714093791,0.5258761544694219,0.932497799051917,1549
informative_missing,21026,ORACLE_RIDGE,7.575678301012634e-07,0.4599113274847767,0.9999992191731514,1549
informative_missing,21027,ZERO,1.0083656887825383,1.3849755174336906,0.0,1527
informative_missing,21027,DIRECT,0.0024081372599641772,0.4681470803069888,0.9976118413322138,1527
informative_missing,21027,HARD_FPA,0.061494984198252035,0.5123946216453209,0.9390151956950273,1527
informative_missing,21027,ORDINARY_SOFT,0.39523428770102176,0.8010217414660985,0.6080446884520512,1527
informative_missing,21027,FPA_SOFT,0.0635247161724467,0.5162314777430907,0.937002302955048,1527
informative_missing,21027,ORACLE_RIDGE,7.791216215744234e-07,0.46490154209145185,0.9999992273421932,1527
informative_missing,21028,ZERO,0.9955779323378624,1.5116281187369922,0.0,1501
informative_missing,21028,DIRECT,0.004599040988912529,0.5023931653459764,0.9953805314084123,1501
informative_missing,21028,HARD_FPA,0.06370280395645693,0.5527187087855309,0.9360142467130955,1501
informative_missing,21028,ORDINARY_SOFT,0.41500405832529086,0.9223501980230215,0.5831526143304935,1501
informative_missing,21028,FPA_SOFT,0.06437589034169373,0.5539845004246318,0.9353381706738685,1501
informative_missing,21028,ORACLE_RIDGE,8.445451106640922e-07,0.49825150381320865,0.9999991517036656,1501
informative_missing,21029,ZERO,1.0322736917721504,1.4817719388952382,0.0,1500
informative_missing,21029,DIRECT,0.006460977850554127,0.49399120530576246,0.9937410224613374,1500
informative_missing,21029,HARD_FPA,0.07954469434916954,0.5728874278385822,0.9229422439192346,1500
informative_missing,21029,ORDINARY_SOFT,0.4304633370705751,0.8952369567135594,0.5829949552123339,1500
informative_missing,21029,FPA_SOFT,0.07799511266301991,0.5729220776887418,0.9244433784521601,1500
informative_missing,21029,ORACLE_RIDGE,8.452769648040682e-07,0.4877621232562014,0.9999991811503368,1500
informative_missing,21030,ZERO,1.0097925488664874,1.3380296531437035,0.0,1480
informative_missing,21030,DIRECT,0.00542811211243887,0.45902857522455387,0.9946245274650402,1480
informative_missing,21030,HARD_FPA,0.0651331847539609,0.510536478838655,0.935498449828062,1480
informative_missing,21030,ORDINARY_SOFT,0.4142534361211427,0.7853001447451836,0.589763821701645,1480
informative_missing,21030,FPA_SOFT,0.0620265758710129,0.5079660874272962,0.9385749321079473,1480
informative_missing,21030,ORACLE_RIDGE,8.744912529878763e-07,0.4603755923710336,0.9999991339892,1480
informative_missing,21031,ZERO,1.0247880334868955,1.5405706340093275,0.0,1518
informative_missing,21031,DIRECT,0.006517579498937612,0.5107401426938196,0.9936400706429395,1518
informative_missing,21031,HARD_FPA,0.06783102890330321,0.5772871860955161,0.9338096985066223,1518
informative_missing,21031,ORDINARY_SOFT,0.41762945785666616,0.928729756285008,0.5924723511498667,1518
informative_missing,21031,FPA_SOFT,0.06759042888747177,0.5756266952397329,0.9340444787811468,1518
informative_missing,21031,ORACLE_RIDGE,7.177523491603578e-07,0.5010654778846397,0.9999992996089672,1518
informative_missing,21032,ZERO,1.0997058459851083,1.6009819036967052,0.0,1482
informative_missing,21032,DIRECT,0.004588028784362488,0.49621383928553464,0.9958279490819179,1482
informative_missing,21032,HARD_FPA,0.08162063812733118,0.5492059728240889,0.9257795723962747,1482
informative_missing,21032,ORDINARY_SOFT,0.46857785568825305,0.9614641916771709,0.5739061882784624,1482
informative_missing,21032,FPA_SOFT,0.07625538700089024,0.5472643026959614,0.9306583780751104,1482
informative_missing,21032,ORACLE_RIDGE,8.686666709227849e-07,0.4937551427142354,0.9999992100917949,1482
informative_missing,21033,ZERO,0.9603940824301571,1.445444947070256,0.0,1551
informative_missing,21033,DIRECT,0.005655580623261134,0.5092700940611306,0.9941111875565181,1551
informative_missing,21033,HARD_FPA,0.06870841716266081,0.5671154025618779,0.9284581002531765,1551
informative_missing,21033,ORDINARY_SOFT,0.40169612318682824,0.8934325438061808,0.5817382358600269,1551
informative_missing,21033,FPA_SOFT,0.06738379548769335,0.5671181023821056,0.9298373483131143,1551
informative_missing,21033,ORACLE_RIDGE,7.688960847052825e-07,0.5032689327701549,0.9999991993952287,1551
informative_missing,21034,ZERO,1.0678322019993216,1.5397141095233906,0.0,1520
informative_missing,21034,DIRECT,0.0059675440954203764,0.46349248360353584,0.9944115338681047,1520
informative_missing,21034,HARD_FPA,0.08172321810756904,0.533987301847902,0.9234681086086773,1520
informative_missing,21034,ORDINARY_SOFT,0.46283456188065875,0.9281295329062713,0.5665662067372709,1520
informative_missing,21034,FPA_SOFT,0.0800943322464411,0.5325137891860108,0.9249935223001525,1520
informative_missing,21034,ORACLE_RIDGE,8.988865363030899e-07,0.45717218099213414,0.9999991582136831,1520
informative_missing,21035,ZERO,1.0561673216499223,1.5601276467055007,0.0,1503
informative_missing,21035,DIRECT,0.005570111301290711,0.4786805296920704,0.9947261090292121,1503
informative_missing,21035,HARD_FPA,0.08534104772591462,0.5668890001298321,0.9191974169465907,1503
informative_missing,21035,ORDINARY_SOFT,0.4539714751258462,0.9482460305095077,0.5701708755610224,1503
informative_missing,21035,FPA_SOFT,0.08322688215843446,0.5641853640864927,0.9211991505016277,1503
informative_missing,21035,ORACLE_RIDGE,8.642339149142241e-07,0.4754435420675576,0.9999991817263257,1503
informative_missing,21036,ZERO,0.9675897240346384,1.4253869874638134,0.0,1504
informative_missing,21036,DIRECT,0.008248961740534255,0.5052639502391068,0.9914747319699326,1504
informative_missing,21036,HARD_FPA,0.05835060845815344,0.5559883768892452,0.9396948861601753,1504
informative_missing,21036,ORDINARY_SOFT,0.3846236863135041,0.856959960048146,0.6024930021892884,1504
informative_missing,21036,FPA_SOFT,0.05649569138511896,0.555436336845161,0.9416119353257038,1504
informative_missing,21036,ORACLE_RIDGE,7.241887028186716e-07,0.4992293716821822,0.9999992515539543,1504
informative_missing,21037,ZERO,0.9693732554707815,1.425794838299699,0.0,1522
informative_missing,21037,DIRECT,0.005477483286035156,0.44611315544093105,0.9943494590395162,1522
informative_missing,21037,HARD_FPA,0.06039783722124184,0.5098930514701443,0.9376939307120565,1522
informative_missing,21037,ORDINARY_SOFT,0.39817268870348693,0.8499327833505758,0.5892472930768942,1522
informative_missing,21037,FPA_SOFT,0.061430691803706,0.5100327540766286,0.9366284437320567,1522
informative_missing,21037,ORACLE_RIDGE,8.150787824202913e-07,0.4392430317513926,0.9999991591693109,1522
informative_missing,21038,ZERO,0.9524855549950378,1.4476466252965172,0.0,1552
informative_missing,21038,DIRECT,0.00788838657700624,0.4945412935223243,0.9917181037175442,1552
informative_missing,21038,HARD_FPA,0.06062163754589913,0.5412932613433556,0.9363542709619204,1552
informative_missing,21038,ORDINARY_SOFT,0.3753475341123084,0.8674448954951399,0.6059283711507164,1552
informative_missing,21038,FPA_SOFT,0.058573156625536776,0.5421922511668097,0.9385049397144486,1552
informative_missing,21038,ORACLE_RIDGE,6.872707557584018e-07,0.48755071150702217,0.9999992784449568,1552
informative_missing,21039,ZERO,1.048694485829498,1.5401847263491237,0.0,1460
informative_missing,21039,DIRECT,0.007213021095848259,0.48753507678396546,0.9931219042406398,1460
informative_missing,21039,HARD_FPA,0.07691145352766048,0.5584602073993936,0.9266598093468329,1460
informative_missing,21039,ORDINARY_SOFT,0.4315428685029696,0.9199848926146469,0.5884951486498691,1460
informative_missing,21039,FPA_SOFT,0.0746960914995328,0.5577357363636936,0.9287723045092112,1460
informative_missing,21039,ORACLE_RIDGE,9.6143637328662e-07,0.48516493341505235,0.9999990832064187,1460
informative_missing,21040,ZERO,0.9853411993438113,1.550594021791605,0.0,1494
informative_missing,21040,DIRECT,0.00766015233627874,0.547466500620398,0.9922258885131566,1494
informative_missing,21040,HARD_FPA,0.07451000674750492,0.6115590919908038,0.9243815169840407,1494
informative_missing,21040,ORDINARY_SOFT,0.4325957860973273,0.9855227862139457,0.5609685392375607,1494
informative_missing,21040,FPA_SOFT,0.07095932714603825,0.6072387113882004,0.9279850196121976,1494
informative_missing,21040,ORACLE_RIDGE,8.80622085343617e-07,0.5428470946118641,0.9999991062770075,1494
informative_missing,21041,ZERO,0.9630360507552751,1.4732294816576614,0.0,1507
informative_missing,21041,DIRECT,0.004173057857457179,0.49164221216730775,0.9956667688045693,1507
informative_missing,21041,HARD_FPA,0.058953317283504725,0.5523143341432944,0.938783893669121,1507
informative_missing,21041,ORDINARY_SOFT,0.3894014893729491,0.8933650614909082,0.5956522198026177,1507
informative_missing,21041,FPA_SOFT,0.05947137904951522,0.5513702052619894,0.9382459472800899,1507
informative_missing,21041,ORACLE_RIDGE,7.509667193541024e-07,0.4875377928985506,0.9999992202091306,1507
informative_missing,21042,ZERO,0.9855173898976525,1.4127565032014866,0.0,1539
informative_missing,21042,DIRECT,0.006677550870326187,0.4843931709650893,0.9932243195921487,1539
informative_missing,21042,HARD_FPA,0.07447835785626422,0.5458656520041623,0.9244271500231985,1539
informative_missing,21042,ORDINARY_SOFT,0.4023197205805489,0.8486432801706072,0.5917680147457058,1539
informative_missing,21042,FPA_SOFT,0.07255876926448117,0.5465746722177734,0.9263749478108991,1539
informative_missing,21042,ORACLE_RIDGE,7.298084731824489e-07,0.4721579265589224,0.9999992594666713,1539
informative_missing,21043,ZERO,0.9940198044003389,1.452931713566201,0.0,1531
informative_missing,21043,DIRECT,0.006976393437958369,0.4955329599310698,0.992981635368757,1531
informative_missing,21043,HARD_FPA,0.0796246885995235,0.5715299910005455,0.9198962754594627,1531
informative_missing,21043,ORDINARY_SOFT,0.4295370749019939,0.9001769646932174,0.5678787555333265,1531
informative_missing,21043,FPA_SOFT,0.07735614065948133,0.5711792569109155,0.9221784713774914,1531
informative_missing,21043,ORACLE_RIDGE,8.15113426882121e-07,0.4867083767631552,0.9999991799827094,1531
informative_missing,21044,ZERO,1.0100655975859365,1.4735064762970922,0.0,1558
informative_missing,21044,DIRECT,0.008431808187355297,0.48371676515568196,0.9916522172346951,1558
informative_missing,21044,HARD_FPA,0.07229661155476987,0.522623068259086,0.9284238452160343,1558
informative_missing,21044,ORDINARY_SOFT,0.40845399299165014,0.8714329096391195,0.5956163698992838,1558
informative_missing,21044,FPA_SOFT,0.07044376930703217,0.5206251592685007,0.9302582233516385,1558
informative_missing,21044,ORACLE_RIDGE,6.987213381032533e-07,0.47043718738704493,0.9999993082416233,1558
informative_missing,21045,ZERO,0.9341924355637578,1.4485953106698453,0.0,1535
informative_missing,21045,DIRECT,0.003930369967167526,0.49021570147086446,0.9957927619433188,1535
informative_missing,21045,HARD_FPA,0.0639176205263753,0.5417434093397954,0.9315798136517741,1535
informative_missing,21045,ORDINARY_SOFT,0.38030309494744086,0.8826471183596685,0.5929071137062472,1535
informative_missing,21045,FPA_SOFT,0.06278795732707876,0.5397967676389125,0.9327890540141357,1535
informative_missing,21045,ORACLE_RIDGE,6.726544367001311e-07,0.48730480892974687,0.9999992799615892,1535
informative_missing,21046,ZERO,0.9121489056623409,1.387088942116031,0.0,1524
informative_missing,21046,DIRECT,0.005674909959854665,0.4790769091139936,0.9937785268122051,1524
informative_missing,21046,HARD_FPA,0.05098899114942864,0.5154308490442187,0.9441001454555231,1524
informative_missing,21046,ORDINARY_SOFT,0.38108549914184325,0.8536995784900262,0.5822113069739148,1524
informative_missing,21046,FPA_SOFT,0.05168666799522881,0.5148552019259505,0.9433352737975413,1524
informative_missing,21046,ORACLE_RIDGE,7.813530757946479e-07,0.47073204325212925,0.9999991433930678,1524
informative_missing,21047,ZERO,1.0411185526324187,1.5602052155737642,0.0,1499
informative_missing,21047,DIRECT,0.006479950750905217,0.48552026902840795,0.9937759722612559,1499
informative_missing,21047,HARD_FPA,0.06809038656256665,0.5492709680137843,0.9345988154851306,1499
informative_missing,21047,ORDINARY_SOFT,0.4272403506022751,0.9329188835379549,0.589633332801516,1499
informative_missing,21047,FPA_SOFT,0.06553328515910402,0.5437410519494341,0.937054925211537,1499
informative_missing,21047,ORACLE_RIDGE,8.049137557084373e-07,0.47410558180093215,0.9999992268759847,1499
informative_missing,21048,ZERO,1.0212325296360767,1.4926060152529323,0.0,1484
informative_missing,21048,DIRECT,0.008011766048011154,0.464198770199564,0.9921548072397711,1484
informative_missing,21048,HARD_FPA,0.061051221914038105,0.5088996751082429,0.9402180990691766,1484
informative_missing,21048,ORDINARY_SOFT,0.40465375877626253,0.8671024341932169,0.6037594308512051,1484
informative_missing,21048,FPA_SOFT,0.05905098820437009,0.507190610681077,0.9421767457550404,1484
informative_missing,21048,ORACLE_RIDGE,8.596883876297935e-07,0.4550869058624409,0.9999991581854645,1484
informative_missing,21049,ZERO,1.0795206168488412,1.584031292274478,0.0,1515
informative_missing,21049,DIRECT,0.008492230185928594,0.5202759771182304,0.9921333320981699,1515
informative_missing,21049,HARD_FPA,0.08371148271207354,0.6127459105550855,0.922454947681842,1515
informative_missing,21049,ORDINARY_SOFT,0.4335880204020098,0.9428888656449397,0.5983513296228945,1515
informative_missing,21049,FPA_SOFT,0.08004985097735419,0.6096863979418725,0.9258468530123838,1515
informative_missing,21049,ORACLE_RIDGE,8.971974007282573e-07,0.5182058421482344,0.9999991688927596,1515
informative_missing,21050,ZERO,1.0171470745145674,1.5143607916375912,0.0,1567
informative_missing,21050,DIRECT,0.010864892403351808,0.4855345101556632,0.9893182680503337,1567
informative_missing,21050,HARD_FPA,0.07436435649440684,0.5595534470448565,0.9268892784950523,1567
informative_missing,21050,ORDINARY_SOFT,0.41544723404156725,0.9058061231100574,0.5915563791599764,1567
informative_missing,21050,FPA_SOFT,0.07485701148726295,0.5608586285602987,0.926404928684489,1567
informative_missing,21050,ORACLE_RIDGE,7.636340552736226e-07,0.4784535498255017,0.9999992492392945,1567
informative_missing,21051,ZERO,0.9476894900748778,1.4894145812228399,0.0,1507
informative_missing,21051,DIRECT,0.006291283511036441,0.4907328842174786,0.9933614505838412,1507
informative_missing,21051,HARD_FPA,0.06492886740853904,0.5537617891800742,0.9314871927054832,1507
informative_missing,21051,ORDINARY_SOFT,0.3896071984077052,0.9112168768065434,0.5888872858799754,1507
informative_missing,21051,FPA_SOFT,0.06233173017701321,0.5500560456493495,0.9342276865684263,1507
informative_missing,21051,ORACLE_RIDGE,8.016417628778072e-07,0.48234779132264294,0.9999991541092612,1507
informative_missing,21052,ZERO,0.9212126833982183,1.4300737980857032,0.0,1527
informative_missing,21052,DIRECT,0.008755626634945076,0.5269323358373414,0.9904955426768042,1527
informative_missing,21052,HARD_FPA,0.0530517815115458,0.5615340349535306,0.9424109302144587,1527
informative_missing,21052,ORDINARY_SOFT,0.35463773647237684,0.8614860008150117,0.615031639421018,1527
informative_missing,21052,FPA_SOFT,0.053362228414176205,0.5600915471696173,0.9420739321376571,1527
informative_missing,21052,ORACLE_RIDGE,7.566528697876571e-07,0.5241901793436317,0.9999991786338992,1527
informative_missing,21053,ZERO,0.9979169356945732,1.443314564442604,0.0,1513
informative_missing,21053,DIRECT,0.008377416143890896,0.47587251850776086,0.9916050967327656,1513
informative_missing,21053,HARD_FPA,0.07090759966274068,0.5166015121647396,0.9289443869259646,1513
informative_missing,21053,ORDINARY_SOFT,0.4104214261420425,0.8583994778394541,0.5887218550345779,1513
informative_missing,21053,FPA_SOFT,0.07010168169102396,0.5153793794642193,0.9297519871809455,1513
informative_missing,21053,ORACLE_RIDGE,8.100571579029573e-07,0.46709640277832193,0.9999991882519187,1513
informative_missing,21054,ZERO,1.089684912848997,1.5615107672633706,0.0,1488
informative_missing,21054,DIRECT,0.0038566489311925656,0.5371836735922405,0.9964607668825025,1488
informative_missing,21054,HARD_FPA,0.0685589789233947,0.5908549926184911,0.9370836669251974,1488
informative_missing,21054,ORDINARY_SOFT,0.4364394061485687,0.9293843396614462,0.5994810967810029,1488
informative_missing,21054,FPA_SOFT,0.06862602102607127,0.5914745636721239,0.9370221426241027,1488
informative_missing,21054,ORACLE_RIDGE,7.673977767959168e-07,0.5302970201676269,0.9999992957617677,1488
informative_missing,21055,ZERO,1.0001390046411505,1.5968560371468634,0.0,1495
informative_missing,21055,DIRECT,0.006635148499941429,0.5296151149079409,0.9933657736883064,1495
informative_missing,21055,HARD_FPA,0.08147995526783587,0.6154569332119938,0.9185313692499466,1495
informative_missing,21055,ORDINARY_SOFT,0.41828629499200154,0.9904457660613233,0.5817718406632061,1495
informative_missing,21055,FPA_SOFT,0.07795993750776722,0.6118333365778056,0.922050897779215,1495
informative_missing,21055,ORACLE_RIDGE,8.496106106374351e-07,0.5233555397612079,0.9999991505074728,1495
informative_missing,21056,ZERO,0.965672100265563,1.4562664152956715,0.0,1507
informative_missing,21056,DIRECT,0.004418347522542083,0.4631906868022137,0.9954245881999417,1507
informative_missing,21056,HARD_FPA,0.06524633584062674,0.533286208716513,0.9324342747163517,1507
informative_missing,21056,ORDINARY_SOFT,0.39647168225231627,0.8773167457719222,0.5894344652358857,1507
informative_missing,21056,FPA_SOFT,0.06419768752332497,0.5331738093469983,0.9335202005880978,1507
informative_missing,21056,ORACLE_RIDGE,7.43989944759333e-07,0.45966960344611457,0.9999992295625559,1507
informative_missing,21057,ZERO,1.0615920022764842,1.5445143575099367,0.0,1532
informative_missing,21057,DIRECT,0.010228458065582256,0.4922147734992668,0.9903649819858775,1532
informative_missing,21057,HARD_FPA,0.07583317113514143,0.5703211392864735,0.9285665576110932,1532
informative_missing,21057,ORDINARY_SOFT,0.44228805635319324,0.9279786066367528,0.5833728443651157,1532
informative_missing,21057,FPA_SOFT,0.07269285402100685,0.565798112626839,0.9315246781577821,1532
informative_missing,21057,ORACLE_RIDGE,7.312260647680966e-07,0.4839991673352623,0.9999993111985931,1532
informative_missing,21058,ZERO,0.9760938781217385,1.3239052331873358,0.0,1521
informative_missing,21058,DIRECT,0.0050360488920034386,0.47617778317673515,0.9948406101043333,1521
informative_missing,21058,HARD_FPA,0.06536971259524593,0.5214352177466618,0.9330292771418314,1521
informative_missing,21058,ORDINARY_SOFT,0.40428476956011955,0.7937759872341779,0.5858136408579164,1521
informative_missing,21058,FPA_SOFT,0.06489264018998714,0.520599813937554,0.9335180338239005,1521
informative_missing,21058,ORACLE_RIDGE,8.595076212239561e-07,0.464561022024356,0.9999991194416434,1521
informative_missing,21059,ZERO,1.0317925241088604,1.5708497847419822,0.0,1521
informative_missing,21059,DIRECT,0.004132945174939011,0.5006352975226194,0.9959944028684365,1521
informative_missing,21059,HARD_FPA,0.06841999401208053,0.5533944172322661,0.9336882247027584,1521
informative_missing,21059,ORDINARY_SOFT,0.42867239451030986,0.9466987897782936,0.5845362468772042,1521
informative_missing,21059,FPA_SOFT,0.06707633469830468,0.5492164724476297,0.9349904819709396,1521
informative_missing,21059,ORACLE_RIDGE,8.559886108143333e-07,0.49902518368962573,0.9999991703868841,1521
informative_missing,21060,ZERO,1.0229546839941235,1.5446991749664807,0.0,1513
informative_missing,21060,DIRECT,0.006768238912344723,0.47713185523768403,0.9933836375958335,1513
informative_missing,21060,HARD_FPA,0.07127164540591302,0.5217920179959308,0.930327661116294,1513
informative_missing,21060,ORDINARY_SOFT,0.4310782048139336,0.9265872964376263,0.5785950134850646,1513
informative_missing,21060,FPA_SOFT,0.07026047410465244,0.5201039724018597,0.9313161421478412,1513
informative_missing,21060,ORACLE_RIDGE,8.562551870365295e-07,0.472402420385431,0.9999991629588285,1513
informative_missing,21061,ZERO,1.0181646854326556,1.5450493623093162,0.0,1575
informative_missing,21061,DIRECT,0.005733571568177905,0.4851733595780568,0.9943687188819149,1575
informative_missing,21061,HARD_FPA,0.07869684906534144,0.5444564585918896,0.92270715121896,1575
informative_missing,21061,ORDINARY_SOFT,0.4173061833967242,0.9205366129358012,0.5901388160802341,1575
informative_missing,21061,FPA_SOFT,0.07690869228408675,0.5415666738617193,0.9244634061812845,1575
informative_missing,21061,ORACLE_RIDGE,8.183338709387433e-07,0.48190399890109337,0.9999991962657097,1575
informative_missing,21062,ZERO,1.0178685579222566,1.5012076504051486,0.0,1536
informative_missing,21062,DIRECT,0.008401357954225445,0.5003796074507509,0.9917461268561287,1536
informative_missing,21062,HARD_FPA,0.0643190107312611,0.5535285930147764,0.9368101016279022,1536
informative_missing,21062,ORDINARY_SOFT,0.41586965385422003,0.901133611101576,0.5914308870065484,1536
informative_missing,21062,FPA_SOFT,0.06346081677655843,0.5523593687187152,0.9376532300927941,1536
informative_missing,21062,ORACLE_RIDGE,8.34722778862283e-07,0.4873160840047539,0.9999991799306773,1536
informative_missing,21063,ZERO,0.966484027017063,1.4474599436765494,0.0,1487
informative_missing,21063,DIRECT,0.009123214514945055,0.4680331154811615,0.990560408387604,1487
informative_missing,21063,HARD_FPA,0.0730862444755386,0.5312108534589599,0.9243792525975721,1487
informative_missing,21063,ORDINARY_SOFT,0.4034987269551808,0.8752986271165454,0.5825086440377797,1487
informative_missing,21063,FPA_SOFT,0.06895278099107371,0.5254270462055574,0.9286560573547312,1487
informative_missing,21063,ORACLE_RIDGE,8.153185645879061e-07,0.45855118576945375,0.9999991564076158,1487
informative_missing,21064,ZERO,0.9858787755489107,1.416447347197493,0.0,1523
informative_missing,21064,DIRECT,0.006471242697908348,0.5037897915604653,0.9934360665241978,1523
informative_missing,21064,HARD_FPA,0.08097661218521056,0.5871080616977513,0.9178635201471652,1523
informative_missing,21064,ORDINARY_SOFT,0.40551431762059315,0.8618165671222039,0.5886773022425462,1523
informative_missing,21064,FPA_SOFT,0.07567629838595398,0.582501885461685,0.923239752936339,1523
informative_missing,21064,ORACLE_RIDGE,7.951822159895398e-07,0.49545184051290486,0.9999991934279998,1523
informative_missing,21065,ZERO,0.9764269761259627,1.571187619527246,0.0,1510
informative_missing,21065,DIRECT,0.012482989288058874,0.5095206495625011,0.9872156448016359,1510
informative_missing,21065,HARD_FPA,0.06849748749936531,0.5830163094190959,0.9298488374715603,1510
informative_missing,21065,ORDINARY_SOFT,0.3960028740474448,0.9578129757643156,0.5944367743519214,1510
informative_missing,21065,FPA_SOFT,0.0690167191173121,0.5838392957063842,0.9293170704980516,1510
informative_missing,21065,ORACLE_RIDGE,8.477015264516224e-07,0.5088888097295471,0.9999991318331558,1510
informative_missing,21066,ZERO,1.0029214248671818,1.4728665526854585,0.0,1475
informative_missing,21066,DIRECT,0.01646613880030169,0.4802647009256846,0.9835818256624816,1475
informative_missing,21066,HARD_FPA,0.06512344634171052,0.5188558649037026,0.9350662527223058,1475
informative_missing,21066,ORDINARY_SOFT,0.40543157857704437,0.8689493086730685,0.595749409151633,1475
informative_missing,21066,FPA_SOFT,0.06460309335880278,0.5171067773556345,0.9355850899612018,1475
informative_missing,21066,ORACLE_RIDGE,7.949432917360002e-07,0.46374636903179106,0.9999992073723105,1475
informative_missing,21067,ZERO,0.9566436278606332,1.45534984880803,0.0,1548
informative_missing,21067,DIRECT,0.005869367650791255,0.4901532813853665,0.9938646247360503,1548
informative_missing,21067,HARD_FPA,0.06594250766284811,0.5603297719984707,0.9310688894564457,1548
informative_missing,21067,ORDINARY_SOFT,0.3824738303810202,0.8794507340172906,0.6001919427024709,1548
informative_missing,21067,FPA_SOFT,0.0643351940043505,0.5573115031445292,0.9327490487254643,1548
informative_missing,21067,ORACLE_RIDGE,7.452126366046242e-07,0.48895970734267175,0.9999992210133273,1548
informative_missing,21068,ZERO,0.9516706024745785,1.474386848325973,0.0,1510
informative_missing,21068,DIRECT,0.006373441832841152,0.47274299097329353,0.9933028909201685,1510
informative_missing,21068,HARD_FPA,0.07020477809896063,0.5364382602370417,0.9262299603282786,1510
informative_missing,21068,ORDINARY_SOFT,0.37710679590891266,0.8803383436608228,0.6037423086009572,1510
informative_missing,21068,FPA_SOFT,0.067003253077983,0.5333841239811044,0.9295940707806273,1510
informative_missing,21068,ORACLE_RIDGE,8.759260136538213e-07,0.4699713703279169,0.9999990795911827,1510
informative_missing,21069,ZERO,0.9467403693677366,1.443898414271073,0.0,1518
informative_missing,21069,DIRECT,0.008872213641778011,0.4886982898625327,0.9906286729404988,1518
informative_missing,21069,HARD_FPA,0.06347630947461758,0.5446184707145441,0.9329527803731353,1518
informative_missing,21069,ORDINARY_SOFT,0.415998646549763,0.9070117940149192,0.560599019531004,1518
informative_missing,21069,FPA_SOFT,0.06205911473548613,0.5411800217360021,0.9344497005267335,1518
informative_missing,21069,ORACLE_RIDGE,8.210524359690996e-07,0.47907960007896977,0.9999991327586079,1518
informative_missing,21070,ZERO,1.0214854545300958,1.5270269380208175,0.0,1513
informative_missing,21070,DIRECT,0.005618989137930358,0.5120885167895328,0.9944991980913569,1513
informative_missing,21070,HARD_FPA,0.06961245654471751,0.5920973877693,0.9318517398010913,1513
informative_missing,21070,ORDINARY_SOFT,0.414565984249143,0.9211024695962421,0.5941538057046032,1513
informative_missing,21070,FPA_SOFT,0.0689688608876903,0.5892300297605093,0.9324817983635241,1513
informative_missing,21070,ORACLE_RIDGE,7.961833679443606e-07,0.506704199972843,0.9999992205631862,1513
informative_missing,21071,ZERO,0.9948164745258213,1.528940370782455,0.0,1521
informative_missing,21071,DIRECT,0.00826845062667909,0.5401560573670016,0.9916884663267964,1521
informative_missing,21071,HARD_FPA,0.06426682795980283,0.5965820047632481,0.9353983075215602,1521
informative_missing,21071,ORDINARY_SOFT,0.42603154788985875,0.961086613238171,0.5717486000692475,1521
informative_missing,21071,FPA_SOFT,0.0629851944713573,0.595486360416501,0.9366866190054008,1521
informative_missing,21071,ORACLE_RIDGE,8.285278621353971e-07,0.5292140427586787,0.999999167155065,1521
informative_missing,21072,ZERO,1.029963573022973,1.5202839332698368,0.0,1516
informative_missing,21072,DIRECT,0.005378201439073653,0.4945478980470557,0.99477826053276,1516
informative_missing,21072,HARD_FPA,0.05854184501826673,0.5502974507589348,0.9431612471046479,1516
informative_missing,21072,ORDINARY_SOFT,0.4212319135141835,0.9107457038518385,0.5910225132740805,1516
informative_missing,21072,FPA_SOFT,0.057811842390697865,0.5499113379829283,0.9438700125859613,1516
informative_missing,21072,ORACLE_RIDGE,7.78772555528122e-07,0.48893105672251785,0.9999992438833994,1516
informative_missing,21073,ZERO,1.02002245040367,1.5429384765138414,0.0,1522
informative_missing,21073,DIRECT,0.008853051637524593,0.5213714490275977,0.9913207286427657,1522
informative_missing,21073,HARD_FPA,0.06880008712794904,0.5668424745930384,0.9325504187670363,1522
informative_missing,21073,ORDINARY_SOFT,0.43238673900511315,0.9493226882470545,0.5761007624547894,1522
informative_missing,21073,FPA_SOFT,0.06789714684808501,0.5637922557053965,0.9334356348517476,1522
informative_missing,21073,ORACLE_RIDGE,8.635173995521247e-07,0.5071482119752375,0.9999991534329473,1522
informative_missing,21074,ZERO,1.030016761028301,1.4926980131661538,0.0,1510
informative_missing,21074,DIRECT,0.005883287238637052,0.47887586692521816,0.9942881635899171,1510
informative_missing,21074,HARD_FPA,0.0652872037161738,0.524590781685655,0.9366153967718007,1510
informative_missing,21074,ORDINARY_SOFT,0.4262855894119382,0.8898865685566241,0.5861372304404419,1510
informative_missing,21074,FPA_SOFT,0.06581127383239448,0.5254152845249036,0.9361065991133068,1510
informative_missing,21074,ORACLE_RIDGE,8.146068328813252e-07,0.4780700357898435,0.9999992091324494,1510
informative_missing,21075,ZERO,1.028209422219177,1.5275302196689293,0.0,1540
informative_missing,21075,DIRECT,0.007260446437134635,0.5111408643827499,0.9929387474183378,1540
informative_missing,21075,HARD_FPA,0.07697261037459772,0.5925544890206775,0.9251391703759451,1540
informative_missing,21075,ORDINARY_SOFT,0.4497520157037551,0.9533172344983821,0.562587148119049,1540
informative_missing,21075,FPA_SOFT,0.07514542839934854,0.5888423567676538,0.9269162227310048,1540
informative_missing,21075,ORACLE_RIDGE,8.368219524560511e-07,0.502447024870292,0.999999186136662,1540
informative_missing,21076,ZERO,1.00174394479561,1.4797459768711607,0.0,1544
informative_missing,21076,DIRECT,0.002066236100870253,0.46767234201063784,0.9979373610276309,1544
informative_missing,21076,HARD_FPA,0.062336600055919573,0.5386386297630892,0.9377719222763674,1544
informative_missing,21076,ORDINARY_SOFT,0.413860383093049,0.8885205578439259,0.586860110067857,1544
informative_missing,21076,FPA_SOFT,0.05995947968778745,0.5346991456263556,0.9401449042948583,1544
informative_missing,21076,ORACLE_RIDGE,7.162175885974055e-07,0.46563604345384163,0.9999992850292808,1544
informative_missing,21077,ZERO,0.963752183424772,1.4853990146928928,0.0,1514
informative_missing,21077,DIRECT,0.007413454150745169,0.4658455090475421,0.992307717400545,1514
informative_missing,21077,HARD_FPA,0.07278854322439433,0.5540496834740982,0.9244737968159674,1514
informative_missing,21077,ORDINARY_SOFT,0.3793025002828958,0.8824899456337902,0.6064315009538931,1514
informative_missing,21077,FPA_SOFT,0.07151923475520865,0.5511909852668737,0.9257908454214244,1514
informative_missing,21077,ORACLE_RIDGE,8.130743015308845e-07,0.46136576469108415,0.9999991563450485,1514
informative_missing,21078,ZERO,1.0037325142906597,1.546498851252928,0.0,1533
informative_missing,21078,DIRECT,0.0074600974749734605,0.49067560486013195,0.9925676439003817,1533
informative_missing,21078,HARD_FPA,0.06053810319038955,0.5589186794057984,0.939687015884733,1533
informative_missing,21078,ORDINARY_SOFT,0.4001647804193186,0.9233144945130823,0.6013232861126193,1533
informative_missing,21078,FPA_SOFT,0.05884219944743604,0.5570038371118625,0.9413766131816304,1533
informative_missing,21078,ORACLE_RIDGE,8.307699787824052e-07,0.4883289875784259,0.9999991723193511,1533
informative_missing,21079,ZERO,0.9723414293961139,1.418226798297462,0.0,1525
informative_missing,21079,DIRECT,0.008436681076679371,0.46707451839300307,0.991323334765321,1525
informative_missing,21079,HARD_FPA,0.06897621732306568,0.5307259250324583,0.9290617315710755,1525
informative_missing,21079,ORDINARY_SOFT,0.39079388104676277,0.8438777681855623,0.5980898589403203,1525
informative_missing,21079,FPA_SOFT,0.0659850303724897,0.5276532944182102,0.9321380038146985,1525
informative_missing,21079,ORACLE_RIDGE,7.368064175334647e-07,0.4630553539025764,0.9999992422348825,1525
informative_missing,21080,ZERO,1.031711601500386,1.528090467262541,0.0,1561
informative_missing,21080,DIRECT,0.006026695272373715,0.5276421804361553,0.9941585465709514,1561
informative_missing,21080,HARD_FPA,0.08449045148150876,0.5954529634237347,0.9181065218626631,1561
informative_missing,21080,ORDINARY_SOFT,0.4499405637143546,0.9507483656022241,0.5638892079336706,1561
informative_missing,21080,FPA_SOFT,0.08363085211062662,0.5938766873144329,0.9189396998259931,1561
informative_missing,21080,ORACLE_RIDGE,8.049752184089826e-07,0.5194351574900983,0.9999992197672128,1561
informative_missing,21081,ZERO,1.0805989448303304,1.6542994061165555,0.0,1488
informative_missing,21081,DIRECT,0.005389564122998644,0.5281390991928564,0.9950124288490353,1488
informative_missing,21081,HARD_FPA,0.0757005690396209,0.5939863854604969,0.9299457311134919,1488
informative_missing,21081,ORDINARY_SOFT,0.43980457912050364,0.9917261362856341,0.5929992517348244,1488
informative_missing,21081,FPA_SOFT,0.07606708517243374,0.5933464472540652,0.9296065524250744,1488
informative_missing,21081,ORACLE_RIDGE,8.56930578948772e-07,0.5253597679205179,0.999999206985549,1488
informative_missing,21082,ZERO,0.9148805370911854,1.4241765049854556,0.0,1531
informative_missing,21082,DIRECT,0.007772347130380209,0.4966273114897605,0.9915045223772144,1531
informative_missing,21082,HARD_FPA,0.06033486735613153,0.5594161680698716,0.9340516440015622,1531
informative_missing,21082,ORDINARY_SOFT,0.3599541428075053,0.8624179884265253,0.6065561259484646,1531
informative_missing,21082,FPA_SOFT,0.059284727645691954,0.5578027663322281,0.935199487537264,1531
informative_missing,21082,ORACLE_RIDGE,6.080015510102084e-07,0.4890045580684273,0.999999335430664,1531
informative_missing,21083,ZERO,1.0830135576192956,1.5845143251384344,0.0,1548
informative_missing,21083,DIRECT,0.006747380441694849,0.5004432420145432,0.9937698098105742,1548
informative_missing,21083,HARD_FPA,0.07427800900882675,0.5671119153562221,0.9314154393670692,1548
informative_missing,21083,ORDINARY_SOFT,0.4596431813601593,0.9589265987304708,0.575588709738263,1548
informative_missing,21083,FPA_SOFT,0.07058493850037573,0.5636495113044898,0.9348254340827117,1548
informative_missing,21083,ORACLE_RIDGE,8.671958334656532e-07,0.4954068453145099,0.9999991992751823,1548
informative_missing,21084,ZERO,0.971998755863585,1.4983489625527397,0.0,1560
informative_missing,21084,DIRECT,0.008752127500995159,0.5437513725750557,0.9909957420745675,1560
informative_missing,21084,HARD_FPA,0.062052908374564786,0.6046654045371127,0.9361594775711075,1560
informative_missing,21084,ORDINARY_SOFT,0.3991207314074542,0.9303070611829073,0.589381437990782,1560
informative_missing,21084,FPA_SOFT,0.06004497240631188,0.6025433200330271,0.9382252579603725,1560
informative_missing,21084,ORACLE_RIDGE,7.033715699595435e-07,0.5419646352432728,0.9999992763657714,1560
informative_missing,21085,ZERO,1.0676476135888664,1.5294349379564296,0.0,1548
informative_missing,21085,DIRECT,0.006618370539122764,0.4915963992382148,0.9938009784737163,1548
informative_missing,21085,HARD_FPA,0.08052675580194081,0.5663561171488563,0.9245755296251237,1548
informative_missing,21085,ORDINARY_SOFT,0.46825553955201743,0.9409033261339692,0.561413772117197,1548
informative_missing,21085,FPA_SOFT,0.08065435538563907,0.5673121354898611,0.9244560149256347,1548
informative_missing,21085,ORACLE_RIDGE,8.449122965934926e-07,0.4876893509489492,0.9999992086225026,1548
informative_missing,21086,ZERO,1.072129122863064,1.5271309579761705,0.0,1527
informative_missing,21086,DIRECT,0.006475462483710923,0.49935167641693556,0.993960184136759,1527
informative_missing,21086,HARD_FPA,0.08927651619086893,0.5776582558021398,0.916729697676283,1527
informative_missing,21086,ORDINARY_SOFT,0.4629353843790053,0.932125442264365,0.5682093000675508,1527
informative_missing,21086,FPA_SOFT,0.08442411971007625,0.5746419325570659,0.9212556417788316,1527
informative_missing,21086,ORACLE_RIDGE,8.580450798489348e-07,0.4933146686516199,0.9999991996812123,1527
informative_missing,21087,ZERO,0.9709548142322224,1.4977971174075029,0.0,1495
informative_missing,21087,DIRECT,0.01118419296250589,0.5341109584493011,0.988481242588668,1495
informative_missing,21087,HARD_FPA,0.07367891320116507,0.5926266815482342,0.9241170524918543,1495
informative_missing,21087,ORDINARY_SOFT,0.3913941631884262,0.9140051311517025,0.5968976542972093,1495
informative_missing,21087,FPA_SOFT,0.07214109571076278,0.59027741938545,0.9257008723234892,1495
informative_missing,21087,ORACLE_RIDGE,8.349350768327541e-07,0.5218428927329641,0.9999991400886379,1495
informative_missing,21088,ZERO,0.9901884462458942,1.5129147869904187,0.0,1536
informative_missing,21088,DIRECT,0.010013983964509574,0.49586291376557917,0.9898867897292928,1536
informative_missing,21088,HARD_FPA,0.06397665071786361,0.5671255639897643,0.935389419094498,1536
informative_missing,21088,ORDINARY_SOFT,0.3908227297957878,0.9033928380458026,0.6053046960126471,1536
informative_missing,21088,FPA_SOFT,0.06364291217365288,0.5653742773825242,0.9357264645785935,1536
informative_missing,21088,ORACLE_RIDGE,7.784815645158907e-07,0.4835518556984734,0.9999992138046374,1536
informative_missing,21089,ZERO,1.037571198552583,1.6073627216505348,0.0,1535
informative_missing,21089,DIRECT,0.01027385558110646,0.5142369967480402,0.9900981681108356,1535
informative_missing,21089,HARD_FPA,0.07560297399583807,0.5809571041845307,0.9271346640102341,1535
informative_missing,21089,ORDINARY_SOFT,0.4295286187932455,0.9738284997820682,0.5860249210922199,1535
informative_missing,21089,FPA_SOFT,0.07400589559421376,0.578681982362062,0.9286739110554992,1535
informative_missing,21089,ORACLE_RIDGE,7.216111317410483e-07,0.49988110172858163,0.9999993045189258,1535
informative_missing,21090,ZERO,0.9659451286139229,1.4305612776484997,0.0,1513
informative_missing,21090,DIRECT,0.014520554104045468,0.5119548030548327,0.9849675166074064,1513
informative_missing,21090,HARD_FPA,0.0707355327263717,0.5557167870532739,0.9267706512192124,1513
informative_missing,21090,ORDINARY_SOFT,0.3815549018104787,0.8558425544398574,0.6049931921516198,1513
informative_missing,21090,FPA_SOFT,0.06741445209412555,0.5546543499864882,0.9302088181852922,1513
informative_missing,21090,ORACLE_RIDGE,6.710741244579134e-07,0.49766908085534783,0.9999993052668267,1513
informative_missing,21091,ZERO,0.947277200937731,1.3603325213898225,0.0,1500
informative_missing,21091,DIRECT,0.008231056397310007,0.47031013720524034,0.9913108260294221,1500
informative_missing,21091,HARD_FPA,0.056863919080427865,0.5195808130731185,0.9399711942564046,1500
informative_missing,21091,ORDINARY_SOFT,0.3891178714999909,0.820468238776766,0.5892249163024357,1500
informative_missing,21091,FPA_SOFT,0.05402777053185292,0.5170729358959532,0.9429651948992653,1500
informative_missing,21091,ORACLE_RIDGE,6.327838292247491e-07,0.46373565926372656,0.999999331997193,1500
informative_missing,21092,ZERO,0.9766602996596718,1.4853051783599316,0.0,1524
informative_missing,21092,DIRECT,0.0067554195075541345,0.48376070812366945,0.9930831431257028,1524
informative_missing,21092,HARD_FPA,0.056948219729370135,0.5537049573480243,0.9416908624736622,1524
informative_missing,21092,ORDINARY_SOFT,0.41403225153193546,0.9169262432496172,0.5760734293426183,1524
informative_missing,21092,FPA_SOFT,0.05572307688306035,0.5517628346305468,0.942945283122005,1524
informative_missing,21092,ORACLE_RIDGE,8.03293574812299e-07,0.47766483766631296,0.9999991775097492,1524
informative_missing,21093,ZERO,1.0432712467847922,1.4885753234022938,0.0,1493
informative_missing,21093,DIRECT,0.00932578982256878,0.5019236719763385,0.9910610113608427,1493
informative_missing,21093,HARD_FPA,0.08380205595533659,0.5763000189336975,0.9196737605741535,1493
informative_missing,21093,ORDINARY_SOFT,0.44495402258471,0.9091977690817157,0.5735011158833405,1493
informative_missing,21093,FPA_SOFT,0.07881237927455194,0.573599745026174,0.924456482897003,1493
informative_missing,21093,ORACLE_RIDGE,9.497259035237674e-07,0.49826516805568505,0.9999990896654092,1493
informative_missing,21094,ZERO,1.018961837318308,1.4839639670460374,0.0,1522
informative_missing,21094,DIRECT,0.005311201808823144,0.493189047876888,0.9947876342230823,1522
informative_missing,21094,HARD_FPA,0.08043983413958805,0.5677124409010503,0.9210570688777818,1522
informative_missing,21094,ORDINARY_SOFT,0.42206113811181223,0.8973871738977076,0.5857929878683309,1522
informative_missing,21094,FPA_SOFT,0.07802267024888498,0.566386867816556,0.9234292518214184,1522
informative_missing,21094,ORACLE_RIDGE,8.714464618448087e-07,0.48569540459138627,0.9999991447702653,1522
informative_missing,21095,ZERO,1.0387869666908172,1.548298759561498,0.0,1525
informative_missing,21095,DIRECT,0.007892385018536507,0.49726420274789535,0.992402306467438,1525
informative_missing,21095,HARD_FPA,0.08406051766557464,0.5737778129603945,0.9190781937384528,1525
informative_missing,21095,ORDINARY_SOFT,0.4331927243079493,0.9346942962344365,0.5829821337786537,1525
informative_missing,21095,FPA_SOFT,0.08129789787937083,0.5722567442623726,0.9217376608619232,1525
informative_missing,21095,ORACLE_RIDGE,6.471897078333773e-07,0.4872331360067735,0.9999993769755219,1525
informative_missing,21096,ZERO,1.0305456538306415,1.5025106013223577,0.0,1529
informative_missing,21096,DIRECT,0.005667049649451798,0.4710846907029357,0.9945009232454799,1529
informative_missing,21096,HARD_FPA,0.07572773146275151,0.5543989387891521,0.9265168591209288,1529
informative_missing,21096,ORDINARY_SOFT,0.44450218728084073,0.9184629110768044,0.5686729786025669,1529
informative_missing,21096,FPA_SOFT,0.07283778680270793,0.5513914161187516,0.9293211450342228,1529
informative_missing,21096,ORACLE_RIDGE,8.359466509372722e-07,0.46791594328985353,0.9999991888310354,1529
informative_missing,21097,ZERO,0.9940619318608361,1.5563487055466434,0.0,1516
informative_missing,21097,DIRECT,0.009780849448227857,0.5064102790601643,0.9901607242619999,1516
informative_missing,21097,HARD_FPA,0.08090153025711722,0.5954971419284552,0.9186152012624873,1516
informative_missing,21097,ORDINARY_SOFT,0.4180084134811835,0.9591114896011493,0.5794945967816192,1516
informative_missing,21097,FPA_SOFT,0.08062354822468706,0.5948108874703422,0.9188948438315472,1516
informative_missing,21097,ORACLE_RIDGE,9.454407695203275e-07,0.4922320038874087,0.9999990489116027,1516
informative_missing,21098,ZERO,0.9579023880691864,1.4700387052997381,0.0,1496
informative_missing,21098,DIRECT,0.007736571792620328,0.48034195696505494,0.9919234236296094,1496
informative_missing,21098,HARD_FPA,0.06942887708113879,0.5608016248886081,0.9275198830842416,1496
informative_missing,21098,ORDINARY_SOFT,0.38803620833441954,0.8863369115092659,0.5949104907060814,1496
informative_missing,21098,FPA_SOFT,0.06826173764988022,0.5583673009764241,0.928738315615359,1496
informative_missing,21098,ORACLE_RIDGE,7.219625177445368e-07,0.4771790722491576,0.9999992463088863,1496
informative_missing,21099,ZERO,0.9762333942026191,1.5127440417181695,0.0,1542
informative_missing,21099,DIRECT,0.007420877577887137,0.5403782936181805,0.9923984596081673,1542
informative_missing,21099,HARD_FPA,0.05013912002571972,0.5630751019282993,0.9486402326293365,1542
informative_missing,21099,ORDINARY_SOFT,0.40199875005413166,0.9302688649689266,0.5882145064475268,1542
informative_missing,21099,FPA_SOFT,0.05060760964173445,0.5624319333383454,0.9481603375358099,1542
informative_missing,21099,ORACLE_RIDGE,6.899376238377008e-07,0.5384803501314595,0.9999992932657007,1542
informative_missing,21100,ZERO,0.9387284958637375,1.461409677112492,0.0,1508
informative_missing,21100,DIRECT,0.004412800099373845,0.49795015872518167,0.9952991731700724,1508
informative_missing,21100,HARD_FPA,0.058977210955331476,0.5713084681955314,0.9371733028077882,1508
informative_missing,21100,ORDINARY_SOFT,0.385589079876921,0.9014359451906812,0.5892432353167942,1508
informative_missing,21100,FPA_SOFT,0.05820189959451513,0.5685289568896309,0.9379992193153115,1508
informative_missing,21100,ORACLE_RIDGE,7.478794463956394e-07,0.48907544182481083,0.9999992033059083,1508
regime_shift,21001,ZERO,0.9788572608975069,1.5166697891521563,0.0,2400
regime_shift,21001,DIRECT,3.936941184106704,4.49442790419529,-3.021976790055122,2400
regime_shift,21001,HARD_FPA,3.7201399731302693,4.29039226883103,-2.8004928008801824,2400
regime_shift,21001,ORDINARY_SOFT,1.8491810718800297,2.3978347054236453,-0.8891222916245514,2400
regime_shift,21001,FPA_SOFT,3.7469264953867705,4.312617522298992,-2.8278578962077083,2400
regime_shift,21001,ORACLE_RIDGE,3.9136805140731123,4.472982055216151,-2.998213703277522,2400
regime_shift,21002,ZERO,1.0075980616116345,1.4919024052453325,0.0,2400
regime_shift,21002,DIRECT,3.998592510346895,4.478141471536218,-2.96844005828199,2400
regime_shift,21002,HARD_FPA,3.804773800232721,4.299983556944821,-2.776082889785492,2400
regime_shift,21002,ORDINARY_SOFT,1.8820791989322576,2.369925654805411,-0.8678868793394727,2400
regime_shift,21002,FPA_SOFT,3.8333321959319937,4.32609417886957,-2.8044259332939268,2400
regime_shift,21002,ORACLE_RIDGE,4.028692348065541,4.50570805274661,-2.998312920155605,2400
regime_shift,21003,ZERO,0.9863846360462124,1.466994828989345,0.0,2400
regime_shift,21003,DIRECT,3.9481930287214815,4.411218728083183,-3.0026911251854775,2400
regime_shift,21003,HARD_FPA,3.8634900618468873,4.326070619847638,-2.916818977770333,2400
regime_shift,21003,ORDINARY_SOFT,1.8649113357465936,2.3394277208767558,-0.8906532681022234,2400
regime_shift,21003,FPA_SOFT,3.878851020569917,4.3414778557519895,-2.9323919684290294,2400
regime_shift,21003,ORACLE_RIDGE,3.943830636394461,4.404702417442847,-2.9982685174444375,2400
regime_shift,21004,ZERO,1.0428862498239209,1.4936230912144643,0.0,2400
regime_shift,21004,DIRECT,4.081609050466165,4.503620682754629,-2.91376245602557,2400
regime_shift,21004,HARD_FPA,3.9048286092711213,4.3274135668101845,-2.7442516956479253,2400
regime_shift,21004,ORDINARY_SOFT,1.9056743850301696,2.3471095358878458,-0.8273079977340965,2400
regime_shift,21004,FPA_SOFT,3.9312993274829107,4.3531047890006835,-2.7696338676885084,2400
regime_shift,21004,ORACLE_RIDGE,4.169825398643491,4.593486793642401,-2.9983511138894747,2400
regime_shift,21005,ZERO,0.971708939175173,1.4636337896201135,0.0,2400
regime_shift,21005,DIRECT,3.89784828200051,4.3687119542950335,-3.011333152197988,2400
regime_shift,21005,HARD_FPA,3.729633953792761,4.202989094214081,-2.838221306226358,2400
regime_shift,21005,ORDINARY_SOFT,1.8490439525027442,2.332366160482,-0.9028784010902378,2400
regime_shift,21005,FPA_SOFT,3.7632419137142747,4.234634293248278,-2.8728077534294076,2400
regime_shift,21005,ORACLE_RIDGE,3.8852214392337707,4.357189162264538,-2.9983386820869513,2400
regime_shift,21006,ZERO,1.1010666834378267,1.5537468601197508,0.0,2400
regime_shift,21006,DIRECT,4.361976961477676,4.806832399482193,-2.961591997188045,2400
regime_shift,21006,HARD_FPA,4.1110278996567,4.550133488706842,-2.7336774979158975,2400
regime_shift,21006,ORDINARY_SOFT,2.047893331784054,2.496413280090189,-0.8599176258698336,2400
regime_shift,21006,FPA_SOFT,4.130150069933078,4.570423258874315,-2.751044448132458,2400
regime_shift,21006,ORACLE_RIDGE,4.402310168542754,4.84892719487158,-2.9982230275077946,2400
regime_shift,21007,ZERO,0.9785960745552715,1.4990616544921915,0.0,2400
regime_shift,21007,DIRECT,3.9442857239890556,4.519902818909199,-3.0305554319554764,2400
regime_shift,21007,HARD_FPA,3.9111834758157693,4.474587143916163,-2.9967291689712003,2400
regime_shift,21007,ORDINARY_SOFT,1.8807330716408641,2.419906822889237,-0.9218686039544699,2400
regime_shift,21007,FPA_SOFT,3.9232460767384905,4.486103450472675,-3.009055603990064,2400
regime_shift,21007,ORACLE_RIDGE,3.9127583637705734,4.486119419837445,-2.9983385029913885,2400
regime_shift,21008,ZERO,1.0352842755588958,1.5198973593971772,0.0,2400
regime_shift,21008,DIRECT,4.091079065581757,4.591462279071511,-2.9516480276619648,2400
regime_shift,21008,HARD_FPA,3.916855776695764,4.429100023137455,-2.7833625692626875,2400
regime_shift,21008,ORDINARY_SOFT,1.9447850254077002,2.436702664009437,-0.8785033940149554,2400
regime_shift,21008,FPA_SOFT,3.9327479335955604,4.445868040755475,-2.798713094017076,2400
regime_shift,21008,ORACLE_RIDGE,4.139410415166522,4.638713705421896,-2.9983321614074274,2400
regime_shift,21009,ZERO,1.0343808285127234,1.5197519846140366,0.0,2400
regime_shift,21009,DIRECT,4.136822322181251,4.601706887139887,-2.999322307751343,2400
regime_shift,21009,HARD_FPA,3.919163653534606,4.386435816823137,-2.7888981944587523,2400
regime_shift,21009,ORDINARY_SOFT,1.9537558541340037,2.431273917339642,-0.8888167687167952,2400
regime_shift,21009,FPA_SOFT,3.9369027830186254,4.4048880379547395,-2.8060477094101515,2400
regime_shift,21009,ORACLE_RIDGE,4.135740930582778,4.600510749018639,-2.9982768595289238,2400
regime_shift,21010,ZERO,1.001528912780911,1.496645543378274,0.0,2400
regime_shift,21010,DIRECT,4.02313343178902,4.5227533083615095,-3.0169918016826127,2400
regime_shift,21010,HARD_FPA,3.8375702380356627,4.3347010269000945,-2.8317118847622806,2400
regime_shift,21010,ORDINARY_SOFT,1.9099555182658026,2.406746170304163,-0.9070398207102124,2400
regime_shift,21010,FPA_SOFT,3.8633499961249966,4.358639930075188,-2.857452288020088,2400
regime_shift,21010,ORACLE_RIDGE,4.004432547815267,4.503871059346393,-2.99831946608141,2400
regime_shift,21011,ZERO,0.9651197471285765,1.4517114530573765,0.0,2400
regime_shift,21011,DIRECT,3.8929599168804825,4.376881649197508,-3.0336548168896282,2400
regime_shift,21011,HARD_FPA,3.7805856873483026,4.261465842219332,-2.9172192866183684,2400
regime_shift,21011,ORDINARY_SOFT,1.8648477032918291,2.3474840408140176,-0.9322448937969847,2400
regime_shift,21011,FPA_SOFT,3.80406121417087,4.283702185391748,-2.941543239052677,2400
regime_shift,21011,ORACLE_RIDGE,3.858860521044042,4.343125357549472,-2.998323039731516,2400
regime_shift,21012,ZERO,0.9419046929747106,1.3867048724770545,0.0,2400
regime_shift,21012,DIRECT,3.8281603799885806,4.218851447942525,-3.0642757261337517,2400
regime_shift,21012,HARD_FPA,3.777837390774751,4.163711289447376,-3.0108488883770574,2400
regime_shift,21012,ORDINARY_SOFT,1.818747813116822,2.2408418054713897,-0.9309255242936283,2400
regime_shift,21012,FPA_SOFT,3.797696487290524,4.182615164005252,-3.0319328649873167,2400
regime_shift,21012,ORACLE_RIDGE,3.7660391660039596,4.156040861180498,-2.998322966318499,2400
regime_shift,21013,ZERO,1.0181825437133691,1.617834123034189,0.0,2400
regime_shift,21013,DIRECT,4.03702846295422,4.735895724192454,-2.9649358436562365,2400
regime_shift,21013,HARD_FPA,3.804883674994309,4.493031339342627,-2.736936660805128,2400
regime_shift,21013,ORDINARY_SOFT,1.9128573342343054,2.546830302927812,-0.8786978288372602,2400
regime_shift,21013,FPA_SOFT,3.816903407918834,4.50491391997502,-2.7487417472296984,2400
regime_shift,21013,ORACLE_RIDGE,4.070990664428494,4.767358326676369,-2.998291553478575,2400
regime_shift,21014,ZERO,0.9683075001797541,1.4791311756589736,0.0,2400
regime_shift,21014,DIRECT,3.850479573735135,4.433229576006112,-2.9765049563494466,2400
regime_shift,21014,HARD_FPA,3.6643010853499103,4.251431009700567,-2.784232885389898,2400
regime_shift,21014,ORDINARY_SOFT,1.832058458877538,2.3727049542573364,-0.8920213450143053,2400
regime_shift,21014,FPA_SOFT,3.68780150583135,4.276524543230788,-2.808502469666667,2400
regime_shift,21014,ORACLE_RIDGE,3.871491764123333,4.455674180105718,-2.998204871287932,2400
regime_shift,21015,ZERO,0.9582756958086073,1.5527616789716416,0.0,2400
regime_shift,21015,DIRECT,3.841169803703477,4.486058039894542,-3.0084182667935044,2400
regime_shift,21015,HARD_FPA,3.6863099288978955,4.323292757844066,-2.846815634604332,2400
regime_shift,21015,ORDINARY_SOFT,1.8433780057955877,2.454253729617632,-0.9236405700972286,2400
regime_shift,21015,FPA_SOFT,3.7393549336621756,4.375729353559804,-2.902170273145509,2400
regime_shift,21015,ORACLE_RIDGE,3.831410079283372,4.481198434503065,-2.9982335939871367,2400
regime_shift,21016,ZERO,0.9805227585313044,1.5029227460459533,0.0,2400
regime_shift,21016,DIRECT,3.967255494346741,4.506415714153106,-3.0460616133879173,2400
regime_shift,21016,HARD_FPA,3.88008738073343,4.428258369760383,-2.957161980151584,2400
regime_shift,21016,ORDINARY_SOFT,1.8543843439127643,2.385644233773203,-0.8912200943610844,2400
regime_shift,21016,FPA_SOFT,3.9028089247871693,4.452652723566067,-2.9803348681402047,2400
regime_shift,21016,ORACLE_RIDGE,3.920436885927837,4.457070370212154,-2.998312993571043,2400
regime_shift,21017,ZERO,0.922154988523947,1.3802202151161738,0.0,2400
regime_shift,21017,DIRECT,3.688612203030068,4.1257680090419715,-2.999991594617156,2400
regime_shift,21017,HARD_FPA,3.698204111184238,4.128684872083857,-3.010393217200713,2400
regime_shift,21017,ORDINARY_SOFT,1.7670597808618793,2.214539681098117,-0.9162286197576552,2400
regime_shift,21017,FPA_SOFT,3.708851274111515,4.1388031555438225,-3.0219391753745324,2400
regime_shift,21017,ORACLE_RIDGE,3.6870908885369134,4.1261824583761415,-2.998341856219504,2400
regime_shift,21018,ZERO,1.0084403367680947,1.443607274676527,0.0,2400
regime_shift,21018,DIRECT,3.991382934765021,4.381350442858225,-2.957976282024602,2400
regime_shift,21018,HARD_FPA,3.829177569173245,4.219429250991933,-2.797128525664894,2400
regime_shift,21018,ORDINARY_SOFT,1.9071735175759643,2.324484732127558,-0.8912110593356264,2400
regime_shift,21018,FPA_SOFT,3.8435382499219752,4.23153173331456,-2.811369011913941,2400
regime_shift,21018,ORACLE_RIDGE,4.032108574981925,4.42244549479106,-2.998361061105756,2400
regime_shift,21019,ZERO,1.0901090394739614,1.4825403679513955,0.0,2400
regime_shift,21019,DIRECT,4.36749832895666,4.692186493195217,-3.0064784079436873,2400
regime_shift,21019,HARD_FPA,4.044578643650066,4.377166075101983,-2.7102514493429037,2400
regime_shift,21019,ORDINARY_SOFT,2.0571640113369374,2.4245516678480077,-0.8871176523126842,2400
regime_shift,21019,FPA_SOFT,4.059576651694812,4.39430563763768,-2.7240097134262684,2400
regime_shift,21019,ORACLE_RIDGE,4.35855031798194,4.684743063607288,-2.9982700446967985,2400
regime_shift,21020,ZERO,1.0369951988973283,1.5488457779817888,0.0,2400
regime_shift,21020,DIRECT,4.169696724576007,4.704861665211256,-3.0209412049446183,2400
regime_shift,21020,HARD_FPA,3.9482774350051537,4.479828458615057,-2.807421132907355,2400
regime_shift,21020,ORDINARY_SOFT,1.9471412140747062,2.4674550426643456,-0.8776762092487667,2400
regime_shift,21020,FPA_SOFT,3.978663130761588,4.511167383777467,-2.8367228073883406,2400
regime_shift,21020,ORACLE_RIDGE,4.146201561493841,4.682113810666902,-2.9982842407589123,2400
regime_shift,21021,ZERO,1.0133962950248088,1.517606092984088,0.0,2400
regime_shift,21021,DIRECT,4.03580625242388,4.532465325885945,-2.9824560956432946,2400
regime_shift,21021,HARD_FPA,3.8528216395580768,4.34664814874952,-2.8018903941855804,2400
regime_shift,21021,ORDINARY_SOFT,1.9422449482954827,2.4427958597049804,-0.9165700109925259,2400
regime_shift,21021,FPA_SOFT,3.8872842450939955,4.380150475652972,-2.8358974314178163,2400
regime_shift,21021,ORACLE_RIDGE,4.051885984308805,4.547737678711196,-2.998323266229833,2400
regime_shift,21022,ZERO,0.9494155627676752,1.490206020177441,0.0,2400
regime_shift,21022,DIRECT,3.8104318799628953,4.349220347182761,-3.0134499890174213,2400
regime_shift,21022,HARD_FPA,3.726983372983374,4.272328691087744,-2.92555538284912,2400
regime_shift,21022,ORDINARY_SOFT,1.8016307483363918,2.3441496292009405,-0.8976208301077282,2400
regime_shift,21022,FPA_SOFT,3.752989858231748,4.297914094106459,-2.9529474820185935,2400
regime_shift,21022,ORACLE_RIDGE,3.7960670552911466,4.334470993828808,-2.9983198129016295,2400
regime_shift,21023,ZERO,0.9576318609682858,1.4303932698671469,0.0,2400
regime_shift,21023,DIRECT,3.7614410345867735,4.239032168384301,-2.9278570272124043,2400
regime_shift,21023,HARD_FPA,3.68505996055918,4.168033174512811,-2.848096654630019,2400
regime_shift,21023,ORDINARY_SOFT,1.8304233624147608,2.3048435322432463,-0.9114060810006608,2400
regime_shift,21023,FPA_SOFT,3.700219648183567,4.182805813192538,-2.8639270464979947,2400
regime_shift,21023,ORACLE_RIDGE,3.8289503814499857,4.302807780902689,-2.998353164209091,2400
regime_shift,21024,ZERO,1.0298158611814299,1.545735513881521,0.0,2400
regime_shift,21024,DIRECT,4.090643778752122,4.600782396067707,-2.9722089481698566,2400
regime_shift,21024,HARD_FPA,3.844360628039626,4.3585737740537915,-2.7330563384693667,2400
regime_shift,21024,ORDINARY_SOFT,1.9417827494947448,2.45832661094931,-0.8855630629606777,2400
regime_shift,21024,FPA_SOFT,3.8697570079536345,4.382724146638779,-2.757717426797209,2400
regime_shift,21024,ORACLE_RIDGE,4.117529713316574,4.632056764252866,-2.998316464647227,2400
regime_shift,21025,ZERO,1.0005417602848945,1.512540234507666,0.0,2400
regime_shift,21025,DIRECT,4.002040821303812,4.529560139726466,-2.999873848508102,2400
regime_shift,21025,HARD_FPA,3.884207263612196,4.406100272477203,-2.882104093792353,2400
regime_shift,21025,ORDINARY_SOFT,1.9559457116204189,2.4701758556335367,-0.9548866316819025,2400
regime_shift,21025,FPA_SOFT,3.9098806238081996,4.43019102297612,-2.9077635527125816,2400
regime_shift,21025,ORACLE_RIDGE,4.000489470543624,4.530372378351466,-2.998323337753062,2400
regime_shift,21026,ZERO,0.9702123222812898,1.4703874509343373,0.0,2400
regime_shift,21026,DIRECT,3.9175144851465022,4.457955042824849,-3.037790899145798,2400
regime_shift,21026,HARD_FPA,3.8052262747337857,4.344699061616942,-2.922055190750867,2400
regime_shift,21026,ORDINARY_SOFT,1.8766138605450147,2.395311688844647,-0.934230082887914,2400
regime_shift,21026,FPA_SOFT,3.828854066056315,4.370031719155947,-2.9464084078559356,2400
regime_shift,21026,ORACLE_RIDGE,3.8792451869316293,4.41963106194809,-2.99834664829884,2400
regime_shift,21027,ZERO,1.0083656887825383,1.5617230640280808,0.0,2400
regime_shift,21027,DIRECT,4.067654813942532,4.707383811691125,-3.0339083917598,2400
regime_shift,21027,HARD_FPA,3.8985062302573956,4.532251811787991,-2.866163112872574,2400
regime_shift,21027,ORDINARY_SOFT,1.9168328405311463,2.499623980073519,-0.900930249665135,2400
regime_shift,21027,FPA_SOFT,3.926596853050172,4.562055863716628,-2.8940206878627466,2400
regime_shift,21027,ORACLE_RIDGE,4.031785023435243,4.673477718852537,-2.9983361872447927,2400
regime_shift,21028,ZERO,0.9955779323378624,1.4759976414909302,0.0,2400
regime_shift,21028,DIRECT,4.039887638742638,4.500198355617698,-3.0578316448376732,2400
regime_shift,21028,HARD_FPA,3.916638101288673,4.368957254053915,-2.9340346687792094,2400
regime_shift,21028,ORDINARY_SOFT,1.9051863667636135,2.3758023618171014,-0.9136486505780279,2400
regime_shift,21028,FPA_SOFT,3.92761110850985,4.379936969479869,-2.9450564149075213,2400
regime_shift,21028,ORACLE_RIDGE,3.9806149314704196,4.443226763350384,-2.99829566543621,2400
regime_shift,21029,ZERO,1.0322736917721504,1.5583746210028622,0.0,2400
regime_shift,21029,DIRECT,4.220733490131194,4.78541596485621,-3.0887736690114345,2400
regime_shift,21029,HARD_FPA,4.012680166065412,4.581010039612344,-2.887225062547767,2400
regime_shift,21029,ORDINARY_SOFT,1.9686446755040439,2.510720016785173,-0.90709565805594,2400
regime_shift,21029,FPA_SOFT,4.028645979623958,4.598569686032337,-2.902691710284509,2400
regime_shift,21029,ORACLE_RIDGE,4.1273909167171015,4.69177431930909,-2.9983494199405825,2400
regime_shift,21030,ZERO,1.0097925488664874,1.6025548526425568,0.0,2400
regime_shift,21030,DIRECT,4.034853137122641,4.755445942581819,-2.9957248066960345,2400
regime_shift,21030,HARD_FPA,3.8751241394805507,4.588067565563543,-2.8375447945525605,2400
regime_shift,21030,ORDINARY_SOFT,1.9505466426921338,2.5894150132937983,-0.9316310512309305,2400
regime_shift,21030,FPA_SOFT,3.9127672318389393,4.627538077886989,-2.8748228398309137,2400
regime_shift,21030,ORACLE_RIDGE,4.03746823211937,4.762436402029109,-2.998314541587289,2400
regime_shift,21031,ZERO,1.0247880334868955,1.5111010056962464,0.0,2400
regime_shift,21031,DIRECT,4.161449676694744,4.635273362447598,-3.0607906617870926,2400
regime_shift,21031,HARD_FPA,3.9382195206512747,4.409972531955147,-2.8429600970761477,2400
regime_shift,21031,ORDINARY_SOFT,1.9409448713913287,2.4217891942261516,-0.8939964245944219,2400
regime_shift,21031,FPA_SOFT,3.9783414588673174,4.450315045006153,-2.8821115478200894,2400
regime_shift,21031,ORACLE_RIDGE,4.097503056254345,4.569088059568428,-2.9983908109390915,2400
regime_shift,21032,ZERO,1.0997058459851083,1.585936306689151,0.0,2400
regime_shift,21032,DIRECT,4.373875057947803,4.851238335512315,-2.97731363702056,2400
regime_shift,21032,HARD_FPA,4.219220603622259,4.680979918380121,-2.836681071603027,2400
regime_shift,21032,ORDINARY_SOFT,2.0804918943893767,2.5590606679094647,-0.8918621756763396,2400
regime_shift,21032,FPA_SOFT,4.254983464737871,4.716397443254458,-2.869201459892475,2400
regime_shift,21032,ORACLE_RIDGE,4.396990798288323,4.875699450945771,-2.998333567418232,2400
regime_shift,21033,ZERO,0.9603940824301571,1.4819107864487993,0.0,2400
regime_shift,21033,DIRECT,3.821887461914603,4.361366146835143,-2.9794991783412437,2400
regime_shift,21033,HARD_FPA,3.6914396495365356,4.228627653926876,-2.8436717979309174,2400
regime_shift,21033,ORDINARY_SOFT,1.8313335936785795,2.3602692795255664,-0.9068563907064264,2400
regime_shift,21033,FPA_SOFT,3.7264378868626333,4.264417894802165,-2.880113335802058,2400
regime_shift,21033,ORACLE_RIDGE,3.839962697624863,4.3797055957517355,-2.99831982295051,2400
regime_shift,21034,ZERO,1.0678322019993216,1.5102704119455799,0.0,2400
regime_shift,21034,DIRECT,4.212184822865185,4.642138823289919,-2.94461303468713,2400
regime_shift,21034,HARD_FPA,3.9550642932113442,4.377753535668378,-2.7038256439599833,2400
regime_shift,21034,ORDINARY_SOFT,1.9979163506361761,2.4347580755203264,-0.8710021545477287,2400
regime_shift,21034,FPA_SOFT,3.98255453836973,4.40617430662686,-2.7295696186283958,2400
regime_shift,21034,ORACLE_RIDGE,4.26950236784024,4.6972232941548056,-2.9982895813090984,2400
regime_shift,21035,ZERO,1.0561673216499223,1.5030438049931343,0.0,2400
regime_shift,21035,DIRECT,4.204195511822031,4.623693942195186,-2.980615027223457,2400
regime_shift,21035,HARD_FPA,4.038613946132955,4.456926929545173,-2.8238391430478242,2400
regime_shift,21035,ORDINARY_SOFT,1.9737781765742042,2.4108403964477865,-0.8688120112358801,2400
regime_shift,21035,FPA_SOFT,4.046027120221206,4.4673367913634365,-2.8308580821271647,2400
regime_shift,21035,ORACLE_RIDGE,4.222954561611631,4.641299363683047,-2.9983764646444655,2400
regime_shift,21036,ZERO,0.9675897240346384,1.5083145563320095,0.0,2400
regime_shift,21036,DIRECT,3.87876101125439,4.459014792378856,-3.008683551413508,2400
regime_shift,21036,HARD_FPA,3.9049660825959838,4.48857507629802,-3.03576638486106,2400
regime_shift,21036,ORDINARY_SOFT,1.8657749313609437,2.4205781261888997,-0.9282707174494047,2400
regime_shift,21036,FPA_SOFT,3.909023343880763,4.491133736519839,-3.039959547710973,2400
regime_shift,21036,ORACLE_RIDGE,3.868793914862141,4.45096596567908,-2.9983825982877463,2400
regime_shift,21037,ZERO,0.9693732554707815,1.3913955797381699,0.0,2400
regime_shift,21037,DIRECT,3.873196194663519,4.2792658718255225,-2.995567417199353,2400
regime_shift,21037,HARD_FPA,3.6772275230243063,4.08775472074452,-2.7934072373787955,2400
regime_shift,21037,ORDINARY_SOFT,1.8269533937415394,2.244013478167012,-0.8846748488581619,2400
regime_shift,21037,FPA_SOFT,3.6979130644849176,4.1091525753196905,-2.814746325644198,2400
regime_shift,21037,ORACLE_RIDGE,3.8757692990360404,4.280601761628335,-2.998221817202654,2400
regime_shift,21038,ZERO,0.9524855549950378,1.43242047597822,0.0,2400
regime_shift,21038,DIRECT,3.9363352846438935,4.410045001857575,-3.132698143295623,2400
regime_shift,21038,HARD_FPA,3.865082837647783,4.33350521388636,-3.057891290191712,2400
regime_shift,21038,ORDINARY_SOFT,1.8288591595926285,2.3064726852979875,-0.920091228682367,2400
regime_shift,21038,FPA_SOFT,3.8771458739854725,4.345106431064224,-3.070556087336853,2400
regime_shift,21038,ORACLE_RIDGE,3.808344067174596,4.280668606289702,-2.998322123839911,2400
regime_shift,21039,ZERO,1.048694485829498,1.5275165736953265,0.0,2400
regime_shift,21039,DIRECT,4.263176135531058,4.733989323153756,-3.0652222292929903,2400
regime_shift,21039,HARD_FPA,4.0701265558407105,4.544394005007171,-2.881136604452836,2400
regime_shift,21039,ORDINARY_SOFT,2.0150968907629423,2.4907382001930194,-0.9215290229823587,2400
regime_shift,21039,FPA_SOFT,4.094426015954408,4.569018618137987,-2.904307757197553,2400
regime_shift,21039,ORACLE_RIDGE,4.193011798169087,4.665501949161579,-2.998315863034687,2400
regime_shift,21040,ZERO,0.9853411993438113,1.505733253515799,0.0,2400
regime_shift,21040,DIRECT,3.9450448305359314,4.438008626475271,-3.003734780564476,2400
regime_shift,21040,HARD_FPA,3.734152759794996,4.229159460608243,-2.7897052942490967,2400
regime_shift,21040,ORDINARY_SOFT,1.8672183391935127,2.3738413097630127,-0.8949967183316685,2400
regime_shift,21040,FPA_SOFT,3.7578081113526687,4.247980654784983,-2.813712563582223,2400
regime_shift,21040,ORACLE_RIDGE,3.9396934973000164,4.437666432148988,-2.9983038361977132,2400
regime_shift,21041,ZERO,0.9630360507552751,1.4278903159868275,0.0,2400
regime_shift,21041,DIRECT,3.828363985228043,4.271425558457924,-2.975307032613777,2400
regime_shift,21041,HARD_FPA,3.808255312141756,4.255691429670601,-2.954426533830251,2400
regime_shift,21041,ORDINARY_SOFT,1.8185127966617385,2.2768345632109956,-0.8883122757819328,2400
regime_shift,21041,FPA_SOFT,3.820763453566054,4.267210862787177,-2.9674147718245485,2400
regime_shift,21041,ORACLE_RIDGE,3.8504671860978883,4.292657576200605,-2.9982586145950645,2400
regime_shift,21042,ZERO,0.9855173898976525,1.502667689935082,0.0,2400
regime_shift,21042,DIRECT,3.945669579538904,4.51340217132471,-3.0036529238197085,2400
regime_shift,21042,HARD_FPA,3.935583161467989,4.504502585969063,-2.9934182814132844,2400
regime_shift,21042,ORDINARY_SOFT,1.874093553576937,2.411359442026334,-0.9016341799626331,2400
regime_shift,21042,FPA_SOFT,3.9440702346211105,4.512313941537487,-3.002030075827184,2400
regime_shift,21042,ORACLE_RIDGE,3.940452366133233,4.502539621098649,-2.998359041175778,2400
regime_shift,21043,ZERO,0.9940198044003389,1.5085584637910452,0.0,2400
regime_shift,21043,DIRECT,3.936816727497679,4.47953790477004,-2.9605012999440565,2400
regime_shift,21043,HARD_FPA,3.66102954279677,4.208140243878763,-2.6830549316925882,2400
regime_shift,21043,ORDINARY_SOFT,1.8629677201206392,2.3890300663086594,-0.8741756571384505,2400
regime_shift,21043,FPA_SOFT,3.7002095173681875,4.248514997987804,-2.7224706197885147,2400
regime_shift,21043,ORACLE_RIDGE,3.9743243219577833,4.516667485005713,-2.998234546599772,2400
regime_shift,21044,ZERO,1.0100655975859365,1.4875074781943274,0.0,2400
regime_shift,21044,DIRECT,4.145624993845577,4.6329340245674,-3.104312634499827,2400
regime_shift,21044,HARD_FPA,3.9943322324416615,4.461285828700346,-2.9545275494860355,2400
regime_shift,21044,ORDINARY_SOFT,1.9425868435110552,2.419479416540361,-0.9232284003671154,2400
regime_shift,21044,FPA_SOFT,4.01767674096454,4.485024112853696,-2.9776394231887653,2400
regime_shift,21044,ORACLE_RIDGE,4.038555594798883,4.522995871649126,-2.99831021316938,2400
regime_shift,21045,ZERO,0.9341924355637578,1.394346288110607,0.0,2400
regime_shift,21045,DIRECT,3.888214903693765,4.3210350252091265,-3.162113452938999,2400
regime_shift,21045,HARD_FPA,3.716667435982503,4.136874223011486,-2.9784816216581795,2400
regime_shift,21045,ORDINARY_SOFT,1.8108830993560971,2.257868200200226,-0.9384476157348483,2400
regime_shift,21045,FPA_SOFT,3.738326087040699,4.158188295867245,-3.0016659787923983,2400
regime_shift,21045,ORACLE_RIDGE,3.735162747411696,4.168204831255421,-2.998279803194547,2400
regime_shift,21046,ZERO,0.9121489056623409,1.3786691491827268,0.0,2400
regime_shift,21046,DIRECT,3.5835622866202237,4.0486061311729875,-2.92870315841478,2400
regime_shift,21046,HARD_FPA,3.50313723460292,3.9640070615269836,-2.84053219036554,2400
regime_shift,21046,ORDINARY_SOFT,1.7228280480667224,2.1867825982443807,-0.888757457660623,2400
regime_shift,21046,FPA_SOFT,3.527529989141695,3.98700441515226,-2.8672742654668224,2400
regime_shift,21046,ORACLE_RIDGE,3.6470259827975067,4.109337785889117,-2.9982791846351917,2400
regime_shift,21047,ZERO,1.0411185526324187,1.4701552027395492,0.0,2400
regime_shift,21047,DIRECT,4.296831584600519,4.683703748469469,-3.127129973561786,2400
regime_shift,21047,HARD_FPA,4.116723202452399,4.503609446679809,-2.95413489851224,2400
regime_shift,21047,ORDINARY_SOFT,1.9818430311140545,2.394954557167429,-0.9035709488636607,2400
regime_shift,21047,FPA_SOFT,4.114942899585455,4.501862462921242,-2.9524249079809572,2400
regime_shift,21047,ORACLE_RIDGE,4.162775034642206,4.546805223532313,-2.998367932371225,2400
regime_shift,21048,ZERO,1.0212325296360767,1.460013498579918,0.0,2400
regime_shift,21048,DIRECT,4.0833160640581525,4.506328474793676,-2.998419503453607,2400
regime_shift,21048,HARD_FPA,3.959087034161427,4.373739574196611,-2.876773329549417,2400
regime_shift,21048,ORDINARY_SOFT,1.9373061586118794,2.3670386081320376,-0.8970274667046221,2400
regime_shift,21048,FPA_SOFT,3.989472099573844,4.403376019681379,-2.9065266565642207,2400
regime_shift,21048,ORACLE_RIDGE,4.083209001966899,4.505698759784697,-2.9983146672991103,2400
regime_shift,21049,ZERO,1.0795206168488412,1.6114458519230075,0.0,2400
regime_shift,21049,DIRECT,4.382545841030665,4.923759667346031,-3.0597148147327387,2400
regime_shift,21049,HARD_FPA,4.224856869025202,4.780285800153476,-2.913641669352929,2400
regime_shift,21049,ORDINARY_SOFT,2.058537585567843,2.595599903627036,-0.9068997418287266,2400
regime_shift,21049,FPA_SOFT,4.244059612457335,4.798512965973438,-2.9314298830585512,2400
regime_shift,21049,ORACLE_RIDGE,4.31621416148831,4.86184102576823,-2.9982693189199963,2400
regime_shift,21050,ZERO,1.0171470745145674,1.4768042277465967,0.0,2400
regime_shift,21050,DIRECT,4.11911944170137,4.557470714081413,-3.049679289169874,2400
regime_shift,21050,HARD_FPA,3.8702827626050507,4.31284550240751,-2.805037501043927,2400
regime_shift,21050,ORDINARY_SOFT,1.9231769812663815,2.375550228210129,-0.8907560464490507,2400
regime_shift,21050,FPA_SOFT,3.8755858074626954,4.31950035577115,-2.8102511471237483,2400
regime_shift,21050,ORACLE_RIDGE,4.066845954225099,4.5077324214358985,-2.998287028614812,2400
regime_shift,21051,ZERO,0.9476894900748778,1.3705423146439049,0.0,2400
regime_shift,21051,DIRECT,3.7868540433973785,4.152343928985333,-2.9958805949174088,2400
regime_shift,21051,HARD_FPA,3.7449720200926193,4.112250700735681,-2.9516867701009595,2400
regime_shift,21051,ORDINARY_SOFT,1.8152572700279794,2.2166010009987818,-0.9154557363346452,2400
regime_shift,21051,FPA_SOFT,3.759493038371931,4.1249969010574405,-2.9670093187114377,2400
regime_shift,21051,ORACLE_RIDGE,3.7891619712063433,4.152602788079872,-2.998315915592731,2400
regime_shift,21052,ZERO,0.9212126833982183,1.4607606042914325,0.0,2400
regime_shift,21052,DIRECT,3.6647536460025973,4.211443278704557,-2.9781840958635737,2400
regime_shift,21052,HARD_FPA,3.632308234173335,4.163677828220956,-2.9429637689901136,2400
regime_shift,21052,ORDINARY_SOFT,1.7726077298338736,2.3083460152139836,-0.9242111640223885,2400
regime_shift,21052,FPA_SOFT,3.6451447562144623,4.17645679676127,-2.956898142965269,2400
regime_shift,21052,ORACLE_RIDGE,3.6832567521442723,4.238141734062267,-2.9982696922466148,2400
regime_shift,21053,ZERO,0.9979169356945732,1.4867545499591102,0.0,2400
regime_shift,21053,DIRECT,4.035569924640319,4.545603586885179,-3.0439938238260975,2400
regime_shift,21053,HARD_FPA,3.9243394957803153,4.420268387134956,-2.9325312111762933,2400
regime_shift,21053,ORDINARY_SOFT,1.9020850510322145,2.3941602457961024,-0.9060554871817257,2400
regime_shift,21053,FPA_SOFT,3.947642413634832,4.444463797610909,-2.9558827718332905,2400
regime_shift,21053,ORACLE_RIDGE,3.9899754765445254,4.500522218763317,-2.9983042013085095,2400
regime_shift,21054,ZERO,1.089684912848997,1.6785526241239646,0.0,2400
regime_shift,21054,DIRECT,4.436345864298929,5.087047498687983,-3.0712189477782514,2400
regime_shift,21054,HARD_FPA,4.265865420692537,4.911067807036922,-2.9147696461533728,2400
regime_shift,21054,ORDINARY_SOFT,2.1091145806973994,2.719915121685799,-0.9355270095307542,2400
regime_shift,21054,FPA_SOFT,4.287708664969781,4.931809687498735,-2.9348151143613657,2400
regime_shift,21054,ORACLE_RIDGE,4.357022387452833,5.004386107142707,-2.9984240729380525,2400
regime_shift,21055,ZERO,1.0001390046411505,1.4499880180910505,0.0,2400
regime_shift,21055,DIRECT,3.9770736310911206,4.35213445861969,-2.9765208762336925,2400
regime_shift,21055,HARD_FPA,3.8688281112417524,4.251602798737656,-2.868290400922706,2400
regime_shift,21055,ORDINARY_SOFT,1.8985566453940956,2.3216855075267167,-0.8982927738882627,2400
regime_shift,21055,FPA_SOFT,3.886657181117606,4.26970150235776,-2.88611699281955,2400
regime_shift,21055,ORACLE_RIDGE,3.9989193028546324,4.375365719620905,-2.99836351176949,2400
regime_shift,21056,ZERO,0.965672100265563,1.3943601443048188,0.0,2400
regime_shift,21056,DIRECT,3.8019003912730054,4.1991533592306265,-2.9370510862097703,2400
regime_shift,21056,HARD_FPA,3.6786812476489317,4.085206192334617,-2.8094517244904167,2400
regime_shift,21056,ORDINARY_SOFT,1.8198712478452892,2.2384522816516386,-0.8845643851000962,2400
regime_shift,21056,FPA_SOFT,3.6804470895363,4.085777744818016,-2.81128033886882,2400
regime_shift,21056,ORACLE_RIDGE,3.8610137713531216,4.2587622356945625,-2.998265840228096,2400
regime_shift,21057,ZERO,1.0615920022764842,1.5466676834111328,0.0,2400
regime_shift,21057,DIRECT,4.159386005554746,4.645362674249228,-2.9180645640088976,2400
regime_shift,21057,HARD_FPA,4.019482863302929,4.516862501081313,-2.7862783957335076,2400
regime_shift,21057,ORDINARY_SOFT,1.986930358056093,2.4754446181372485,-0.8716515891183316,2400
regime_shift,21057,FPA_SOFT,4.040110107583687,4.536911681204734,-2.8057088777233163,2400
regime_shift,21057,ORACLE_RIDGE,4.244569938165337,4.730722063559403,-2.9983062504834774,2400
regime_shift,21058,ZERO,0.9760938781217385,1.5576314498863417,0.0,2400
regime_shift,21058,DIRECT,3.9795918445751037,4.682392009513583,-3.0770585020294208,2400
regime_shift,21058,HARD_FPA,3.7898176487238713,4.4898249064586215,-2.882636428389939,2400
regime_shift,21058,ORDINARY_SOFT,1.864668931845792,2.4905608602236766,-0.9103376976750492,2400
regime_shift,21058,FPA_SOFT,3.8025611518293907,4.500298962013885,-2.8956920405509754,2400
regime_shift,21058,ORACLE_RIDGE,3.902708209126769,4.601059177193324,-2.998291861676877,2400
regime_shift,21059,ZERO,1.0317925241088604,1.4907153911304185,0.0,2400
regime_shift,21059,DIRECT,4.130999057852593,4.5489698614650536,-3.003710979996156,2400
regime_shift,21059,HARD_FPA,3.8754304154552544,4.28551837797398,-2.756017149671045,2400
regime_shift,21059,ORDINARY_SOFT,1.9730629502147712,2.411109384060134,-0.9122671507228337,2400
regime_shift,21059,FPA_SOFT,3.916392513533423,4.324120037541271,-2.795717086548904,2400
regime_shift,21059,ORACLE_RIDGE,4.125377596324956,4.544252658288087,-2.9982627320235395,2400
regime_shift,21060,ZERO,1.0229546839941235,1.4459119736191997,0.0,2400
regime_shift,21060,DIRECT,4.092978629688435,4.465907697884066,-3.001133866172265,2400
regime_shift,21060,HARD_FPA,3.885598082792438,4.2400945444590175,-2.7984068537827427,2400
regime_shift,21060,ORDINARY_SOFT,1.9294890386087298,2.3267239645213804,-0.8861920951131927,2400
regime_shift,21060,FPA_SOFT,3.922645195393904,4.275758225210147,-2.834622644356002,2400
regime_shift,21060,ORACLE_RIDGE,4.090055487064348,4.463640403665646,-2.9982763176710225,2400
regime_shift,21061,ZERO,1.0181646854326556,1.4550097903364962,0.0,2400
regime_shift,21061,DIRECT,4.045524159299256,4.437349644410012,-2.97334951524091,2400
regime_shift,21061,HARD_FPA,3.788284551004516,4.169709509351307,-2.7206992200821962,2400
regime_shift,21061,ORDINARY_SOFT,1.947554485532913,2.360981847245748,-0.9128089133295028,2400
regime_shift,21061,FPA_SOFT,3.8056463049721425,4.185447508605251,-2.7377512296598496,2400
regime_shift,21061,ORACLE_RIDGE,4.070890125505247,4.462735118893145,-2.9982629369779965,2400
regime_shift,21062,ZERO,1.0178685579222566,1.5091714087149304,0.0,2400
regime_shift,21062,DIRECT,4.103760823384419,4.602955416874163,-3.0317198045308498,2400
regime_shift,21062,HARD_FPA,3.9422884694301996,4.4368012994796775,-2.8730820779821222,2400
regime_shift,21062,ORDINARY_SOFT,1.9452730265395917,2.4385020920488683,-0.9111239967078038,2400
regime_shift,21062,FPA_SOFT,3.9680283313666997,4.461699595983893,-2.898370079793517,2400
regime_shift,21062,ORACLE_RIDGE,4.069759796223932,4.565040034222626,-2.998315661239606,2400
regime_shift,21063,ZERO,0.966484027017063,1.402558120486764,0.0,2400
regime_shift,21063,DIRECT,3.723542912206207,4.135792550459273,-2.852668857547988,2400
regime_shift,21063,HARD_FPA,3.6608761877781912,4.073949584725709,-2.7878289608955527,2400
regime_shift,21063,ORDINARY_SOFT,1.8081557704636495,2.234185123939153,-0.870859445079817,2400
regime_shift,21063,FPA_SOFT,3.691546790470849,4.1024092858974415,-2.8195631663612333,2400
regime_shift,21063,ORACLE_RIDGE,3.8642830845932714,4.277918158161463,-2.9982896525666516,2400
regime_shift,21064,ZERO,0.9858787755489107,1.5463226671767587,0.0,2400
regime_shift,21064,DIRECT,3.867743031990802,4.492942578205484,-2.923142609330794,2400
regime_shift,21064,HARD_FPA,3.762263195235819,4.388764818761524,-2.8161519332243383,2400
regime_shift,21064,ORDINARY_SOFT,1.845538274622069,2.4312196998778766,-0.8719728230223063,2400
regime_shift,21064,FPA_SOFT,3.7986436730223567,4.427032455970304,-2.8530535064084064,2400
regime_shift,21064,ORACLE_RIDGE,3.9418664064556643,4.567221387739708,-2.9983276891836317,2400
regime_shift,21065,ZERO,0.9764269761259627,1.399276019303677,0.0,2400
regime_shift,21065,DIRECT,3.9042762569041134,4.238762285152796,-2.9985337893823685,2400
regime_shift,21065,HARD_FPA,3.662425746784455,4.007195690169205,-2.7508444935794034,2400
regime_shift,21065,ORDINARY_SOFT,1.8399488992324784,2.2326409491029113,-0.884369178873565,2400
regime_shift,21065,FPA_SOFT,3.6866793501447517,4.030888981372108,-2.775683630507517,2400
regime_shift,21065,ORACLE_RIDGE,3.9040476847972845,4.240978618583681,-2.9982996990587525,2400
regime_shift,21066,ZERO,1.0029214248671818,1.4604505713750298,0.0,2400
regime_shift,21066,DIRECT,4.07132419746377,4.521487153521995,-3.0594647761193663,2400
regime_shift,21066,HARD_FPA,3.8819998936816593,4.319292284047618,-2.870691957942525,2400
regime_shift,21066,ORDINARY_SOFT,1.931203970702549,2.3821729260868234,-0.9255785376788623,2400
regime_shift,21066,FPA_SOFT,3.9076643139496414,4.345425100896628,-2.896281619935618,2400
regime_shift,21066,ORACLE_RIDGE,4.010010871850332,4.4613362651679305,-2.9983300510121045,2400
regime_shift,21067,ZERO,0.9566436278606332,1.4358354755730593,0.0,2400
regime_shift,21067,DIRECT,3.8179225959550784,4.284879020821633,-2.990955968099842,2400
regime_shift,21067,HARD_FPA,3.7283189730129136,4.203344201554374,-2.897291388801334,2400
regime_shift,21067,ORDINARY_SOFT,1.8128042512517197,2.2904979005514154,-0.8949629710132923,2400
regime_shift,21067,FPA_SOFT,3.7547490569037323,4.229669534394977,-2.92491931953864,2400
regime_shift,21067,ORACLE_RIDGE,3.824998276862786,4.294437507310268,-2.9983523283552604,2400
regime_shift,21068,ZERO,0.9516706024745785,1.368793365345089,0.0,2400
regime_shift,21068,DIRECT,3.9009010089054086,4.264719446944368,-3.09900337234554,2400
regime_shift,21068,HARD_FPA,3.7676695624405676,4.128495935883465,-2.959005934031898,2400
regime_shift,21068,ORDINARY_SOFT,1.8318747506620532,2.2295705280292357,-0.9249042114978929,2400
regime_shift,21068,FPA_SOFT,3.787487683353987,4.148203999108508,-2.979830493350939,2400
regime_shift,21068,ORACLE_RIDGE,3.804980569747007,4.169331561437659,-2.9982117340318366,2400
regime_shift,21069,ZERO,0.9467403693677366,1.407703824341096,0.0,2400
regime_shift,21069,DIRECT,3.718040309217275,4.160876618360246,-2.927201616743459,2400
regime_shift,21069,HARD_FPA,3.6810185134049274,4.123477485810055,-2.888097130434217,2400
regime_shift,21069,ORDINARY_SOFT,1.7830835382199377,2.2375983608763317,-0.8833923173791962,2400
regime_shift,21069,FPA_SOFT,3.7002785180017614,4.142853379863804,-2.90844062187073,2400
regime_shift,21069,ORACLE_RIDGE,3.785314474847137,4.228190628672474,-2.998260343936839,2400
regime_shift,21070,ZERO,1.0214854545300958,1.5293536012941615,0.0,2400
regime_shift,21070,DIRECT,4.113162316585143,4.624216500063559,-3.0266479550384613,2400
regime_shift,21070,HARD_FPA,3.8396036651154257,4.358203628046593,-2.758843210236138,2400
regime_shift,21070,ORDINARY_SOFT,1.9557210619693142,2.4657239429919318,-0.914585326003478,2400
regime_shift,21070,FPA_SOFT,3.8602500091264105,4.379796856012408,-2.7790552885573927,2400
regime_shift,21070,ORACLE_RIDGE,4.084188558315839,4.593219505999403,-2.9982836174545917,2400
regime_shift,21071,ZERO,0.9948164745258213,1.519117716575405,0.0,2400
regime_shift,21071,DIRECT,4.0110902482422395,4.5303191766654995,-3.0319901720104943,2400
regime_shift,21071,HARD_FPA,3.9288717975587786,4.446746385991453,-2.9493433192604424,2400
regime_shift,21071,ORDINARY_SOFT,1.9005063368201454,2.4238916596898665,-0.910408990488442,2400
regime_shift,21071,FPA_SOFT,3.945399389698893,4.46379299840333,-2.965957028988151,2400
regime_shift,21071,ORACLE_RIDGE,3.9776005517894064,4.496991950583458,-2.9983259763418446,2400
regime_shift,21072,ZERO,1.029963573022973,1.5174956633541818,0.0,2400
regime_shift,21072,DIRECT,4.071705137245536,4.559270863456858,-2.953251594418008,2400
regime_shift,21072,HARD_FPA,4.021267927741292,4.5100887082527095,-2.9042816979815638,2400
regime_shift,21072,ORDINARY_SOFT,1.967619631935085,2.4549491412665856,-0.9103778846858284,2400
regime_shift,21072,FPA_SOFT,4.037743148914654,4.527260800373029,-2.920277624055927,2400
regime_shift,21072,ORACLE_RIDGE,4.118172653724194,4.604310338247671,-2.998367283647943,2400
regime_shift,21073,ZERO,1.02002245040367,1.5113530140049773,0.0,2400
regime_shift,21073,DIRECT,4.097634741388633,4.577008641780509,-3.0172005427596327,2400
regime_shift,21073,HARD_FPA,3.9245213170439,4.391608517940664,-2.8474852347522215,2400
regime_shift,21073,ORDINARY_SOFT,1.9694170232418886,2.4528851700583028,-0.9307585067980606,2400
regime_shift,21073,FPA_SOFT,3.9618795297537766,4.428795145377661,-2.884110127366195,2400
regime_shift,21073,ORACLE_RIDGE,4.078349329508801,4.553893776441294,-2.99829369235433,2400
regime_shift,21074,ZERO,1.030016761028301,1.5235122854633425,0.0,2400
regime_shift,21074,DIRECT,4.086634468738964,4.591764543860638,-2.96754171714559,2400
regime_shift,21074,HARD_FPA,3.884265110571802,4.377658281096565,-2.77106980928544,2400
regime_shift,21074,ORDINARY_SOFT,1.9401773139039824,2.435267408439721,-0.8836366429290303,2400
regime_shift,21074,FPA_SOFT,3.907484919517933,4.4015237304475106,-2.793612946275706,2400
regime_shift,21074,ORACLE_RIDGE,4.118369916255221,4.627264824115744,-2.9983523298627794,2400
regime_shift,21075,ZERO,1.028209422219177,1.533795664003168,0.0,2400
regime_shift,21075,DIRECT,4.1182089848937515,4.626566715165961,-3.005223931915981,2400
regime_shift,21075,HARD_FPA,3.9189181827593407,4.4355747438445015,-2.8114007692140843,2400
regime_shift,21075,ORDINARY_SOFT,1.9521812483091523,2.46150939219075,-0.8986222126770376,2400
regime_shift,21075,FPA_SOFT,3.9265852242672734,4.4450018634446815,-2.8188574617343543,2400
regime_shift,21075,ORACLE_RIDGE,4.111055581838229,4.619772942831067,-2.998266785929044,2400
regime_shift,21076,ZERO,1.00174394479561,1.4549940647851087,0.0,2400
regime_shift,21076,DIRECT,3.9205269109492202,4.362054054220702,-2.9137016313576436,2400
regime_shift,21076,HARD_FPA,3.863790364745844,4.311818510913882,-2.8570638583038197,2400
regime_shift,21076,ORDINARY_SOFT,1.894435362814614,2.344174519153467,-0.8911373237211266,2400
regime_shift,21076,FPA_SOFT,3.8816581105862893,4.329508086720634,-2.8749004980292443,2400
regime_shift,21076,ORACLE_RIDGE,4.005349109287294,4.446228337934262,-2.9983761619887024,2400
regime_shift,21077,ZERO,0.963752183424772,1.3647362084854722,0.0,2400
regime_shift,21077,DIRECT,3.883436408641143,4.223071055613772,-3.0294968721534152,2400
regime_shift,21077,HARD_FPA,3.824294229139808,4.180890669833142,-2.968130287964554,2400
regime_shift,21077,ORDINARY_SOFT,1.8528129822943,2.234539331362246,-0.9224993874568232,2400
regime_shift,21077,FPA_SOFT,3.8404189519414382,4.196093434158223,-2.9848614799441453,2400
regime_shift,21077,ORACLE_RIDGE,3.853396794395763,4.194073987192938,-2.9983274338247443,2400
regime_shift,21078,ZERO,1.0037325142906597,1.4375065942507512,0.0,2400
regime_shift,21078,DIRECT,4.096716058657728,4.469389679593111,-3.081481869253671,2400
regime_shift,21078,HARD_FPA,3.8783329869697196,4.263386699591817,-2.863910884375951,2400
regime_shift,21078,ORDINARY_SOFT,1.9113008657002029,2.324026221897547,-0.9041934364863373,2400
regime_shift,21078,FPA_SOFT,3.9128651397074647,4.299529243632942,-2.8983146246614284,2400
regime_shift,21078,ORACLE_RIDGE,4.0132012215212445,4.392505130613088,-2.9982775932663532,2400
regime_shift,21079,ZERO,0.9723414293961139,1.452592840338772,0.0,2400
regime_shift,21079,DIRECT,3.8456161108137605,4.340910373516498,-2.955005921327587,2400
regime_shift,21079,HARD_FPA,3.8421241486475615,4.339302601059123,-2.9514146291532244,2400
regime_shift,21079,ORDINARY_SOFT,1.87396676482805,2.3625457333072664,-0.9272723635687343,2400
regime_shift,21079,FPA_SOFT,3.8420280345729863,4.342151055733128,-2.9513157810823003,2400
regime_shift,21079,ORACLE_RIDGE,3.8877956129199704,4.385222496963244,-2.9983852331937966,2400
regime_shift,21080,ZERO,1.031711601500386,1.5742476218031516,0.0,2400
regime_shift,21080,DIRECT,4.091180797473033,4.658807496696502,-2.9654306412018205,2400
regime_shift,21080,HARD_FPA,3.898907157561042,4.456523225012955,-2.779066894169827,2400
regime_shift,21080,ORDINARY_SOFT,1.92527818857525,2.4723792034200422,-0.8661011330834876,2400
regime_shift,21080,FPA_SOFT,3.908531572412516,4.464122004911072,-2.788395484482738,2400
regime_shift,21080,ORACLE_RIDGE,4.125034047336104,4.690637051105631,-2.998243347595584,2400
regime_shift,21081,ZERO,1.0805989448303304,1.5575360672671474,0.0,2400
regime_shift,21081,DIRECT,4.308860476010173,4.737861288382751,-2.9874742582565874,2400
regime_shift,21081,HARD_FPA,4.100921742456497,4.531187768483384,-2.795045110931883,2400
regime_shift,21081,ORDINARY_SOFT,2.0380684719679274,2.4954573670401867,-0.8860544716596346,2400
regime_shift,21081,FPA_SOFT,4.109622493885686,4.538839890018886,-2.8030968969074426,2400
regime_shift,21081,ORACLE_RIDGE,4.320589746623811,4.74916530353898,-2.9983286743836364,2400
regime_shift,21082,ZERO,0.9148805370911854,1.3835586912161155,0.0,2400
regime_shift,21082,DIRECT,3.651198313454807,4.098593005790081,-2.9909017247908674,2400
regime_shift,21082,HARD_FPA,3.6365745301742574,4.086893172585955,-2.9749173610541053,2400
regime_shift,21082,ORDINARY_SOFT,1.7605779436618403,2.222219067890915,-0.9243801483191514,2400
regime_shift,21082,FPA_SOFT,3.670913853336783,4.121074960921566,-3.0124515764738646,2400
regime_shift,21082,ORACLE_RIDGE,3.658057133433772,4.106433202665138,-2.99839868171682,2400
regime_shift,21083,ZERO,1.0830135576192956,1.572306147483883,0.0,2400
regime_shift,21083,DIRECT,4.261101177227516,4.740486163099728,-2.934485535522162,2400
regime_shift,21083,HARD_FPA,4.01581521277935,4.501566918307394,-2.7080008689891226,2400
regime_shift,21083,ORDINARY_SOFT,2.029672003589297,2.5157133465270123,-0.8740965792256257,2400
regime_shift,21083,FPA_SOFT,4.040029288251821,4.524786032022427,-2.7303589228676906,2400
regime_shift,21083,ORACLE_RIDGE,4.330153020650709,4.813344201981027,-2.9982445189045897,2400
regime_shift,21084,ZERO,0.971998755863585,1.5296132660361597,0.0,2400
regime_shift,21084,DIRECT,3.9115447100254945,4.479373500411468,-3.024228103615453,2400
regime_shift,21084,HARD_FPA,3.8743000263701743,4.448599144081814,-2.985910478792745,2400
regime_shift,21084,ORDINARY_SOFT,1.862540808605244,2.426109446404037,-0.9161967002215401,2400
regime_shift,21084,FPA_SOFT,3.899463154441754,4.473198138851659,-3.0117985037719777,2400
regime_shift,21084,ORACLE_RIDGE,3.886413586873483,4.4596526402949905,-2.9983730055503495,2400
regime_shift,21085,ZERO,1.0676476135888664,1.5812698357715202,0.0,2400
regime_shift,21085,DIRECT,4.2037392418078765,4.74294076782916,-2.937384571747535,2400
regime_shift,21085,HARD_FPA,4.004433801806981,4.548886643491257,-2.7507073971215967,2400
regime_shift,21085,ORDINARY_SOFT,1.9910895009519436,2.516999035124275,-0.8649313458950694,2400
regime_shift,21085,FPA_SOFT,4.024229374433443,4.570691574044249,-2.7692486951814685,2400
regime_shift,21085,ORACLE_RIDGE,4.268696506914618,4.808226640325924,-2.998226055660368,2400
regime_shift,21086,ZERO,1.072129122863064,1.6038369301170443,0.0,2400
regime_shift,21086,DIRECT,4.306824450091355,4.877047801979517,-3.0170762627827967,2400
regime_shift,21086,HARD_FPA,4.047570662175415,4.608185386111759,-2.7752641690830973,2400
regime_shift,21086,ORDINARY_SOFT,2.0208539681502664,2.5678818522330378,-0.8848979335191296,2400
regime_shift,21086,FPA_SOFT,4.0658568248031814,4.628573776260571,-2.792320102214485,2400
regime_shift,21086,ORACLE_RIDGE,4.28668768179778,4.856728796789221,-2.998294226305883,2400
regime_shift,21087,ZERO,0.9709548142322224,1.4877932196202905,0.0,2400
regime_shift,21087,DIRECT,3.8807921415297613,4.394379862856443,-2.9968823313353443,2400
regime_shift,21087,HARD_FPA,3.7797985787924118,4.286841650744311,-2.8928676426423285,2400
regime_shift,21087,ORDINARY_SOFT,1.8618396265629606,2.3748493779233497,-0.9175347804781224,2400
regime_shift,21087,FPA_SOFT,3.8025190027534745,4.310251074759632,-2.9162677263826096,2400
regime_shift,21087,ORACLE_RIDGE,3.882167036239662,4.3940047658800525,-2.99829835470713,2400
regime_shift,21088,ZERO,0.9901884462458942,1.4344989727404378,0.0,2400
regime_shift,21088,DIRECT,4.01267967168274,4.420059987044794,-3.052440408586901,2400
regime_shift,21088,HARD_FPA,3.87750945459323,4.301434086777846,-2.9159308203342995,2400
regime_shift,21088,ORDINARY_SOFT,1.8939296802665562,2.3271068947713784,-0.9126962018664428,2400
regime_shift,21088,FPA_SOFT,3.895153865261334,4.317024821343994,-2.933750065484048,2400
regime_shift,21088,ORACLE_RIDGE,3.9590287317418955,4.364148295891705,-2.998257853595221,2400
regime_shift,21089,ZERO,1.037571198552583,1.4674219825667323,0.0,2400
regime_shift,21089,DIRECT,4.095020262577584,4.45683689615307,-2.946736636763007,2400
regime_shift,21089,HARD_FPA,3.934473575765334,4.288656458883115,-2.792003460826538,2400
regime_shift,21089,ORDINARY_SOFT,1.942087489921369,2.3452198918602365,-0.8717631065999043,2400
regime_shift,21089,FPA_SOFT,3.947204927230518,4.303556163426162,-2.8042738009082058,2400
regime_shift,21089,ORACLE_RIDGE,4.148533087199044,4.508441804753443,-2.998311723558121,2400
regime_shift,21090,ZERO,0.9659451286139229,1.4967144635970173,0.0,2400
regime_shift,21090,DIRECT,3.8375851166419754,4.400517123959516,-2.972881070531092,2400
regime_shift,21090,HARD_FPA,3.845284491972481,4.396196842637713,-2.980851891132003,2400
regime_shift,21090,ORDINARY_SOFT,1.868803841104208,2.4095799097040396,-0.9346894411961442,2400
regime_shift,21090,FPA_SOFT,3.8620924922951825,4.414958943104043,-2.998252465786611,2400
regime_shift,21090,ORACLE_RIDGE,3.862206665342851,4.426041526835131,-2.9983706640613232,2400
regime_shift,21091,ZERO,0.947277200937731,1.4617648697698775,0.0,2400
regime_shift,21091,DIRECT,3.8263098431842817,4.390141741406431,-3.0392715452209043,2400
regime_shift,21091,HARD_FPA,3.7312014215991174,4.29117794121629,-2.938869654949488,2400
regime_shift,21091,ORDINARY_SOFT,1.8211740425873897,2.35393413187889,-0.9225354951903926,2400
regime_shift,21091,FPA_SOFT,3.765377365503228,4.324822875122421,-2.974947736286481,2400
regime_shift,21091,ORACLE_RIDGE,3.7875860503182093,4.352771700166212,-2.998392494371017,2400
regime_shift,21092,ZERO,0.9766602996596718,1.423279169527475,0.0,2400
regime_shift,21092,DIRECT,3.8720466911045817,4.284134572777499,-2.9645787716095757,2400
regime_shift,21092,HARD_FPA,3.7959550428386835,4.225470370723446,-2.886668726231041,2400
regime_shift,21092,ORDINARY_SOFT,1.8490103062430263,2.2877359568028934,-0.8931969558784509,2400
regime_shift,21092,FPA_SOFT,3.812684736220819,4.241306001275376,-2.9037982167898004,2400
regime_shift,21092,ORACLE_RIDGE,3.9050078981476517,4.3206292426832755,-2.9983276677759862,2400
regime_shift,21093,ZERO,1.0432712467847922,1.5945959587866985,0.0,2400
regime_shift,21093,DIRECT,4.273526540466329,4.872420323481777,-3.0962755885745974,2400
regime_shift,21093,HARD_FPA,4.065454548387156,4.675499747659921,-2.89683369585454,2400
regime_shift,21093,ORDINARY_SOFT,2.0109610064088446,2.582777279861594,-0.9275533688926338,2400
regime_shift,21093,FPA_SOFT,4.105184742152066,4.715760640832192,-2.934916019974325,2400
regime_shift,21093,ORACLE_RIDGE,4.171281216772288,4.775591431256222,-2.998271043726701,2400
regime_shift,21094,ZERO,1.018961837318308,1.5253887657108054,0.0,2400
regime_shift,21094,DIRECT,4.090047270438971,4.617859937641167,-3.0139356751604263,2400
regime_shift,21094,HARD_FPA,3.854146731002106,4.383309058291285,-2.7824250034185822,2400
regime_shift,21094,ORDINARY_SOFT,1.9273642620346232,2.443664160403348,-0.8914979849559805,2400
regime_shift,21094,FPA_SOFT,3.8687929469383424,4.398283941719293,-2.79679866826042,2400
regime_shift,21094,ORACLE_RIDGE,4.074092520492743,4.601222074134345,-2.998277826787795,2400
regime_shift,21095,ZERO,1.0387869666908172,1.5037008574940056,0.0,2400
regime_shift,21095,DIRECT,4.119147067275873,4.559282431792855,-2.965343423972597,2400
regime_shift,21095,HARD_FPA,3.898393776825626,4.341508028306843,-2.7528327769113585,2400
regime_shift,21095,ORDINARY_SOFT,1.9551807220224013,2.4102250283173574,-0.8821767934294251,2400
regime_shift,21095,FPA_SOFT,3.9273042384218266,4.370910960948189,-2.7806637591273735,2400
regime_shift,21095,ORACLE_RIDGE,4.153495376622883,4.596120023011173,-2.9984092117119547,2400
regime_shift,21096,ZERO,1.0305456538306415,1.494392654517532,0.0,2400
regime_shift,21096,DIRECT,4.052418140834314,4.511637895029323,-2.9323033635347158,2400
regime_shift,21096,HARD_FPA,3.8607441544300114,4.33074910615857,-2.7463106462864975,2400
regime_shift,21096,ORDINARY_SOFT,1.9178870536325072,2.3845671383542144,-0.8610403590598135,2400
regime_shift,21096,FPA_SOFT,3.888850369585146,4.358808332826721,-2.7735837855701972,2400
regime_shift,21096,ORACLE_RIDGE,4.120403584898948,4.580195765483844,-2.9982737005226263,2400
regime_shift,21097,ZERO,0.9940619318608361,1.4160879787653786,0.0,2400
regime_shift,21097,DIRECT,3.9156358702142224,4.273542148615126,-2.9390260754522006,2400
regime_shift,21097,HARD_FPA,3.688579036718916,4.0619061368423495,-2.7106129090106825,2400
regime_shift,21097,ORDINARY_SOFT,1.8471861033782166,2.247446269468679,-0.8582203423889023,2400
regime_shift,21097,FPA_SOFT,3.7031232557918825,4.07595174618187,-2.7252440085496623,2400
regime_shift,21097,ORACLE_RIDGE,3.9744659195341154,4.326395455422121,-2.9982075483909805,2400
regime_shift,21098,ZERO,0.9579023880691864,1.4000631065418523,0.0,2400
regime_shift,21098,DIRECT,3.839595132594098,4.2437067383179,-3.008336528248404,2400
regime_shift,21098,HARD_FPA,3.788087034277458,4.212520777201291,-2.9545647672024136,2400
regime_shift,21098,ORDINARY_SOFT,1.823077038417671,2.252095161055145,-0.9031970909816709,2400
regime_shift,21098,FPA_SOFT,3.789721044820341,4.21182505727679,-2.956270588759218,2400
regime_shift,21098,ORACLE_RIDGE,3.8300143546805643,4.237203310705757,-2.9983346971298435,2400
regime_shift,21099,ZERO,0.9762333942026191,1.5166844832216808,0.0,2400
regime_shift,21099,DIRECT,3.798018891243449,4.336349830542958,-2.890482454091468,2400
regime_shift,21099,HARD_FPA,3.7234702431746625,4.247563260136668,-2.8141189036213703,2400
regime_shift,21099,ORDINARY_SOFT,1.8431659055559642,2.3765820913460827,-0.8880381643382007,2400
regime_shift,21099,FPA_SOFT,3.747333897481012,4.271318918489566,-2.8385635235740008,2400
regime_shift,21099,ORACLE_RIDGE,3.90333010259813,4.445750607427713,-2.9983574888731845,2400
regime_shift,21100,ZERO,0.9387284958637375,1.3941323833493906,0.0,2400
regime_shift,21100,DIRECT,3.738260947051622,4.161716774675695,-2.9822600075775845,2400
regime_shift,21100,HARD_FPA,3.613071003350132,4.055556859909294,-2.8488988235365045,2400
regime_shift,21100,ORDINARY_SOFT,1.7648003969506358,2.212535135202075,-0.879990225849933,2400
regime_shift,21100,FPA_SOFT,3.6467253899462664,4.086180811404167,-2.88474985686981,2400
regime_shift,21100,ORACLE_RIDGE,3.7533038260597626,4.175085267700949,-2.998284746439165,2400
