dataset,Date,block,loss_difference_rdfl_minus_zero,zero_loss
thai_uncalibrated,2024-08-01,2024-08-01,-0.5901219644331285,1.176264240673845
thai_uncalibrated,2024-08-02,2024-08-01,-0.12521039613539134,0.12639869089916075
thai_uncalibrated,2024-08-05,2024-08-01,0.251976233880816,1.6751442001026564
thai_uncalibrated,2024-08-06,2024-08-01,0.1500864849982,1.1697206745332993
thai_uncalibrated,2024-08-07,2024-08-01,-0.1138796650980618,2.17465273452063
thai_uncalibrated,2024-08-09,2024-08-01,0.24093259771218506,0.2726529348418985
thai_uncalibrated,2024-08-13,2024-08-01,0.6549396189741071,0.9014016346095143
thai_uncalibrated,2024-08-14,2024-08-01,0.17488941406793496,0.31658129731898904
thai_uncalibrated,2024-08-16,2024-08-01,0.07754056634318685,0.5609783065642551
thai_uncalibrated,2024-08-19,2024-08-01,-0.5348800126643933,6.8695875489531595
thai_uncalibrated,2024-08-20,2024-08-01,0.5583228505123247,0.6221630571628697
thai_uncalibrated,2024-08-21,2024-08-01,0.38122770479135704,1.6755188388357667
thai_uncalibrated,2024-08-23,2024-08-01,-0.05048190288992238,4.21934434061606
thai_uncalibrated,2024-08-26,2024-08-01,0.5444506512393308,2.680867193052867
thai_uncalibrated,2024-08-27,2024-08-01,0.20274899034172,0.8663797999075896
thai_uncalibrated,2024-08-28,2024-08-01,-0.2885404323881829,0.7863149517976827
thai_uncalibrated,2024-08-29,2024-08-01,-0.1310524136224109,0.2749875630498916
thai_uncalibrated,2024-08-30,2024-08-01,0.5824232574705202,1.0169617819111474
thai_uncalibrated,2024-09-05,2024-08-01,0.2937901766797082,3.8480843485861826
thai_uncalibrated,2024-09-06,2024-08-01,-1.5030955099786603,17.079380831737755
thai_uncalibrated,2024-09-10,2024-08-01,0.06498510074918948,0.1989809699237247
thai_uncalibrated,2024-09-11,2024-08-01,0.374686190754774,0.37265633350088706
thai_uncalibrated,2024-09-12,2024-08-01,-0.10507585660039642,0.5269955615830924
thai_uncalibrated,2024-09-13,2024-08-01,-0.18090776196630953,2.0304699639015364
thai_uncalibrated,2024-09-17,2024-08-01,0.1480972585187122,0.0
thai_uncalibrated,2024-09-20,2024-08-01,-0.40682107550366897,0.8958502467013734
thai_uncalibrated,2024-09-23,2024-08-01,0.3452941052302323,1.008211216639527
thai_uncalibrated,2024-09-24,2024-08-01,0.4772976923455818,0.28021290482762023
thai_uncalibrated,2024-09-25,2024-08-01,0.11859456439874627,1.2253833999649781
thai_uncalibrated,2024-09-26,2024-08-01,-0.19405425986204605,0.8211272020330824
thai_uncalibrated,2024-09-30,2024-08-01,0.18852308430494635,1.008375289959332
thai_uncalibrated,2024-10-01,2024-08-01,-0.029223706877392897,0.3211174613373865
thai_uncalibrated,2024-10-02,2024-08-01,0.19117350187785964,0.9047118372574158
thai_uncalibrated,2024-10-03,2024-08-01,0.09109669568799766,0.15786248505196632
thai_uncalibrated,2024-10-07,2024-08-01,0.1107976481703219,0.3812381388564311
thai_uncalibrated,2024-10-08,2024-08-01,0.4576588205561303,0.9344118727936179
thai_uncalibrated,2024-10-09,2024-08-01,0.003812633868053361,0.46422226320428306
thai_uncalibrated,2024-10-10,2024-08-01,-0.0026547093264415733,0.3566062133510193
thai_uncalibrated,2024-10-15,2024-08-01,0.1876336433451512,0.51773577896891
thai_uncalibrated,2024-10-17,2024-08-01,-0.1318533256046467,0.935673686232138
thai_uncalibrated,2024-10-18,2024-08-01,0.17256659280098607,1.8528276678214872
thai_uncalibrated,2024-10-21,2024-08-01,-0.019154568444296416,2.0484437603375247
thai_uncalibrated,2024-10-22,2024-08-01,3.559627594745079,9.785114907314087
thai_uncalibrated,2024-10-24,2024-08-01,0.11575517604956576,0.5582823622003766
thai_uncalibrated,2024-10-28,2024-08-01,-0.18688794168230588,0.44043874012267226
thai_uncalibrated,2024-10-30,2024-08-01,-0.25508164586827187,2.592806188803568
thai_uncalibrated,2024-10-31,2024-08-01,-0.04916463300299345,0.6048782260372332
thai_uncalibrated,2024-11-01,2024-11-01,0.09457742403190228,0.39964615909779677
thai_uncalibrated,2024-11-04,2024-11-01,0.0017514788295691641,0.7586162661858947
thai_uncalibrated,2024-11-05,2024-11-01,-0.29848290881946815,0.595474512010779
thai_uncalibrated,2024-11-06,2024-11-01,0.37287060229515595,0.2964133743515342
thai_uncalibrated,2024-11-07,2024-11-01,-0.05809140939075763,0.6377440832956488
thai_uncalibrated,2024-11-08,2024-11-01,0.024465597870342068,0.1024473676416016
thai_uncalibrated,2024-11-11,2024-11-01,0.08483696085304038,0.9592856006791024
thai_uncalibrated,2024-11-12,2024-11-01,0.23258697111018872,0.19519167487937417
thai_uncalibrated,2024-11-13,2024-11-01,0.8181793945184426,0.3356588178447049
thai_uncalibrated,2024-11-14,2024-11-01,0.023595470699531496,0.49006358632635616
thai_uncalibrated,2024-11-15,2024-11-01,0.29550744020648945,1.6693229745819689
thai_uncalibrated,2024-11-18,2024-11-01,-0.27293139686364615,0.6235866015920085
thai_uncalibrated,2024-11-19,2024-11-01,0.7252646504198824,0.573756463007047
thai_uncalibrated,2024-11-20,2024-11-01,-0.07000312641536277,0.44858719266930036
thai_uncalibrated,2024-11-21,2024-11-01,0.2996439663441151,0.16701296486141054
thai_uncalibrated,2024-11-22,2024-11-01,-0.08768842290301573,0.24900568916750307
thai_uncalibrated,2024-11-25,2024-11-01,0.19952064672099948,0.19794460127746313
thai_uncalibrated,2024-11-26,2024-11-01,0.6121170018108832,0.8941033794369599
thai_uncalibrated,2024-11-27,2024-11-01,0.0623115953303397,0.20952944446620575
thai_uncalibrated,2024-11-28,2024-11-01,0.7515016371028127,0.47787103482808657
thai_uncalibrated,2024-11-29,2024-11-01,0.13988461198059243,0.3781278192490444
thai_uncalibrated,2024-12-02,2024-11-01,-0.0395215504156307,0.11950459895191896
thai_uncalibrated,2024-12-03,2024-11-01,-0.6078386978522216,1.4106373149294236
thai_uncalibrated,2024-12-04,2024-11-01,1.1256253204846203,1.375723157769302
thai_uncalibrated,2024-12-06,2024-11-01,-0.15312721513043726,0.8942220469835921
thai_uncalibrated,2024-12-09,2024-11-01,-0.4649912142171697,2.1755000246315053
thai_uncalibrated,2024-12-11,2024-11-01,-0.11714137078169706,0.9962762259648558
thai_uncalibrated,2024-12-12,2024-11-01,0.33026681053040785,0.7846732262257217
thai_uncalibrated,2024-12-13,2024-11-01,-0.08211454861647216,0.5274965197772084
thai_uncalibrated,2024-12-16,2024-11-01,0.14357530677094238,0.02179075695243922
thai_uncalibrated,2024-12-17,2024-11-01,1.858804591649195,2.0319100847327327
thai_uncalibrated,2024-12-18,2024-11-01,0.10283069300438841,0.8051278672021535
thai_uncalibrated,2024-12-19,2024-11-01,0.21705166828377187,0.26592175906876314
thai_uncalibrated,2024-12-20,2024-11-01,-0.39731798528193196,1.9056648981821882
thai_uncalibrated,2024-12-23,2024-11-01,0.12204583272340042,1.6229843159983095
thai_uncalibrated,2024-12-24,2024-11-01,0.3036388845210451,0.09206541155316576
thai_uncalibrated,2024-12-25,2024-11-01,0.06764886954455149,0.12106781990622892
thai_uncalibrated,2024-12-26,2024-11-01,0.8325193768744751,0.46635667280813686
thai_uncalibrated,2024-12-27,2024-11-01,0.9133030406149687,0.5155617617487533
thai_uncalibrated,2024-12-30,2024-11-01,0.11878698447367853,0.3740134400747013
thai_uncalibrated,2025-01-02,2024-11-01,1.1469919177549568,0.19678807619929273
thai_uncalibrated,2025-01-03,2024-11-01,0.11904729204720271,0.16766306835210226
thai_uncalibrated,2025-01-06,2024-11-01,0.5573242068776658,0.2520605281862186
thai_uncalibrated,2025-01-07,2024-11-01,0.7439776789579583,0.8264952094936736
thai_uncalibrated,2025-01-08,2024-11-01,-0.20218105103351014,0.2889360949564197
thai_uncalibrated,2025-01-09,2024-11-01,1.2492358220853728,0.9626643339241406
thai_uncalibrated,2025-01-10,2024-11-01,0.024634547724564138,0.36549004744296265
thai_uncalibrated,2025-01-13,2024-11-01,-0.5717321751077988,2.346828749687209
thai_uncalibrated,2025-01-14,2024-11-01,0.7434489265310129,1.2834284086701142
thai_uncalibrated,2025-01-15,2024-11-01,-0.2714358736920084,1.2519178869526773
thai_uncalibrated,2025-01-16,2024-11-01,0.892880449010129,0.3815301147423023
thai_uncalibrated,2025-01-17,2024-11-01,0.49241548802693635,0.615223278003702
thai_uncalibrated,2025-01-20,2024-11-01,0.5186103377168532,0.6774881851288166
thai_uncalibrated,2025-01-21,2024-11-01,0.6533693437450208,0.36507852463462837
thai_uncalibrated,2025-01-22,2024-11-01,-2.657780018533453,6.722435145009865
thai_uncalibrated,2025-01-23,2024-11-01,0.038018144621170036,1.562435766645962
thai_uncalibrated,2025-01-24,2024-11-01,0.1007188997301885,0.43836104168709894
thai_uncalibrated,2025-01-27,2024-11-01,-0.25693726341448864,1.3214638031744486
thai_uncalibrated,2025-01-28,2024-11-01,0.04072884544335434,0.20304022698014051
thai_uncalibrated,2025-01-29,2024-11-01,-0.08411598818359212,0.43323767569593646
thai_uncalibrated,2025-01-30,2024-11-01,0.4957137170813513,0.18304321641776194
thai_uncalibrated,2025-01-31,2024-11-01,0.4348204132262129,0.8180667882751548
thai_uncalibrated,2025-02-03,2025-02-01,0.20897260647753302,1.3556505525146971
thai_uncalibrated,2025-02-04,2025-02-01,-0.06842350796538732,1.0165562382029327
thai_uncalibrated,2025-02-05,2025-02-01,0.2743839688155981,0.847721769111705
thai_uncalibrated,2025-02-06,2025-02-01,0.1921827877388735,0.11245126981693462
thai_uncalibrated,2025-02-07,2025-02-01,0.29259243484631736,0.5795257619927271
thai_uncalibrated,2025-02-10,2025-02-01,0.03142809148763853,0.4841280210813835
thai_uncalibrated,2025-02-11,2025-02-01,0.43208944154528495,0.3697516818909805
thai_uncalibrated,2025-02-13,2025-02-01,1.4796533111218753,0.7411789649842057
thai_uncalibrated,2025-02-14,2025-02-01,0.8764509707390609,3.336501317898758
thai_uncalibrated,2025-02-17,2025-02-01,0.28009016709968027,2.969986887435939
thai_uncalibrated,2025-02-18,2025-02-01,0.12114541484854158,2.1491909475552666
thai_uncalibrated,2025-02-19,2025-02-01,-0.6916565908606569,2.9076845771029474
thai_uncalibrated,2025-02-20,2025-02-01,0.5059123799344845,1.437555042706533
thai_uncalibrated,2025-02-21,2025-02-01,0.20621726860646694,3.3573698589817575
thai_uncalibrated,2025-02-24,2025-02-01,0.8963121728682094,0.9329032645399159
thai_uncalibrated,2025-02-25,2025-02-01,0.5506332344606426,1.6808465647254096
thai_uncalibrated,2025-02-26,2025-02-01,1.4638368940693938,1.7291514060575324
thai_uncalibrated,2025-02-27,2025-02-01,0.7050389679127762,0.46364992247065206
thai_uncalibrated,2025-02-28,2025-02-01,0.6822061226051699,0.31687403678068765
thai_uncalibrated,2025-03-03,2025-02-01,0.347191183790855,1.0422921907890872
thai_uncalibrated,2025-03-04,2025-02-01,0.3257747661536082,0.4067070678131582
thai_uncalibrated,2025-03-05,2025-02-01,0.17508117933854023,0.45666034390790483
thai_uncalibrated,2025-03-06,2025-02-01,0.03470617221818051,2.368080953761968
thai_uncalibrated,2025-03-07,2025-02-01,0.0009324379348605305,1.471646329280603
thai_uncalibrated,2025-03-10,2025-02-01,1.5367473363947515,0.9392129099790913
thai_uncalibrated,2025-03-11,2025-02-01,-0.49417896764261404,1.3528645308625349
thai_uncalibrated,2025-03-12,2025-02-01,0.25691166496406365,0.1037642758953425
thai_uncalibrated,2025-03-13,2025-02-01,-0.17774414178651532,0.4800323046117732
thai_uncalibrated,2025-03-14,2025-02-01,0.4353594573970472,0.7138089152602862
thai_uncalibrated,2025-03-17,2025-02-01,0.457541081540556,0.48285644670774513
thai_uncalibrated,2025-03-18,2025-02-01,-0.5488027316700812,2.1110067933619883
thai_uncalibrated,2025-03-19,2025-02-01,0.06953644270858006,0.5046734275313858
thai_uncalibrated,2025-03-20,2025-02-01,0.4782664793035922,0.26316418799094327
thai_uncalibrated,2025-03-21,2025-02-01,-1.3031364217319674,2.2584758566695555
thai_uncalibrated,2025-03-24,2025-02-01,0.06406543193290168,0.11581872042522198
thai_uncalibrated,2025-03-25,2025-02-01,0.19754781372158203,0.26432632167446685
thai_uncalibrated,2025-03-26,2025-02-01,0.5451891881901559,0.4340190940446119
thai_uncalibrated,2025-03-27,2025-02-01,0.676291130870527,0.4936563985407777
thai_uncalibrated,2025-03-28,2025-02-01,0.20418332356023428,0.05644843242396258
thai_uncalibrated,2025-03-31,2025-02-01,-0.016976600067554637,0.3858345442051505
thai_uncalibrated,2025-04-01,2025-02-01,0.13563445928771817,0.2759543721699905
thai_uncalibrated,2025-04-02,2025-02-01,0.07423621799411917,0.1327109671403789
thai_uncalibrated,2025-04-03,2025-02-01,-0.08885965763211612,1.653470837806304
thai_uncalibrated,2025-04-04,2025-02-01,-0.18584609087809056,6.3981643978006115
thai_uncalibrated,2025-04-08,2025-02-01,1.9865126345339466,4.680138386133826
thai_uncalibrated,2025-04-09,2025-02-01,-0.640238161063468,2.716971753825723
thai_uncalibrated,2025-04-10,2025-02-01,1.6856434106480915,1.959011311171052
thai_uncalibrated,2025-04-11,2025-02-01,0.07171820537058282,0.449432995563148
thai_uncalibrated,2025-04-16,2025-02-01,-0.15054194562961554,3.6669803092748774
thai_uncalibrated,2025-04-17,2025-02-01,-0.8454316933596,3.9748528468374364
thai_uncalibrated,2025-04-18,2025-02-01,0.7879021034402429,2.1312344757011945
thai_uncalibrated,2025-04-21,2025-02-01,0.7167008558332402,8.14830408960501
thai_uncalibrated,2025-04-22,2025-02-01,0.680634288986008,0.5003370432062857
thai_uncalibrated,2025-04-23,2025-02-01,0.1377954462982105,2.015657659354027
thai_uncalibrated,2025-04-24,2025-02-01,-0.22722811369252804,1.8075750982782302
thai_uncalibrated,2025-04-25,2025-02-01,0.4292959322748285,0.3768398140542715
thai_uncalibrated,2025-04-28,2025-02-01,0.004422034068739533,0.6940009546190429
thai_uncalibrated,2025-04-29,2025-02-01,0.3936885975155624,0.1103675643952011
thai_uncalibrated,2025-04-30,2025-02-01,-0.3363631415806987,5.650679730428278
thai_uncalibrated,2025-05-02,2025-05-01,0.26390584243251985,0.35894349138874587
thai_uncalibrated,2025-05-06,2025-05-01,0.5207569860518118,1.2874257819638355
thai_uncalibrated,2025-05-07,2025-05-01,0.12557834061003037,2.0135446269700137
thai_uncalibrated,2025-05-08,2025-05-01,0.10857532716621873,0.16639220960976633
thai_uncalibrated,2025-05-09,2025-05-01,0.4394095094849594,0.5756395547956074
thai_uncalibrated,2025-05-13,2025-05-01,0.180257546683254,0.08013284222763067
thai_uncalibrated,2025-05-14,2025-05-01,0.23461352421345183,0.1071207361448756
thai_uncalibrated,2025-05-15,2025-05-01,0.701253774797282,0.15434944855385074
thai_uncalibrated,2025-05-16,2025-05-01,0.22986437942759053,0.606267397799978
thai_uncalibrated,2025-05-19,2025-05-01,0.15728440903132812,0.5100736300722014
thai_uncalibrated,2025-05-20,2025-05-01,-0.2038855876196073,4.147614478454806
thai_uncalibrated,2025-05-21,2025-05-01,0.4855264201320655,0.8063390148614213
thai_uncalibrated,2025-05-22,2025-05-01,-0.017144424783634205,0.19519125294683262
thai_uncalibrated,2025-05-23,2025-05-01,-0.12898628522558164,0.6817246062768835
thai_uncalibrated,2025-05-26,2025-05-01,0.1719457082250983,0.3101295452005158
thai_uncalibrated,2025-05-27,2025-05-01,-0.1851684965224636,0.9303468988019219
thai_uncalibrated,2025-05-28,2025-05-01,0.06693808572268348,0.15765459369946588
thai_uncalibrated,2025-05-29,2025-05-01,0.18041818279183175,0.6635837431651711
thai_uncalibrated,2025-05-30,2025-05-01,0.8643637527034447,0.4952274492845287
thai_uncalibrated,2025-06-04,2025-05-01,-0.4085297525672076,1.9641566929797911
thai_uncalibrated,2025-06-05,2025-05-01,0.05487043471044295,0.8145648370004688
thai_uncalibrated,2025-06-06,2025-05-01,0.6774977354218551,0.5077602327682921
thai_uncalibrated,2025-06-09,2025-05-01,0.14144233347510304,0.8018224976975151
thai_uncalibrated,2025-06-10,2025-05-01,0.5696360926285471,2.382914280025949
thai_uncalibrated,2025-06-11,2025-05-01,0.04257132365595135,0.0
thai_uncalibrated,2025-06-12,2025-05-01,-0.3475739994486916,0.9601820719834767
thai_uncalibrated,2025-06-13,2025-05-01,-0.2483524275257491,0.569955016741099
thai_uncalibrated,2025-06-16,2025-05-01,0.7010254834980061,0.4871502477807727
thai_uncalibrated,2025-06-17,2025-05-01,-0.05853681529767435,0.3773571855190199
thai_uncalibrated,2025-06-18,2025-05-01,0.3916616592417004,2.154660630265293
thai_uncalibrated,2025-06-19,2025-05-01,-0.33105547004671443,1.1825101214195146
thai_uncalibrated,2025-06-20,2025-05-01,0.2264482537582686,0.5259309305009338
thai_uncalibrated,2025-06-23,2025-05-01,0.6609808459131157,0.4473599999179663
thai_uncalibrated,2025-06-24,2025-05-01,1.0077041878704147,1.7434976265024251
thai_uncalibrated,2025-06-25,2025-05-01,0.15173660345559908,0.25024452282665915
thai_uncalibrated,2025-06-26,2025-05-01,-0.07596966035591945,0.4785944527507146
thai_uncalibrated,2025-06-27,2025-05-01,0.7081690133802556,1.225665285968476
thai_uncalibrated,2025-06-30,2025-05-01,-0.06742323816873097,0.7477850680566226
thai_uncalibrated,2025-07-01,2025-05-01,-0.5417998748418272,1.0991205159886237
thai_uncalibrated,2025-07-02,2025-05-01,-1.0084860617063072,5.383875015742632
thai_uncalibrated,2025-07-03,2025-05-01,1.2086529423284857,0.693263720490808
thai_uncalibrated,2025-07-04,2025-05-01,0.5364750389172572,0.5215850209517681
thai_uncalibrated,2025-07-07,2025-05-01,0.47912396832112114,0.7344828062678898
thai_uncalibrated,2025-07-08,2025-05-01,0.09385182977250761,0.7159728562503934
thai_uncalibrated,2025-07-09,2025-05-01,0.15639432772459677,0.19236180330911978
thai_uncalibrated,2025-07-11,2025-05-01,0.050647770248123336,0.0
thai_uncalibrated,2025-07-14,2025-05-01,-0.1207640842812662,0.26501164681718986
thai_uncalibrated,2025-07-15,2025-05-01,0.4464810293408341,0.554191665636687
thai_uncalibrated,2025-07-16,2025-05-01,1.0043648858069707,1.3746532857796354
thai_uncalibrated,2025-07-17,2025-05-01,1.047237155679944,0.253334784308882
thai_uncalibrated,2025-07-18,2025-05-01,0.7953770987630999,0.39322651330688196
thai_uncalibrated,2025-07-21,2025-05-01,0.09230472272478063,1.2715527783493363
thai_uncalibrated,2025-07-22,2025-05-01,0.05983301113929207,0.6513660592639777
thai_uncalibrated,2025-07-23,2025-05-01,0.8499885740958346,1.070071273346406
thai_uncalibrated,2025-07-24,2025-05-01,0.3066406836048903,0.2662793874039747
thai_uncalibrated,2025-07-25,2025-05-01,0.35958737274763375,0.21235211318647118
thai_uncalibrated,2025-07-29,2025-05-01,-0.16776648379449233,1.3049872547228563
thai_uncalibrated,2025-07-30,2025-05-01,0.15859853196753881,0.29209024185531907
thai_uncalibrated,2025-07-31,2025-05-01,-0.0057064497067292885,0.7705710744869503
thai_uncalibrated,2025-08-01,2025-08-01,1.091983736972645,0.602040669556274
thai_uncalibrated,2025-08-04,2025-08-01,0.18485612135614793,0.24410951353534133
thai_uncalibrated,2025-08-05,2025-08-01,-0.12293536949019013,0.6219157849470119
thai_uncalibrated,2025-08-06,2025-08-01,0.2678846560889193,0.5171863153524227
thai_uncalibrated,2025-08-07,2025-08-01,0.29462647628943617,0.15591647541607354
thai_uncalibrated,2025-08-08,2025-08-01,-0.058031690935729685,1.9242774387853998
thai_uncalibrated,2025-08-13,2025-08-01,-0.06444090552165849,0.3518880478609489
thai_uncalibrated,2025-08-14,2025-08-01,1.173155180617637,1.0129204335651594
thai_uncalibrated,2025-08-15,2025-08-01,0.010572881426555658,0.6426974888528303
thai_uncalibrated,2025-08-18,2025-08-01,0.0668968049581945,0.6214437555744748
thai_uncalibrated,2025-08-19,2025-08-01,0.39454787958671317,0.2881614380642364
thai_uncalibrated,2025-08-20,2025-08-01,0.6635099602645415,0.256999306123449
thai_uncalibrated,2025-08-21,2025-08-01,0.23211043847085677,1.024526559389285
thai_uncalibrated,2025-08-22,2025-08-01,-0.0805833800384437,0.24898367813566102
thai_uncalibrated,2025-08-25,2025-08-01,0.6784443084082402,0.5914786469962531
thai_uncalibrated,2025-08-26,2025-08-01,0.2163704825074293,0.47897819165532185
thai_uncalibrated,2025-08-27,2025-08-01,0.0554891696311102,0.2269354076571791
thai_uncalibrated,2025-08-28,2025-08-01,0.7012358172892442,0.5562794010934867
thai_uncalibrated,2025-08-29,2025-08-01,1.9910627251304456,0.4356882869331422
thai_uncalibrated,2025-09-01,2025-08-01,0.23691190483003938,0.40355317798829254
thai_uncalibrated,2025-09-02,2025-08-01,0.05888527178211145,0.3014513743844116
thai_uncalibrated,2025-09-03,2025-08-01,0.04375676213613161,0.012894355057092596
thai_uncalibrated,2025-09-04,2025-08-01,0.07288909126495666,0.17933050055422292
thai_uncalibrated,2025-09-05,2025-08-01,0.06755771572270097,0.7666357327917751
thai_uncalibrated,2025-09-08,2025-08-01,-0.08436109884670062,0.3913101546768803
thai_uncalibrated,2025-09-09,2025-08-01,0.4510628406242234,0.24698728357599045
thai_uncalibrated,2025-09-10,2025-08-01,-0.14085508680551204,0.17881765613827283
thai_uncalibrated,2025-09-11,2025-08-01,-0.15469997966861054,0.5355844223595972
thai_uncalibrated,2025-09-12,2025-08-01,0.05805039240509985,0.2719848500006598
thai_uncalibrated,2025-09-15,2025-08-01,0.027693312886614474,0.5227135029921108
thai_uncalibrated,2025-09-16,2025-08-01,0.19523019283510212,1.2318332429145555
thai_uncalibrated,2025-09-17,2025-08-01,0.10899298393537543,0.11216131854191741
thai_uncalibrated,2025-09-18,2025-08-01,0.11593375844371906,0.37741435640520193
thai_uncalibrated,2025-09-19,2025-08-01,-0.6205758491570895,1.0772888997079826
thai_uncalibrated,2025-09-22,2025-08-01,-0.15393923407816568,0.7692185018829101
thai_uncalibrated,2025-09-23,2025-08-01,0.2672248246823349,0.3367654826978692
thai_uncalibrated,2025-09-24,2025-08-01,-0.23573918000196864,0.445801579561382
thai_uncalibrated,2025-09-25,2025-08-01,0.16752175632908983,0.6739740316699778
thai_uncalibrated,2025-09-26,2025-08-01,0.2902109309686873,0.1511829252679484
thai_uncalibrated,2025-09-29,2025-08-01,-0.035787302180559255,0.5669160114600574
thai_uncalibrated,2025-09-30,2025-08-01,-0.026878188540716177,0.07285057906892534
thai_uncalibrated,2025-10-01,2025-08-01,0.2932779658346672,0.26834170873916424
thai_uncalibrated,2025-10-02,2025-08-01,0.29021681600594146,0.19948108818502008
thai_uncalibrated,2025-10-03,2025-08-01,0.24455112008587188,1.3790198289680735
thai_uncalibrated,2025-10-06,2025-08-01,0.13294191683739753,0.568631094408007
thai_uncalibrated,2025-10-08,2025-08-01,-0.18686434325926582,1.064177919293599
thai_uncalibrated,2025-10-09,2025-08-01,0.07375654951199306,0.5669396859728892
thai_uncalibrated,2025-10-10,2025-08-01,0.06558811090066732,0.08489803190483139
thai_uncalibrated,2025-10-14,2025-08-01,-0.43555476213920075,1.1048077288818943
thai_uncalibrated,2025-10-15,2025-08-01,-3.2270866016559925,6.2528705626735
thai_uncalibrated,2025-10-16,2025-08-01,0.4187285159304508,0.9103595460783458
thai_uncalibrated,2025-10-17,2025-08-01,0.1829154706779449,0.20957093022493573
thai_uncalibrated,2025-10-20,2025-08-01,0.7097475151326005,0.06111459286115523
thai_uncalibrated,2025-10-21,2025-08-01,0.12853238451577464,4.8057421762361585
thai_uncalibrated,2025-10-22,2025-08-01,0.1027896526063381,1.07670197392052
thai_uncalibrated,2025-10-24,2025-08-01,0.6008487935472315,0.7842295534386277
thai_uncalibrated,2025-10-27,2025-08-01,-0.06409247837661791,2.977169146412833
thai_uncalibrated,2025-10-28,2025-08-01,0.16206503861867466,0.49082175548697177
thai_uncalibrated,2025-10-29,2025-08-01,0.008932152885344602,0.3292933800362112
thai_uncalibrated,2025-10-30,2025-08-01,1.0064655897241306,0.758112984688305
thai_uncalibrated,2025-10-31,2025-08-01,0.45715465335056094,0.24568803663227937
thai_uncalibrated,2025-11-03,2025-11-01,0.0032880481383346927,0.06454217654856098
thai_uncalibrated,2025-11-04,2025-11-01,0.011311465256847064,0.33274827853039995
thai_uncalibrated,2025-11-05,2025-11-01,0.004829894774554311,0.7802092231755926
thai_uncalibrated,2025-11-06,2025-11-01,0.0020532263786569027,0.9358896705200521
thai_uncalibrated,2025-11-07,2025-11-01,-0.6159623819155448,1.5206193472197647
thai_uncalibrated,2025-11-10,2025-11-01,0.0723601017425945,0.40793340448269716
thai_uncalibrated,2025-11-11,2025-11-01,-0.16721230923023084,0.4480095670857865
thai_uncalibrated,2025-11-12,2025-11-01,0.025695707523964814,0.07659270906226409
thai_uncalibrated,2025-11-13,2025-11-01,0.5445855377487153,0.5187259744236211
thai_uncalibrated,2025-11-14,2025-11-01,-0.04765651884752797,0.7721507849676446
thai_uncalibrated,2025-11-17,2025-11-01,0.18461728897959506,0.8379410897034166
thai_uncalibrated,2025-11-18,2025-11-01,0.25362761542732426,0.1791852910573867
thai_uncalibrated,2025-11-19,2025-11-01,0.033691415094265764,1.0436002046541881
thai_uncalibrated,2025-11-20,2025-11-01,-0.33269356467754485,0.504042908683511
thai_uncalibrated,2025-11-21,2025-11-01,0.07864518142116317,0.7569123485611712
thai_uncalibrated,2025-11-24,2025-11-01,0.24165219028464702,0.8432740717302917
thai_uncalibrated,2025-11-25,2025-11-01,0.1810130807082126,0.49458059690013506
thai_uncalibrated,2025-11-26,2025-11-01,0.6286639695707845,2.1990089529115444
thai_uncalibrated,2025-11-27,2025-11-01,0.7277914094993236,1.1198578555989191
thai_uncalibrated,2025-11-28,2025-11-01,0.3618929803281136,0.4265749685941131
thai_uncalibrated,2025-12-01,2025-11-01,0.026724942920517192,0.3183606064048037
thai_uncalibrated,2025-12-02,2025-11-01,-0.17209924782323216,1.2660699523605115
thai_uncalibrated,2025-12-03,2025-11-01,-0.36766720328445524,1.1690876049994157
thai_uncalibrated,2025-12-04,2025-11-01,0.107588696867715,0.26213667719512956
thai_uncalibrated,2025-12-08,2025-11-01,0.5520821268827868,0.9007256512618226
thai_uncalibrated,2025-12-09,2025-11-01,0.0668343467748887,0.22399813669330687
thai_uncalibrated,2025-12-11,2025-11-01,0.4514806910335713,0.25666177789899464
thai_uncalibrated,2025-12-12,2025-11-01,-0.02291967074682577,0.6239634212760603
thai_uncalibrated,2025-12-15,2025-11-01,0.0667498863528374,0.6048703662007335
thai_uncalibrated,2025-12-16,2025-11-01,-0.48476545769979235,0.8589406205376648
thai_uncalibrated,2025-12-17,2025-11-01,-0.043642477483855274,0.27239022318110656
thai_uncalibrated,2025-12-18,2025-11-01,-1.0919033445980704,8.557072545043923
thai_uncalibrated,2025-12-19,2025-11-01,0.365673880022916,2.016361706741228
thai_uncalibrated,2025-12-22,2025-11-01,0.3140121688797445,0.849113353698511
thai_uncalibrated,2025-12-23,2025-11-01,0.15396933428433435,0.6150046049327137
thai_uncalibrated,2025-12-24,2025-11-01,-0.09749634101125687,0.5931638386511282
thai_uncalibrated,2025-12-25,2025-11-01,0.20932938935098733,0.26307603877574964
thai_uncalibrated,2025-12-26,2025-11-01,-0.3648603601891155,0.7564183394435614
thai_uncalibrated,2025-12-29,2025-11-01,-0.010967399769274494,0.17440231473683374
thai_uncalibrated,2025-12-30,2025-11-01,-0.1579620987502931,0.9230605503446494
thai_uncalibrated,2026-01-05,2025-11-01,0.35287318342631646,0.8987080010874763
thai_uncalibrated,2026-01-06,2025-11-01,0.3784315734941077,1.3713262090161333
thai_uncalibrated,2026-01-07,2025-11-01,0.8475784898817389,1.3904952897714888
thai_uncalibrated,2026-01-08,2025-11-01,-0.02109321031570266,2.701466950454678
thai_uncalibrated,2026-01-09,2025-11-01,0.33606242639162387,0.9996641262007588
thai_uncalibrated,2026-01-12,2025-11-01,0.11253948194176522,0.3855192220582168
thai_uncalibrated,2026-01-13,2025-11-01,0.2237039462035889,0.7870886353719165
thai_uncalibrated,2026-01-14,2025-11-01,0.10733392296976885,0.31638995419951943
thai_uncalibrated,2026-01-15,2025-11-01,0.4218040253375505,0.3725168652227961
thai_uncalibrated,2026-01-16,2025-11-01,0.23312350100328938,0.7893655855755165
thai_uncalibrated,2026-01-19,2025-11-01,0.5808257742284963,0.3763057733207105
thai_uncalibrated,2026-01-20,2025-11-01,-0.04177093262283846,0.13383543199097928
thai_uncalibrated,2026-01-21,2025-11-01,0.4873456327524117,2.180104738454794
thai_uncalibrated,2026-01-22,2025-11-01,0.15784997977842807,0.5271906857871967
thai_uncalibrated,2026-01-23,2025-11-01,-0.23543597105573444,0.8026933480827005
thai_uncalibrated,2026-01-26,2025-11-01,0.051578662971569975,0.019835047194966055
thai_uncalibrated,2026-01-27,2025-11-01,0.09448398491655263,1.4727830673776399
thai_uncalibrated,2026-01-28,2025-11-01,-0.08584200357636385,0.936179251833672
thai_uncalibrated,2026-01-29,2025-11-01,-0.13847317107765011,1.3343728685449068
thai_uncalibrated,2026-01-30,2025-11-01,0.033365349603890815,1.0793818570281002
thai_uncalibrated,2026-02-02,2026-02-01,0.5062388016069572,0.20847494502186187
thai_uncalibrated,2026-02-03,2026-02-01,-0.051407110638520104,0.13531522844493404
thai_uncalibrated,2026-02-04,2026-02-01,-0.3536159537342196,1.3495353676935318
thai_uncalibrated,2026-02-05,2026-02-01,0.09269920013861904,0.3375279850231089
thai_uncalibrated,2026-02-06,2026-02-01,0.04795126615746126,0.29645452049069265
thai_uncalibrated,2026-02-09,2026-02-01,-0.2432471034266135,1.9524578461490718
thai_uncalibrated,2026-02-10,2026-02-01,-0.12033143643687799,0.23953154160848045
thai_uncalibrated,2026-02-11,2026-02-01,0.8538129067265895,0.7565004105818659
thai_uncalibrated,2026-02-12,2026-02-01,0.39337435266126963,2.4814107973808004
thai_uncalibrated,2026-02-13,2026-02-01,-0.1281010954471553,0.5718954708895179
thai_uncalibrated,2026-02-16,2026-02-01,-0.08957107243182372,0.9089486457467667
thai_uncalibrated,2026-02-17,2026-02-01,-1.1583445865096111,6.8810696961614015
thai_uncalibrated,2026-02-18,2026-02-01,0.1679318254355865,0.6365973235916977
thai_uncalibrated,2026-02-19,2026-02-01,-0.021342735614813035,0.744456794275276
thai_uncalibrated,2026-02-20,2026-02-01,-0.029660967366208713,2.057402066277907
thai_uncalibrated,2026-02-23,2026-02-01,0.2550588915830694,1.4636020392027176
thai_uncalibrated,2026-02-24,2026-02-01,0.1871443119686773,0.41745683924489374
thai_uncalibrated,2026-02-25,2026-02-01,-0.024619666256320505,1.4107416786274232
thai_uncalibrated,2026-02-26,2026-02-01,-0.495802475162733,1.551709364922055
thai_uncalibrated,2026-02-27,2026-02-01,0.4758991290047283,1.1787988156980331
thai_uncalibrated,2026-03-02,2026-02-01,0.0738779341461564,0.5837003667909598
thai_uncalibrated,2026-03-04,2026-02-01,0.32239779370840527,1.4005891056451985
thai_uncalibrated,2026-03-05,2026-02-01,0.5583183500865667,1.2755624940569672
thai_uncalibrated,2026-03-06,2026-02-01,0.34957800271452655,0.19776415493440655
thai_uncalibrated,2026-03-09,2026-02-01,0.22463778546122715,4.742080975876219
thai_uncalibrated,2026-03-10,2026-02-01,-0.07665392187924766,0.2039547800319117
thai_uncalibrated,2026-03-11,2026-02-01,-0.05686138902128826,0.1528867277333553
thai_uncalibrated,2026-03-12,2026-02-01,0.0432748730926813,0.9552602120843268
thai_uncalibrated,2026-03-13,2026-02-01,0.21705227076313283,1.227132375320623
thai_uncalibrated,2026-03-16,2026-02-01,0.04970510814857532,2.1434071886388093
thai_uncalibrated,2026-03-17,2026-02-01,-0.0041293576436857715,0.31829549993229744
thai_uncalibrated,2026-03-18,2026-02-01,-0.012637874714999164,0.3968243819212673
thai_uncalibrated,2026-03-19,2026-02-01,0.19464380448054663,0.4412576396039075
thai_uncalibrated,2026-03-20,2026-02-01,0.5813993774528968,0.132500706808384
thai_uncalibrated,2026-03-23,2026-02-01,0.44684421068104063,0.6365035515740396
thai_uncalibrated,2026-03-24,2026-02-01,-0.3101413992752601,1.0315458107417077
thai_uncalibrated,2026-03-25,2026-02-01,0.20887562719658248,0.525647232495738
thai_uncalibrated,2026-03-26,2026-02-01,-0.26406999311049484,1.2076370125796976
thai_uncalibrated,2026-03-27,2026-02-01,0.2259451000322633,0.985684734563225
thai_uncalibrated,2026-03-30,2026-02-01,0.05346667980480732,0.19364384135211024
thai_uncalibrated,2026-03-31,2026-02-01,0.018070926464599513,0.28905315763800843
thai_uncalibrated,2026-04-01,2026-02-01,0.09669864296788178,1.0300148290504538
thai_uncalibrated,2026-04-02,2026-02-01,0.18032527547327956,0.10513776370567027
thai_uncalibrated,2026-04-03,2026-02-01,0.2056792221972582,0.19157096476110397
thai_uncalibrated,2026-04-07,2026-02-01,-0.019733537630193088,0.49033621596733384
thai_uncalibrated,2026-04-08,2026-02-01,0.09146050690820523,0.3563597011800827
thai_uncalibrated,2026-04-09,2026-02-01,0.1577973166827028,0.3455603029854618
thai_uncalibrated,2026-04-10,2026-02-01,-0.028162242629483067,0.1376564250931325
thai_uncalibrated,2026-04-16,2026-02-01,0.04153071448622736,2.1425955418410316
thai_uncalibrated,2026-04-17,2026-02-01,0.9964867200081606,2.2672418020059424
thai_uncalibrated,2026-04-20,2026-02-01,0.8880278304418661,0.5567195230900479
thai_uncalibrated,2026-04-21,2026-02-01,-0.1611969496089003,5.798319696767537
thai_uncalibrated,2026-04-22,2026-02-01,0.20903728927104437,1.8422583576144538
thai_uncalibrated,2026-04-23,2026-02-01,-0.24186219532613984,0.9271734212708451
thai_uncalibrated,2026-04-24,2026-02-01,0.08573745431708968,0.5762028596976053
thai_calibrated,2024-11-01,2024-11-01,0.028609604795791665,0.39964615909779677
thai_calibrated,2024-11-04,2024-11-01,0.13857317149514536,0.7586162661858947
thai_calibrated,2024-11-05,2024-11-01,-0.17651849419606302,0.595474512010779
thai_calibrated,2024-11-06,2024-11-01,0.12276452536137078,0.2964133743515342
thai_calibrated,2024-11-07,2024-11-01,-0.18279328234567033,0.6377440832956488
thai_calibrated,2024-11-08,2024-11-01,0.01714040923570892,0.1024473676416016
thai_calibrated,2024-11-11,2024-11-01,0.23658220065702662,0.9592856006791024
thai_calibrated,2024-11-12,2024-11-01,0.09347324651031075,0.19519167487937417
thai_calibrated,2024-11-13,2024-11-01,-0.0283971249877637,0.3356588178447049
thai_calibrated,2024-11-14,2024-11-01,0.03434324745750972,0.49006358632635616
thai_calibrated,2024-11-15,2024-11-01,-0.02945541798479634,1.6693229745819689
thai_calibrated,2024-11-18,2024-11-01,-0.13367114037503347,0.6235866015920085
thai_calibrated,2024-11-19,2024-11-01,0.23602257820515116,0.573756463007047
thai_calibrated,2024-11-20,2024-11-01,0.0366189501677856,0.44858719266930036
thai_calibrated,2024-11-21,2024-11-01,0.012026708028942512,0.16701296486141054
thai_calibrated,2024-11-22,2024-11-01,0.09112983649671172,0.24900568916750307
thai_calibrated,2024-11-25,2024-11-01,0.06343006865049036,0.19794460127746313
thai_calibrated,2024-11-26,2024-11-01,0.1846756503187581,0.8941033794369599
thai_calibrated,2024-11-27,2024-11-01,0.005161700554649595,0.20952944446620575
thai_calibrated,2024-11-28,2024-11-01,0.2723556874195713,0.47787103482808657
thai_calibrated,2024-11-29,2024-11-01,-0.03829799857910515,0.3781278192490444
thai_calibrated,2024-12-02,2024-11-01,-0.08058318940122694,0.11950459895191896
thai_calibrated,2024-12-03,2024-11-01,-0.3524844076418696,1.4106373149294236
thai_calibrated,2024-12-04,2024-11-01,-0.07085692078606698,1.375723157769302
thai_calibrated,2024-12-06,2024-11-01,-0.1639103348613834,0.8942220469835921
thai_calibrated,2024-12-09,2024-11-01,-0.31944717167869685,2.1755000246315053
thai_calibrated,2024-12-11,2024-11-01,0.18054702378270593,0.9962762259648558
thai_calibrated,2024-12-12,2024-11-01,-0.03145728171935713,0.7846732262257217
thai_calibrated,2024-12-13,2024-11-01,-0.11756408996114931,0.5274965197772084
thai_calibrated,2024-12-16,2024-11-01,0.033270401640982245,0.02179075695243922
thai_calibrated,2024-12-17,2024-11-01,0.52981725687855,2.0319100847327327
thai_calibrated,2024-12-18,2024-11-01,-0.15942625458966364,0.8051278672021535
thai_calibrated,2024-12-19,2024-11-01,0.035774882003430264,0.26592175906876314
thai_calibrated,2024-12-20,2024-11-01,0.15795483760314233,1.9056648981821882
thai_calibrated,2024-12-23,2024-11-01,-0.2966925198280368,1.6229843159983095
thai_calibrated,2024-12-24,2024-11-01,-0.02590021784638015,0.09206541155316576
thai_calibrated,2024-12-25,2024-11-01,-0.033272058638444804,0.12106781990622892
thai_calibrated,2024-12-26,2024-11-01,-0.0678413689827671,0.46635667280813686
thai_calibrated,2024-12-27,2024-11-01,0.3093646453013629,0.5155617617487533
thai_calibrated,2024-12-30,2024-11-01,-0.05396770034725257,0.3740134400747013
thai_calibrated,2025-01-02,2024-11-01,0.05269304424169194,0.19678807619929273
thai_calibrated,2025-01-03,2024-11-01,0.06027311580062225,0.16766306835210226
thai_calibrated,2025-01-06,2024-11-01,0.0963796899637544,0.2520605281862186
thai_calibrated,2025-01-07,2024-11-01,-0.11857796671533427,0.8264952094936736
thai_calibrated,2025-01-08,2024-11-01,-0.09837902953708852,0.2889360949564197
thai_calibrated,2025-01-09,2024-11-01,0.3618416239668748,0.9626643339241406
thai_calibrated,2025-01-10,2024-11-01,-0.022479831617962742,0.36549004744296265
thai_calibrated,2025-01-13,2024-11-01,-0.4095917482953175,2.346828749687209
thai_calibrated,2025-01-14,2024-11-01,0.33785926596966753,1.2834284086701142
thai_calibrated,2025-01-15,2024-11-01,-0.3749404224723851,1.2519178869526773
thai_calibrated,2025-01-16,2024-11-01,0.22045481522468996,0.3815301147423023
thai_calibrated,2025-01-17,2024-11-01,0.18380694751002058,0.615223278003702
thai_calibrated,2025-01-20,2024-11-01,0.14314925757150554,0.6774881851288166
thai_calibrated,2025-01-21,2024-11-01,0.13785903275392059,0.36507852463462837
thai_calibrated,2025-01-22,2024-11-01,-0.9900424254152593,6.722435145009865
thai_calibrated,2025-01-23,2024-11-01,0.36109709123779643,1.562435766645962
thai_calibrated,2025-01-24,2024-11-01,0.11115628402157168,0.43836104168709894
thai_calibrated,2025-01-27,2024-11-01,-0.3238871502695314,1.3214638031744486
thai_calibrated,2025-01-28,2024-11-01,-0.05647320071614423,0.20304022698014051
thai_calibrated,2025-01-29,2024-11-01,-0.0009796440310330112,0.43323767569593646
thai_calibrated,2025-01-30,2024-11-01,0.15980570145194828,0.18304321641776194
thai_calibrated,2025-01-31,2024-11-01,0.24762483609478358,0.8180667882751548
thai_calibrated,2025-02-03,2025-02-01,-0.13988789615998964,1.3556505525146971
thai_calibrated,2025-02-04,2025-02-01,-0.12339981211838158,1.0165562382029327
thai_calibrated,2025-02-05,2025-02-01,0.10033029257757797,0.847721769111705
thai_calibrated,2025-02-06,2025-02-01,0.03265894546396503,0.11245126981693462
thai_calibrated,2025-02-07,2025-02-01,0.10965578481942018,0.5795257619927271
thai_calibrated,2025-02-10,2025-02-01,0.06855492222831955,0.4841280210813835
thai_calibrated,2025-02-11,2025-02-01,0.08668226219473141,0.3697516818909805
thai_calibrated,2025-02-13,2025-02-01,0.257962282371632,0.7411789649842057
thai_calibrated,2025-02-14,2025-02-01,0.2652985352823265,3.336501317898758
thai_calibrated,2025-02-17,2025-02-01,-0.17537075061645035,2.969986887435939
thai_calibrated,2025-02-18,2025-02-01,-0.16420985106389052,2.1491909475552666
thai_calibrated,2025-02-19,2025-02-01,-0.27155151547837253,2.9076845771029474
thai_calibrated,2025-02-20,2025-02-01,-0.022427118869042584,1.437555042706533
thai_calibrated,2025-02-21,2025-02-01,0.15121746882157172,3.3573698589817575
thai_calibrated,2025-02-24,2025-02-01,0.14386838411746516,0.9329032645399159
thai_calibrated,2025-02-25,2025-02-01,0.19857279043684772,1.6808465647254096
thai_calibrated,2025-02-26,2025-02-01,0.16090165753484809,1.7291514060575324
thai_calibrated,2025-02-27,2025-02-01,-0.03517977202143363,0.46364992247065206
thai_calibrated,2025-02-28,2025-02-01,0.02638027805582943,0.31687403678068765
thai_calibrated,2025-03-03,2025-02-01,-0.027511959904928718,1.0422921907890872
thai_calibrated,2025-03-04,2025-02-01,0.08753423542943034,0.4067070678131582
thai_calibrated,2025-03-05,2025-02-01,-0.04452955657224761,0.45666034390790483
thai_calibrated,2025-03-06,2025-02-01,0.27174439945317497,2.368080953761968
thai_calibrated,2025-03-07,2025-02-01,-0.05291566598813158,1.471646329280603
thai_calibrated,2025-03-10,2025-02-01,0.2171382113011271,0.9392129099790913
thai_calibrated,2025-03-11,2025-02-01,-0.21110246114656972,1.3528645308625349
thai_calibrated,2025-03-12,2025-02-01,-0.024544852453415422,0.1037642758953425
thai_calibrated,2025-03-13,2025-02-01,-0.10367183128319479,0.4800323046117732
thai_calibrated,2025-03-14,2025-02-01,-0.00638143372976141,0.7138089152602862
thai_calibrated,2025-03-17,2025-02-01,0.09733282774666047,0.48285644670774513
thai_calibrated,2025-03-18,2025-02-01,-0.32215564220597726,2.1110067933619883
thai_calibrated,2025-03-19,2025-02-01,-0.026850700880102996,0.5046734275313858
thai_calibrated,2025-03-20,2025-02-01,0.005056229536593071,0.26316418799094327
thai_calibrated,2025-03-21,2025-02-01,-0.3330981610537769,2.2584758566695555
thai_calibrated,2025-03-24,2025-02-01,0.03642829328779501,0.11581872042522198
thai_calibrated,2025-03-25,2025-02-01,-0.011227842116892872,0.26432632167446685
thai_calibrated,2025-03-26,2025-02-01,0.03563879737348452,0.4340190940446119
thai_calibrated,2025-03-27,2025-02-01,-0.026339741341880885,0.4936563985407777
thai_calibrated,2025-03-28,2025-02-01,0.02896113122187316,0.05644843242396258
thai_calibrated,2025-03-31,2025-02-01,0.011776157304044743,0.3858345442051505
thai_calibrated,2025-04-01,2025-02-01,0.06052986665897164,0.2759543721699905
thai_calibrated,2025-04-02,2025-02-01,-0.03755717391300496,0.1327109671403789
thai_calibrated,2025-04-03,2025-02-01,0.12466767502794562,1.653470837806304
thai_calibrated,2025-04-04,2025-02-01,0.4047313868857252,6.3981643978006115
thai_calibrated,2025-04-08,2025-02-01,0.37034463587368904,4.680138386133826
thai_calibrated,2025-04-09,2025-02-01,-0.2870351499636148,2.716971753825723
thai_calibrated,2025-04-10,2025-02-01,0.32863210847244306,1.959011311171052
thai_calibrated,2025-04-11,2025-02-01,-0.06521976776415789,0.449432995563148
thai_calibrated,2025-04-16,2025-02-01,-0.26782156491903564,3.6669803092748774
thai_calibrated,2025-04-17,2025-02-01,-0.3794119177368702,3.9748528468374364
thai_calibrated,2025-04-18,2025-02-01,0.21330471882893498,2.1312344757011945
thai_calibrated,2025-04-21,2025-02-01,0.2962522789779811,8.14830408960501
thai_calibrated,2025-04-22,2025-02-01,0.07440823663193885,0.5003370432062857
thai_calibrated,2025-04-23,2025-02-01,0.10756092945607865,2.015657659354027
thai_calibrated,2025-04-24,2025-02-01,-0.17798152929109712,1.8075750982782302
thai_calibrated,2025-04-25,2025-02-01,0.06509781436528927,0.3768398140542715
thai_calibrated,2025-04-28,2025-02-01,-0.11316178811753042,0.6940009546190429
thai_calibrated,2025-04-29,2025-02-01,0.0058947541686702465,0.1103675643952011
thai_calibrated,2025-04-30,2025-02-01,-0.3561645616827347,5.650679730428278
thai_calibrated,2025-05-02,2025-05-01,0.06353010898090178,0.35894349138874587
thai_calibrated,2025-05-06,2025-05-01,-0.06827254899568658,1.2874257819638355
thai_calibrated,2025-05-07,2025-05-01,-0.16138802816485587,2.0135446269700137
thai_calibrated,2025-05-08,2025-05-01,0.022161971155699206,0.16639220960976633
thai_calibrated,2025-05-09,2025-05-01,0.08070097651126984,0.5756395547956074
thai_calibrated,2025-05-13,2025-05-01,0.025786867066311225,0.08013284222763067
thai_calibrated,2025-05-14,2025-05-01,-0.003442864580721433,0.1071207361448756
thai_calibrated,2025-05-15,2025-05-01,0.006008655112984762,0.15434944855385074
thai_calibrated,2025-05-16,2025-05-01,-0.009323528400976056,0.606267397799978
thai_calibrated,2025-05-19,2025-05-01,-0.06806908509302673,0.5100736300722014
thai_calibrated,2025-05-20,2025-05-01,-0.21691223345205612,4.147614478454806
thai_calibrated,2025-05-21,2025-05-01,0.12015694006559796,0.8063390148614213
thai_calibrated,2025-05-22,2025-05-01,-0.018440610783673567,0.19519125294683262
thai_calibrated,2025-05-23,2025-05-01,0.09083803791342981,0.6817246062768835
thai_calibrated,2025-05-26,2025-05-01,0.04446286295773616,0.3101295452005158
thai_calibrated,2025-05-27,2025-05-01,0.08783501578272124,0.9303468988019219
thai_calibrated,2025-05-28,2025-05-01,0.030609269851644416,0.15765459369946588
thai_calibrated,2025-05-29,2025-05-01,0.09395064301274547,0.6635837431651711
thai_calibrated,2025-05-30,2025-05-01,0.046580596548744635,0.4952274492845287
thai_calibrated,2025-06-04,2025-05-01,0.1743383965324019,1.9641566929797911
thai_calibrated,2025-06-05,2025-05-01,-0.10191434763330198,0.8145648370004688
thai_calibrated,2025-06-06,2025-05-01,0.03469145669367202,0.5077602327682921
thai_calibrated,2025-06-09,2025-05-01,0.11158888463389971,0.8018224976975151
thai_calibrated,2025-06-10,2025-05-01,-0.15620745410574788,2.382914280025949
thai_calibrated,2025-06-11,2025-05-01,0.004317578469730272,0.0
thai_calibrated,2025-06-12,2025-05-01,0.09692759105674764,0.9601820719834767
thai_calibrated,2025-06-13,2025-05-01,-0.06423773621577256,0.569955016741099
thai_calibrated,2025-06-16,2025-05-01,0.0679593937002147,0.4871502477807727
thai_calibrated,2025-06-17,2025-05-01,-0.0043017032213155115,0.3773571855190199
thai_calibrated,2025-06-18,2025-05-01,0.1505465907235708,2.154660630265293
thai_calibrated,2025-06-19,2025-05-01,0.09521163225320484,1.1825101214195146
thai_calibrated,2025-06-20,2025-05-01,-0.006822497964139029,0.5259309305009338
thai_calibrated,2025-06-23,2025-05-01,-0.006449666687401379,0.4473599999179663
thai_calibrated,2025-06-24,2025-05-01,-0.18550161386366315,1.7434976265024251
thai_calibrated,2025-06-25,2025-05-01,-0.009796425777083034,0.25024452282665915
thai_calibrated,2025-06-26,2025-05-01,-0.07445209869604053,0.4785944527507146
thai_calibrated,2025-06-27,2025-05-01,0.11010939185944912,1.225665285968476
thai_calibrated,2025-06-30,2025-05-01,0.11554629510464309,0.7477850680566226
thai_calibrated,2025-07-01,2025-05-01,-0.09708436799061815,1.0991205159886237
thai_calibrated,2025-07-02,2025-05-01,-0.19003527432718403,5.383875015742632
thai_calibrated,2025-07-03,2025-05-01,-0.05358018750839344,0.693263720490808
thai_calibrated,2025-07-04,2025-05-01,0.05652623454058725,0.5215850209517681
thai_calibrated,2025-07-07,2025-05-01,-0.11357664303426362,0.7344828062678898
thai_calibrated,2025-07-08,2025-05-01,0.06723979922182777,0.7159728562503934
thai_calibrated,2025-07-09,2025-05-01,0.006277088077720289,0.19236180330911978
thai_calibrated,2025-07-11,2025-05-01,0.0036168137411224472,0.0
thai_calibrated,2025-07-14,2025-05-01,-0.042036426193464954,0.26501164681718986
thai_calibrated,2025-07-15,2025-05-01,0.00798877541145071,0.554191665636687
thai_calibrated,2025-07-16,2025-05-01,0.08193729367603075,1.3746532857796354
thai_calibrated,2025-07-17,2025-05-01,-0.04220999426407182,0.253334784308882
thai_calibrated,2025-07-18,2025-05-01,0.00641048915685527,0.39322651330688196
thai_calibrated,2025-07-21,2025-05-01,-0.04074838072435294,1.2715527783493363
thai_calibrated,2025-07-22,2025-05-01,-0.02640938130873527,0.6513660592639777
thai_calibrated,2025-07-23,2025-05-01,-0.09832648818749534,1.070071273346406
thai_calibrated,2025-07-24,2025-05-01,-0.04002774162964132,0.2662793874039747
thai_calibrated,2025-07-25,2025-05-01,0.022714541895481055,0.21235211318647118
thai_calibrated,2025-07-29,2025-05-01,-0.097956354420079,1.3049872547228563
thai_calibrated,2025-07-30,2025-05-01,0.02485665963857614,0.29209024185531907
thai_calibrated,2025-07-31,2025-05-01,-0.04621130620087277,0.7705710744869503
thai_calibrated,2025-08-01,2025-08-01,0.10107821739882072,0.602040669556274
thai_calibrated,2025-08-04,2025-08-01,0.011550280317848882,0.24410951353534133
thai_calibrated,2025-08-05,2025-08-01,-0.06893860301448074,0.6219157849470119
thai_calibrated,2025-08-06,2025-08-01,-0.0735699996435753,0.5171863153524227
thai_calibrated,2025-08-07,2025-08-01,-0.01666674640776264,0.15591647541607354
thai_calibrated,2025-08-08,2025-08-01,-0.1451222280940636,1.9242774387853998
thai_calibrated,2025-08-13,2025-08-01,-0.03715553613570055,0.3518880478609489
thai_calibrated,2025-08-14,2025-08-01,0.09581249372552225,1.0129204335651594
thai_calibrated,2025-08-15,2025-08-01,-0.027135919269895115,0.6426974888528303
thai_calibrated,2025-08-18,2025-08-01,0.07005780835616604,0.6214437555744748
thai_calibrated,2025-08-19,2025-08-01,-0.042980900718588955,0.2881614380642364
thai_calibrated,2025-08-20,2025-08-01,-0.03653843760223943,0.256999306123449
thai_calibrated,2025-08-21,2025-08-01,0.08622171523736033,1.024526559389285
thai_calibrated,2025-08-22,2025-08-01,0.004892516722842799,0.24898367813566102
thai_calibrated,2025-08-25,2025-08-01,0.07723494317803814,0.5914786469962531
thai_calibrated,2025-08-26,2025-08-01,0.02599263286592801,0.47897819165532185
thai_calibrated,2025-08-27,2025-08-01,0.04686551149455534,0.2269354076571791
thai_calibrated,2025-08-28,2025-08-01,-0.07887494752307,0.5562794010934867
thai_calibrated,2025-08-29,2025-08-01,0.046173293252110004,0.4356882869331422
thai_calibrated,2025-09-01,2025-08-01,0.010139832618275113,0.40355317798829254
thai_calibrated,2025-09-02,2025-08-01,-0.018431898455057716,0.3014513743844116
thai_calibrated,2025-09-03,2025-08-01,0.00992855598068061,0.012894355057092596
thai_calibrated,2025-09-04,2025-08-01,0.029809309952196578,0.17933050055422292
thai_calibrated,2025-09-05,2025-08-01,0.031928462996869134,0.7666357327917751
thai_calibrated,2025-09-08,2025-08-01,-0.007534968007900988,0.3913101546768803
thai_calibrated,2025-09-09,2025-08-01,0.03212765116651514,0.24698728357599045
thai_calibrated,2025-09-10,2025-08-01,-0.02122046212849757,0.17881765613827283
thai_calibrated,2025-09-11,2025-08-01,0.027164848327651647,0.5355844223595972
thai_calibrated,2025-09-12,2025-08-01,0.01650356556676863,0.2719848500006598
thai_calibrated,2025-09-15,2025-08-01,-0.05102202138713402,0.5227135029921108
thai_calibrated,2025-09-16,2025-08-01,0.1273661221850635,1.2318332429145555
thai_calibrated,2025-09-17,2025-08-01,0.005176537944231882,0.11216131854191741
thai_calibrated,2025-09-18,2025-08-01,0.036893693099505465,0.37741435640520193
thai_calibrated,2025-09-19,2025-08-01,-0.014242430445721155,1.0772888997079826
thai_calibrated,2025-09-22,2025-08-01,0.12307677016385843,0.7692185018829101
thai_calibrated,2025-09-23,2025-08-01,0.04017176421062146,0.3367654826978692
thai_calibrated,2025-09-24,2025-08-01,-0.031005737267488898,0.445801579561382
thai_calibrated,2025-09-25,2025-08-01,-0.10427455107236983,0.6739740316699778
thai_calibrated,2025-09-26,2025-08-01,0.04186892395443084,0.1511829252679484
thai_calibrated,2025-09-29,2025-08-01,0.03446803112790753,0.5669160114600574
thai_calibrated,2025-09-30,2025-08-01,-0.005544760428872725,0.07285057906892534
thai_calibrated,2025-10-01,2025-08-01,0.04731909661966782,0.26834170873916424
thai_calibrated,2025-10-02,2025-08-01,0.028328584486877778,0.19948108818502008
thai_calibrated,2025-10-03,2025-08-01,-0.1385511231376193,1.3790198289680735
thai_calibrated,2025-10-06,2025-08-01,0.09038689537005473,0.568631094408007
thai_calibrated,2025-10-08,2025-08-01,-0.044956823243736066,1.064177919293599
thai_calibrated,2025-10-09,2025-08-01,0.017522080686290353,0.5669396859728892
thai_calibrated,2025-10-10,2025-08-01,0.013889951859284294,0.08489803190483139
thai_calibrated,2025-10-14,2025-08-01,0.16017636570787386,1.1048077288818943
thai_calibrated,2025-10-15,2025-08-01,-0.23037265983317923,6.2528705626735
thai_calibrated,2025-10-16,2025-08-01,-0.027900509533832385,0.9103595460783458
thai_calibrated,2025-10-17,2025-08-01,0.01687212973503588,0.20957093022493573
thai_calibrated,2025-10-20,2025-08-01,-0.015339755167531173,0.06111459286115523
thai_calibrated,2025-10-21,2025-08-01,-0.2524312268396933,4.8057421762361585
thai_calibrated,2025-10-22,2025-08-01,-0.018143327501081608,1.07670197392052
thai_calibrated,2025-10-24,2025-08-01,-0.06993453235187919,0.7842295534386277
thai_calibrated,2025-10-27,2025-08-01,0.21150566690822892,2.977169146412833
thai_calibrated,2025-10-28,2025-08-01,0.0008738977030248729,0.49082175548697177
thai_calibrated,2025-10-29,2025-08-01,0.06676810617550294,0.3292933800362112
thai_calibrated,2025-10-30,2025-08-01,-0.014479078403297763,0.758112984688305
thai_calibrated,2025-10-31,2025-08-01,-0.034562242668448206,0.24568803663227937
thai_calibrated,2025-11-03,2025-11-01,-0.002883575367433111,0.06454217654856098
thai_calibrated,2025-11-04,2025-11-01,0.020308907727034198,0.33274827853039995
thai_calibrated,2025-11-05,2025-11-01,-0.038881639944389534,0.7802092231755926
thai_calibrated,2025-11-06,2025-11-01,-0.04662376695773085,0.9358896705200521
thai_calibrated,2025-11-07,2025-11-01,0.11747712922801057,1.5206193472197647
thai_calibrated,2025-11-10,2025-11-01,-0.014861194249914222,0.40793340448269716
thai_calibrated,2025-11-11,2025-11-01,0.04193537557984567,0.4480095670857865
thai_calibrated,2025-11-12,2025-11-01,0.0036247166467854447,0.07659270906226409
thai_calibrated,2025-11-13,2025-11-01,0.03548855920323113,0.5187259744236211
thai_calibrated,2025-11-14,2025-11-01,0.09035898648331664,0.7721507849676446
thai_calibrated,2025-11-17,2025-11-01,-0.067716639061563,0.8379410897034166
thai_calibrated,2025-11-18,2025-11-01,-0.023364677136661766,0.1791852910573867
thai_calibrated,2025-11-19,2025-11-01,-0.027474612203802318,1.0436002046541881
thai_calibrated,2025-11-20,2025-11-01,0.01146160401056262,0.504042908683511
thai_calibrated,2025-11-21,2025-11-01,-0.037615401548715455,0.7569123485611712
thai_calibrated,2025-11-24,2025-11-01,0.04936971584268934,0.8432740717302917
thai_calibrated,2025-11-25,2025-11-01,-0.03119956633078741,0.49458059690013506
thai_calibrated,2025-11-26,2025-11-01,-0.1187365274160741,2.1990089529115444
thai_calibrated,2025-11-27,2025-11-01,0.08667388330357984,1.1198578555989191
thai_calibrated,2025-11-28,2025-11-01,0.05919289930434579,0.4265749685941131
thai_calibrated,2025-12-01,2025-11-01,-0.04900160465665149,0.3183606064048037
thai_calibrated,2025-12-02,2025-11-01,-0.0855546897368844,1.2660699523605115
thai_calibrated,2025-12-03,2025-11-01,-0.05645238532414121,1.1690876049994157
thai_calibrated,2025-12-04,2025-11-01,0.011666465393339598,0.26213667719512956
thai_calibrated,2025-12-08,2025-11-01,0.03887737965206928,0.9007256512618226
thai_calibrated,2025-12-09,2025-11-01,-0.01319361751446177,0.22399813669330687
thai_calibrated,2025-12-11,2025-11-01,-0.01793408587820236,0.25666177789899464
thai_calibrated,2025-12-12,2025-11-01,-0.028553371079405143,0.6239634212760603
thai_calibrated,2025-12-15,2025-11-01,-0.06558254706784583,0.6048703662007335
thai_calibrated,2025-12-16,2025-11-01,-0.07524142542910994,0.8589406205376648
thai_calibrated,2025-12-17,2025-11-01,0.010735209386287914,0.27239022318110656
thai_calibrated,2025-12-18,2025-11-01,-0.27500560008590824,8.557072545043923
thai_calibrated,2025-12-19,2025-11-01,0.10813366239187161,2.016361706741228
thai_calibrated,2025-12-22,2025-11-01,0.0646159229810892,0.849113353698511
thai_calibrated,2025-12-23,2025-11-01,0.021280116542200966,0.6150046049327137
thai_calibrated,2025-12-24,2025-11-01,-0.0383230427954141,0.5931638386511282
thai_calibrated,2025-12-25,2025-11-01,0.002952556890075897,0.26307603877574964
thai_calibrated,2025-12-26,2025-11-01,-0.07617138933355194,0.7564183394435614
thai_calibrated,2025-12-29,2025-11-01,0.0032234266471194983,0.17440231473683374
thai_calibrated,2025-12-30,2025-11-01,0.013559883497854974,0.9230605503446494
thai_calibrated,2026-01-05,2025-11-01,-0.07284649421514489,0.8987080010874763
thai_calibrated,2026-01-06,2025-11-01,0.07366710057867154,1.3713262090161333
thai_calibrated,2026-01-07,2025-11-01,0.09840720848798168,1.3904952897714888
thai_calibrated,2026-01-08,2025-11-01,-0.13949823483711477,2.701466950454678
thai_calibrated,2026-01-09,2025-11-01,0.09749296776059913,0.9996641262007588
thai_calibrated,2026-01-12,2025-11-01,0.04190961467234672,0.3855192220582168
thai_calibrated,2026-01-13,2025-11-01,0.06761684588948846,0.7870886353719165
thai_calibrated,2026-01-14,2025-11-01,-0.03269945359633558,0.31638995419951943
thai_calibrated,2026-01-15,2025-11-01,0.018094423235738344,0.3725168652227961
thai_calibrated,2026-01-16,2025-11-01,-0.06531909863122665,0.7893655855755165
thai_calibrated,2026-01-19,2025-11-01,0.021184675269992626,0.3763057733207105
thai_calibrated,2026-01-20,2025-11-01,-0.012459411628669176,0.13383543199097928
thai_calibrated,2026-01-21,2025-11-01,0.10319088416005906,2.180104738454794
thai_calibrated,2026-01-22,2025-11-01,-0.015285635931039154,0.5271906857871967
thai_calibrated,2026-01-23,2025-11-01,0.05812907028493275,0.8026933480827005
thai_calibrated,2026-01-26,2025-11-01,-0.004950611611954437,0.019835047194966055
thai_calibrated,2026-01-27,2025-11-01,-0.07301760580066152,1.4727830673776399
thai_calibrated,2026-01-28,2025-11-01,0.07407312768802332,0.936179251833672
thai_calibrated,2026-01-29,2025-11-01,0.07853157346767725,1.3343728685449068
thai_calibrated,2026-01-30,2025-11-01,0.0071645297484739245,1.0793818570281002
thai_calibrated,2026-02-02,2026-02-01,0.03366878749729263,0.20847494502186187
thai_calibrated,2026-02-03,2026-02-01,0.02670248136774056,0.13531522844493404
thai_calibrated,2026-02-04,2026-02-01,0.07137484801608363,1.3495353676935318
thai_calibrated,2026-02-05,2026-02-01,-0.03759497285344443,0.3375279850231089
thai_calibrated,2026-02-06,2026-02-01,0.03832683850770796,0.29645452049069265
thai_calibrated,2026-02-09,2026-02-01,-0.09987463517278972,1.9524578461490718
thai_calibrated,2026-02-10,2026-02-01,-0.00981016491378664,0.23953154160848045
thai_calibrated,2026-02-11,2026-02-01,0.08241225374888073,0.7565004105818659
thai_calibrated,2026-02-12,2026-02-01,-0.08980875001262056,2.4814107973808004
thai_calibrated,2026-02-13,2026-02-01,0.01385932616634189,0.5718954708895179
thai_calibrated,2026-02-16,2026-02-01,-0.024931657473738378,0.9089486457467667
thai_calibrated,2026-02-17,2026-02-01,-0.22084908609887854,6.8810696961614015
thai_calibrated,2026-02-18,2026-02-01,-0.060313336742758406,0.6365973235916977
thai_calibrated,2026-02-19,2026-02-01,-0.04154157454544016,0.744456794275276
thai_calibrated,2026-02-20,2026-02-01,-0.0846197648231175,2.057402066277907
thai_calibrated,2026-02-23,2026-02-01,0.10571975363350772,1.4636020392027176
thai_calibrated,2026-02-24,2026-02-01,0.012531801766363981,0.41745683924489374
thai_calibrated,2026-02-25,2026-02-01,0.01624940209469372,1.4107416786274232
thai_calibrated,2026-02-26,2026-02-01,-0.10447903419896054,1.551709364922055
thai_calibrated,2026-02-27,2026-02-01,0.02716517704354371,1.1787988156980331
thai_calibrated,2026-03-02,2026-02-01,0.041865757546342475,0.5837003667909598
thai_calibrated,2026-03-04,2026-02-01,0.06027303293199804,1.4005891056451985
thai_calibrated,2026-03-05,2026-02-01,0.08514480940340707,1.2755624940569672
thai_calibrated,2026-03-06,2026-02-01,0.025074957070353232,0.19776415493440655
thai_calibrated,2026-03-09,2026-02-01,-0.1761573976081392,4.742080975876219
thai_calibrated,2026-03-10,2026-02-01,0.01977257755816375,0.2039547800319117
thai_calibrated,2026-03-11,2026-02-01,-0.02859496337463871,0.1528867277333553
thai_calibrated,2026-03-12,2026-02-01,-0.05697069725983095,0.9552602120843268
thai_calibrated,2026-03-13,2026-02-01,-0.029874763553525252,1.227132375320623
thai_calibrated,2026-03-16,2026-02-01,0.16638212951527276,2.1434071886388093
thai_calibrated,2026-03-17,2026-02-01,-0.022380415231736894,0.31829549993229744
thai_calibrated,2026-03-18,2026-02-01,-0.01604068912951334,0.3968243819212673
thai_calibrated,2026-03-19,2026-02-01,0.023632925867262677,0.4412576396039075
thai_calibrated,2026-03-20,2026-02-01,0.012427087554696098,0.132500706808384
thai_calibrated,2026-03-23,2026-02-01,0.060907846995602144,0.6365035515740396
thai_calibrated,2026-03-24,2026-02-01,-0.07956428622935685,1.0315458107417077
thai_calibrated,2026-03-25,2026-02-01,-0.034399680684570166,0.525647232495738
thai_calibrated,2026-03-26,2026-02-01,-0.08466754098032103,1.2076370125796976
thai_calibrated,2026-03-27,2026-02-01,0.09739237349828322,0.985684734563225
thai_calibrated,2026-03-30,2026-02-01,0.0038367040423046006,0.19364384135211024
thai_calibrated,2026-03-31,2026-02-01,0.010719035444133496,0.28905315763800843
thai_calibrated,2026-04-01,2026-02-01,-0.003645213045984086,1.0300148290504538
thai_calibrated,2026-04-02,2026-02-01,-0.008052914356802096,0.10513776370567027
thai_calibrated,2026-04-03,2026-02-01,0.03633607527899893,0.19157096476110397
thai_calibrated,2026-04-07,2026-02-01,-0.024242694201130677,0.49033621596733384
thai_calibrated,2026-04-08,2026-02-01,0.010748951881793367,0.3563597011800827
thai_calibrated,2026-04-09,2026-02-01,0.02990818480908014,0.3455603029854618
thai_calibrated,2026-04-10,2026-02-01,-0.00948799770135203,0.1376564250931325
thai_calibrated,2026-04-16,2026-02-01,0.10316817595348571,2.1425955418410316
thai_calibrated,2026-04-17,2026-02-01,0.10895365969176973,2.2672418020059424
thai_calibrated,2026-04-20,2026-02-01,-0.004297413632083691,0.5567195230900479
thai_calibrated,2026-04-21,2026-02-01,-0.1443501519226631,5.798319696767537
thai_calibrated,2026-04-22,2026-02-01,0.0014290406585053539,1.8422583576144538
thai_calibrated,2026-04-23,2026-02-01,0.08097071407006484,0.9271734212708451
thai_calibrated,2026-04-24,2026-02-01,0.06545849996087039,0.5762028596976053
fnspid_uncalibrated,2018-10-01,2018-10-01,0.5023265370946427,0.5625732403987532
fnspid_uncalibrated,2018-10-02,2018-10-01,0.23572435670383776,0.08819783193410538
fnspid_uncalibrated,2018-10-03,2018-10-01,0.305583369368248,0.20405183598604332
fnspid_uncalibrated,2018-10-04,2018-10-01,0.20632502707038713,0.5493321890717202
fnspid_uncalibrated,2018-10-05,2018-10-01,-0.12815140965653982,0.6655117480412148
fnspid_uncalibrated,2018-10-08,2018-10-01,0.7133522474052991,0.6689849706287281
fnspid_uncalibrated,2018-10-09,2018-10-01,0.09198025603338282,0.09445612109251218
fnspid_uncalibrated,2018-10-10,2018-10-01,-1.8228114835065656,5.671889009645152
fnspid_uncalibrated,2018-10-11,2018-10-01,1.113739274129931,4.690841471839795
fnspid_uncalibrated,2018-10-12,2018-10-01,0.1207684461143046,5.816166438536453
fnspid_uncalibrated,2018-10-15,2018-10-01,0.7221387028926887,0.7228671964685665
fnspid_uncalibrated,2018-10-16,2018-10-01,0.08456488049876909,0.6522880341658869
fnspid_uncalibrated,2018-10-17,2018-10-01,-0.01413850130716554,5.8869313046570095
fnspid_uncalibrated,2018-10-18,2018-10-01,1.5658761471784772,2.2186638657169104
fnspid_uncalibrated,2018-10-19,2018-10-01,1.1615365127159563,0.7792355642709795
fnspid_uncalibrated,2018-10-22,2018-10-01,-0.4082331560350667,4.426960897927428
fnspid_uncalibrated,2018-10-23,2018-10-01,0.15523668804122193,1.0319931175251231
fnspid_uncalibrated,2018-10-24,2018-10-01,-1.1322848605298281,4.219397083022472
fnspid_uncalibrated,2018-10-25,2018-10-01,1.0495350396097696,1.0129901553192189
fnspid_uncalibrated,2018-10-26,2018-10-01,-0.3306680354913668,1.271520707390961
fnspid_uncalibrated,2018-10-29,2018-10-01,0.24444980137973893,0.056570722708750694
fnspid_uncalibrated,2018-10-30,2018-10-01,1.6530819328309807,1.0199972994769255
fnspid_uncalibrated,2018-10-31,2018-10-01,-0.13542242909003188,0.41280858367508183
fnspid_uncalibrated,2018-11-01,2018-10-01,0.06953090739256468,0.14941736289739166
fnspid_uncalibrated,2018-11-02,2018-10-01,-0.7027054062123002,2.130442675162718
fnspid_uncalibrated,2018-11-05,2018-10-01,0.35175472291668386,0.7632769186637537
fnspid_uncalibrated,2018-11-06,2018-10-01,0.9778953517029779,0.7778100906975302
fnspid_uncalibrated,2018-11-07,2018-10-01,0.02933442060755792,0.4444959216514872
fnspid_uncalibrated,2018-11-08,2018-10-01,-0.0684933768415269,0.796004930897022
fnspid_uncalibrated,2018-11-09,2018-10-01,0.0032534685648470396,0.20093816941619638
fnspid_uncalibrated,2018-11-12,2018-10-01,-0.5458999017147377,1.6532084721130529
fnspid_uncalibrated,2018-11-13,2018-10-01,3.0785093885076216,1.095184120535635
fnspid_uncalibrated,2018-11-14,2018-10-01,-1.095438983916027,3.0381003120175882
fnspid_uncalibrated,2018-11-15,2018-10-01,-0.7726817725213366,4.736774075502976
fnspid_uncalibrated,2018-11-16,2018-10-01,0.08250099965328239,0.4731134818742938
fnspid_uncalibrated,2018-11-19,2018-10-01,-0.09185370724665276,0.8738529846170398
fnspid_uncalibrated,2018-11-20,2018-10-01,0.1946865840793952,1.3247527871128406
fnspid_uncalibrated,2018-11-21,2018-10-01,0.04582301080252216,0.8553096167206607
fnspid_uncalibrated,2018-11-23,2018-10-01,-0.009125644114025305,0.2332541035368115
fnspid_uncalibrated,2018-11-26,2018-10-01,0.15434934411672996,0.9581323728795171
fnspid_uncalibrated,2018-11-27,2018-10-01,1.4667360022007814,0.4043955941014978
fnspid_uncalibrated,2018-11-28,2018-10-01,0.17466361114684592,0.9192097367492419
fnspid_uncalibrated,2018-11-29,2018-10-01,0.12459329831885022,0.08255771706220555
fnspid_uncalibrated,2018-11-30,2018-10-01,0.7245717765737762,1.2565976531536065
fnspid_uncalibrated,2018-12-03,2018-10-01,-0.8090516755822866,1.7400472586608913
fnspid_uncalibrated,2018-12-04,2018-10-01,-2.474752682441766,12.374829938689476
fnspid_uncalibrated,2018-12-06,2018-10-01,0.6189423578665725,1.1339873972073231
fnspid_uncalibrated,2018-12-07,2018-10-01,-0.22293990188277713,1.2822249206934253
fnspid_uncalibrated,2018-12-10,2018-10-01,-0.28730059160980304,2.609450359081253
fnspid_uncalibrated,2018-12-11,2018-10-01,-1.3020906625957887,6.028092554977199
fnspid_uncalibrated,2018-12-12,2018-10-01,-0.027062658007761253,0.23827182392943688
fnspid_uncalibrated,2018-12-13,2018-10-01,-1.1921718183867163,2.8559853819600467
fnspid_uncalibrated,2018-12-14,2018-10-01,0.19637941373828427,0.29441700178108754
fnspid_uncalibrated,2018-12-17,2018-10-01,-0.8038521397796495,1.3784567488519062
fnspid_uncalibrated,2018-12-18,2018-10-01,-1.7614993369631984,7.0318126646881165
fnspid_uncalibrated,2018-12-19,2018-10-01,-2.2372192334627172,2.8521242620491583
fnspid_uncalibrated,2018-12-20,2018-10-01,0.6571734791332559,0.48684801855652104
fnspid_uncalibrated,2018-12-21,2018-10-01,-2.6641634416202065,5.797428058682044
fnspid_uncalibrated,2018-12-24,2018-10-01,-0.13195153286517325,0.44654223616394173
fnspid_uncalibrated,2018-12-26,2018-10-01,5.25528272281108,11.545940094050662
fnspid_uncalibrated,2018-12-27,2018-10-01,0.39945047062536165,4.383537467349903
fnspid_uncalibrated,2018-12-28,2018-10-01,-0.5543415024719016,0.6933448174933668
fnspid_uncalibrated,2018-12-31,2018-10-01,0.1831623160936811,0.3042699503714518
fnspid_uncalibrated,2019-01-02,2019-01-01,5.042507201104998,9.905380686771753
fnspid_uncalibrated,2019-01-03,2019-01-01,-0.7774063949205353,0.9721776013096682
fnspid_uncalibrated,2019-01-04,2019-01-01,0.4963188973469086,1.9660717825192287
fnspid_uncalibrated,2019-01-07,2019-01-01,0.9246181007117905,0.08458196117994728
fnspid_uncalibrated,2019-01-08,2019-01-01,-0.24862145428945925,0.44252319134278784
fnspid_uncalibrated,2019-01-09,2019-01-01,-0.08512055314552508,0.45399524929991564
fnspid_uncalibrated,2019-01-10,2019-01-01,0.24026618662118557,0.14260701588450556
fnspid_uncalibrated,2019-01-11,2019-01-01,0.9394931589452562,1.0731471933410353
fnspid_uncalibrated,2019-01-14,2019-01-01,1.87904678973268,4.231184459194266
fnspid_uncalibrated,2019-01-15,2019-01-01,2.0028756348849157,2.644570220533379
fnspid_uncalibrated,2019-01-16,2019-01-01,1.0905344212775159,1.158469609495449
fnspid_uncalibrated,2019-01-17,2019-01-01,2.59841172121228,2.1572402910501087
fnspid_uncalibrated,2019-01-18,2019-01-01,0.8238276845245828,0.8487406203194524
fnspid_uncalibrated,2019-01-22,2019-01-01,0.025937657189992108,0.19241294965752678
fnspid_uncalibrated,2019-01-23,2019-01-01,-0.4680061023590286,0.6760736051359565
fnspid_uncalibrated,2019-01-24,2019-01-01,2.720280918744917,2.218495836688849
fnspid_uncalibrated,2019-01-25,2019-01-01,-0.15064042980938008,0.5614584710827794
fnspid_uncalibrated,2019-01-28,2019-01-01,0.4344768386211382,0.48756355810943497
fnspid_uncalibrated,2019-01-29,2019-01-01,0.06773722045446026,0.11718316700497608
fnspid_uncalibrated,2019-01-30,2019-01-01,0.34489811852718016,0.3180053561769281
fnspid_uncalibrated,2019-01-31,2019-01-01,0.6615993914645818,0.5773137211754876
fnspid_uncalibrated,2019-02-01,2019-01-01,0.41311731117094747,0.20034899731240158
fnspid_uncalibrated,2019-02-04,2019-01-01,0.8435266152330999,0.28513464176533765
fnspid_uncalibrated,2019-02-05,2019-01-01,0.025944137349143498,0.1930416554978213
fnspid_uncalibrated,2019-02-06,2019-01-01,0.10284699239858623,0.012235195495191392
fnspid_uncalibrated,2019-02-07,2019-01-01,-0.37867178102418836,0.5627695037300862
fnspid_uncalibrated,2019-02-08,2019-01-01,0.007344232293274716,0.2461926329946564
fnspid_uncalibrated,2019-02-11,2019-01-01,0.4169794007361238,0.25858527458043873
fnspid_uncalibrated,2019-02-12,2019-01-01,0.09022470465043098,0.4080713537183288
fnspid_uncalibrated,2019-02-13,2019-01-01,0.0694460694113006,0.3221981909113746
fnspid_uncalibrated,2019-02-14,2019-01-01,0.0655573837310957,0.06461791303324667
fnspid_uncalibrated,2019-02-15,2019-01-01,-0.7293272728623779,1.5995344461161332
fnspid_uncalibrated,2019-02-19,2019-01-01,-0.045727762990895204,0.35579812211777756
fnspid_uncalibrated,2019-02-20,2019-01-01,1.2809171316423755,0.23204880170751394
fnspid_uncalibrated,2019-02-21,2019-01-01,-0.008293962460878462,0.07406422805872621
fnspid_uncalibrated,2019-02-22,2019-01-01,0.09864627306097185,0.5511945226911033
fnspid_uncalibrated,2019-02-25,2019-01-01,0.187229550376672,0.22194336654500352
fnspid_uncalibrated,2019-02-26,2019-01-01,-0.35727390543539855,0.445806903613645
fnspid_uncalibrated,2019-02-27,2019-01-01,-0.10271859228047586,0.8601582125555151
fnspid_uncalibrated,2019-02-28,2019-01-01,0.24618620380501444,0.3806024751456417
fnspid_uncalibrated,2019-03-01,2019-01-01,0.5768740051717263,0.30759812139105447
fnspid_uncalibrated,2019-03-04,2019-01-01,-0.060987373793006394,0.3999409054076705
fnspid_uncalibrated,2019-03-05,2019-01-01,1.200137509460903,0.9377941347952391
fnspid_uncalibrated,2019-03-06,2019-01-01,0.5759710285729046,0.040232444581916146
fnspid_uncalibrated,2019-03-07,2019-01-01,-0.299922208017296,0.580003232297989
fnspid_uncalibrated,2019-03-08,2019-01-01,1.457140152371555,1.4692072227395456
fnspid_uncalibrated,2019-03-11,2019-01-01,-0.35354169746662256,0.4746180522578178
fnspid_uncalibrated,2019-03-12,2019-01-01,0.018272428640690785,0.3479806224071841
fnspid_uncalibrated,2019-03-13,2019-01-01,0.13416957925161777,0.25511140867225235
fnspid_uncalibrated,2019-03-14,2019-01-01,0.6612777593654557,0.35470036043855524
fnspid_uncalibrated,2019-03-15,2019-01-01,2.5357568904585523,0.48434436523099483
fnspid_uncalibrated,2019-03-18,2019-01-01,0.17967429340121438,0.42270202633490245
fnspid_uncalibrated,2019-03-19,2019-01-01,1.5693659018977297,2.291905182135103
fnspid_uncalibrated,2019-03-20,2019-01-01,-1.568772353646796,3.358886707742038
fnspid_uncalibrated,2019-03-21,2019-01-01,0.34895863081060907,0.2316819874155384
fnspid_uncalibrated,2019-03-22,2019-01-01,-1.3997275209184863,3.0041019920032697
fnspid_uncalibrated,2019-03-25,2019-01-01,0.37086490021781116,0.33990350908674405
fnspid_uncalibrated,2019-03-26,2019-01-01,0.21331867478057787,0.30642649052545445
fnspid_uncalibrated,2019-03-27,2019-01-01,-0.22229221411193023,0.4908004621754464
fnspid_uncalibrated,2019-03-28,2019-01-01,1.1914106669197566,0.938853038209305
fnspid_uncalibrated,2019-03-29,2019-01-01,-0.967376569267759,3.6951162144481695
fnspid_uncalibrated,2019-04-01,2019-04-01,-0.43901216887508276,2.803502590637345
fnspid_uncalibrated,2019-04-02,2019-04-01,-0.1217543084669567,0.15049959239238692
fnspid_uncalibrated,2019-04-03,2019-04-01,0.09870627403889354,0.306827101353687
fnspid_uncalibrated,2019-04-04,2019-04-01,0.27466222797087525,0.6453832337964341
fnspid_uncalibrated,2019-04-05,2019-04-01,-0.4376767891129899,0.46886568244864213
fnspid_uncalibrated,2019-04-08,2019-04-01,0.06869537468550341,0.19408623021244847
fnspid_uncalibrated,2019-04-09,2019-04-01,-0.26373212781072586,0.5202831298657863
fnspid_uncalibrated,2019-04-10,2019-04-01,0.015192171478318417,0.1156507222985419
fnspid_uncalibrated,2019-04-11,2019-04-01,-0.011302911908505464,0.08982178603081321
fnspid_uncalibrated,2019-04-12,2019-04-01,-0.8500126427264383,2.043867098993995
fnspid_uncalibrated,2019-04-15,2019-04-01,-0.16225472398328566,0.7523555107419849
fnspid_uncalibrated,2019-04-16,2019-04-01,-0.5916565739938973,1.8083958291268125
fnspid_uncalibrated,2019-04-17,2019-04-01,1.1805439574937964,4.12794583053309
fnspid_uncalibrated,2019-04-18,2019-04-01,0.39608469341460983,0.5437183444781892
fnspid_uncalibrated,2019-04-22,2019-04-01,0.09938594402902141,0.10840735034579234
fnspid_uncalibrated,2019-04-23,2019-04-01,0.5357233824945166,0.7392575704298868
fnspid_uncalibrated,2019-04-24,2019-04-01,0.052948768923769124,0.061572388445946646
fnspid_uncalibrated,2019-04-25,2019-04-01,1.1888303395227018,0.4970289854855839
fnspid_uncalibrated,2019-04-26,2019-04-01,1.8558756462553627,3.5404599635403877
fnspid_uncalibrated,2019-04-29,2019-04-01,0.12042725512939056,1.0776620089753393
fnspid_uncalibrated,2019-04-30,2019-04-01,-0.030693862321134864,0.06850891021895335
fnspid_uncalibrated,2019-05-01,2019-04-01,-0.026694837175409047,0.12179332452014056
fnspid_uncalibrated,2019-05-02,2019-04-01,0.09571053614495995,0.04223188117576974
fnspid_uncalibrated,2019-05-03,2019-04-01,0.5494542574088729,0.24365612496140784
fnspid_uncalibrated,2019-05-06,2019-04-01,-0.0205268158632812,1.4255580787352922
fnspid_uncalibrated,2019-05-07,2019-04-01,0.3621759858140692,1.3234742035852882
fnspid_uncalibrated,2019-05-08,2019-04-01,0.33939636435579723,0.22338660350732584
fnspid_uncalibrated,2019-05-09,2019-04-01,0.14188310099380597,0.9431836820198889
fnspid_uncalibrated,2019-05-10,2019-04-01,0.17710864700197365,0.3961569851770054
fnspid_uncalibrated,2019-05-13,2019-04-01,0.30066679209267816,0.3566204048141954
fnspid_uncalibrated,2019-05-14,2019-04-01,-0.15708368354061092,0.41536252468903845
fnspid_uncalibrated,2019-05-15,2019-04-01,-0.01629645852866063,0.35200541253111717
fnspid_uncalibrated,2019-05-16,2019-04-01,0.4962063920015468,0.5140004845244494
fnspid_uncalibrated,2019-05-17,2019-04-01,0.1014647140695871,0.2158068138075709
fnspid_uncalibrated,2019-05-20,2019-04-01,-0.09828231363518644,0.25461337869294765
fnspid_uncalibrated,2019-05-21,2019-04-01,0.18398851074631176,0.14536027562402595
fnspid_uncalibrated,2019-05-22,2019-04-01,0.11599646690285415,0.5060216528129928
fnspid_uncalibrated,2019-05-23,2019-04-01,-0.06879235016742424,0.3361270446113857
fnspid_uncalibrated,2019-05-24,2019-04-01,0.74311781944634,0.37032900994741247
fnspid_uncalibrated,2019-05-28,2019-04-01,-0.27314425217368443,1.223522023940703
fnspid_uncalibrated,2019-05-29,2019-04-01,0.6182058992527505,0.5397844301496061
fnspid_uncalibrated,2019-05-30,2019-04-01,0.2787433840685736,1.3446009372178902
fnspid_uncalibrated,2019-05-31,2019-04-01,0.2204304213743675,0.2078556340990075
fnspid_uncalibrated,2019-06-03,2019-04-01,0.1189388741780254,0.35424345425969744
fnspid_uncalibrated,2019-06-04,2019-04-01,0.6872158190485527,4.600372709302263
fnspid_uncalibrated,2019-06-05,2019-04-01,-0.024084463211630214,0.295582862804787
fnspid_uncalibrated,2019-06-06,2019-04-01,-0.08903058671956893,0.2190419100004759
fnspid_uncalibrated,2019-06-07,2019-04-01,0.4019222814692782,0.19199733733031574
fnspid_uncalibrated,2019-06-10,2019-04-01,0.38698081661351824,0.08460738623861641
fnspid_uncalibrated,2019-06-11,2019-04-01,-0.048301981334603214,0.07067874703258602
fnspid_uncalibrated,2019-06-12,2019-04-01,0.3525018377361788,1.6343156963700516
fnspid_uncalibrated,2019-06-13,2019-04-01,0.40438171117719085,0.1097011046096094
fnspid_uncalibrated,2019-06-14,2019-04-01,0.04607429519417805,0.1615798495580077
fnspid_uncalibrated,2019-06-17,2019-04-01,-0.3149363679540622,1.4839912125284054
fnspid_uncalibrated,2019-06-18,2019-04-01,0.7593830400335291,1.3919025727658347
fnspid_uncalibrated,2019-06-19,2019-04-01,0.9524063527968203,1.3331760982981133
fnspid_uncalibrated,2019-06-20,2019-04-01,0.24109957638253984,0.20280882437905276
fnspid_uncalibrated,2019-06-21,2019-04-01,0.02367602034219002,0.1950402080406901
fnspid_uncalibrated,2019-06-24,2019-04-01,0.10879220289330616,0.9759632080648328
fnspid_uncalibrated,2019-06-25,2019-04-01,-0.10055326831439454,0.5225044615460628
fnspid_uncalibrated,2019-06-26,2019-04-01,0.06933360013282928,0.03446578926595284
fnspid_uncalibrated,2019-06-27,2019-04-01,0.30250956198928325,0.03267158496846737
fnspid_uncalibrated,2019-06-28,2019-04-01,0.723153643609721,0.395382090769447
fnspid_uncalibrated,2019-07-01,2019-07-01,-0.05336835908200849,0.27232823339273865
fnspid_uncalibrated,2019-07-02,2019-07-01,0.46115025551830263,0.09374042627166751
fnspid_uncalibrated,2019-07-03,2019-07-01,0.005214469663480381,0.3765821080873798
fnspid_uncalibrated,2019-07-05,2019-07-01,0.33564612887325374,0.20800412260284984
fnspid_uncalibrated,2019-07-08,2019-07-01,0.06595585393828403,0.12464879096635255
fnspid_uncalibrated,2019-07-09,2019-07-01,-0.1296609412446319,1.2351877165996341
fnspid_uncalibrated,2019-07-10,2019-07-01,0.35791654335704626,0.8328991934228017
fnspid_uncalibrated,2019-07-11,2019-07-01,0.21663978394122785,0.297950522496911
fnspid_uncalibrated,2019-07-12,2019-07-01,0.23721940451643014,0.25415872259276334
fnspid_uncalibrated,2019-07-15,2019-07-01,-0.2781665940307583,1.2422314650427186
fnspid_uncalibrated,2019-07-16,2019-07-01,0.009289617322373989,2.0063589306829805
fnspid_uncalibrated,2019-07-17,2019-07-01,0.6344369002165027,1.4786001492315908
fnspid_uncalibrated,2019-07-18,2019-07-01,-0.3302650614984859,1.045198490359973
fnspid_uncalibrated,2019-07-19,2019-07-01,0.34375146899403175,0.5781494630553625
fnspid_uncalibrated,2019-07-22,2019-07-01,0.042952231157330045,1.0607930820321607
fnspid_uncalibrated,2019-07-23,2019-07-01,0.9293134235666345,1.2357007448864141
fnspid_uncalibrated,2019-07-24,2019-07-01,1.1606129223203077,2.6389082784401907
fnspid_uncalibrated,2019-07-25,2019-07-01,0.34529409933488664,0.47200283409671473
fnspid_uncalibrated,2019-07-26,2019-07-01,-0.12125361849388705,1.213180453372
fnspid_uncalibrated,2019-07-29,2019-07-01,0.5887664732888254,0.290642562494742
fnspid_uncalibrated,2019-07-30,2019-07-01,0.564899727378336,0.2912459527770775
fnspid_uncalibrated,2019-07-31,2019-07-01,0.2500402358744006,0.29395481315274286
fnspid_uncalibrated,2019-08-01,2019-07-01,0.25775436762089843,3.3906796885300152
fnspid_uncalibrated,2019-08-02,2019-07-01,-0.048463246169594076,0.1317662673044074
fnspid_uncalibrated,2019-08-05,2019-07-01,0.04063461480170527,0.8073851753212414
fnspid_uncalibrated,2019-08-06,2019-07-01,-0.16535365036328645,0.30856601915035037
fnspid_uncalibrated,2019-08-07,2019-07-01,-0.4504010259105626,0.8850627552636212
fnspid_uncalibrated,2019-08-08,2019-07-01,-0.3180866725469073,0.8177062200118886
fnspid_uncalibrated,2019-08-09,2019-07-01,0.1106262720880381,0.2758398682183761
fnspid_uncalibrated,2019-08-12,2019-07-01,0.5840121222749337,1.3940010333791755
fnspid_uncalibrated,2019-08-13,2019-07-01,-0.060019363154006466,1.1636969427213173
fnspid_uncalibrated,2019-08-14,2019-07-01,0.26988710007420424,2.650115503004594
fnspid_uncalibrated,2019-08-15,2019-07-01,-0.2692499286275257,0.9260399932142942
fnspid_uncalibrated,2019-08-16,2019-07-01,-0.4475822539955143,1.2167650658821896
fnspid_uncalibrated,2019-08-19,2019-07-01,-0.07535766370398106,0.3659646241370393
fnspid_uncalibrated,2019-08-20,2019-07-01,0.8104951885783674,0.7243846536061159
fnspid_uncalibrated,2019-08-21,2019-07-01,0.28805682379709147,0.3715419890554504
fnspid_uncalibrated,2019-08-22,2019-07-01,0.06301346963552391,0.08311060025921198
fnspid_uncalibrated,2019-08-23,2019-07-01,-0.8991579128129668,3.3362123086021405
fnspid_uncalibrated,2019-08-26,2019-07-01,-0.029242638879962507,0.045795029683465015
fnspid_uncalibrated,2019-08-27,2019-07-01,0.4169366058946149,1.641823193358609
fnspid_uncalibrated,2019-08-28,2019-07-01,0.4925486268527135,2.00642867189818
fnspid_uncalibrated,2019-08-29,2019-07-01,0.3152233937785875,0.45140705829297395
fnspid_uncalibrated,2019-08-30,2019-07-01,0.2559026419674814,0.00021918904196040328
fnspid_uncalibrated,2019-09-03,2019-07-01,0.12021634814889676,0.25569816224142733
fnspid_uncalibrated,2019-09-04,2019-07-01,0.1146845843830199,0.0897885522191243
fnspid_uncalibrated,2019-09-05,2019-07-01,0.07743874615379376,1.0431361998892157
fnspid_uncalibrated,2019-09-06,2019-07-01,0.07117491726216835,0.12165472448583461
fnspid_uncalibrated,2019-09-09,2019-07-01,0.39073993143218466,6.156991010753598
fnspid_uncalibrated,2019-09-10,2019-07-01,0.41480743770404643,0.34833257712733395
fnspid_uncalibrated,2019-09-11,2019-07-01,0.8482749333164255,0.30745016111804696
fnspid_uncalibrated,2019-09-12,2019-07-01,0.9030753081511764,1.044838362864498
fnspid_uncalibrated,2019-09-13,2019-07-01,-0.20237643743848654,0.445391688787232
fnspid_uncalibrated,2019-09-16,2019-07-01,1.0998274262962875,0.5992966544623662
fnspid_uncalibrated,2019-09-17,2019-07-01,-0.14885830790282012,0.3414606689091543
fnspid_uncalibrated,2019-09-18,2019-07-01,0.3917685753822444,0.6411986183930973
fnspid_uncalibrated,2019-09-19,2019-07-01,-0.0078069310161994615,0.12084233105401
fnspid_uncalibrated,2019-09-20,2019-07-01,-0.07494986157430883,0.5349423483012893
fnspid_uncalibrated,2019-09-23,2019-07-01,0.16104004637567382,0.8955322615100125
fnspid_uncalibrated,2019-09-24,2019-07-01,-0.09198899973764108,0.9746018128733357
fnspid_uncalibrated,2019-09-25,2019-07-01,0.5645831803237316,0.7860509875583066
fnspid_uncalibrated,2019-09-26,2019-07-01,-0.019813366815129352,0.18873204887042727
fnspid_uncalibrated,2019-09-27,2019-07-01,0.34600635309824945,0.03356220588248138
fnspid_uncalibrated,2019-09-30,2019-07-01,0.32085271805512566,0.34075510593542996
fnspid_uncalibrated,2019-10-01,2019-10-01,-0.570912587382165,7.845533551115418
fnspid_uncalibrated,2019-10-02,2019-10-01,0.16446802890715673,1.6367306364013827
fnspid_uncalibrated,2019-10-03,2019-10-01,0.15839881951474485,0.20267564431449228
fnspid_uncalibrated,2019-10-04,2019-10-01,1.5493975381483889,3.3671286922571113
fnspid_uncalibrated,2019-10-07,2019-10-01,0.2786222557690703,0.161036935757979
fnspid_uncalibrated,2019-10-08,2019-10-01,0.9057721334916864,1.1076872350826266
fnspid_uncalibrated,2019-10-09,2019-10-01,0.030095690188443408,0.1299029275242937
fnspid_uncalibrated,2019-10-10,2019-10-01,-0.2745331534905277,0.760254018957552
fnspid_uncalibrated,2019-10-11,2019-10-01,-0.1070972920614183,0.23814561851165988
fnspid_uncalibrated,2019-10-14,2019-10-01,0.07366472340751148,0.17457775735692174
fnspid_uncalibrated,2019-10-15,2019-10-01,0.5413497308389209,0.9965325277627451
fnspid_uncalibrated,2019-10-16,2019-10-01,0.23184585513056133,0.7607470766258797
fnspid_uncalibrated,2019-10-17,2019-10-01,0.3026645776990677,0.3540254701670475
fnspid_uncalibrated,2019-10-18,2019-10-01,0.3579439038738104,0.4003281944702059
fnspid_uncalibrated,2019-10-21,2019-10-01,-0.1261810239977159,0.7890422494571573
fnspid_uncalibrated,2019-10-22,2019-10-01,0.4917245362988695,0.5787826240003014
fnspid_uncalibrated,2019-10-23,2019-10-01,0.4745816792473654,0.5848745529640269
fnspid_uncalibrated,2019-10-24,2019-10-01,0.15509825762896073,0.34389565180490617
fnspid_uncalibrated,2019-10-25,2019-10-01,-0.7038557721145264,1.2429421001753889
fnspid_uncalibrated,2019-10-28,2019-10-01,-0.15124278960647852,0.4528134936567731
fnspid_uncalibrated,2019-10-29,2019-10-01,0.09997804159077084,0.38813454442320644
fnspid_uncalibrated,2019-10-30,2019-10-01,0.18907056658932447,0.0379708881576565
fnspid_uncalibrated,2019-10-31,2019-10-01,-0.23871678365535182,0.37005896394437965
fnspid_uncalibrated,2019-11-01,2019-10-01,0.0412428111628006,0.9496859607476951
fnspid_uncalibrated,2019-11-04,2019-10-01,0.20961614475951318,0.6768575631313467
fnspid_uncalibrated,2019-11-05,2019-10-01,0.3021436735065133,0.24381859135009876
fnspid_uncalibrated,2019-11-06,2019-10-01,0.1616398020316311,0.1793544058624337
fnspid_uncalibrated,2019-11-07,2019-10-01,0.05565708016331927,0.07428646487040838
fnspid_uncalibrated,2019-11-08,2019-10-01,0.11232794859720177,0.14812114715861022
fnspid_uncalibrated,2019-11-11,2019-10-01,0.2768579634201009,0.07382153543792158
fnspid_uncalibrated,2019-11-12,2019-10-01,0.04824102343461931,0.1416150091674158
fnspid_uncalibrated,2019-11-13,2019-10-01,0.11904169169616416,0.19293710118702903
fnspid_uncalibrated,2019-11-14,2019-10-01,0.07014857568496055,0.1307197036282341
fnspid_uncalibrated,2019-11-15,2019-10-01,0.03729782118475124,0.07543076540790512
fnspid_uncalibrated,2019-11-18,2019-10-01,0.010495129076868615,0.2684159194294107
fnspid_uncalibrated,2019-11-19,2019-10-01,0.5060723126412785,0.10874902620689272
fnspid_uncalibrated,2019-11-20,2019-10-01,-0.03693957524124678,0.0786696643865404
fnspid_uncalibrated,2019-11-21,2019-10-01,0.3142749215292938,0.13074730065286783
fnspid_uncalibrated,2019-11-22,2019-10-01,0.22731275262005984,0.43950813431181396
fnspid_uncalibrated,2019-11-25,2019-10-01,0.47555915323067244,0.796060001099197
fnspid_uncalibrated,2019-11-26,2019-10-01,0.17048510237329295,0.03188383046418551
fnspid_uncalibrated,2019-11-27,2019-10-01,0.2756076263460058,0.2202347518636785
fnspid_uncalibrated,2019-11-29,2019-10-01,0.0004257605979401755,0.006060035711380586
fnspid_uncalibrated,2019-12-02,2019-10-01,0.1619508479683408,0.7093424342643463
fnspid_uncalibrated,2019-12-03,2019-10-01,-0.11080361484293598,0.1776060996227273
fnspid_uncalibrated,2019-12-04,2019-10-01,0.1364977564710983,1.2525157335590087
fnspid_uncalibrated,2019-12-05,2019-10-01,-0.030234715206107522,0.08106344118864518
fnspid_uncalibrated,2019-12-06,2019-10-01,0.3518933784684539,0.06781456647766189
fnspid_uncalibrated,2019-12-09,2019-10-01,0.25933851282970344,0.1262283953749876
fnspid_uncalibrated,2019-12-10,2019-10-01,0.3378512873986619,0.5112180241105148
fnspid_uncalibrated,2019-12-11,2019-10-01,0.12839722475072568,0.6427172426978303
fnspid_uncalibrated,2019-12-12,2019-10-01,-0.11744752922870028,3.8941604908699827
fnspid_uncalibrated,2019-12-13,2019-10-01,-0.03940639151714234,0.26759264670149485
fnspid_uncalibrated,2019-12-16,2019-10-01,-0.4869194133331069,0.628853743333801
fnspid_uncalibrated,2019-12-17,2019-10-01,0.24619275687748376,0.2891042827762953
fnspid_uncalibrated,2019-12-18,2019-10-01,0.01782920756920229,0.031533960758078676
fnspid_uncalibrated,2019-12-20,2019-10-01,0.001683293230577032,0.5496135725077731
fnspid_uncalibrated,2019-12-23,2019-10-01,0.09415342650650177,0.05744306389056484
fnspid_uncalibrated,2019-12-24,2019-10-01,0.2553627602598474,0.044861160161060044
fnspid_uncalibrated,2019-12-26,2019-10-01,0.04508070019901271,0.02726846536756058
fnspid_uncalibrated,2019-12-27,2019-10-01,0.036731058377747636,0.011494001557801278
fnspid_uncalibrated,2019-12-30,2019-10-01,-0.1706632228476217,0.5574426232156309
fnspid_uncalibrated,2019-12-31,2019-10-01,0.8786757039543335,0.30146787267051034
fnspid_uncalibrated,2020-01-02,2020-01-01,1.548626885031526,0.7825428453547395
fnspid_uncalibrated,2020-01-03,2020-01-01,0.7837795537880794,0.3101601769728782
fnspid_uncalibrated,2020-01-06,2020-01-01,0.24244366516218507,0.5888229686578885
fnspid_uncalibrated,2020-01-07,2020-01-01,0.7707651848892396,0.5412107323069406
fnspid_uncalibrated,2020-01-08,2020-01-01,-0.04630341370000479,0.47070513241546336
fnspid_uncalibrated,2020-01-09,2020-01-01,0.1148816104499919,0.3691806081583742
fnspid_uncalibrated,2020-01-10,2020-01-01,0.61317053870275,1.3028682845902226
fnspid_uncalibrated,2020-01-13,2020-01-01,0.07455490581896618,0.5301013590570516
fnspid_uncalibrated,2020-01-14,2020-01-01,0.046256919187470213,0.7000169207997851
fnspid_uncalibrated,2020-01-15,2020-01-01,-0.08175315234906444,1.2424188544399979
fnspid_uncalibrated,2020-01-16,2020-01-01,0.18404209020948592,0.6921377169175763
fnspid_uncalibrated,2020-01-17,2020-01-01,0.44786256284466414,0.3785639096377013
fnspid_uncalibrated,2020-01-21,2020-01-01,0.2980514058061871,0.4218407833454268
fnspid_uncalibrated,2020-01-22,2020-01-01,0.029549587357816653,0.5822114143932026
fnspid_uncalibrated,2020-01-23,2020-01-01,-0.028323557299001573,0.15347562806582424
fnspid_uncalibrated,2020-01-24,2020-01-01,0.23643314875074184,2.762520804898541
fnspid_uncalibrated,2020-01-27,2020-01-01,-0.14004174867710817,0.7271689140038915
fnspid_uncalibrated,2020-01-28,2020-01-01,-0.2661074436134003,0.6643297846110948
fnspid_uncalibrated,2020-01-29,2020-01-01,0.19164862603895672,0.4177087741714607
fnspid_uncalibrated,2020-01-30,2020-01-01,-0.82861125311784,4.479999972857103
fnspid_uncalibrated,2020-01-31,2020-01-01,-0.44663332880660755,1.2931374424896198
fnspid_uncalibrated,2020-02-03,2020-01-01,-0.0011155175689874508,0.22063057705699238
fnspid_uncalibrated,2020-02-04,2020-01-01,0.08126924569075512,0.06648812722884119
fnspid_uncalibrated,2020-02-05,2020-01-01,0.10135833109890513,0.5094198564640866
fnspid_uncalibrated,2020-02-06,2020-01-01,0.35439717267722604,0.9164801949019689
fnspid_uncalibrated,2020-02-07,2020-01-01,0.00969338936398393,0.03235613868728345
fnspid_uncalibrated,2020-02-10,2020-01-01,0.10250480210119245,0.39548801461443195
fnspid_uncalibrated,2020-02-11,2020-01-01,0.3183119901164005,0.11054277353164171
fnspid_uncalibrated,2020-02-12,2020-01-01,0.22728303024357965,0.44125655096263416
fnspid_uncalibrated,2020-02-13,2020-01-01,-0.1141769784370344,0.5200806819988647
fnspid_uncalibrated,2020-02-14,2020-01-01,0.34110571211187146,0.06826871890483796
fnspid_uncalibrated,2020-02-18,2020-01-01,1.242002331854952,1.4402815416364987
fnspid_uncalibrated,2020-02-19,2020-01-01,-0.12062503076366321,0.5440240545514414
fnspid_uncalibrated,2020-02-20,2020-01-01,-0.30463392409521584,1.7412378518118266
fnspid_uncalibrated,2020-02-21,2020-01-01,0.16975993483838886,0.2696746673461971
fnspid_uncalibrated,2020-02-24,2020-01-01,0.5411102573119169,0.13826209115910562
fnspid_uncalibrated,2020-02-25,2020-01-01,0.39549363448788455,14.298871531438017
fnspid_uncalibrated,2020-02-26,2020-01-01,-0.23233733613609875,4.952759273138037
fnspid_uncalibrated,2020-02-27,2020-01-01,0.9709123754601405,3.8972451947249764
fnspid_uncalibrated,2020-02-28,2020-01-01,-0.05423749745593387,1.8686179152819034
fnspid_uncalibrated,2020-03-02,2020-01-01,0.938924992515151,13.208481235617507
fnspid_uncalibrated,2020-03-03,2020-01-01,1.6204119777168575,15.659047556532913
fnspid_uncalibrated,2020-03-04,2020-01-01,-0.17559554112789533,2.287990937458803
fnspid_uncalibrated,2020-03-05,2020-01-01,-0.5973242111146639,3.751614958045352
fnspid_uncalibrated,2020-03-06,2020-01-01,0.15606506246642815,1.4316498841516174
fnspid_uncalibrated,2020-03-09,2020-01-01,-1.1019660295784917,12.838144287909904
fnspid_uncalibrated,2020-03-10,2020-01-01,0.20621269526971187,3.011235581929204
fnspid_uncalibrated,2020-03-11,2020-01-01,-0.15235417738244728,14.083260824068772
fnspid_uncalibrated,2020-03-12,2020-01-01,0.2683526906417626,27.33488573725183
fnspid_uncalibrated,2020-03-13,2020-01-01,0.6168001450204486,30.361694161645563
fnspid_uncalibrated,2020-03-16,2020-01-01,0.80021200842409,20.990156788531547
fnspid_uncalibrated,2020-03-17,2020-01-01,0.8171418196840285,13.911399794327588
fnspid_uncalibrated,2020-03-18,2020-01-01,-2.271236677226913,34.11840274605483
fnspid_uncalibrated,2020-03-19,2020-01-01,-0.33621407481019006,28.7695717681508
fnspid_uncalibrated,2020-03-20,2020-01-01,-1.2163125079435453,23.760099800964984
fnspid_uncalibrated,2020-03-23,2020-01-01,-2.7835133220994486,30.98983595498973
fnspid_uncalibrated,2020-03-24,2020-01-01,-0.9500338207374526,30.534764167605825
fnspid_uncalibrated,2020-03-25,2020-01-01,0.032687569802213545,2.402850728541389
fnspid_uncalibrated,2020-03-26,2020-01-01,0.9887010597435015,16.145030415205266
fnspid_uncalibrated,2020-03-27,2020-01-01,0.7220228514976741,4.585112081642871
fnspid_uncalibrated,2020-03-30,2020-01-01,-0.45370183474103154,4.861722414223348
fnspid_uncalibrated,2020-03-31,2020-01-01,0.42217725648494575,5.335315662952126
fnspid_uncalibrated,2020-04-01,2020-04-01,-0.6505203161541216,1.1672558641111328
fnspid_uncalibrated,2020-04-02,2020-04-01,0.3299780503237484,6.812509924036538
fnspid_uncalibrated,2020-04-03,2020-04-01,0.9077481988854412,7.401844968571922
fnspid_uncalibrated,2020-04-06,2020-04-01,-0.5777429265969882,9.100610513695829
fnspid_uncalibrated,2020-04-07,2020-04-01,-2.209752814750395,22.33593346528104
fnspid_uncalibrated,2020-04-08,2020-04-01,1.362308079225321,5.013881665557783
fnspid_uncalibrated,2020-04-09,2020-04-01,0.2035999361033234,11.911410126535689
fnspid_uncalibrated,2020-04-13,2020-04-01,-0.37466265078104755,10.792874458350466
fnspid_uncalibrated,2020-04-14,2020-04-01,-1.794853203037034,13.390263752091446
fnspid_uncalibrated,2020-04-15,2020-04-01,-0.9364912975463131,4.1907379286066995
fnspid_uncalibrated,2020-04-16,2020-04-01,3.0886755837954833,9.226417500543398
fnspid_uncalibrated,2020-04-17,2020-04-01,1.8734501040400886,11.64739244224061
fnspid_uncalibrated,2020-04-20,2020-04-01,-0.19156078837646762,2.4474284041326646
fnspid_uncalibrated,2020-04-21,2020-04-01,0.832022332899832,0.4776331813637689
fnspid_uncalibrated,2020-04-22,2020-04-01,0.5848448754684079,2.3439673049657768
fnspid_uncalibrated,2020-04-23,2020-04-01,-0.08213381347862647,0.8898928902629484
fnspid_uncalibrated,2020-04-24,2020-04-01,-0.12266074427259244,0.6262437594140614
fnspid_uncalibrated,2020-04-27,2020-04-01,0.9595999565444195,6.6954021339511325
fnspid_uncalibrated,2020-04-28,2020-04-01,-0.6580653238331546,3.9155697766365845
fnspid_uncalibrated,2020-04-29,2020-04-01,-0.027231082104003324,0.47969998018809923
fnspid_uncalibrated,2020-04-30,2020-04-01,-0.29140993433015017,1.9145269119990644
fnspid_uncalibrated,2020-05-01,2020-04-01,0.5404875360384029,1.928606559896987
fnspid_uncalibrated,2020-05-04,2020-04-01,0.42044376520165017,1.1298100068253525
fnspid_uncalibrated,2020-05-05,2020-04-01,1.2424273455958765,9.463350456222212
fnspid_uncalibrated,2020-05-06,2020-04-01,-0.05750806678143228,5.480691692674076
fnspid_uncalibrated,2020-05-07,2020-04-01,-0.018044619348255297,1.094013683720869
fnspid_uncalibrated,2020-05-08,2020-04-01,-0.09676506580057737,0.538648975541982
fnspid_uncalibrated,2020-05-11,2020-04-01,0.8916532133378887,1.9341224584961092
fnspid_uncalibrated,2020-05-12,2020-04-01,-1.199945180706072,10.262490677367435
fnspid_uncalibrated,2020-05-13,2020-04-01,1.43208391581779,12.152836620082411
fnspid_uncalibrated,2020-05-14,2020-04-01,0.559097684716491,26.885529884089525
fnspid_uncalibrated,2020-05-15,2020-04-01,-0.14734734275894878,0.41161052884852206
fnspid_uncalibrated,2020-05-18,2020-04-01,-1.5210592838678676,4.221436918911132
fnspid_uncalibrated,2020-05-19,2020-04-01,0.8391910279856094,3.697427607829463
fnspid_uncalibrated,2020-05-20,2020-04-01,0.09558508434330981,0.8551063641797624
fnspid_uncalibrated,2020-05-21,2020-04-01,0.12380352536012498,0.16343962754589927
fnspid_uncalibrated,2020-05-22,2020-04-01,-0.09358234541474053,0.6085499434069394
fnspid_uncalibrated,2020-05-26,2020-04-01,0.5619546386967986,4.73546116844701
fnspid_uncalibrated,2020-05-27,2020-04-01,0.29773872567239,0.44035879609402395
fnspid_uncalibrated,2020-05-28,2020-04-01,-0.09835128135724602,10.932790758832828
fnspid_uncalibrated,2020-05-29,2020-04-01,-0.02488026707833957,0.8169455281218858
fnspid_uncalibrated,2020-06-01,2020-04-01,-0.21786471713731625,1.7158824140744386
fnspid_uncalibrated,2020-06-02,2020-04-01,-0.09087244897897995,0.7788995115712737
fnspid_uncalibrated,2020-06-03,2020-04-01,0.3594702533232539,2.2285924232815884
fnspid_uncalibrated,2020-06-04,2020-04-01,2.7719511386285847,6.238868973493164
fnspid_uncalibrated,2020-06-05,2020-04-01,1.0313860963312163,11.24228836339543
fnspid_uncalibrated,2020-06-08,2020-04-01,0.319609121965132,0.643798573297222
fnspid_uncalibrated,2020-06-09,2020-04-01,0.096208911057612,0.11584447934620451
fnspid_uncalibrated,2020-06-10,2020-04-01,-1.0695385444311185,22.06497752922765
fnspid_uncalibrated,2020-06-11,2020-04-01,1.2883024094274287,6.877158392802924
fnspid_calibrated,2019-01-02,2019-01-01,2.3754039684573804,9.905380686771753
fnspid_calibrated,2019-01-03,2019-01-01,-0.4801458137660259,0.9721776013096682
fnspid_calibrated,2019-01-04,2019-01-01,0.6321762031018998,1.9660717825192287
fnspid_calibrated,2019-01-07,2019-01-01,0.348496523507852,0.08458196117994728
fnspid_calibrated,2019-01-08,2019-01-01,-0.2448253465620048,0.44252319134278784
fnspid_calibrated,2019-01-09,2019-01-01,0.12423545506351996,0.45399524929991564
fnspid_calibrated,2019-01-10,2019-01-01,0.13173022504909457,0.14260701588450556
fnspid_calibrated,2019-01-11,2019-01-01,0.5480361426487617,1.0731471933410353
fnspid_calibrated,2019-01-14,2019-01-01,1.0956646458987302,4.231184459194266
fnspid_calibrated,2019-01-15,2019-01-01,0.9939951196778547,2.644570220533379
fnspid_calibrated,2019-01-16,2019-01-01,0.6023895504801009,1.158469609495449
fnspid_calibrated,2019-01-17,2019-01-01,1.108533784724599,2.1572402910501087
fnspid_calibrated,2019-01-18,2019-01-01,0.5009756995362523,0.8487406203194524
fnspid_calibrated,2019-01-22,2019-01-01,-0.007756524338025511,0.19241294965752678
fnspid_calibrated,2019-01-23,2019-01-01,-0.22205013959169795,0.6760736051359565
fnspid_calibrated,2019-01-24,2019-01-01,1.1449794875015935,2.218495836688849
fnspid_calibrated,2019-01-25,2019-01-01,-0.11694167130693783,0.5614584710827794
fnspid_calibrated,2019-01-28,2019-01-01,0.37665854719748615,0.48756355810943497
fnspid_calibrated,2019-01-29,2019-01-01,-0.022798942750862458,0.11718316700497608
fnspid_calibrated,2019-01-30,2019-01-01,0.25807220379941725,0.3180053561769281
fnspid_calibrated,2019-01-31,2019-01-01,0.39731613047558545,0.5773137211754876
fnspid_calibrated,2019-02-01,2019-01-01,0.06738529789164355,0.20034899731240158
fnspid_calibrated,2019-02-04,2019-01-01,0.41224020198659417,0.28513464176533765
fnspid_calibrated,2019-02-05,2019-01-01,-0.06110320996850796,0.1930416554978213
fnspid_calibrated,2019-02-06,2019-01-01,0.05351644229033525,0.012235195495191392
fnspid_calibrated,2019-02-07,2019-01-01,-0.31670711679122776,0.5627695037300862
fnspid_calibrated,2019-02-08,2019-01-01,-0.1272928072646149,0.2461926329946564
fnspid_calibrated,2019-02-11,2019-01-01,-0.05290276303449373,0.25858527458043873
fnspid_calibrated,2019-02-12,2019-01-01,0.24734385310904206,0.4080713537183288
fnspid_calibrated,2019-02-13,2019-01-01,-0.09381715710727379,0.3221981909113746
fnspid_calibrated,2019-02-14,2019-01-01,0.016289854024355038,0.06461791303324667
fnspid_calibrated,2019-02-15,2019-01-01,0.12498463127200865,1.5995344461161332
fnspid_calibrated,2019-02-19,2019-01-01,0.14455933038969077,0.35579812211777756
fnspid_calibrated,2019-02-20,2019-01-01,0.515142503069868,0.23204880170751394
fnspid_calibrated,2019-02-21,2019-01-01,-0.05474922971226523,0.07406422805872621
fnspid_calibrated,2019-02-22,2019-01-01,-0.18814199455522845,0.5511945226911033
fnspid_calibrated,2019-02-25,2019-01-01,0.028575632738968015,0.22194336654500352
fnspid_calibrated,2019-02-26,2019-01-01,0.07643702976062322,0.445806903613645
fnspid_calibrated,2019-02-27,2019-01-01,0.19640919006393254,0.8601582125555151
fnspid_calibrated,2019-02-28,2019-01-01,0.0327990611406771,0.3806024751456417
fnspid_calibrated,2019-03-01,2019-01-01,-0.05026143709121672,0.30759812139105447
fnspid_calibrated,2019-03-04,2019-01-01,-0.1939473005194594,0.3999409054076705
fnspid_calibrated,2019-03-05,2019-01-01,0.5270564121114504,0.9377941347952391
fnspid_calibrated,2019-03-06,2019-01-01,-0.0014768517529617567,0.040232444581916146
fnspid_calibrated,2019-03-07,2019-01-01,-0.2832648047485577,0.580003232297989
fnspid_calibrated,2019-03-08,2019-01-01,0.7974741509420407,1.4692072227395456
fnspid_calibrated,2019-03-11,2019-01-01,-0.0998326907390209,0.4746180522578178
fnspid_calibrated,2019-03-12,2019-01-01,0.044703207700394265,0.3479806224071841
fnspid_calibrated,2019-03-13,2019-01-01,0.18373210242626853,0.25511140867225235
fnspid_calibrated,2019-03-14,2019-01-01,0.34466363949934975,0.35470036043855524
fnspid_calibrated,2019-03-15,2019-01-01,0.8256270631825953,0.48434436523099483
fnspid_calibrated,2019-03-18,2019-01-01,0.2571543501844364,0.42270202633490245
fnspid_calibrated,2019-03-19,2019-01-01,-0.14142611510481196,2.291905182135103
fnspid_calibrated,2019-03-20,2019-01-01,-1.0643607590657145,3.358886707742038
fnspid_calibrated,2019-03-21,2019-01-01,0.0042131390677178915,0.2316819874155384
fnspid_calibrated,2019-03-22,2019-01-01,-1.0123415048751683,3.0041019920032697
fnspid_calibrated,2019-03-25,2019-01-01,-0.09081803798076232,0.33990350908674405
fnspid_calibrated,2019-03-26,2019-01-01,0.17154612181918943,0.30642649052545445
fnspid_calibrated,2019-03-27,2019-01-01,-0.2635711373241729,0.4908004621754464
fnspid_calibrated,2019-03-28,2019-01-01,0.6096028759214545,0.938853038209305
fnspid_calibrated,2019-03-29,2019-01-01,-0.729542182429042,3.6951162144481695
fnspid_calibrated,2019-04-01,2019-04-01,0.027840692478608986,2.803502590637345
fnspid_calibrated,2019-04-02,2019-04-01,0.0008650541511182053,0.15049959239238692
fnspid_calibrated,2019-04-03,2019-04-01,-0.0009130306461428983,0.306827101353687
fnspid_calibrated,2019-04-04,2019-04-01,0.01232070739336022,0.6453832337964341
fnspid_calibrated,2019-04-05,2019-04-01,-0.01296116792360058,0.46886568244864213
fnspid_calibrated,2019-04-08,2019-04-01,0.008029844041059359,0.19408623021244847
fnspid_calibrated,2019-04-09,2019-04-01,-0.012922374319482732,0.5202831298657863
fnspid_calibrated,2019-04-10,2019-04-01,0.0004193853654123336,0.1156507222985419
fnspid_calibrated,2019-04-11,2019-04-01,0.004963383968079466,0.08982178603081321
fnspid_calibrated,2019-04-12,2019-04-01,-0.0020369972346214738,2.043867098993995
fnspid_calibrated,2019-04-15,2019-04-01,-0.004121372435688997,0.7523555107419849
fnspid_calibrated,2019-04-16,2019-04-01,0.022494122314590248,1.8083958291268125
fnspid_calibrated,2019-04-17,2019-04-01,0.015669013873388593,4.12794583053309
fnspid_calibrated,2019-04-18,2019-04-01,0.0011045357791562571,0.5437183444781892
fnspid_calibrated,2019-04-22,2019-04-01,0.0007623383109778697,0.10840735034579234
fnspid_calibrated,2019-04-23,2019-04-01,0.016623322117649497,0.7392575704298868
fnspid_calibrated,2019-04-24,2019-04-01,0.0016647892410359688,0.061572388445946646
fnspid_calibrated,2019-04-25,2019-04-01,0.01441585958531083,0.4970289854855839
fnspid_calibrated,2019-04-26,2019-04-01,0.02813811128344179,3.5404599635403877
fnspid_calibrated,2019-04-29,2019-04-01,0.008079244804949148,1.0776620089753393
fnspid_calibrated,2019-04-30,2019-04-01,-0.0014632234632182411,0.06850891021895335
fnspid_calibrated,2019-05-01,2019-04-01,-0.005537064099474534,0.12179332452014056
fnspid_calibrated,2019-05-02,2019-04-01,0.003477131916418068,0.04223188117576974
fnspid_calibrated,2019-05-03,2019-04-01,0.00767382592679991,0.24365612496140784
fnspid_calibrated,2019-05-06,2019-04-01,0.020949489249167952,1.4255580787352922
fnspid_calibrated,2019-05-07,2019-04-01,-0.01853907944533284,1.3234742035852882
fnspid_calibrated,2019-05-08,2019-04-01,-0.003974019999167716,0.22338660350732584
fnspid_calibrated,2019-05-09,2019-04-01,0.017033030864789467,0.9431836820198889
fnspid_calibrated,2019-05-10,2019-04-01,0.0115082594624209,0.3961569851770054
fnspid_calibrated,2019-05-13,2019-04-01,-0.009208924799531226,0.3566204048141954
fnspid_calibrated,2019-05-14,2019-04-01,0.010454740054012368,0.41536252468903845
fnspid_calibrated,2019-05-15,2019-04-01,0.008834139627036053,0.35200541253111717
fnspid_calibrated,2019-05-16,2019-04-01,0.01065373039205686,0.5140004845244494
fnspid_calibrated,2019-05-17,2019-04-01,0.00692014044000222,0.2158068138075709
fnspid_calibrated,2019-05-20,2019-04-01,0.0044831169592357,0.25461337869294765
fnspid_calibrated,2019-05-21,2019-04-01,0.005164110906957647,0.14536027562402595
fnspid_calibrated,2019-05-22,2019-04-01,-0.006794563364299067,0.5060216528129928
fnspid_calibrated,2019-05-23,2019-04-01,-0.006789064403850353,0.3361270446113857
fnspid_calibrated,2019-05-24,2019-04-01,0.007424205817103624,0.37032900994741247
fnspid_calibrated,2019-05-28,2019-04-01,-0.019885195525444876,1.223522023940703
fnspid_calibrated,2019-05-29,2019-04-01,0.012113832366661303,0.5397844301496061
fnspid_calibrated,2019-05-30,2019-04-01,-0.01935768414391914,1.3446009372178902
fnspid_calibrated,2019-05-31,2019-04-01,0.004959325448093133,0.2078556340990075
fnspid_calibrated,2019-06-03,2019-04-01,0.010946392434474594,0.35424345425969744
fnspid_calibrated,2019-06-04,2019-04-01,0.037271120958446424,4.600372709302263
fnspid_calibrated,2019-06-05,2019-04-01,0.0011741354186371455,0.295582862804787
fnspid_calibrated,2019-06-06,2019-04-01,0.0074861176034700105,0.2190419100004759
fnspid_calibrated,2019-06-07,2019-04-01,-0.007783213866108418,0.19199733733031574
fnspid_calibrated,2019-06-10,2019-04-01,-0.0035827720921390444,0.08460738623861641
fnspid_calibrated,2019-06-11,2019-04-01,0.001994219396833072,0.07067874703258602
fnspid_calibrated,2019-06-12,2019-04-01,-0.020814488016673627,1.6343156963700516
fnspid_calibrated,2019-06-13,2019-04-01,0.00548051548913174,0.1097011046096094
fnspid_calibrated,2019-06-14,2019-04-01,0.003758088427997963,0.1615798495580077
fnspid_calibrated,2019-06-17,2019-04-01,-0.020056957983427326,1.4839912125284054
fnspid_calibrated,2019-06-18,2019-04-01,0.01732016948862336,1.3919025727658347
fnspid_calibrated,2019-06-19,2019-04-01,-0.01859490777577877,1.3331760982981133
fnspid_calibrated,2019-06-20,2019-04-01,-0.005967903552469539,0.20280882437905276
fnspid_calibrated,2019-06-21,2019-04-01,-0.004031389934602475,0.1950402080406901
fnspid_calibrated,2019-06-24,2019-04-01,-0.011292296267439217,0.9759632080648328
fnspid_calibrated,2019-06-25,2019-04-01,-0.00096164982268232,0.5225044615460628
fnspid_calibrated,2019-06-26,2019-04-01,0.003184651666760782,0.03446578926595284
fnspid_calibrated,2019-06-27,2019-04-01,0.002308212733275118,0.03267158496846737
fnspid_calibrated,2019-06-28,2019-04-01,0.010283773344271496,0.395382090769447
fnspid_calibrated,2019-07-01,2019-07-01,0.004403004079699291,0.27232823339273865
fnspid_calibrated,2019-07-02,2019-07-01,0.004917904143255131,0.09374042627166751
fnspid_calibrated,2019-07-03,2019-07-01,-0.02932241757109194,0.3765821080873798
fnspid_calibrated,2019-07-05,2019-07-01,0.031664693113914594,0.20800412260284984
fnspid_calibrated,2019-07-08,2019-07-01,0.007616702987524246,0.12464879096635255
fnspid_calibrated,2019-07-09,2019-07-01,-0.09112534195805178,1.2351877165996341
fnspid_calibrated,2019-07-10,2019-07-01,0.0702785093815732,0.8328991934228017
fnspid_calibrated,2019-07-11,2019-07-01,-0.03472183282612623,0.297950522496911
fnspid_calibrated,2019-07-12,2019-07-01,-0.002365399000930024,0.25415872259276334
fnspid_calibrated,2019-07-15,2019-07-01,0.09577076242369831,1.2422314650427186
fnspid_calibrated,2019-07-16,2019-07-01,0.05450599446925519,2.0063589306829805
fnspid_calibrated,2019-07-17,2019-07-01,-0.029682776195359972,1.4786001492315908
fnspid_calibrated,2019-07-18,2019-07-01,-0.08174431492742118,1.045198490359973
fnspid_calibrated,2019-07-19,2019-07-01,0.03604841879956455,0.5781494630553625
fnspid_calibrated,2019-07-22,2019-07-01,-0.09044741846356985,1.0607930820321607
fnspid_calibrated,2019-07-23,2019-07-01,-0.10483952116496886,1.2357007448864141
fnspid_calibrated,2019-07-24,2019-07-01,-0.13891912167044396,2.6389082784401907
fnspid_calibrated,2019-07-25,2019-07-01,0.057718228982332254,0.47200283409671473
fnspid_calibrated,2019-07-26,2019-07-01,-0.0777900448485831,1.213180453372
fnspid_calibrated,2019-07-29,2019-07-01,0.041565058345027606,0.290642562494742
fnspid_calibrated,2019-07-30,2019-07-01,-0.03326644441312171,0.2912459527770775
fnspid_calibrated,2019-07-31,2019-07-01,-0.015475826341109389,0.29395481315274286
fnspid_calibrated,2019-08-01,2019-07-01,0.15772196435139785,3.3906796885300152
fnspid_calibrated,2019-08-02,2019-07-01,-0.016733807380229615,0.1317662673044074
fnspid_calibrated,2019-08-05,2019-07-01,0.07398888170418993,0.8073851753212414
fnspid_calibrated,2019-08-06,2019-07-01,-0.03887533501170065,0.30856601915035037
fnspid_calibrated,2019-08-07,2019-07-01,-0.054638038955914126,0.8850627552636212
fnspid_calibrated,2019-08-08,2019-07-01,-0.06061195831724353,0.8177062200118886
fnspid_calibrated,2019-08-09,2019-07-01,-0.010322895677585375,0.2758398682183761
fnspid_calibrated,2019-08-12,2019-07-01,0.0989319241394806,1.3940010333791755
fnspid_calibrated,2019-08-13,2019-07-01,-0.039490288030250564,1.1636969427213173
fnspid_calibrated,2019-08-14,2019-07-01,0.14553509071332948,2.650115503004594
fnspid_calibrated,2019-08-15,2019-07-01,0.05284863589755773,0.9260399932142942
fnspid_calibrated,2019-08-16,2019-07-01,-0.09897907142045792,1.2167650658821896
fnspid_calibrated,2019-08-19,2019-07-01,0.0393785541940152,0.3659646241370393
fnspid_calibrated,2019-08-20,2019-07-01,0.07327329662946813,0.7243846536061159
fnspid_calibrated,2019-08-21,2019-07-01,0.04408645387719973,0.3715419890554504
fnspid_calibrated,2019-08-22,2019-07-01,0.010003136804146023,0.08311060025921198
fnspid_calibrated,2019-08-23,2019-07-01,0.1657540931903525,3.3362123086021405
fnspid_calibrated,2019-08-26,2019-07-01,-0.017946462582696797,0.045795029683465015
fnspid_calibrated,2019-08-27,2019-07-01,0.11410179234686035,1.641823193358609
fnspid_calibrated,2019-08-28,2019-07-01,-0.1230460357722516,2.00642867189818
fnspid_calibrated,2019-08-29,2019-07-01,-0.05775853061776881,0.45140705829297395
fnspid_calibrated,2019-08-30,2019-07-01,0.0007175223741710251,0.00021918904196040328
fnspid_calibrated,2019-09-03,2019-07-01,0.04891801719968247,0.25569816224142733
fnspid_calibrated,2019-09-04,2019-07-01,-0.01828872033788438,0.0897885522191243
fnspid_calibrated,2019-09-05,2019-07-01,-0.08615578102791133,1.0431361998892157
fnspid_calibrated,2019-09-06,2019-07-01,0.014344304028839294,0.12165472448583461
fnspid_calibrated,2019-09-09,2019-07-01,-0.20683033780118354,6.156991010753598
fnspid_calibrated,2019-09-10,2019-07-01,-0.03672277870973939,0.34833257712733395
fnspid_calibrated,2019-09-11,2019-07-01,-0.03850777990449322,0.30745016111804696
fnspid_calibrated,2019-09-12,2019-07-01,-0.0840860915474867,1.044838362864498
fnspid_calibrated,2019-09-13,2019-07-01,-0.03703725139615921,0.445391688787232
fnspid_calibrated,2019-09-16,2019-07-01,-0.0540670031063174,0.5992966544623662
fnspid_calibrated,2019-09-17,2019-07-01,-0.015509989268929159,0.3414606689091543
fnspid_calibrated,2019-09-18,2019-07-01,-0.06463051281040155,0.6411986183930973
fnspid_calibrated,2019-09-19,2019-07-01,0.0279250491648199,0.12084233105401
fnspid_calibrated,2019-09-20,2019-07-01,0.07039415107961755,0.5349423483012893
fnspid_calibrated,2019-09-23,2019-07-01,-0.08386476628201744,0.8955322615100125
fnspid_calibrated,2019-09-24,2019-07-01,0.09598452091234633,0.9746018128733357
fnspid_calibrated,2019-09-25,2019-07-01,-0.05249866022288141,0.7860509875583066
fnspid_calibrated,2019-09-26,2019-07-01,0.037216352587406104,0.18873204887042727
fnspid_calibrated,2019-09-27,2019-07-01,0.020801661441266064,0.03356220588248138
fnspid_calibrated,2019-09-30,2019-07-01,0.01745787681526323,0.34075510593542996
fnspid_calibrated,2019-10-01,2019-10-01,0.37911024689755557,7.845533551115418
fnspid_calibrated,2019-10-02,2019-10-01,0.16765995123580923,1.6367306364013827
fnspid_calibrated,2019-10-03,2019-10-01,-0.022223113149700963,0.20267564431449228
fnspid_calibrated,2019-10-04,2019-10-01,-0.2275603466458418,3.3671286922571113
fnspid_calibrated,2019-10-07,2019-10-01,0.03476649196692261,0.161036935757979
fnspid_calibrated,2019-10-08,2019-10-01,0.0702129737596131,1.1076872350826266
fnspid_calibrated,2019-10-09,2019-10-01,-0.004073072341876621,0.1299029275242937
fnspid_calibrated,2019-10-10,2019-10-01,-0.10322990528877873,0.760254018957552
fnspid_calibrated,2019-10-11,2019-10-01,0.03952322430685146,0.23814561851165988
fnspid_calibrated,2019-10-14,2019-10-01,-0.03395839825456437,0.17457775735692174
fnspid_calibrated,2019-10-15,2019-10-01,-0.11818525805996782,0.9965325277627451
fnspid_calibrated,2019-10-16,2019-10-01,0.09862135833229502,0.7607470766258797
fnspid_calibrated,2019-10-17,2019-10-01,0.06454824287565619,0.3540254701670475
fnspid_calibrated,2019-10-18,2019-10-01,-0.06374366847283475,0.4003281944702059
fnspid_calibrated,2019-10-21,2019-10-01,-0.09888421768938283,0.7890422494571573
fnspid_calibrated,2019-10-22,2019-10-01,-0.08057675489917837,0.5787826240003014
fnspid_calibrated,2019-10-23,2019-10-01,-0.07993125144368562,0.5848745529640269
fnspid_calibrated,2019-10-24,2019-10-01,0.04104229586397368,0.34389565180490617
fnspid_calibrated,2019-10-25,2019-10-01,-0.14205943181909442,1.2429421001753889
fnspid_calibrated,2019-10-28,2019-10-01,-0.014509040919971683,0.4528134936567731
fnspid_calibrated,2019-10-29,2019-10-01,-0.04463619491317955,0.38813454442320644
fnspid_calibrated,2019-10-30,2019-10-01,0.0071395535711073,0.0379708881576565
fnspid_calibrated,2019-10-31,2019-10-01,0.07503815627265248,0.37005896394437965
fnspid_calibrated,2019-11-01,2019-10-01,-0.07961116830030879,0.9496859607476951
fnspid_calibrated,2019-11-04,2019-10-01,-0.05653506733751357,0.6768575631313467
fnspid_calibrated,2019-11-05,2019-10-01,-0.025646670334233623,0.24381859135009876
fnspid_calibrated,2019-11-06,2019-10-01,-0.03280055670709889,0.1793544058624337
fnspid_calibrated,2019-11-07,2019-10-01,0.020916920515308024,0.07428646487040838
fnspid_calibrated,2019-11-08,2019-10-01,-0.018396822957929132,0.14812114715861022
fnspid_calibrated,2019-11-11,2019-10-01,-0.016709318595386005,0.07382153543792158
fnspid_calibrated,2019-11-12,2019-10-01,0.038916444513733384,0.1416150091674158
fnspid_calibrated,2019-11-13,2019-10-01,0.032218750905271515,0.19293710118702903
fnspid_calibrated,2019-11-14,2019-10-01,-0.03554527437437334,0.1307197036282341
fnspid_calibrated,2019-11-15,2019-10-01,-0.026775459576035027,0.07543076540790512
fnspid_calibrated,2019-11-18,2019-10-01,-0.046050011732080565,0.2684159194294107
fnspid_calibrated,2019-11-19,2019-10-01,0.0452696641158416,0.10874902620689272
fnspid_calibrated,2019-11-20,2019-10-01,0.029213531436499726,0.0786696643865404
fnspid_calibrated,2019-11-21,2019-10-01,0.028519241571397125,0.13074730065286783
fnspid_calibrated,2019-11-22,2019-10-01,-0.07850360962197794,0.43950813431181396
fnspid_calibrated,2019-11-25,2019-10-01,-0.07063278450993749,0.796060001099197
fnspid_calibrated,2019-11-26,2019-10-01,0.0023351358650203977,0.03188383046418551
fnspid_calibrated,2019-11-27,2019-10-01,-0.014662546950011512,0.2202347518636785
fnspid_calibrated,2019-11-29,2019-10-01,0.015580301659110993,0.006060035711380586
fnspid_calibrated,2019-12-02,2019-10-01,0.10822758468188487,0.7093424342643463
fnspid_calibrated,2019-12-03,2019-10-01,0.03282035654434823,0.1776060996227273
fnspid_calibrated,2019-12-04,2019-10-01,-0.13983780250553157,1.2525157335590087
fnspid_calibrated,2019-12-05,2019-10-01,0.005030322710074239,0.08106344118864518
fnspid_calibrated,2019-12-06,2019-10-01,0.01867919819865768,0.06781456647766189
fnspid_calibrated,2019-12-09,2019-10-01,-0.017610514067440824,0.1262283953749876
fnspid_calibrated,2019-12-10,2019-10-01,-0.07610800534677026,0.5112180241105148
fnspid_calibrated,2019-12-11,2019-10-01,0.09590835947034693,0.6427172426978303
fnspid_calibrated,2019-12-12,2019-10-01,-0.2548715921532043,3.8941604908699827
fnspid_calibrated,2019-12-13,2019-10-01,0.041547708098712444,0.26759264670149485
fnspid_calibrated,2019-12-16,2019-10-01,0.09433861452068981,0.628853743333801
fnspid_calibrated,2019-12-17,2019-10-01,-0.05610727658034792,0.2891042827762953
fnspid_calibrated,2019-12-18,2019-10-01,0.00644073076032823,0.031533960758078676
fnspid_calibrated,2019-12-20,2019-10-01,0.092774047362707,0.5496135725077731
fnspid_calibrated,2019-12-23,2019-10-01,0.025456617620992224,0.05744306389056484
fnspid_calibrated,2019-12-24,2019-10-01,-0.0017857132796091288,0.044861160161060044
fnspid_calibrated,2019-12-26,2019-10-01,-0.018035484369148105,0.02726846536756058
fnspid_calibrated,2019-12-27,2019-10-01,0.018920279083195147,0.011494001557801278
fnspid_calibrated,2019-12-30,2019-10-01,0.09683839986715426,0.5574426232156309
fnspid_calibrated,2019-12-31,2019-10-01,-0.06397514836726129,0.30146787267051034
fnspid_calibrated,2020-01-02,2020-01-01,-0.1445042563247032,0.7825428453547395
fnspid_calibrated,2020-01-03,2020-01-01,-0.08549652837130867,0.3101601769728782
fnspid_calibrated,2020-01-06,2020-01-01,-0.09921723845389546,0.5888229686578885
fnspid_calibrated,2020-01-07,2020-01-01,0.11757999709183242,0.5412107323069406
fnspid_calibrated,2020-01-08,2020-01-01,-0.09533472716676461,0.47070513241546336
fnspid_calibrated,2020-01-09,2020-01-01,0.06061758871752099,0.3691806081583742
fnspid_calibrated,2020-01-10,2020-01-01,0.16898715126423558,1.3028682845902226
fnspid_calibrated,2020-01-13,2020-01-01,-0.0528856144901621,0.5301013590570516
fnspid_calibrated,2020-01-14,2020-01-01,0.002893784649732223,0.7000169207997851
fnspid_calibrated,2020-01-15,2020-01-01,0.12539013728627157,1.2424188544399979
fnspid_calibrated,2020-01-16,2020-01-01,-0.013864159733833592,0.6921377169175763
fnspid_calibrated,2020-01-17,2020-01-01,0.0071947540646103425,0.3785639096377013
fnspid_calibrated,2020-01-21,2020-01-01,0.05657378546199371,0.4218407833454268
fnspid_calibrated,2020-01-22,2020-01-01,-0.0023091449348389137,0.5822114143932026
fnspid_calibrated,2020-01-23,2020-01-01,-0.01917342079250428,0.15347562806582424
fnspid_calibrated,2020-01-24,2020-01-01,0.2591068333618525,2.762520804898541
fnspid_calibrated,2020-01-27,2020-01-01,-0.09527583827670671,0.7271689140038915
fnspid_calibrated,2020-01-28,2020-01-01,-0.013555380418905028,0.6643297846110948
fnspid_calibrated,2020-01-29,2020-01-01,0.09915218843602458,0.4177087741714607
fnspid_calibrated,2020-01-30,2020-01-01,-0.31950178443486976,4.479999972857103
fnspid_calibrated,2020-01-31,2020-01-01,0.1725475683826645,1.2931374424896198
fnspid_calibrated,2020-02-03,2020-01-01,-0.01304917844501216,0.22063057705699238
fnspid_calibrated,2020-02-04,2020-01-01,0.04660877818784791,0.06648812722884119
fnspid_calibrated,2020-02-05,2020-01-01,-0.10073863874860689,0.5094198564640866
fnspid_calibrated,2020-02-06,2020-01-01,0.14802774014255415,0.9164801949019689
fnspid_calibrated,2020-02-07,2020-01-01,-0.009305954034909424,0.03235613868728345
fnspid_calibrated,2020-02-10,2020-01-01,-0.017694126115122333,0.39548801461443195
fnspid_calibrated,2020-02-11,2020-01-01,-0.026086559352862415,0.11054277353164171
fnspid_calibrated,2020-02-12,2020-01-01,0.10850690332339585,0.44125655096263416
fnspid_calibrated,2020-02-13,2020-01-01,-0.014173494809429532,0.5200806819988647
fnspid_calibrated,2020-02-14,2020-01-01,0.03257877491804255,0.06826871890483796
fnspid_calibrated,2020-02-18,2020-01-01,0.1362018002017764,1.4402815416364987
fnspid_calibrated,2020-02-19,2020-01-01,-0.06851137568973997,0.5440240545514414
fnspid_calibrated,2020-02-20,2020-01-01,-0.14098087262222703,1.7412378518118266
fnspid_calibrated,2020-02-21,2020-01-01,0.09039153882506457,0.2696746673461971
fnspid_calibrated,2020-02-24,2020-01-01,-0.007323129008127538,0.13826209115910562
fnspid_calibrated,2020-02-25,2020-01-01,0.5858002358423207,14.298871531438017
fnspid_calibrated,2020-02-26,2020-01-01,0.32121220131373196,4.952759273138037
fnspid_calibrated,2020-02-27,2020-01-01,0.3204671065136173,3.8972451947249764
fnspid_calibrated,2020-02-28,2020-01-01,-0.07351626570158398,1.8686179152819034
fnspid_calibrated,2020-03-02,2020-01-01,-0.5505840301763918,13.208481235617507
fnspid_calibrated,2020-03-03,2020-01-01,0.6014937812467824,15.659047556532913
fnspid_calibrated,2020-03-04,2020-01-01,-0.19565940958228634,2.287990937458803
fnspid_calibrated,2020-03-05,2020-01-01,0.13630290712613968,3.751614958045352
fnspid_calibrated,2020-03-06,2020-01-01,-0.12574451970938916,1.4316498841516174
fnspid_calibrated,2020-03-09,2020-01-01,0.5140459273763458,12.838144287909904
fnspid_calibrated,2020-03-10,2020-01-01,-0.21325312736940116,3.011235581929204
fnspid_calibrated,2020-03-11,2020-01-01,0.5350440309512692,14.083260824068772
fnspid_calibrated,2020-03-12,2020-01-01,0.7365015612218144,27.33488573725183
fnspid_calibrated,2020-03-13,2020-01-01,-0.8079096557440231,30.361694161645563
fnspid_calibrated,2020-03-16,2020-01-01,-0.14504050230933885,20.990156788531547
fnspid_calibrated,2020-03-17,2020-01-01,-0.29344712628961034,13.911399794327588
fnspid_calibrated,2020-03-18,2020-01-01,0.2518237740874696,34.11840274605483
fnspid_calibrated,2020-03-19,2020-01-01,-0.7182837051202071,28.7695717681508
fnspid_calibrated,2020-03-20,2020-01-01,0.7308513926968665,23.760099800964984
fnspid_calibrated,2020-03-23,2020-01-01,0.8127889049249895,30.98983595498973
fnspid_calibrated,2020-03-24,2020-01-01,-0.7533835086923943,30.534764167605825
fnspid_calibrated,2020-03-25,2020-01-01,-0.13366326699490472,2.402850728541389
fnspid_calibrated,2020-03-26,2020-01-01,-0.6559242169792405,16.145030415205266
fnspid_calibrated,2020-03-27,2020-01-01,-0.14395753906782716,4.585112081642871
fnspid_calibrated,2020-03-30,2020-01-01,-0.18471543683994707,4.861722414223348
fnspid_calibrated,2020-03-31,2020-01-01,0.31946969277022585,5.335315662952126
fnspid_calibrated,2020-04-01,2020-04-01,0.08552536603348426,1.1672558641111328
fnspid_calibrated,2020-04-02,2020-04-01,-0.19897006468520573,6.812509924036538
fnspid_calibrated,2020-04-03,2020-04-01,0.1899143032032864,7.401844968571922
fnspid_calibrated,2020-04-06,2020-04-01,-0.19332731967560868,9.100610513695829
fnspid_calibrated,2020-04-07,2020-04-01,0.37373143909088213,22.33593346528104
fnspid_calibrated,2020-04-08,2020-04-01,-0.1715688188596891,5.013881665557783
fnspid_calibrated,2020-04-09,2020-04-01,-0.2249608097851432,11.911410126535689
fnspid_calibrated,2020-04-13,2020-04-01,0.25501281913525276,10.792874458350466
fnspid_calibrated,2020-04-14,2020-04-01,0.28106545011466544,13.390263752091446
fnspid_calibrated,2020-04-15,2020-04-01,0.11963164084062594,4.1907379286066995
fnspid_calibrated,2020-04-16,2020-04-01,0.257170071728968,9.226417500543398
fnspid_calibrated,2020-04-17,2020-04-01,-0.2246603160278493,11.64739244224061
fnspid_calibrated,2020-04-20,2020-04-01,-0.06855834879355927,2.4474284041326646
fnspid_calibrated,2020-04-21,2020-04-01,0.021300526768312122,0.4776331813637689
fnspid_calibrated,2020-04-22,2020-04-01,0.11953091859186404,2.3439673049657768
fnspid_calibrated,2020-04-23,2020-04-01,0.025910047974729844,0.8898928902629484
fnspid_calibrated,2020-04-24,2020-04-01,-0.04209253010440461,0.6262437594140614
fnspid_calibrated,2020-04-27,2020-04-01,-0.20786448450788075,6.6954021339511325
fnspid_calibrated,2020-04-28,2020-04-01,0.13545430082298848,3.9155697766365845
fnspid_calibrated,2020-04-29,2020-04-01,-0.00868314363462619,0.47969998018809923
fnspid_calibrated,2020-04-30,2020-04-01,0.08596918222989314,1.9145269119990644
fnspid_calibrated,2020-05-01,2020-04-01,0.09503159402671346,1.928606559896987
fnspid_calibrated,2020-05-04,2020-04-01,-0.04584699394533853,1.1298100068253525
fnspid_calibrated,2020-05-05,2020-04-01,0.252707490456789,9.463350456222212
fnspid_calibrated,2020-05-06,2020-04-01,0.18565953187864892,5.480691692674076
fnspid_calibrated,2020-05-07,2020-04-01,-0.06266800951210927,1.094013683720869
fnspid_calibrated,2020-05-08,2020-04-01,-0.003244729166339333,0.538648975541982
fnspid_calibrated,2020-05-11,2020-04-01,0.11093176630462165,1.9341224584961092
fnspid_calibrated,2020-05-12,2020-04-01,0.2534185840558969,10.262490677367435
fnspid_calibrated,2020-05-13,2020-04-01,0.2625110055197055,12.152836620082411
fnspid_calibrated,2020-05-14,2020-04-01,-0.38126552165403993,26.885529884089525
fnspid_calibrated,2020-05-15,2020-04-01,0.02919602911758795,0.41161052884852206
fnspid_calibrated,2020-05-18,2020-04-01,-0.16717044457387242,4.221436918911132
fnspid_calibrated,2020-05-19,2020-04-01,0.14098886157917478,3.697427607829463
fnspid_calibrated,2020-05-20,2020-04-01,-0.05030432716346489,0.8551063641797624
fnspid_calibrated,2020-05-21,2020-04-01,-0.007078205367286372,0.16343962754589927
fnspid_calibrated,2020-05-22,2020-04-01,0.049380886127051604,0.6085499434069394
fnspid_calibrated,2020-05-26,2020-04-01,-0.17415067453853617,4.73546116844701
fnspid_calibrated,2020-05-27,2020-04-01,0.007550306921877414,0.44035879609402395
fnspid_calibrated,2020-05-28,2020-04-01,0.25519760917408085,10.932790758832828
fnspid_calibrated,2020-05-29,2020-04-01,0.016035950439255764,0.8169455281218858
fnspid_calibrated,2020-06-01,2020-04-01,-0.08663394380730383,1.7158824140744386
fnspid_calibrated,2020-06-02,2020-04-01,0.03740586540975932,0.7788995115712737
fnspid_calibrated,2020-06-03,2020-04-01,-0.1141020927334786,2.2285924232815884
fnspid_calibrated,2020-06-04,2020-04-01,-0.19269032822661458,6.238868973493164
fnspid_calibrated,2020-06-05,2020-04-01,0.2596038699382035,11.24228836339543
fnspid_calibrated,2020-06-08,2020-04-01,0.0004625073462459772,0.643798573297222
fnspid_calibrated,2020-06-09,2020-04-01,-0.010230628625492635,0.11584447934620451
fnspid_calibrated,2020-06-10,2020-04-01,0.3727446872152598,22.06497752922765
fnspid_calibrated,2020-06-11,2020-04-01,0.1758742498005681,6.877158392802924
