scenario,seed,threshold_definition,threshold,weighted_component_absence_error,weighted_net_absence_error,hard_component_absence_error,component_prevalence,net_active_prevalence,low_response_weight_mass,hard_low_response_count,retained_fraction,training_n
null_effect,21001,fixed_0.2,0.2,0.0,0.0,0.0,0.0,0.0,618.4747035894627,669,0.6845833333333333,2400
null_effect,21001,fixed_0.35,0.35,0.0,0.0,0.0,0.0,0.0,618.4747035894627,669,0.6845833333333333,2400
null_effect,21001,fixed_0.5,0.5,0.0,0.0,0.0,0.0,0.0,618.4747035894627,669,0.6845833333333333,2400
null_effect,21001,net_sd_scaled_legacy_style,3.5e-11,0.0,0.0,0.0,0.0,0.0,618.4747035894627,669,0.6845833333333333,2400
null_effect,21002,fixed_0.2,0.2,0.0,0.0,0.0,0.0,0.0,644.0456448376458,694,0.6970833333333334,2400
null_effect,21002,fixed_0.35,0.35,0.0,0.0,0.0,0.0,0.0,644.0456448376458,694,0.6970833333333334,2400
null_effect,21002,fixed_0.5,0.5,0.0,0.0,0.0,0.0,0.0,644.0456448376458,694,0.6970833333333334,2400
null_effect,21002,net_sd_scaled_legacy_style,3.5e-11,0.0,0.0,0.0,0.0,0.0,644.0456448376458,694,0.6970833333333334,2400
null_effect,21003,fixed_0.2,0.2,0.0,0.0,0.0,0.0,0.0,639.4546870370011,690,0.6904166666666667,2400
null_effect,21003,fixed_0.35,0.35,0.0,0.0,0.0,0.0,0.0,639.4546870370011,690,0.6904166666666667,2400
null_effect,21003,fixed_0.5,0.5,0.0,0.0,0.0,0.0,0.0,639.4546870370011,690,0.6904166666666667,2400
null_effect,21003,net_sd_scaled_legacy_style,3.5e-11,0.0,0.0,0.0,0.0,0.0,639.4546870370011,690,0.6904166666666667,2400
null_effect,21004,fixed_0.2,0.2,0.0,0.0,0.0,0.0,0.0,651.7476840112944,703,0.6920833333333334,2400
null_effect,21004,fixed_0.35,0.35,0.0,0.0,0.0,0.0,0.0,651.7476840112944,703,0.6920833333333334,2400
null_effect,21004,fixed_0.5,0.5,0.0,0.0,0.0,0.0,0.0,651.7476840112944,703,0.6920833333333334,2400
null_effect,21004,net_sd_scaled_legacy_style,3.5e-11,0.0,0.0,0.0,0.0,0.0,651.7476840112944,703,0.6920833333333334,2400
null_effect,21005,fixed_0.2,0.2,0.0,0.0,0.0,0.0,0.0,643.3112869836456,697,0.6908333333333333,2400
null_effect,21005,fixed_0.35,0.35,0.0,0.0,0.0,0.0,0.0,643.3112869836456,697,0.6908333333333333,2400
null_effect,21005,fixed_0.5,0.5,0.0,0.0,0.0,0.0,0.0,643.3112869836456,697,0.6908333333333333,2400
null_effect,21005,net_sd_scaled_legacy_style,3.5e-11,0.0,0.0,0.0,0.0,0.0,643.3112869836456,697,0.6908333333333333,2400
null_effect,21006,fixed_0.2,0.2,0.0,0.0,0.0,0.0,0.0,640.2410320549914,694,0.6808333333333333,2400
null_effect,21006,fixed_0.35,0.35,0.0,0.0,0.0,0.0,0.0,640.2410320549914,694,0.6808333333333333,2400
null_effect,21006,fixed_0.5,0.5,0.0,0.0,0.0,0.0,0.0,640.2410320549914,694,0.6808333333333333,2400
null_effect,21006,net_sd_scaled_legacy_style,3.5e-11,0.0,0.0,0.0,0.0,0.0,640.2410320549914,694,0.6808333333333333,2400
null_effect,21007,fixed_0.2,0.2,0.0,0.0,0.0,0.0,0.0,641.0943621593512,693,0.68375,2400
null_effect,21007,fixed_0.35,0.35,0.0,0.0,0.0,0.0,0.0,641.0943621593512,693,0.68375,2400
null_effect,21007,fixed_0.5,0.5,0.0,0.0,0.0,0.0,0.0,641.0943621593512,693,0.68375,2400
null_effect,21007,net_sd_scaled_legacy_style,3.5e-11,0.0,0.0,0.0,0.0,0.0,641.0943621593512,693,0.68375,2400
null_effect,21008,fixed_0.2,0.2,0.0,0.0,0.0,0.0,0.0,659.4494637056348,709,0.70625,2400
null_effect,21008,fixed_0.35,0.35,0.0,0.0,0.0,0.0,0.0,659.4494637056348,709,0.70625,2400
null_effect,21008,fixed_0.5,0.5,0.0,0.0,0.0,0.0,0.0,659.4494637056348,709,0.70625,2400
null_effect,21008,net_sd_scaled_legacy_style,3.5e-11,0.0,0.0,0.0,0.0,0.0,659.4494637056348,709,0.70625,2400
null_effect,21009,fixed_0.2,0.2,0.0,0.0,0.0,0.0,0.0,636.4517572349791,683,0.6866666666666666,2400
null_effect,21009,fixed_0.35,0.35,0.0,0.0,0.0,0.0,0.0,636.4517572349791,683,0.6866666666666666,2400
null_effect,21009,fixed_0.5,0.5,0.0,0.0,0.0,0.0,0.0,636.4517572349791,683,0.6866666666666666,2400
null_effect,21009,net_sd_scaled_legacy_style,3.5e-11,0.0,0.0,0.0,0.0,0.0,636.4517572349791,683,0.6866666666666666,2400
null_effect,21010,fixed_0.2,0.2,0.0,0.0,0.0,0.0,0.0,630.8835150355064,680,0.6920833333333334,2400
null_effect,21010,fixed_0.35,0.35,0.0,0.0,0.0,0.0,0.0,630.8835150355064,680,0.6920833333333334,2400
null_effect,21010,fixed_0.5,0.5,0.0,0.0,0.0,0.0,0.0,630.8835150355064,680,0.6920833333333334,2400
null_effect,21010,net_sd_scaled_legacy_style,3.5e-11,0.0,0.0,0.0,0.0,0.0,630.8835150355064,680,0.6920833333333334,2400
null_effect,21011,fixed_0.2,0.2,0.0,0.0,0.0,0.0,0.0,665.6993217455191,718,0.7008333333333333,2400
null_effect,21011,fixed_0.35,0.35,0.0,0.0,0.0,0.0,0.0,665.6993217455191,718,0.7008333333333333,2400
null_effect,21011,fixed_0.5,0.5,0.0,0.0,0.0,0.0,0.0,665.6993217455191,718,0.7008333333333333,2400
null_effect,21011,net_sd_scaled_legacy_style,3.5e-11,0.0,0.0,0.0,0.0,0.0,665.6993217455191,718,0.7008333333333333,2400
null_effect,21012,fixed_0.2,0.2,0.0,0.0,0.0,0.0,0.0,668.6653425797906,727,0.69875,2400
null_effect,21012,fixed_0.35,0.35,0.0,0.0,0.0,0.0,0.0,668.6653425797906,727,0.69875,2400
null_effect,21012,fixed_0.5,0.5,0.0,0.0,0.0,0.0,0.0,668.6653425797906,727,0.69875,2400
null_effect,21012,net_sd_scaled_legacy_style,3.5e-11,0.0,0.0,0.0,0.0,0.0,668.6653425797906,727,0.69875,2400
null_effect,21013,fixed_0.2,0.2,0.0,0.0,0.0,0.0,0.0,640.9668261579977,691,0.6841666666666667,2400
null_effect,21013,fixed_0.35,0.35,0.0,0.0,0.0,0.0,0.0,640.9668261579977,691,0.6841666666666667,2400
null_effect,21013,fixed_0.5,0.5,0.0,0.0,0.0,0.0,0.0,640.9668261579977,691,0.6841666666666667,2400
null_effect,21013,net_sd_scaled_legacy_style,3.5e-11,0.0,0.0,0.0,0.0,0.0,640.9668261579977,691,0.6841666666666667,2400
null_effect,21014,fixed_0.2,0.2,0.0,0.0,0.0,0.0,0.0,623.3699836142403,671,0.69,2400
null_effect,21014,fixed_0.35,0.35,0.0,0.0,0.0,0.0,0.0,623.3699836142403,671,0.69,2400
null_effect,21014,fixed_0.5,0.5,0.0,0.0,0.0,0.0,0.0,623.3699836142403,671,0.69,2400
null_effect,21014,net_sd_scaled_legacy_style,3.5e-11,0.0,0.0,0.0,0.0,0.0,623.3699836142403,671,0.69,2400
null_effect,21015,fixed_0.2,0.2,0.0,0.0,0.0,0.0,0.0,629.5439319056193,683,0.6825,2400
null_effect,21015,fixed_0.35,0.35,0.0,0.0,0.0,0.0,0.0,629.5439319056193,683,0.6825,2400
null_effect,21015,fixed_0.5,0.5,0.0,0.0,0.0,0.0,0.0,629.5439319056193,683,0.6825,2400
null_effect,21015,net_sd_scaled_legacy_style,3.5e-11,0.0,0.0,0.0,0.0,0.0,629.5439319056193,683,0.6825,2400
null_effect,21016,fixed_0.2,0.2,0.0,0.0,0.0,0.0,0.0,661.1880006490767,713,0.7033333333333334,2400
null_effect,21016,fixed_0.35,0.35,0.0,0.0,0.0,0.0,0.0,661.1880006490767,713,0.7033333333333334,2400
null_effect,21016,fixed_0.5,0.5,0.0,0.0,0.0,0.0,0.0,661.1880006490767,713,0.7033333333333334,2400
null_effect,21016,net_sd_scaled_legacy_style,3.5e-11,0.0,0.0,0.0,0.0,0.0,661.1880006490767,713,0.7033333333333334,2400
null_effect,21017,fixed_0.2,0.2,0.0,0.0,0.0,0.0,0.0,656.3521842365927,717,0.7016666666666667,2400
null_effect,21017,fixed_0.35,0.35,0.0,0.0,0.0,0.0,0.0,656.3521842365927,717,0.7016666666666667,2400
null_effect,21017,fixed_0.5,0.5,0.0,0.0,0.0,0.0,0.0,656.3521842365927,717,0.7016666666666667,2400
null_effect,21017,net_sd_scaled_legacy_style,3.5e-11,0.0,0.0,0.0,0.0,0.0,656.3521842365927,717,0.7016666666666667,2400
null_effect,21018,fixed_0.2,0.2,0.0,0.0,0.0,0.0,0.0,606.669677551541,652,0.6725,2400
null_effect,21018,fixed_0.35,0.35,0.0,0.0,0.0,0.0,0.0,606.669677551541,652,0.6725,2400
null_effect,21018,fixed_0.5,0.5,0.0,0.0,0.0,0.0,0.0,606.669677551541,652,0.6725,2400
null_effect,21018,net_sd_scaled_legacy_style,3.5e-11,0.0,0.0,0.0,0.0,0.0,606.669677551541,652,0.6725,2400
null_effect,21019,fixed_0.2,0.2,0.0,0.0,0.0,0.0,0.0,669.4608466918331,737,0.6879166666666666,2400
null_effect,21019,fixed_0.35,0.35,0.0,0.0,0.0,0.0,0.0,669.4608466918331,737,0.6879166666666666,2400
null_effect,21019,fixed_0.5,0.5,0.0,0.0,0.0,0.0,0.0,669.4608466918331,737,0.6879166666666666,2400
null_effect,21019,net_sd_scaled_legacy_style,3.5e-11,0.0,0.0,0.0,0.0,0.0,669.4608466918331,737,0.6879166666666666,2400
null_effect,21020,fixed_0.2,0.2,0.0,0.0,0.0,0.0,0.0,643.8966212610512,698,0.68625,2400
null_effect,21020,fixed_0.35,0.35,0.0,0.0,0.0,0.0,0.0,643.8966212610512,698,0.68625,2400
null_effect,21020,fixed_0.5,0.5,0.0,0.0,0.0,0.0,0.0,643.8966212610512,698,0.68625,2400
null_effect,21020,net_sd_scaled_legacy_style,3.5e-11,0.0,0.0,0.0,0.0,0.0,643.8966212610512,698,0.68625,2400
null_effect,21021,fixed_0.2,0.2,0.0,0.0,0.0,0.0,0.0,645.5007547165337,703,0.6870833333333334,2400
null_effect,21021,fixed_0.35,0.35,0.0,0.0,0.0,0.0,0.0,645.5007547165337,703,0.6870833333333334,2400
null_effect,21021,fixed_0.5,0.5,0.0,0.0,0.0,0.0,0.0,645.5007547165337,703,0.6870833333333334,2400
null_effect,21021,net_sd_scaled_legacy_style,3.5e-11,0.0,0.0,0.0,0.0,0.0,645.5007547165337,703,0.6870833333333334,2400
null_effect,21022,fixed_0.2,0.2,0.0,0.0,0.0,0.0,0.0,648.2671293724056,707,0.6908333333333333,2400
null_effect,21022,fixed_0.35,0.35,0.0,0.0,0.0,0.0,0.0,648.2671293724056,707,0.6908333333333333,2400
null_effect,21022,fixed_0.5,0.5,0.0,0.0,0.0,0.0,0.0,648.2671293724056,707,0.6908333333333333,2400
null_effect,21022,net_sd_scaled_legacy_style,3.5e-11,0.0,0.0,0.0,0.0,0.0,648.2671293724056,707,0.6908333333333333,2400
null_effect,21023,fixed_0.2,0.2,0.0,0.0,0.0,0.0,0.0,633.2940573801375,689,0.67875,2400
null_effect,21023,fixed_0.35,0.35,0.0,0.0,0.0,0.0,0.0,633.2940573801375,689,0.67875,2400
null_effect,21023,fixed_0.5,0.5,0.0,0.0,0.0,0.0,0.0,633.2940573801375,689,0.67875,2400
null_effect,21023,net_sd_scaled_legacy_style,3.5e-11,0.0,0.0,0.0,0.0,0.0,633.2940573801375,689,0.67875,2400
null_effect,21024,fixed_0.2,0.2,0.0,0.0,0.0,0.0,0.0,664.8769805184883,716,0.6995833333333333,2400
null_effect,21024,fixed_0.35,0.35,0.0,0.0,0.0,0.0,0.0,664.8769805184883,716,0.6995833333333333,2400
null_effect,21024,fixed_0.5,0.5,0.0,0.0,0.0,0.0,0.0,664.8769805184883,716,0.6995833333333333,2400
null_effect,21024,net_sd_scaled_legacy_style,3.5e-11,0.0,0.0,0.0,0.0,0.0,664.8769805184883,716,0.6995833333333333,2400
null_effect,21025,fixed_0.2,0.2,0.0,0.0,0.0,0.0,0.0,647.2700819544046,694,0.69875,2400
null_effect,21025,fixed_0.35,0.35,0.0,0.0,0.0,0.0,0.0,647.2700819544046,694,0.69875,2400
null_effect,21025,fixed_0.5,0.5,0.0,0.0,0.0,0.0,0.0,647.2700819544046,694,0.69875,2400
null_effect,21025,net_sd_scaled_legacy_style,3.5e-11,0.0,0.0,0.0,0.0,0.0,647.2700819544046,694,0.69875,2400
null_effect,21026,fixed_0.2,0.2,0.0,0.0,0.0,0.0,0.0,663.059769946215,719,0.7016666666666667,2400
null_effect,21026,fixed_0.35,0.35,0.0,0.0,0.0,0.0,0.0,663.059769946215,719,0.7016666666666667,2400
null_effect,21026,fixed_0.5,0.5,0.0,0.0,0.0,0.0,0.0,663.059769946215,719,0.7016666666666667,2400
null_effect,21026,net_sd_scaled_legacy_style,3.5e-11,0.0,0.0,0.0,0.0,0.0,663.059769946215,719,0.7016666666666667,2400
null_effect,21027,fixed_0.2,0.2,0.0,0.0,0.0,0.0,0.0,651.2502402367172,703,0.6916666666666667,2400
null_effect,21027,fixed_0.35,0.35,0.0,0.0,0.0,0.0,0.0,651.2502402367172,703,0.6916666666666667,2400
null_effect,21027,fixed_0.5,0.5,0.0,0.0,0.0,0.0,0.0,651.2502402367172,703,0.6916666666666667,2400
null_effect,21027,net_sd_scaled_legacy_style,3.5e-11,0.0,0.0,0.0,0.0,0.0,651.2502402367172,703,0.6916666666666667,2400
null_effect,21028,fixed_0.2,0.2,0.0,0.0,0.0,0.0,0.0,672.5222603882546,724,0.7025,2400
null_effect,21028,fixed_0.35,0.35,0.0,0.0,0.0,0.0,0.0,672.5222603882546,724,0.7025,2400
null_effect,21028,fixed_0.5,0.5,0.0,0.0,0.0,0.0,0.0,672.5222603882546,724,0.7025,2400
null_effect,21028,net_sd_scaled_legacy_style,3.5e-11,0.0,0.0,0.0,0.0,0.0,672.5222603882546,724,0.7025,2400
null_effect,21029,fixed_0.2,0.2,0.0,0.0,0.0,0.0,0.0,638.481274586176,695,0.6854166666666667,2400
null_effect,21029,fixed_0.35,0.35,0.0,0.0,0.0,0.0,0.0,638.481274586176,695,0.6854166666666667,2400
null_effect,21029,fixed_0.5,0.5,0.0,0.0,0.0,0.0,0.0,638.481274586176,695,0.6854166666666667,2400
null_effect,21029,net_sd_scaled_legacy_style,3.5e-11,0.0,0.0,0.0,0.0,0.0,638.481274586176,695,0.6854166666666667,2400
null_effect,21030,fixed_0.2,0.2,0.0,0.0,0.0,0.0,0.0,647.742915976691,701,0.6845833333333333,2400
null_effect,21030,fixed_0.35,0.35,0.0,0.0,0.0,0.0,0.0,647.742915976691,701,0.6845833333333333,2400
null_effect,21030,fixed_0.5,0.5,0.0,0.0,0.0,0.0,0.0,647.742915976691,701,0.6845833333333333,2400
null_effect,21030,net_sd_scaled_legacy_style,3.5e-11,0.0,0.0,0.0,0.0,0.0,647.742915976691,701,0.6845833333333333,2400
null_effect,21031,fixed_0.2,0.2,0.0,0.0,0.0,0.0,0.0,666.7632898596671,731,0.6883333333333334,2400
null_effect,21031,fixed_0.35,0.35,0.0,0.0,0.0,0.0,0.0,666.7632898596671,731,0.6883333333333334,2400
null_effect,21031,fixed_0.5,0.5,0.0,0.0,0.0,0.0,0.0,666.7632898596671,731,0.6883333333333334,2400
null_effect,21031,net_sd_scaled_legacy_style,3.5e-11,0.0,0.0,0.0,0.0,0.0,666.7632898596671,731,0.6883333333333334,2400
null_effect,21032,fixed_0.2,0.2,0.0,0.0,0.0,0.0,0.0,631.476306696124,682,0.6875,2400
null_effect,21032,fixed_0.35,0.35,0.0,0.0,0.0,0.0,0.0,631.476306696124,682,0.6875,2400
null_effect,21032,fixed_0.5,0.5,0.0,0.0,0.0,0.0,0.0,631.476306696124,682,0.6875,2400
null_effect,21032,net_sd_scaled_legacy_style,3.5e-11,0.0,0.0,0.0,0.0,0.0,631.476306696124,682,0.6875,2400
null_effect,21033,fixed_0.2,0.2,0.0,0.0,0.0,0.0,0.0,642.4719025191105,693,0.6875,2400
null_effect,21033,fixed_0.35,0.35,0.0,0.0,0.0,0.0,0.0,642.4719025191105,693,0.6875,2400
null_effect,21033,fixed_0.5,0.5,0.0,0.0,0.0,0.0,0.0,642.4719025191105,693,0.6875,2400
null_effect,21033,net_sd_scaled_legacy_style,3.5e-11,0.0,0.0,0.0,0.0,0.0,642.4719025191105,693,0.6875,2400
null_effect,21034,fixed_0.2,0.2,0.0,0.0,0.0,0.0,0.0,652.8667673855844,712,0.7008333333333333,2400
null_effect,21034,fixed_0.35,0.35,0.0,0.0,0.0,0.0,0.0,652.8667673855844,712,0.7008333333333333,2400
null_effect,21034,fixed_0.5,0.5,0.0,0.0,0.0,0.0,0.0,652.8667673855844,712,0.7008333333333333,2400
null_effect,21034,net_sd_scaled_legacy_style,3.5e-11,0.0,0.0,0.0,0.0,0.0,652.8667673855844,712,0.7008333333333333,2400
null_effect,21035,fixed_0.2,0.2,0.0,0.0,0.0,0.0,0.0,639.666124164621,695,0.6854166666666667,2400
null_effect,21035,fixed_0.35,0.35,0.0,0.0,0.0,0.0,0.0,639.666124164621,695,0.6854166666666667,2400
null_effect,21035,fixed_0.5,0.5,0.0,0.0,0.0,0.0,0.0,639.666124164621,695,0.6854166666666667,2400
null_effect,21035,net_sd_scaled_legacy_style,3.5e-11,0.0,0.0,0.0,0.0,0.0,639.666124164621,695,0.6854166666666667,2400
null_effect,21036,fixed_0.2,0.2,0.0,0.0,0.0,0.0,0.0,661.098554299338,714,0.6983333333333334,2400
null_effect,21036,fixed_0.35,0.35,0.0,0.0,0.0,0.0,0.0,661.098554299338,714,0.6983333333333334,2400
null_effect,21036,fixed_0.5,0.5,0.0,0.0,0.0,0.0,0.0,661.098554299338,714,0.6983333333333334,2400
null_effect,21036,net_sd_scaled_legacy_style,3.5e-11,0.0,0.0,0.0,0.0,0.0,661.098554299338,714,0.6983333333333334,2400
null_effect,21037,fixed_0.2,0.2,0.0,0.0,0.0,0.0,0.0,643.5501539964243,692,0.6816666666666666,2400
null_effect,21037,fixed_0.35,0.35,0.0,0.0,0.0,0.0,0.0,643.5501539964243,692,0.6816666666666666,2400
null_effect,21037,fixed_0.5,0.5,0.0,0.0,0.0,0.0,0.0,643.5501539964243,692,0.6816666666666666,2400
null_effect,21037,net_sd_scaled_legacy_style,3.5e-11,0.0,0.0,0.0,0.0,0.0,643.5501539964243,692,0.6816666666666666,2400
null_effect,21038,fixed_0.2,0.2,0.0,0.0,0.0,0.0,0.0,638.060900728794,701,0.6933333333333334,2400
null_effect,21038,fixed_0.35,0.35,0.0,0.0,0.0,0.0,0.0,638.060900728794,701,0.6933333333333334,2400
null_effect,21038,fixed_0.5,0.5,0.0,0.0,0.0,0.0,0.0,638.060900728794,701,0.6933333333333334,2400
null_effect,21038,net_sd_scaled_legacy_style,3.5e-11,0.0,0.0,0.0,0.0,0.0,638.060900728794,701,0.6933333333333334,2400
null_effect,21039,fixed_0.2,0.2,0.0,0.0,0.0,0.0,0.0,657.1530032807747,709,0.7008333333333333,2400
null_effect,21039,fixed_0.35,0.35,0.0,0.0,0.0,0.0,0.0,657.1530032807747,709,0.7008333333333333,2400
null_effect,21039,fixed_0.5,0.5,0.0,0.0,0.0,0.0,0.0,657.1530032807747,709,0.7008333333333333,2400
null_effect,21039,net_sd_scaled_legacy_style,3.5e-11,0.0,0.0,0.0,0.0,0.0,657.1530032807747,709,0.7008333333333333,2400
null_effect,21040,fixed_0.2,0.2,0.0,0.0,0.0,0.0,0.0,655.6560837023856,704,0.7004166666666667,2400
null_effect,21040,fixed_0.35,0.35,0.0,0.0,0.0,0.0,0.0,655.6560837023856,704,0.7004166666666667,2400
null_effect,21040,fixed_0.5,0.5,0.0,0.0,0.0,0.0,0.0,655.6560837023856,704,0.7004166666666667,2400
null_effect,21040,net_sd_scaled_legacy_style,3.5e-11,0.0,0.0,0.0,0.0,0.0,655.6560837023856,704,0.7004166666666667,2400
null_effect,21041,fixed_0.2,0.2,0.0,0.0,0.0,0.0,0.0,646.565287829643,698,0.6929166666666666,2400
null_effect,21041,fixed_0.35,0.35,0.0,0.0,0.0,0.0,0.0,646.565287829643,698,0.6929166666666666,2400
null_effect,21041,fixed_0.5,0.5,0.0,0.0,0.0,0.0,0.0,646.565287829643,698,0.6929166666666666,2400
null_effect,21041,net_sd_scaled_legacy_style,3.5e-11,0.0,0.0,0.0,0.0,0.0,646.565287829643,698,0.6929166666666666,2400
null_effect,21042,fixed_0.2,0.2,0.0,0.0,0.0,0.0,0.0,657.7259091310287,711,0.6954166666666667,2400
null_effect,21042,fixed_0.35,0.35,0.0,0.0,0.0,0.0,0.0,657.7259091310287,711,0.6954166666666667,2400
null_effect,21042,fixed_0.5,0.5,0.0,0.0,0.0,0.0,0.0,657.7259091310287,711,0.6954166666666667,2400
null_effect,21042,net_sd_scaled_legacy_style,3.5e-11,0.0,0.0,0.0,0.0,0.0,657.7259091310287,711,0.6954166666666667,2400
null_effect,21043,fixed_0.2,0.2,0.0,0.0,0.0,0.0,0.0,650.2943985179452,701,0.69875,2400
null_effect,21043,fixed_0.35,0.35,0.0,0.0,0.0,0.0,0.0,650.2943985179452,701,0.69875,2400
null_effect,21043,fixed_0.5,0.5,0.0,0.0,0.0,0.0,0.0,650.2943985179452,701,0.69875,2400
null_effect,21043,net_sd_scaled_legacy_style,3.5e-11,0.0,0.0,0.0,0.0,0.0,650.2943985179452,701,0.69875,2400
null_effect,21044,fixed_0.2,0.2,0.0,0.0,0.0,0.0,0.0,637.0860146914749,686,0.6879166666666666,2400
null_effect,21044,fixed_0.35,0.35,0.0,0.0,0.0,0.0,0.0,637.0860146914749,686,0.6879166666666666,2400
null_effect,21044,fixed_0.5,0.5,0.0,0.0,0.0,0.0,0.0,637.0860146914749,686,0.6879166666666666,2400
null_effect,21044,net_sd_scaled_legacy_style,3.5e-11,0.0,0.0,0.0,0.0,0.0,637.0860146914749,686,0.6879166666666666,2400
null_effect,21045,fixed_0.2,0.2,0.0,0.0,0.0,0.0,0.0,633.4233274752684,683,0.6883333333333334,2400
null_effect,21045,fixed_0.35,0.35,0.0,0.0,0.0,0.0,0.0,633.4233274752684,683,0.6883333333333334,2400
null_effect,21045,fixed_0.5,0.5,0.0,0.0,0.0,0.0,0.0,633.4233274752684,683,0.6883333333333334,2400
null_effect,21045,net_sd_scaled_legacy_style,3.5e-11,0.0,0.0,0.0,0.0,0.0,633.4233274752684,683,0.6883333333333334,2400
null_effect,21046,fixed_0.2,0.2,0.0,0.0,0.0,0.0,0.0,646.078339028638,702,0.6925,2400
null_effect,21046,fixed_0.35,0.35,0.0,0.0,0.0,0.0,0.0,646.078339028638,702,0.6925,2400
null_effect,21046,fixed_0.5,0.5,0.0,0.0,0.0,0.0,0.0,646.078339028638,702,0.6925,2400
null_effect,21046,net_sd_scaled_legacy_style,3.5e-11,0.0,0.0,0.0,0.0,0.0,646.078339028638,702,0.6925,2400
null_effect,21047,fixed_0.2,0.2,0.0,0.0,0.0,0.0,0.0,652.1607166620081,708,0.6908333333333333,2400
null_effect,21047,fixed_0.35,0.35,0.0,0.0,0.0,0.0,0.0,652.1607166620081,708,0.6908333333333333,2400
null_effect,21047,fixed_0.5,0.5,0.0,0.0,0.0,0.0,0.0,652.1607166620081,708,0.6908333333333333,2400
null_effect,21047,net_sd_scaled_legacy_style,3.5e-11,0.0,0.0,0.0,0.0,0.0,652.1607166620081,708,0.6908333333333333,2400
null_effect,21048,fixed_0.2,0.2,0.0,0.0,0.0,0.0,0.0,653.8000908522557,714,0.69375,2400
null_effect,21048,fixed_0.35,0.35,0.0,0.0,0.0,0.0,0.0,653.8000908522557,714,0.69375,2400
null_effect,21048,fixed_0.5,0.5,0.0,0.0,0.0,0.0,0.0,653.8000908522557,714,0.69375,2400
null_effect,21048,net_sd_scaled_legacy_style,3.5e-11,0.0,0.0,0.0,0.0,0.0,653.8000908522557,714,0.69375,2400
null_effect,21049,fixed_0.2,0.2,0.0,0.0,0.0,0.0,0.0,650.895107257812,703,0.68875,2400
null_effect,21049,fixed_0.35,0.35,0.0,0.0,0.0,0.0,0.0,650.895107257812,703,0.68875,2400
null_effect,21049,fixed_0.5,0.5,0.0,0.0,0.0,0.0,0.0,650.895107257812,703,0.68875,2400
null_effect,21049,net_sd_scaled_legacy_style,3.5e-11,0.0,0.0,0.0,0.0,0.0,650.895107257812,703,0.68875,2400
null_effect,21050,fixed_0.2,0.2,0.0,0.0,0.0,0.0,0.0,669.481724630592,727,0.70125,2400
null_effect,21050,fixed_0.35,0.35,0.0,0.0,0.0,0.0,0.0,669.481724630592,727,0.70125,2400
null_effect,21050,fixed_0.5,0.5,0.0,0.0,0.0,0.0,0.0,669.481724630592,727,0.70125,2400
null_effect,21050,net_sd_scaled_legacy_style,3.5e-11,0.0,0.0,0.0,0.0,0.0,669.481724630592,727,0.70125,2400
null_effect,21051,fixed_0.2,0.2,0.0,0.0,0.0,0.0,0.0,649.6548955737444,692,0.6991666666666667,2400
null_effect,21051,fixed_0.35,0.35,0.0,0.0,0.0,0.0,0.0,649.6548955737444,692,0.6991666666666667,2400
null_effect,21051,fixed_0.5,0.5,0.0,0.0,0.0,0.0,0.0,649.6548955737444,692,0.6991666666666667,2400
null_effect,21051,net_sd_scaled_legacy_style,3.5e-11,0.0,0.0,0.0,0.0,0.0,649.6548955737444,692,0.6991666666666667,2400
null_effect,21052,fixed_0.2,0.2,0.0,0.0,0.0,0.0,0.0,650.5104924098359,696,0.6920833333333334,2400
null_effect,21052,fixed_0.35,0.35,0.0,0.0,0.0,0.0,0.0,650.5104924098359,696,0.6920833333333334,2400
null_effect,21052,fixed_0.5,0.5,0.0,0.0,0.0,0.0,0.0,650.5104924098359,696,0.6920833333333334,2400
null_effect,21052,net_sd_scaled_legacy_style,3.5e-11,0.0,0.0,0.0,0.0,0.0,650.5104924098359,696,0.6920833333333334,2400
null_effect,21053,fixed_0.2,0.2,0.0,0.0,0.0,0.0,0.0,630.1093070994425,676,0.68,2400
null_effect,21053,fixed_0.35,0.35,0.0,0.0,0.0,0.0,0.0,630.1093070994425,676,0.68,2400
null_effect,21053,fixed_0.5,0.5,0.0,0.0,0.0,0.0,0.0,630.1093070994425,676,0.68,2400
null_effect,21053,net_sd_scaled_legacy_style,3.5e-11,0.0,0.0,0.0,0.0,0.0,630.1093070994425,676,0.68,2400
null_effect,21054,fixed_0.2,0.2,0.0,0.0,0.0,0.0,0.0,676.940456020976,731,0.7141666666666666,2400
null_effect,21054,fixed_0.35,0.35,0.0,0.0,0.0,0.0,0.0,676.940456020976,731,0.7141666666666666,2400
null_effect,21054,fixed_0.5,0.5,0.0,0.0,0.0,0.0,0.0,676.940456020976,731,0.7141666666666666,2400
null_effect,21054,net_sd_scaled_legacy_style,3.5e-11,0.0,0.0,0.0,0.0,0.0,676.940456020976,731,0.7141666666666666,2400
null_effect,21055,fixed_0.2,0.2,0.0,0.0,0.0,0.0,0.0,643.0705313370327,698,0.6929166666666666,2400
null_effect,21055,fixed_0.35,0.35,0.0,0.0,0.0,0.0,0.0,643.0705313370327,698,0.6929166666666666,2400
null_effect,21055,fixed_0.5,0.5,0.0,0.0,0.0,0.0,0.0,643.0705313370327,698,0.6929166666666666,2400
null_effect,21055,net_sd_scaled_legacy_style,3.5e-11,0.0,0.0,0.0,0.0,0.0,643.0705313370327,698,0.6929166666666666,2400
null_effect,21056,fixed_0.2,0.2,0.0,0.0,0.0,0.0,0.0,631.8233616512399,674,0.6891666666666667,2400
null_effect,21056,fixed_0.35,0.35,0.0,0.0,0.0,0.0,0.0,631.8233616512399,674,0.6891666666666667,2400
null_effect,21056,fixed_0.5,0.5,0.0,0.0,0.0,0.0,0.0,631.8233616512399,674,0.6891666666666667,2400
null_effect,21056,net_sd_scaled_legacy_style,3.5e-11,0.0,0.0,0.0,0.0,0.0,631.8233616512399,674,0.6891666666666667,2400
null_effect,21057,fixed_0.2,0.2,0.0,0.0,0.0,0.0,0.0,647.2685590849799,691,0.70125,2400
null_effect,21057,fixed_0.35,0.35,0.0,0.0,0.0,0.0,0.0,647.2685590849799,691,0.70125,2400
null_effect,21057,fixed_0.5,0.5,0.0,0.0,0.0,0.0,0.0,647.2685590849799,691,0.70125,2400
null_effect,21057,net_sd_scaled_legacy_style,3.5e-11,0.0,0.0,0.0,0.0,0.0,647.2685590849799,691,0.70125,2400
null_effect,21058,fixed_0.2,0.2,0.0,0.0,0.0,0.0,0.0,647.9871496775235,702,0.6854166666666667,2400
null_effect,21058,fixed_0.35,0.35,0.0,0.0,0.0,0.0,0.0,647.9871496775235,702,0.6854166666666667,2400
null_effect,21058,fixed_0.5,0.5,0.0,0.0,0.0,0.0,0.0,647.9871496775235,702,0.6854166666666667,2400
null_effect,21058,net_sd_scaled_legacy_style,3.5e-11,0.0,0.0,0.0,0.0,0.0,647.9871496775235,702,0.6854166666666667,2400
null_effect,21059,fixed_0.2,0.2,0.0,0.0,0.0,0.0,0.0,627.9831546260755,674,0.68125,2400
null_effect,21059,fixed_0.35,0.35,0.0,0.0,0.0,0.0,0.0,627.9831546260755,674,0.68125,2400
null_effect,21059,fixed_0.5,0.5,0.0,0.0,0.0,0.0,0.0,627.9831546260755,674,0.68125,2400
null_effect,21059,net_sd_scaled_legacy_style,3.5e-11,0.0,0.0,0.0,0.0,0.0,627.9831546260755,674,0.68125,2400
null_effect,21060,fixed_0.2,0.2,0.0,0.0,0.0,0.0,0.0,671.9096516230246,729,0.7054166666666667,2400
null_effect,21060,fixed_0.35,0.35,0.0,0.0,0.0,0.0,0.0,671.9096516230246,729,0.7054166666666667,2400
null_effect,21060,fixed_0.5,0.5,0.0,0.0,0.0,0.0,0.0,671.9096516230246,729,0.7054166666666667,2400
null_effect,21060,net_sd_scaled_legacy_style,3.5e-11,0.0,0.0,0.0,0.0,0.0,671.9096516230246,729,0.7054166666666667,2400
null_effect,21061,fixed_0.2,0.2,0.0,0.0,0.0,0.0,0.0,644.2603373841314,688,0.6958333333333333,2400
null_effect,21061,fixed_0.35,0.35,0.0,0.0,0.0,0.0,0.0,644.2603373841314,688,0.6958333333333333,2400
null_effect,21061,fixed_0.5,0.5,0.0,0.0,0.0,0.0,0.0,644.2603373841314,688,0.6958333333333333,2400
null_effect,21061,net_sd_scaled_legacy_style,3.5e-11,0.0,0.0,0.0,0.0,0.0,644.2603373841314,688,0.6958333333333333,2400
null_effect,21062,fixed_0.2,0.2,0.0,0.0,0.0,0.0,0.0,659.0213130413955,718,0.6920833333333334,2400
null_effect,21062,fixed_0.35,0.35,0.0,0.0,0.0,0.0,0.0,659.0213130413955,718,0.6920833333333334,2400
null_effect,21062,fixed_0.5,0.5,0.0,0.0,0.0,0.0,0.0,659.0213130413955,718,0.6920833333333334,2400
null_effect,21062,net_sd_scaled_legacy_style,3.5e-11,0.0,0.0,0.0,0.0,0.0,659.0213130413955,718,0.6920833333333334,2400
null_effect,21063,fixed_0.2,0.2,0.0,0.0,0.0,0.0,0.0,654.5414247740621,711,0.7008333333333333,2400
null_effect,21063,fixed_0.35,0.35,0.0,0.0,0.0,0.0,0.0,654.5414247740621,711,0.7008333333333333,2400
null_effect,21063,fixed_0.5,0.5,0.0,0.0,0.0,0.0,0.0,654.5414247740621,711,0.7008333333333333,2400
null_effect,21063,net_sd_scaled_legacy_style,3.5e-11,0.0,0.0,0.0,0.0,0.0,654.5414247740621,711,0.7008333333333333,2400
null_effect,21064,fixed_0.2,0.2,0.0,0.0,0.0,0.0,0.0,634.174278527068,686,0.685,2400
null_effect,21064,fixed_0.35,0.35,0.0,0.0,0.0,0.0,0.0,634.174278527068,686,0.685,2400
null_effect,21064,fixed_0.5,0.5,0.0,0.0,0.0,0.0,0.0,634.174278527068,686,0.685,2400
null_effect,21064,net_sd_scaled_legacy_style,3.5e-11,0.0,0.0,0.0,0.0,0.0,634.174278527068,686,0.685,2400
null_effect,21065,fixed_0.2,0.2,0.0,0.0,0.0,0.0,0.0,646.7238887434128,697,0.6954166666666667,2400
null_effect,21065,fixed_0.35,0.35,0.0,0.0,0.0,0.0,0.0,646.7238887434128,697,0.6954166666666667,2400
null_effect,21065,fixed_0.5,0.5,0.0,0.0,0.0,0.0,0.0,646.7238887434128,697,0.6954166666666667,2400
null_effect,21065,net_sd_scaled_legacy_style,3.5e-11,0.0,0.0,0.0,0.0,0.0,646.7238887434128,697,0.6954166666666667,2400
null_effect,21066,fixed_0.2,0.2,0.0,0.0,0.0,0.0,0.0,638.0338728456243,694,0.6891666666666667,2400
null_effect,21066,fixed_0.35,0.35,0.0,0.0,0.0,0.0,0.0,638.0338728456243,694,0.6891666666666667,2400
null_effect,21066,fixed_0.5,0.5,0.0,0.0,0.0,0.0,0.0,638.0338728456243,694,0.6891666666666667,2400
null_effect,21066,net_sd_scaled_legacy_style,3.5e-11,0.0,0.0,0.0,0.0,0.0,638.0338728456243,694,0.6891666666666667,2400
null_effect,21067,fixed_0.2,0.2,0.0,0.0,0.0,0.0,0.0,649.5572995968546,700,0.6891666666666667,2400
null_effect,21067,fixed_0.35,0.35,0.0,0.0,0.0,0.0,0.0,649.5572995968546,700,0.6891666666666667,2400
null_effect,21067,fixed_0.5,0.5,0.0,0.0,0.0,0.0,0.0,649.5572995968546,700,0.6891666666666667,2400
null_effect,21067,net_sd_scaled_legacy_style,3.5e-11,0.0,0.0,0.0,0.0,0.0,649.5572995968546,700,0.6891666666666667,2400
null_effect,21068,fixed_0.2,0.2,0.0,0.0,0.0,0.0,0.0,651.5124423134325,705,0.6879166666666666,2400
null_effect,21068,fixed_0.35,0.35,0.0,0.0,0.0,0.0,0.0,651.5124423134325,705,0.6879166666666666,2400
null_effect,21068,fixed_0.5,0.5,0.0,0.0,0.0,0.0,0.0,651.5124423134325,705,0.6879166666666666,2400
null_effect,21068,net_sd_scaled_legacy_style,3.5e-11,0.0,0.0,0.0,0.0,0.0,651.5124423134325,705,0.6879166666666666,2400
null_effect,21069,fixed_0.2,0.2,0.0,0.0,0.0,0.0,0.0,690.6627567108145,749,0.71125,2400
null_effect,21069,fixed_0.35,0.35,0.0,0.0,0.0,0.0,0.0,690.6627567108145,749,0.71125,2400
null_effect,21069,fixed_0.5,0.5,0.0,0.0,0.0,0.0,0.0,690.6627567108145,749,0.71125,2400
null_effect,21069,net_sd_scaled_legacy_style,3.5e-11,0.0,0.0,0.0,0.0,0.0,690.6627567108145,749,0.71125,2400
null_effect,21070,fixed_0.2,0.2,0.0,0.0,0.0,0.0,0.0,643.1220750790596,693,0.6904166666666667,2400
null_effect,21070,fixed_0.35,0.35,0.0,0.0,0.0,0.0,0.0,643.1220750790596,693,0.6904166666666667,2400
null_effect,21070,fixed_0.5,0.5,0.0,0.0,0.0,0.0,0.0,643.1220750790596,693,0.6904166666666667,2400
null_effect,21070,net_sd_scaled_legacy_style,3.5e-11,0.0,0.0,0.0,0.0,0.0,643.1220750790596,693,0.6904166666666667,2400
null_effect,21071,fixed_0.2,0.2,0.0,0.0,0.0,0.0,0.0,656.1948702934801,706,0.6958333333333333,2400
null_effect,21071,fixed_0.35,0.35,0.0,0.0,0.0,0.0,0.0,656.1948702934801,706,0.6958333333333333,2400
null_effect,21071,fixed_0.5,0.5,0.0,0.0,0.0,0.0,0.0,656.1948702934801,706,0.6958333333333333,2400
null_effect,21071,net_sd_scaled_legacy_style,3.5e-11,0.0,0.0,0.0,0.0,0.0,656.1948702934801,706,0.6958333333333333,2400
null_effect,21072,fixed_0.2,0.2,0.0,0.0,0.0,0.0,0.0,642.3205919820484,697,0.6941666666666667,2400
null_effect,21072,fixed_0.35,0.35,0.0,0.0,0.0,0.0,0.0,642.3205919820484,697,0.6941666666666667,2400
null_effect,21072,fixed_0.5,0.5,0.0,0.0,0.0,0.0,0.0,642.3205919820484,697,0.6941666666666667,2400
null_effect,21072,net_sd_scaled_legacy_style,3.5e-11,0.0,0.0,0.0,0.0,0.0,642.3205919820484,697,0.6941666666666667,2400
null_effect,21073,fixed_0.2,0.2,0.0,0.0,0.0,0.0,0.0,634.1715018763794,680,0.68625,2400
null_effect,21073,fixed_0.35,0.35,0.0,0.0,0.0,0.0,0.0,634.1715018763794,680,0.68625,2400
null_effect,21073,fixed_0.5,0.5,0.0,0.0,0.0,0.0,0.0,634.1715018763794,680,0.68625,2400
null_effect,21073,net_sd_scaled_legacy_style,3.5e-11,0.0,0.0,0.0,0.0,0.0,634.1715018763794,680,0.68625,2400
null_effect,21074,fixed_0.2,0.2,0.0,0.0,0.0,0.0,0.0,659.1560913155168,719,0.6970833333333334,2400
null_effect,21074,fixed_0.35,0.35,0.0,0.0,0.0,0.0,0.0,659.1560913155168,719,0.6970833333333334,2400
null_effect,21074,fixed_0.5,0.5,0.0,0.0,0.0,0.0,0.0,659.1560913155168,719,0.6970833333333334,2400
null_effect,21074,net_sd_scaled_legacy_style,3.5e-11,0.0,0.0,0.0,0.0,0.0,659.1560913155168,719,0.6970833333333334,2400
null_effect,21075,fixed_0.2,0.2,0.0,0.0,0.0,0.0,0.0,674.1398515353186,721,0.6929166666666666,2400
null_effect,21075,fixed_0.35,0.35,0.0,0.0,0.0,0.0,0.0,674.1398515353186,721,0.6929166666666666,2400
null_effect,21075,fixed_0.5,0.5,0.0,0.0,0.0,0.0,0.0,674.1398515353186,721,0.6929166666666666,2400
null_effect,21075,net_sd_scaled_legacy_style,3.5e-11,0.0,0.0,0.0,0.0,0.0,674.1398515353186,721,0.6929166666666666,2400
null_effect,21076,fixed_0.2,0.2,0.0,0.0,0.0,0.0,0.0,640.9041154967388,692,0.6870833333333334,2400
null_effect,21076,fixed_0.35,0.35,0.0,0.0,0.0,0.0,0.0,640.9041154967388,692,0.6870833333333334,2400
null_effect,21076,fixed_0.5,0.5,0.0,0.0,0.0,0.0,0.0,640.9041154967388,692,0.6870833333333334,2400
null_effect,21076,net_sd_scaled_legacy_style,3.5e-11,0.0,0.0,0.0,0.0,0.0,640.9041154967388,692,0.6870833333333334,2400
null_effect,21077,fixed_0.2,0.2,0.0,0.0,0.0,0.0,0.0,635.9759386710016,684,0.6879166666666666,2400
null_effect,21077,fixed_0.35,0.35,0.0,0.0,0.0,0.0,0.0,635.9759386710016,684,0.6879166666666666,2400
null_effect,21077,fixed_0.5,0.5,0.0,0.0,0.0,0.0,0.0,635.9759386710016,684,0.6879166666666666,2400
null_effect,21077,net_sd_scaled_legacy_style,3.5e-11,0.0,0.0,0.0,0.0,0.0,635.9759386710016,684,0.6879166666666666,2400
null_effect,21078,fixed_0.2,0.2,0.0,0.0,0.0,0.0,0.0,665.8718399682349,714,0.6954166666666667,2400
null_effect,21078,fixed_0.35,0.35,0.0,0.0,0.0,0.0,0.0,665.8718399682349,714,0.6954166666666667,2400
null_effect,21078,fixed_0.5,0.5,0.0,0.0,0.0,0.0,0.0,665.8718399682349,714,0.6954166666666667,2400
null_effect,21078,net_sd_scaled_legacy_style,3.5e-11,0.0,0.0,0.0,0.0,0.0,665.8718399682349,714,0.6954166666666667,2400
null_effect,21079,fixed_0.2,0.2,0.0,0.0,0.0,0.0,0.0,666.6059938786432,727,0.7058333333333333,2400
null_effect,21079,fixed_0.35,0.35,0.0,0.0,0.0,0.0,0.0,666.6059938786432,727,0.7058333333333333,2400
null_effect,21079,fixed_0.5,0.5,0.0,0.0,0.0,0.0,0.0,666.6059938786432,727,0.7058333333333333,2400
null_effect,21079,net_sd_scaled_legacy_style,3.5e-11,0.0,0.0,0.0,0.0,0.0,666.6059938786432,727,0.7058333333333333,2400
null_effect,21080,fixed_0.2,0.2,0.0,0.0,0.0,0.0,0.0,654.36875002236,707,0.6954166666666667,2400
null_effect,21080,fixed_0.35,0.35,0.0,0.0,0.0,0.0,0.0,654.36875002236,707,0.6954166666666667,2400
null_effect,21080,fixed_0.5,0.5,0.0,0.0,0.0,0.0,0.0,654.36875002236,707,0.6954166666666667,2400
null_effect,21080,net_sd_scaled_legacy_style,3.5e-11,0.0,0.0,0.0,0.0,0.0,654.36875002236,707,0.6954166666666667,2400
null_effect,21081,fixed_0.2,0.2,0.0,0.0,0.0,0.0,0.0,643.6767543229793,701,0.6908333333333333,2400
null_effect,21081,fixed_0.35,0.35,0.0,0.0,0.0,0.0,0.0,643.6767543229793,701,0.6908333333333333,2400
null_effect,21081,fixed_0.5,0.5,0.0,0.0,0.0,0.0,0.0,643.6767543229793,701,0.6908333333333333,2400
null_effect,21081,net_sd_scaled_legacy_style,3.5e-11,0.0,0.0,0.0,0.0,0.0,643.6767543229793,701,0.6908333333333333,2400
null_effect,21082,fixed_0.2,0.2,0.0,0.0,0.0,0.0,0.0,652.3507114611332,701,0.69375,2400
null_effect,21082,fixed_0.35,0.35,0.0,0.0,0.0,0.0,0.0,652.3507114611332,701,0.69375,2400
null_effect,21082,fixed_0.5,0.5,0.0,0.0,0.0,0.0,0.0,652.3507114611332,701,0.69375,2400
null_effect,21082,net_sd_scaled_legacy_style,3.5e-11,0.0,0.0,0.0,0.0,0.0,652.3507114611332,701,0.69375,2400
null_effect,21083,fixed_0.2,0.2,0.0,0.0,0.0,0.0,0.0,638.9799903477289,694,0.6941666666666667,2400
null_effect,21083,fixed_0.35,0.35,0.0,0.0,0.0,0.0,0.0,638.9799903477289,694,0.6941666666666667,2400
null_effect,21083,fixed_0.5,0.5,0.0,0.0,0.0,0.0,0.0,638.9799903477289,694,0.6941666666666667,2400
null_effect,21083,net_sd_scaled_legacy_style,3.5e-11,0.0,0.0,0.0,0.0,0.0,638.9799903477289,694,0.6941666666666667,2400
null_effect,21084,fixed_0.2,0.2,0.0,0.0,0.0,0.0,0.0,647.075252156008,702,0.6829166666666666,2400
null_effect,21084,fixed_0.35,0.35,0.0,0.0,0.0,0.0,0.0,647.075252156008,702,0.6829166666666666,2400
null_effect,21084,fixed_0.5,0.5,0.0,0.0,0.0,0.0,0.0,647.075252156008,702,0.6829166666666666,2400
null_effect,21084,net_sd_scaled_legacy_style,3.5e-11,0.0,0.0,0.0,0.0,0.0,647.075252156008,702,0.6829166666666666,2400
null_effect,21085,fixed_0.2,0.2,0.0,0.0,0.0,0.0,0.0,648.4072109188378,692,0.6920833333333334,2400
null_effect,21085,fixed_0.35,0.35,0.0,0.0,0.0,0.0,0.0,648.4072109188378,692,0.6920833333333334,2400
null_effect,21085,fixed_0.5,0.5,0.0,0.0,0.0,0.0,0.0,648.4072109188378,692,0.6920833333333334,2400
null_effect,21085,net_sd_scaled_legacy_style,3.5e-11,0.0,0.0,0.0,0.0,0.0,648.4072109188378,692,0.6920833333333334,2400
null_effect,21086,fixed_0.2,0.2,0.0,0.0,0.0,0.0,0.0,665.7134955267493,714,0.7079166666666666,2400
null_effect,21086,fixed_0.35,0.35,0.0,0.0,0.0,0.0,0.0,665.7134955267493,714,0.7079166666666666,2400
null_effect,21086,fixed_0.5,0.5,0.0,0.0,0.0,0.0,0.0,665.7134955267493,714,0.7079166666666666,2400
null_effect,21086,net_sd_scaled_legacy_style,3.5e-11,0.0,0.0,0.0,0.0,0.0,665.7134955267493,714,0.7079166666666666,2400
null_effect,21087,fixed_0.2,0.2,0.0,0.0,0.0,0.0,0.0,642.1937863824455,709,0.6875,2400
null_effect,21087,fixed_0.35,0.35,0.0,0.0,0.0,0.0,0.0,642.1937863824455,709,0.6875,2400
null_effect,21087,fixed_0.5,0.5,0.0,0.0,0.0,0.0,0.0,642.1937863824455,709,0.6875,2400
null_effect,21087,net_sd_scaled_legacy_style,3.5e-11,0.0,0.0,0.0,0.0,0.0,642.1937863824455,709,0.6875,2400
null_effect,21088,fixed_0.2,0.2,0.0,0.0,0.0,0.0,0.0,687.3499289783285,743,0.7066666666666667,2400
null_effect,21088,fixed_0.35,0.35,0.0,0.0,0.0,0.0,0.0,687.3499289783285,743,0.7066666666666667,2400
null_effect,21088,fixed_0.5,0.5,0.0,0.0,0.0,0.0,0.0,687.3499289783285,743,0.7066666666666667,2400
null_effect,21088,net_sd_scaled_legacy_style,3.5e-11,0.0,0.0,0.0,0.0,0.0,687.3499289783285,743,0.7066666666666667,2400
null_effect,21089,fixed_0.2,0.2,0.0,0.0,0.0,0.0,0.0,667.7432894398808,732,0.6983333333333334,2400
null_effect,21089,fixed_0.35,0.35,0.0,0.0,0.0,0.0,0.0,667.7432894398808,732,0.6983333333333334,2400
null_effect,21089,fixed_0.5,0.5,0.0,0.0,0.0,0.0,0.0,667.7432894398808,732,0.6983333333333334,2400
null_effect,21089,net_sd_scaled_legacy_style,3.5e-11,0.0,0.0,0.0,0.0,0.0,667.7432894398808,732,0.6983333333333334,2400
null_effect,21090,fixed_0.2,0.2,0.0,0.0,0.0,0.0,0.0,672.9120067621228,727,0.6979166666666666,2400
null_effect,21090,fixed_0.35,0.35,0.0,0.0,0.0,0.0,0.0,672.9120067621228,727,0.6979166666666666,2400
null_effect,21090,fixed_0.5,0.5,0.0,0.0,0.0,0.0,0.0,672.9120067621228,727,0.6979166666666666,2400
null_effect,21090,net_sd_scaled_legacy_style,3.5e-11,0.0,0.0,0.0,0.0,0.0,672.9120067621228,727,0.6979166666666666,2400
null_effect,21091,fixed_0.2,0.2,0.0,0.0,0.0,0.0,0.0,673.1153033865412,734,0.7070833333333333,2400
null_effect,21091,fixed_0.35,0.35,0.0,0.0,0.0,0.0,0.0,673.1153033865412,734,0.7070833333333333,2400
null_effect,21091,fixed_0.5,0.5,0.0,0.0,0.0,0.0,0.0,673.1153033865412,734,0.7070833333333333,2400
null_effect,21091,net_sd_scaled_legacy_style,3.5e-11,0.0,0.0,0.0,0.0,0.0,673.1153033865412,734,0.7070833333333333,2400
null_effect,21092,fixed_0.2,0.2,0.0,0.0,0.0,0.0,0.0,642.1547652907452,693,0.6920833333333334,2400
null_effect,21092,fixed_0.35,0.35,0.0,0.0,0.0,0.0,0.0,642.1547652907452,693,0.6920833333333334,2400
null_effect,21092,fixed_0.5,0.5,0.0,0.0,0.0,0.0,0.0,642.1547652907452,693,0.6920833333333334,2400
null_effect,21092,net_sd_scaled_legacy_style,3.5e-11,0.0,0.0,0.0,0.0,0.0,642.1547652907452,693,0.6920833333333334,2400
null_effect,21093,fixed_0.2,0.2,0.0,0.0,0.0,0.0,0.0,653.9947371988081,705,0.6945833333333333,2400
null_effect,21093,fixed_0.35,0.35,0.0,0.0,0.0,0.0,0.0,653.9947371988081,705,0.6945833333333333,2400
null_effect,21093,fixed_0.5,0.5,0.0,0.0,0.0,0.0,0.0,653.9947371988081,705,0.6945833333333333,2400
null_effect,21093,net_sd_scaled_legacy_style,3.5e-11,0.0,0.0,0.0,0.0,0.0,653.9947371988081,705,0.6945833333333333,2400
null_effect,21094,fixed_0.2,0.2,0.0,0.0,0.0,0.0,0.0,653.9035418567555,708,0.6933333333333334,2400
null_effect,21094,fixed_0.35,0.35,0.0,0.0,0.0,0.0,0.0,653.9035418567555,708,0.6933333333333334,2400
null_effect,21094,fixed_0.5,0.5,0.0,0.0,0.0,0.0,0.0,653.9035418567555,708,0.6933333333333334,2400
null_effect,21094,net_sd_scaled_legacy_style,3.5e-11,0.0,0.0,0.0,0.0,0.0,653.9035418567555,708,0.6933333333333334,2400
null_effect,21095,fixed_0.2,0.2,0.0,0.0,0.0,0.0,0.0,675.5952726243191,730,0.7033333333333334,2400
null_effect,21095,fixed_0.35,0.35,0.0,0.0,0.0,0.0,0.0,675.5952726243191,730,0.7033333333333334,2400
null_effect,21095,fixed_0.5,0.5,0.0,0.0,0.0,0.0,0.0,675.5952726243191,730,0.7033333333333334,2400
null_effect,21095,net_sd_scaled_legacy_style,3.5e-11,0.0,0.0,0.0,0.0,0.0,675.5952726243191,730,0.7033333333333334,2400
null_effect,21096,fixed_0.2,0.2,0.0,0.0,0.0,0.0,0.0,646.0689841189837,705,0.6891666666666667,2400
null_effect,21096,fixed_0.35,0.35,0.0,0.0,0.0,0.0,0.0,646.0689841189837,705,0.6891666666666667,2400
null_effect,21096,fixed_0.5,0.5,0.0,0.0,0.0,0.0,0.0,646.0689841189837,705,0.6891666666666667,2400
null_effect,21096,net_sd_scaled_legacy_style,3.5e-11,0.0,0.0,0.0,0.0,0.0,646.0689841189837,705,0.6891666666666667,2400
null_effect,21097,fixed_0.2,0.2,0.0,0.0,0.0,0.0,0.0,623.9380912690634,676,0.6829166666666666,2400
null_effect,21097,fixed_0.35,0.35,0.0,0.0,0.0,0.0,0.0,623.9380912690634,676,0.6829166666666666,2400
null_effect,21097,fixed_0.5,0.5,0.0,0.0,0.0,0.0,0.0,623.9380912690634,676,0.6829166666666666,2400
null_effect,21097,net_sd_scaled_legacy_style,3.5e-11,0.0,0.0,0.0,0.0,0.0,623.9380912690634,676,0.6829166666666666,2400
null_effect,21098,fixed_0.2,0.2,0.0,0.0,0.0,0.0,0.0,657.0901468463014,711,0.6941666666666667,2400
null_effect,21098,fixed_0.35,0.35,0.0,0.0,0.0,0.0,0.0,657.0901468463014,711,0.6941666666666667,2400
null_effect,21098,fixed_0.5,0.5,0.0,0.0,0.0,0.0,0.0,657.0901468463014,711,0.6941666666666667,2400
null_effect,21098,net_sd_scaled_legacy_style,3.5e-11,0.0,0.0,0.0,0.0,0.0,657.0901468463014,711,0.6941666666666667,2400
null_effect,21099,fixed_0.2,0.2,0.0,0.0,0.0,0.0,0.0,634.5037191027279,684,0.6808333333333333,2400
null_effect,21099,fixed_0.35,0.35,0.0,0.0,0.0,0.0,0.0,634.5037191027279,684,0.6808333333333333,2400
null_effect,21099,fixed_0.5,0.5,0.0,0.0,0.0,0.0,0.0,634.5037191027279,684,0.6808333333333333,2400
null_effect,21099,net_sd_scaled_legacy_style,3.5e-11,0.0,0.0,0.0,0.0,0.0,634.5037191027279,684,0.6808333333333333,2400
null_effect,21100,fixed_0.2,0.2,0.0,0.0,0.0,0.0,0.0,680.5653663027641,741,0.6991666666666667,2400
null_effect,21100,fixed_0.35,0.35,0.0,0.0,0.0,0.0,0.0,680.5653663027641,741,0.6991666666666667,2400
null_effect,21100,fixed_0.5,0.5,0.0,0.0,0.0,0.0,0.0,680.5653663027641,741,0.6991666666666667,2400
null_effect,21100,net_sd_scaled_legacy_style,3.5e-11,0.0,0.0,0.0,0.0,0.0,680.5653663027641,741,0.6991666666666667,2400
strong_signal,21001,fixed_0.2,0.2,0.7171571862569663,0.7171571862569663,0.7134670487106017,0.84,0.84,653.7366488308578,698,0.7054166666666667,2400
strong_signal,21001,fixed_0.35,0.35,0.5390263122058395,0.5390263122058395,0.5315186246418339,0.7220833333333333,0.7220833333333333,653.7366488308578,698,0.7054166666666667,2400
strong_signal,21001,fixed_0.5,0.5,0.35669293892501686,0.35669293892501686,0.3495702005730659,0.6108333333333333,0.6108333333333333,653.7366488308578,698,0.7054166666666667,2400
strong_signal,21001,net_sd_scaled_legacy_style,0.3400132905915498,0.5503333494369632,0.5503333494369632,0.5429799426934098,0.7283333333333334,0.7283333333333334,653.7366488308578,698,0.7054166666666667,2400
strong_signal,21002,fixed_0.2,0.2,0.7263526817713699,0.7263526817713699,0.7204450625869263,0.8408333333333333,0.8408333333333333,664.3284704720445,719,0.7020833333333333,2400
strong_signal,21002,fixed_0.35,0.35,0.5286450754435945,0.5286450754435945,0.5201668984700973,0.7208333333333333,0.7208333333333333,664.3284704720445,719,0.7020833333333333,2400
strong_signal,21002,fixed_0.5,0.5,0.36719495004053454,0.36719495004053454,0.3588317107093185,0.6170833333333333,0.6170833333333333,664.3284704720445,719,0.7020833333333333,2400
strong_signal,21002,net_sd_scaled_legacy_style,0.34847044151752465,0.5296542745525149,0.5296542745525149,0.521557719054242,0.7220833333333333,0.7220833333333333,664.3284704720445,719,0.7020833333333333,2400
strong_signal,21003,fixed_0.2,0.2,0.7004974207615671,0.7004974207615671,0.6932952924393724,0.8404166666666667,0.8404166666666667,655.7866598698506,701,0.6925,2400
strong_signal,21003,fixed_0.35,0.35,0.5101582156089104,0.5101582156089104,0.5007132667617689,0.73625,0.73625,655.7866598698506,701,0.6925,2400
strong_signal,21003,fixed_0.5,0.5,0.3524626390155576,0.3524626390155576,0.340941512125535,0.6354166666666666,0.6354166666666666,655.7866598698506,701,0.6925,2400
strong_signal,21003,net_sd_scaled_legacy_style,0.34434952087953635,0.5159062142143159,0.5159062142143159,0.5064194008559201,0.74125,0.74125,655.7866598698506,701,0.6925,2400
strong_signal,21004,fixed_0.2,0.2,0.7567652029594013,0.7567652029594013,0.7545582047685835,0.8475,0.8475,652.1603570398429,713,0.6991666666666667,2400
strong_signal,21004,fixed_0.35,0.35,0.5585172740070976,0.5585172740070976,0.5525946704067322,0.74,0.74,652.1603570398429,713,0.6991666666666667,2400
strong_signal,21004,fixed_0.5,0.5,0.35311315174112645,0.35311315174112645,0.34782608695652173,0.62,0.62,652.1603570398429,713,0.6991666666666667,2400
strong_signal,21004,net_sd_scaled_legacy_style,0.35359237271021743,0.554152772446978,0.554152772446978,0.5483870967741935,0.7379166666666667,0.7379166666666667,652.1603570398429,713,0.6991666666666667,2400
strong_signal,21005,fixed_0.2,0.2,0.7428738309773502,0.7428738309773502,0.7385257301808067,0.8391666666666666,0.8391666666666666,663.428410400752,719,0.70125,2400
strong_signal,21005,fixed_0.35,0.35,0.5395722151382041,0.5395722151382041,0.5326842837273992,0.72625,0.72625,663.428410400752,719,0.70125,2400
strong_signal,21005,fixed_0.5,0.5,0.3619196584941213,0.3619196584941213,0.3518776077885953,0.6158333333333333,0.6158333333333333,663.428410400752,719,0.70125,2400
strong_signal,21005,net_sd_scaled_legacy_style,0.3534949369198842,0.5395722151382041,0.5395722151382041,0.5326842837273992,0.725,0.725,663.428410400752,719,0.70125,2400
strong_signal,21006,fixed_0.2,0.2,0.7507617145850997,0.7507617145850997,0.7483176312247645,0.8416666666666667,0.8416666666666667,683.2299225277538,743,0.7020833333333333,2400
strong_signal,21006,fixed_0.35,0.35,0.5309228690952237,0.5309228690952237,0.5262449528936743,0.7170833333333333,0.7170833333333333,683.2299225277538,743,0.7020833333333333,2400
strong_signal,21006,fixed_0.5,0.5,0.33946463540716365,0.33946463540716365,0.33243606998654107,0.6033333333333334,0.6033333333333334,683.2299225277538,743,0.7020833333333333,2400
strong_signal,21006,net_sd_scaled_legacy_style,0.34106762893143366,0.5449271945914711,0.5449271945914711,0.5410497981157469,0.7254166666666667,0.7254166666666667,683.2299225277538,743,0.7020833333333333,2400
strong_signal,21007,fixed_0.2,0.2,0.73990851850554,0.73990851850554,0.7376373626373627,0.84875,0.84875,673.3604289932141,728,0.7120833333333333,2400
strong_signal,21007,fixed_0.35,0.35,0.5300829564916119,0.5300829564916119,0.5274725274725275,0.73375,0.73375,673.3604289932141,728,0.7120833333333333,2400
strong_signal,21007,fixed_0.5,0.5,0.336484481427898,0.336484481427898,0.3269230769230769,0.615,0.615,673.3604289932141,728,0.7120833333333333,2400
strong_signal,21007,net_sd_scaled_legacy_style,0.3513891925922507,0.5291623766481234,0.5291623766481234,0.5260989010989011,0.7329166666666667,0.7329166666666667,673.3604289932141,728,0.7120833333333333,2400
strong_signal,21008,fixed_0.2,0.2,0.7268189896552334,0.7268189896552334,0.7238605898123325,0.8366666666666667,0.8366666666666667,690.9801904198226,746,0.7220833333333333,2400
strong_signal,21008,fixed_0.35,0.35,0.5361981205003763,0.5361981205003763,0.5308310991957105,0.72125,0.72125,690.9801904198226,746,0.7220833333333333,2400
strong_signal,21008,fixed_0.5,0.5,0.35613734484364085,0.35613734484364085,0.35254691689008044,0.6141666666666666,0.6141666666666666,690.9801904198226,746,0.7220833333333333,2400
strong_signal,21008,net_sd_scaled_legacy_style,0.3513132807796702,0.5334958113836687,0.5334958113836687,0.5281501340482574,0.7195833333333334,0.7195833333333334,690.9801904198226,746,0.7220833333333333,2400
strong_signal,21009,fixed_0.2,0.2,0.725786582792134,0.725786582792134,0.7225201072386059,0.83625,0.83625,696.3911875523661,746,0.7133333333333334,2400
strong_signal,21009,fixed_0.35,0.35,0.5118894989680812,0.5118894989680812,0.5093833780160858,0.7133333333333334,0.7133333333333334,696.3911875523661,746,0.7133333333333334,2400
strong_signal,21009,fixed_0.5,0.5,0.3578475434726361,0.3578475434726361,0.35254691689008044,0.6108333333333333,0.6108333333333333,696.3911875523661,746,0.7133333333333334,2400
strong_signal,21009,net_sd_scaled_legacy_style,0.3461403630277474,0.5147614480044117,0.5147614480044117,0.5120643431635389,0.715,0.715,696.3911875523661,746,0.7133333333333334,2400
strong_signal,21010,fixed_0.2,0.2,0.726157178262203,0.726157178262203,0.7194630872483222,0.8354166666666667,0.8354166666666667,681.9354321584375,745,0.6991666666666667,2400
strong_signal,21010,fixed_0.35,0.35,0.5266343075117778,0.5266343075117778,0.5154362416107383,0.7241666666666666,0.7241666666666666,681.9354321584375,745,0.6991666666666667,2400
strong_signal,21010,fixed_0.5,0.5,0.35809680526000276,0.35809680526000276,0.3476510067114094,0.6129166666666667,0.6129166666666667,681.9354321584375,745,0.6991666666666667,2400
strong_signal,21010,net_sd_scaled_legacy_style,0.3504850097168154,0.5253533772571042,0.5253533772571042,0.5140939597315436,0.72375,0.72375,681.9354321584375,745,0.6991666666666667,2400
strong_signal,21011,fixed_0.2,0.2,0.7078177062262909,0.7078177062262909,0.7103825136612022,0.8308333333333333,0.8308333333333333,666.1526982748101,732,0.7004166666666667,2400
strong_signal,21011,fixed_0.35,0.35,0.527769862714344,0.527769862714344,0.5300546448087432,0.7275,0.7275,666.1526982748101,732,0.7004166666666667,2400
strong_signal,21011,fixed_0.5,0.5,0.3646964817452921,0.3646964817452921,0.36475409836065575,0.62875,0.62875,666.1526982748101,732,0.7004166666666667,2400
strong_signal,21011,net_sd_scaled_legacy_style,0.3503674391058393,0.5267695969513689,0.5267695969513689,0.5286885245901639,0.7270833333333333,0.7270833333333333,666.1526982748101,732,0.7004166666666667,2400
strong_signal,21012,fixed_0.2,0.2,0.7181772078893874,0.7181772078893874,0.7128712871287128,0.8425,0.8425,652.2391982676643,707,0.68875,2400
strong_signal,21012,fixed_0.35,0.35,0.5442394136656383,0.5442394136656383,0.5388967468175389,0.7329166666666667,0.7329166666666667,652.2391982676643,707,0.68875,2400
strong_signal,21012,fixed_0.5,0.5,0.3644513090813474,0.3644513090813474,0.3536067892503536,0.6191666666666666,0.6191666666666666,652.2391982676643,707,0.68875,2400
strong_signal,21012,net_sd_scaled_legacy_style,0.35040045263242325,0.5442394136656383,0.5442394136656383,0.5388967468175389,0.7329166666666667,0.7329166666666667,652.2391982676643,707,0.68875,2400
strong_signal,21013,fixed_0.2,0.2,0.7243201095559167,0.7243201095559167,0.720164609053498,0.8329166666666666,0.8329166666666666,679.2548400656142,729,0.715,2400
strong_signal,21013,fixed_0.35,0.35,0.5686151275300936,0.5686151275300936,0.5637860082304527,0.7291666666666666,0.7291666666666666,679.2548400656142,729,0.715,2400
strong_signal,21013,fixed_0.5,0.5,0.39507372693333603,0.39507372693333603,0.3895747599451303,0.6154166666666666,0.6154166666666666,679.2548400656142,729,0.715,2400
strong_signal,21013,net_sd_scaled_legacy_style,0.3459722004631885,0.57262834211736,0.57262834211736,0.5679012345679012,0.7320833333333333,0.7320833333333333,679.2548400656142,729,0.715,2400
strong_signal,21014,fixed_0.2,0.2,0.7185523667860774,0.7185523667860774,0.7176308539944903,0.8333333333333334,0.8333333333333334,669.9790348547695,726,0.695,2400
strong_signal,21014,fixed_0.35,0.35,0.5278391041438685,0.5278391041438685,0.522038567493113,0.7116666666666667,0.7116666666666667,669.9790348547695,726,0.695,2400
strong_signal,21014,fixed_0.5,0.5,0.35706350176510226,0.35706350176510226,0.3484848484848485,0.60875,0.60875,669.9790348547695,726,0.695,2400
strong_signal,21014,net_sd_scaled_legacy_style,0.338310643276003,0.5467736746611938,0.5467736746611938,0.5399449035812672,0.7225,0.7225,669.9790348547695,726,0.695,2400
strong_signal,21015,fixed_0.2,0.2,0.7232316569942957,0.7232316569942957,0.7168262653898769,0.8366666666666667,0.8366666666666667,673.5109155104826,731,0.71125,2400
strong_signal,21015,fixed_0.35,0.35,0.5106573233001442,0.5106573233001442,0.5075239398084815,0.7195833333333334,0.7195833333333334,673.5109155104826,731,0.71125,2400
strong_signal,21015,fixed_0.5,0.5,0.34958963042494134,0.34958963042494134,0.34746922024623805,0.6095833333333334,0.6095833333333334,673.5109155104826,731,0.71125,2400
strong_signal,21015,net_sd_scaled_legacy_style,0.3411099237890063,0.5253545347042345,0.5253545347042345,0.521203830369357,0.7266666666666667,0.7266666666666667,673.5109155104826,731,0.71125,2400
strong_signal,21016,fixed_0.2,0.2,0.7254043522011502,0.7254043522011502,0.7198879551820728,0.8466666666666667,0.8466666666666667,661.7816637913943,714,0.6975,2400
strong_signal,21016,fixed_0.35,0.35,0.5444501336297848,0.5444501336297848,0.5378151260504201,0.74125,0.74125,661.7816637913943,714,0.6975,2400
strong_signal,21016,fixed_0.5,0.5,0.3532563777776616,0.3532563777776616,0.3389355742296919,0.6295833333333334,0.6295833333333334,661.7816637913943,714,0.6975,2400
strong_signal,21016,net_sd_scaled_legacy_style,0.34977791764481353,0.5444501336297848,0.5444501336297848,0.5378151260504201,0.74125,0.74125,661.7816637913943,714,0.6975,2400
strong_signal,21017,fixed_0.2,0.2,0.7236929623380253,0.7236929623380253,0.7213793103448276,0.84375,0.84375,676.0872110841339,725,0.715,2400
strong_signal,21017,fixed_0.35,0.35,0.5339039875362325,0.5339039875362325,0.5255172413793103,0.7254166666666667,0.7254166666666667,676.0872110841339,725,0.715,2400
strong_signal,21017,fixed_0.5,0.5,0.3568364154398632,0.3568364154398632,0.3489655172413793,0.61875,0.61875,676.0872110841339,725,0.715,2400
strong_signal,21017,net_sd_scaled_legacy_style,0.3521979698810497,0.5339039875362325,0.5339039875362325,0.5255172413793103,0.725,0.725,676.0872110841339,725,0.715,2400
strong_signal,21018,fixed_0.2,0.2,0.7245076086964288,0.7245076086964288,0.7180925666199158,0.8354166666666667,0.8354166666666667,662.0856049408917,713,0.69875,2400
strong_signal,21018,fixed_0.35,0.35,0.5083825595567993,0.5083825595567993,0.5049088359046283,0.7183333333333334,0.7183333333333334,662.0856049408917,713,0.69875,2400
strong_signal,21018,fixed_0.5,0.5,0.34077135277551285,0.34077135277551285,0.33660589060308554,0.6079166666666667,0.6079166666666667,662.0856049408917,713,0.69875,2400
strong_signal,21018,net_sd_scaled_legacy_style,0.3544679298079946,0.5014325270913131,0.5014325270913131,0.49789621318373073,0.715,0.715,662.0856049408917,713,0.69875,2400
strong_signal,21019,fixed_0.2,0.2,0.735162293664977,0.735162293664977,0.7308228730822873,0.8429166666666666,0.8429166666666666,658.1808972000315,717,0.6908333333333333,2400
strong_signal,21019,fixed_0.35,0.35,0.5520430710310313,0.5520430710310313,0.5495118549511855,0.735,0.735,658.1808972000315,717,0.6908333333333333,2400
strong_signal,21019,fixed_0.5,0.5,0.3636059510193526,0.3636059510193526,0.3598326359832636,0.6158333333333333,0.6158333333333333,658.1808972000315,717,0.6908333333333333,2400
strong_signal,21019,net_sd_scaled_legacy_style,0.34619558899565167,0.5533667898367455,0.5533667898367455,0.5509065550906556,0.73625,0.73625,658.1808972000315,717,0.6908333333333333,2400
strong_signal,21020,fixed_0.2,0.2,0.7361739915903153,0.7361739915903153,0.7327823691460055,0.8470833333333333,0.8470833333333333,667.7619708071505,726,0.6979166666666666,2400
strong_signal,21020,fixed_0.35,0.35,0.5324082755806251,0.5324082755806251,0.5247933884297521,0.7258333333333333,0.7258333333333333,667.7619708071505,726,0.6979166666666666,2400
strong_signal,21020,fixed_0.5,0.5,0.33913730958242694,0.33913730958242694,0.3278236914600551,0.6120833333333333,0.6120833333333333,667.7619708071505,726,0.6979166666666666,2400
strong_signal,21020,net_sd_scaled_legacy_style,0.34552061833090053,0.5420304786714638,0.5420304786714638,0.5358126721763086,0.73125,0.73125,667.7619708071505,726,0.6979166666666666,2400
strong_signal,21021,fixed_0.2,0.2,0.7108955413707372,0.7108955413707372,0.7076502732240437,0.8358333333333333,0.8358333333333333,677.0180638406546,732,0.7,2400
strong_signal,21021,fixed_0.35,0.35,0.531154911401903,0.531154911401903,0.5286885245901639,0.7283333333333334,0.7283333333333334,677.0180638406546,732,0.7,2400
strong_signal,21021,fixed_0.5,0.5,0.3471377541642807,0.3471377541642807,0.3442622950819672,0.6229166666666667,0.6229166666666667,677.0180638406546,732,0.7,2400
strong_signal,21021,net_sd_scaled_legacy_style,0.3503783511055657,0.531154911401903,0.531154911401903,0.5286885245901639,0.7279166666666667,0.7279166666666667,677.0180638406546,732,0.7,2400
strong_signal,21022,fixed_0.2,0.2,0.7278956739543844,0.7278956739543844,0.7247191011235955,0.83375,0.83375,663.8568054955208,712,0.7025,2400
strong_signal,21022,fixed_0.35,0.35,0.5377174824973712,0.5377174824973712,0.5294943820224719,0.72375,0.72375,663.8568054955208,712,0.7025,2400
strong_signal,21022,fixed_0.5,0.5,0.35299901540213063,0.35299901540213063,0.33848314606741575,0.6108333333333333,0.6108333333333333,663.8568054955208,712,0.7025,2400
strong_signal,21022,net_sd_scaled_legacy_style,0.34929197575255844,0.5392238314444963,0.5392238314444963,0.5308988764044944,0.7245833333333334,0.7245833333333334,663.8568054955208,712,0.7025,2400
strong_signal,21023,fixed_0.2,0.2,0.7325524238389165,0.7325524238389165,0.7336065573770492,0.8395833333333333,0.8395833333333333,674.7743385573253,732,0.7066666666666667,2400
strong_signal,21023,fixed_0.35,0.35,0.5594748507704143,0.5594748507704143,0.5560109289617486,0.74125,0.74125,674.7743385573253,732,0.7066666666666667,2400
strong_signal,21023,fixed_0.5,0.5,0.38582585325144814,0.38582585325144814,0.38114754098360654,0.6308333333333334,0.6308333333333334,674.7743385573253,732,0.7066666666666667,2400
strong_signal,21023,net_sd_scaled_legacy_style,0.35447196509987383,0.5562579137284865,0.5562579137284865,0.5532786885245902,0.7391666666666666,0.7391666666666666,674.7743385573253,732,0.7066666666666667,2400
strong_signal,21024,fixed_0.2,0.2,0.7322068728368579,0.7322068728368579,0.7301369863013699,0.8383333333333334,0.8383333333333334,669.3736554103932,730,0.6991666666666667,2400
strong_signal,21024,fixed_0.35,0.35,0.5554261296889437,0.5554261296889437,0.5506849315068493,0.7308333333333333,0.7308333333333333,669.3736554103932,730,0.6991666666666667,2400
strong_signal,21024,fixed_0.5,0.5,0.38433795630995754,0.38433795630995754,0.3767123287671233,0.6233333333333333,0.6233333333333333,669.3736554103932,730,0.6991666666666667,2400
strong_signal,21024,net_sd_scaled_legacy_style,0.3499562811765886,0.5554261296889437,0.5554261296889437,0.5506849315068493,0.7308333333333333,0.7308333333333333,669.3736554103932,730,0.6991666666666667,2400
strong_signal,21025,fixed_0.2,0.2,0.7200156408368691,0.7200156408368691,0.7171581769436998,0.8395833333333333,0.8395833333333333,689.5052509572229,746,0.70625,2400
strong_signal,21025,fixed_0.35,0.35,0.5342526072247827,0.5342526072247827,0.5348525469168901,0.7291666666666666,0.7291666666666666,689.5052509572229,746,0.70625,2400
strong_signal,21025,fixed_0.5,0.5,0.3756240299784185,0.3756240299784185,0.3726541554959786,0.6233333333333333,0.6233333333333333,689.5052509572229,746,0.70625,2400
strong_signal,21025,net_sd_scaled_legacy_style,0.3510555635294674,0.5342526072247827,0.5342526072247827,0.5348525469168901,0.7283333333333334,0.7283333333333334,689.5052509572229,746,0.70625,2400
strong_signal,21026,fixed_0.2,0.2,0.7080456718209631,0.7080456718209631,0.7092866756393001,0.8320833333333333,0.8320833333333333,687.2252838685758,743,0.7075,2400
strong_signal,21026,fixed_0.35,0.35,0.5034373445243356,0.5034373445243356,0.5020188425302826,0.7120833333333333,0.7120833333333333,687.2252838685758,743,0.7075,2400
strong_signal,21026,fixed_0.5,0.5,0.34122591905812033,0.34122591905812033,0.3391655450874832,0.6079166666666667,0.6079166666666667,687.2252838685758,743,0.7075,2400
strong_signal,21026,net_sd_scaled_legacy_style,0.35361621615155453,0.4990719638108785,0.4990719638108785,0.4979811574697174,0.7095833333333333,0.7095833333333333,687.2252838685758,743,0.7075,2400
strong_signal,21027,fixed_0.2,0.2,0.7031652796718288,0.7031652796718288,0.6982167352537723,0.8391666666666666,0.8391666666666666,672.9047062374126,729,0.7008333333333333,2400
strong_signal,21027,fixed_0.35,0.35,0.5033836775826995,0.5033836775826995,0.49657064471879286,0.72875,0.72875,672.9047062374126,729,0.7008333333333333,2400
strong_signal,21027,fixed_0.5,0.5,0.3420854010846651,0.3420854010846651,0.33058984910836764,0.6225,0.6225,672.9047062374126,729,0.7008333333333333,2400
strong_signal,21027,net_sd_scaled_legacy_style,0.3519045915480266,0.5031622352266665,0.5031622352266665,0.49657064471879286,0.7266666666666667,0.7266666666666667,672.9047062374126,729,0.7008333333333333,2400
strong_signal,21028,fixed_0.2,0.2,0.7191519159343033,0.7191519159343033,0.7142857142857143,0.84125,0.84125,692.8231569997213,749,0.7175,2400
strong_signal,21028,fixed_0.35,0.35,0.5262386039273095,0.5262386039273095,0.5233644859813084,0.7216666666666667,0.7216666666666667,692.8231569997213,749,0.7175,2400
strong_signal,21028,fixed_0.5,0.5,0.36271467951385816,0.36271467951385816,0.35781041388518026,0.6104166666666667,0.6104166666666667,692.8231569997213,749,0.7175,2400
strong_signal,21028,net_sd_scaled_legacy_style,0.34810110520386794,0.5274602395282753,0.5274602395282753,0.5246995994659546,0.7229166666666667,0.7229166666666667,692.8231569997213,749,0.7175,2400
strong_signal,21029,fixed_0.2,0.2,0.7258368059528073,0.7258368059528073,0.7226074895977809,0.845,0.845,668.1420470733065,721,0.6991666666666667,2400
strong_signal,21029,fixed_0.35,0.35,0.5276489240893363,0.5276489240893363,0.5256588072122053,0.7270833333333333,0.7270833333333333,668.1420470733065,721,0.6991666666666667,2400
strong_signal,21029,fixed_0.5,0.5,0.3547689288850221,0.3547689288850221,0.3536754507628294,0.6204166666666666,0.6204166666666666,668.1420470733065,721,0.6991666666666667,2400
strong_signal,21029,net_sd_scaled_legacy_style,0.35401702581216277,0.5163312479753457,0.5163312479753457,0.5145631067961165,0.7233333333333334,0.7233333333333334,668.1420470733065,721,0.6991666666666667,2400
strong_signal,21030,fixed_0.2,0.2,0.7071332667792051,0.7071332667792051,0.7047353760445683,0.84125,0.84125,667.4778096058569,718,0.6925,2400
strong_signal,21030,fixed_0.35,0.35,0.5317309211667335,0.5317309211667335,0.5264623955431755,0.7333333333333333,0.7333333333333333,667.4778096058569,718,0.6925,2400
strong_signal,21030,fixed_0.5,0.5,0.3543261732565245,0.3543261732565245,0.34818941504178275,0.6275,0.6275,667.4778096058569,718,0.6925,2400
strong_signal,21030,net_sd_scaled_legacy_style,0.3495477627760434,0.5328603181454961,0.5328603181454961,0.5278551532033426,0.7345833333333334,0.7345833333333334,667.4778096058569,718,0.6925,2400
strong_signal,21031,fixed_0.2,0.2,0.7079613296545465,0.7079613296545465,0.7074235807860262,0.8420833333333333,0.8420833333333333,641.8976396269331,687,0.6875,2400
strong_signal,21031,fixed_0.35,0.35,0.5270133965979418,0.5270133965979418,0.5211062590975255,0.7358333333333333,0.7358333333333333,641.8976396269331,687,0.6875,2400
strong_signal,21031,fixed_0.5,0.5,0.34705438449133097,0.34705438449133097,0.33915574963609896,0.62625,0.62625,641.8976396269331,687,0.6875,2400
strong_signal,21031,net_sd_scaled_legacy_style,0.3568142048811728,0.5137001936070786,0.5137001936070786,0.5080058224163028,0.72875,0.72875,641.8976396269331,687,0.6875,2400
strong_signal,21032,fixed_0.2,0.2,0.7195581890108652,0.7195581890108652,0.7169540229885057,0.8404166666666667,0.8404166666666667,650.4231839787524,696,0.6941666666666667,2400
strong_signal,21032,fixed_0.35,0.35,0.5231770550622923,0.5231770550622923,0.5172413793103449,0.7283333333333334,0.7283333333333334,650.4231839787524,696,0.6941666666666667,2400
strong_signal,21032,fixed_0.5,0.5,0.3596783302818846,0.3596783302818846,0.3505747126436782,0.6195833333333334,0.6195833333333334,650.4231839787524,696,0.6941666666666667,2400
strong_signal,21032,net_sd_scaled_legacy_style,0.3518712854783173,0.5216395944910335,0.5216395944910335,0.5158045977011494,0.72625,0.72625,650.4231839787524,696,0.6941666666666667,2400
strong_signal,21033,fixed_0.2,0.2,0.7296439671719949,0.7296439671719949,0.7298387096774194,0.8404166666666667,0.8404166666666667,686.9361175796373,744,0.7120833333333333,2400
strong_signal,21033,fixed_0.35,0.35,0.5049681692409964,0.5049681692409964,0.5013440860215054,0.71125,0.71125,686.9361175796373,744,0.7120833333333333,2400
strong_signal,21033,fixed_0.5,0.5,0.3689483197092577,0.3689483197092577,0.3696236559139785,0.6058333333333333,0.6058333333333333,686.9361175796373,744,0.7120833333333333,2400
strong_signal,21033,net_sd_scaled_legacy_style,0.3492168068947471,0.5049681692409964,0.5049681692409964,0.5013440860215054,0.7116666666666667,0.7116666666666667,686.9361175796373,744,0.7120833333333333,2400
strong_signal,21034,fixed_0.2,0.2,0.7196648658168275,0.7196648658168275,0.7197875166002656,0.8370833333333333,0.8370833333333333,692.1525862294723,753,0.705,2400
strong_signal,21034,fixed_0.35,0.35,0.5334996066598116,0.5334996066598116,0.5312084993359893,0.71875,0.71875,692.1525862294723,753,0.705,2400
strong_signal,21034,fixed_0.5,0.5,0.37630962555719294,0.37630962555719294,0.3758300132802125,0.6170833333333333,0.6170833333333333,692.1525862294723,753,0.705,2400
strong_signal,21034,net_sd_scaled_legacy_style,0.3464273220494907,0.5425699419754005,0.5425699419754005,0.5405046480743692,0.7233333333333334,0.7233333333333334,692.1525862294723,753,0.705,2400
strong_signal,21035,fixed_0.2,0.2,0.7211197300517066,0.7211197300517066,0.7165021156558533,0.8458333333333333,0.8458333333333333,657.3863156658549,709,0.6970833333333334,2400
strong_signal,21035,fixed_0.35,0.35,0.4989634809006813,0.4989634809006813,0.4922425952045134,0.725,0.725,657.3863156658549,709,0.6970833333333334,2400
strong_signal,21035,fixed_0.5,0.5,0.3352944878677623,0.3352944878677623,0.3244005641748942,0.6125,0.6125,657.3863156658549,709,0.6970833333333334,2400
strong_signal,21035,net_sd_scaled_legacy_style,0.35573883953567903,0.4871436425416279,0.4871436425416279,0.4809590973201692,0.71875,0.71875,657.3863156658549,709,0.6970833333333334,2400
strong_signal,21036,fixed_0.2,0.2,0.7036781601864992,0.7036781601864992,0.7,0.8329166666666666,0.8329166666666666,660.1313802376515,710,0.7033333333333334,2400
strong_signal,21036,fixed_0.35,0.35,0.5353614250991037,0.5353614250991037,0.523943661971831,0.72625,0.72625,660.1313802376515,710,0.7033333333333334,2400
strong_signal,21036,fixed_0.5,0.5,0.34962533515999505,0.34962533515999505,0.33380281690140845,0.6154166666666666,0.6154166666666666,660.1313802376515,710,0.7033333333333334,2400
strong_signal,21036,net_sd_scaled_legacy_style,0.3568760465877107,0.5235412410670288,0.5235412410670288,0.5112676056338028,0.7204166666666667,0.7204166666666667,660.1313802376515,710,0.7033333333333334,2400
strong_signal,21037,fixed_0.2,0.2,0.742155587147826,0.742155587147826,0.7388268156424581,0.84875,0.84875,662.2013864899417,716,0.6975,2400
strong_signal,21037,fixed_0.35,0.35,0.5467605547426474,0.5467605547426474,0.5432960893854749,0.73625,0.73625,662.2013864899417,716,0.6975,2400
strong_signal,21037,fixed_0.5,0.5,0.38436488681504893,0.38436488681504893,0.37988826815642457,0.6270833333333333,0.6270833333333333,662.2013864899417,716,0.6975,2400
strong_signal,21037,net_sd_scaled_legacy_style,0.3404535647964277,0.555077444730664,0.555077444730664,0.5516759776536313,0.7433333333333333,0.7433333333333333,662.2013864899417,716,0.6975,2400
strong_signal,21038,fixed_0.2,0.2,0.7247295904898959,0.7247295904898959,0.7248968363136176,0.8379166666666666,0.8379166666666666,672.2656459808893,727,0.7016666666666667,2400
strong_signal,21038,fixed_0.35,0.35,0.5270062220146746,0.5270062220146746,0.5268225584594223,0.7191666666666666,0.7191666666666666,672.2656459808893,727,0.7016666666666667,2400
strong_signal,21038,fixed_0.5,0.5,0.346415048426715,0.346415048426715,0.3452544704264099,0.6095833333333334,0.6095833333333334,672.2656459808893,727,0.7016666666666667,2400
strong_signal,21038,net_sd_scaled_legacy_style,0.3501517823474711,0.5270062220146746,0.5270062220146746,0.5268225584594223,0.7191666666666666,0.7191666666666666,672.2656459808893,727,0.7016666666666667,2400
strong_signal,21039,fixed_0.2,0.2,0.7203524336727212,0.7203524336727212,0.7179144385026738,0.8433333333333334,0.8433333333333334,682.3133727482257,748,0.7029166666666666,2400
strong_signal,21039,fixed_0.35,0.35,0.508654537753928,0.508654537753928,0.5053475935828877,0.7191666666666666,0.7191666666666666,682.3133727482257,748,0.7029166666666666,2400
strong_signal,21039,fixed_0.5,0.5,0.33596836930602897,0.33596836930602897,0.33288770053475936,0.6116666666666667,0.6116666666666667,682.3133727482257,748,0.7029166666666666,2400
strong_signal,21039,net_sd_scaled_legacy_style,0.35001309444354584,0.508654537753928,0.508654537753928,0.5053475935828877,0.7191666666666666,0.7191666666666666,682.3133727482257,748,0.7029166666666666,2400
strong_signal,21040,fixed_0.2,0.2,0.7092945091143663,0.7092945091143663,0.7109905020352781,0.84,0.84,682.3465912276595,737,0.7166666666666667,2400
strong_signal,21040,fixed_0.35,0.35,0.5077544160117538,0.5077544160117538,0.5074626865671642,0.7254166666666667,0.7254166666666667,682.3465912276595,737,0.7166666666666667,2400
strong_signal,21040,fixed_0.5,0.5,0.35222487809385195,0.35222487809385195,0.34599728629579374,0.6258333333333334,0.6258333333333334,682.3465912276595,737,0.7166666666666667,2400
strong_signal,21040,net_sd_scaled_legacy_style,0.34863304023556724,0.509219946891304,0.509219946891304,0.508819538670285,0.7258333333333333,0.7258333333333333,682.3465912276595,737,0.7166666666666667,2400
strong_signal,21041,fixed_0.2,0.2,0.7220596923032909,0.7220596923032909,0.7166437414030261,0.8429166666666666,0.8429166666666666,669.2298803544645,727,0.71125,2400
strong_signal,21041,fixed_0.35,0.35,0.5148037551978925,0.5148037551978925,0.5075653370013755,0.72,0.72,669.2298803544645,727,0.71125,2400
strong_signal,21041,fixed_0.5,0.5,0.34548328119389404,0.34548328119389404,0.33700137551581844,0.6095833333333334,0.6095833333333334,669.2298803544645,727,0.71125,2400
strong_signal,21041,net_sd_scaled_legacy_style,0.3454707904226564,0.5214997112583858,0.5214997112583858,0.5144429160935351,0.7245833333333334,0.7245833333333334,669.2298803544645,727,0.71125,2400
strong_signal,21042,fixed_0.2,0.2,0.7421320700307611,0.7421320700307611,0.7372881355932204,0.8454166666666667,0.8454166666666667,656.5126292416387,708,0.6929166666666666,2400
strong_signal,21042,fixed_0.35,0.35,0.541333315543484,0.541333315543484,0.5353107344632768,0.7295833333333334,0.7295833333333334,656.5126292416387,708,0.6929166666666666,2400
strong_signal,21042,fixed_0.5,0.5,0.35719423146232293,0.35719423146232293,0.3516949152542373,0.6195833333333334,0.6195833333333334,656.5126292416387,708,0.6929166666666666,2400
strong_signal,21042,net_sd_scaled_legacy_style,0.3544986823098907,0.5371192257185782,0.5371192257185782,0.5310734463276836,0.7266666666666667,0.7266666666666667,656.5126292416387,708,0.6929166666666666,2400
strong_signal,21043,fixed_0.2,0.2,0.7320446527052556,0.7320446527052556,0.7343532684283728,0.84125,0.84125,661.797182493292,719,0.7,2400
strong_signal,21043,fixed_0.35,0.35,0.5341815826746894,0.5341815826746894,0.5368567454798331,0.7229166666666667,0.7229166666666667,661.797182493292,719,0.7,2400
strong_signal,21043,fixed_0.5,0.5,0.36606902648417267,0.36606902648417267,0.36439499304589706,0.6129166666666667,0.6129166666666667,661.797182493292,719,0.7,2400
strong_signal,21043,net_sd_scaled_legacy_style,0.34205073458124435,0.5496309313772536,0.5496309313772536,0.5521557719054242,0.7329166666666667,0.7329166666666667,661.797182493292,719,0.7,2400
strong_signal,21044,fixed_0.2,0.2,0.7269474872963643,0.7269474872963643,0.7247838616714697,0.8429166666666666,0.8429166666666666,649.1756502197571,694,0.6929166666666666,2400
strong_signal,21044,fixed_0.35,0.35,0.535637850271835,0.535637850271835,0.5288184438040345,0.7329166666666667,0.7329166666666667,649.1756502197571,694,0.6929166666666666,2400
strong_signal,21044,fixed_0.5,0.5,0.3495465935144677,0.3495465935144677,0.3371757925072046,0.6154166666666666,0.6154166666666666,649.1756502197571,694,0.6929166666666666,2400
strong_signal,21044,net_sd_scaled_legacy_style,0.3487052415880868,0.5385927729834229,0.5385927729834229,0.531700288184438,0.73375,0.73375,649.1756502197571,694,0.6929166666666666,2400
strong_signal,21045,fixed_0.2,0.2,0.715010409426647,0.715010409426647,0.708994708994709,0.8320833333333333,0.8320833333333333,698.891976344161,756,0.7183333333333334,2400
strong_signal,21045,fixed_0.35,0.35,0.5051484916823257,0.5051484916823257,0.49867724867724866,0.7125,0.7125,698.891976344161,756,0.7183333333333334,2400
strong_signal,21045,fixed_0.5,0.5,0.3564234064259415,0.3564234064259415,0.3492063492063492,0.6125,0.6125,698.891976344161,756,0.7183333333333334,2400
strong_signal,21045,net_sd_scaled_legacy_style,0.34643307287826386,0.5078354163173298,0.5078354163173298,0.5013227513227513,0.7141666666666666,0.7141666666666666,698.891976344161,756,0.7183333333333334,2400
strong_signal,21046,fixed_0.2,0.2,0.7371634390212756,0.7371634390212756,0.7327001356852103,0.8354166666666667,0.8354166666666667,684.2876487419421,737,0.7095833333333333,2400
strong_signal,21046,fixed_0.35,0.35,0.546089210391525,0.546089210391525,0.5400271370420624,0.7270833333333333,0.7270833333333333,684.2876487419421,737,0.7095833333333333,2400
strong_signal,21046,fixed_0.5,0.5,0.37124583633110075,0.37124583633110075,0.3622795115332429,0.62,0.62,684.2876487419421,737,0.7095833333333333,2400
strong_signal,21046,net_sd_scaled_legacy_style,0.3460119866819904,0.5507689667550398,0.5507689667550398,0.5440976933514247,0.7295833333333334,0.7295833333333334,684.2876487419421,737,0.7095833333333333,2400
strong_signal,21047,fixed_0.2,0.2,0.7370064840015333,0.7370064840015333,0.7283236994219653,0.8458333333333333,0.8458333333333333,648.0908932076545,692,0.69,2400
strong_signal,21047,fixed_0.35,0.35,0.5462405476793555,0.5462405476793555,0.5346820809248555,0.7345833333333334,0.7345833333333334,648.0908932076545,692,0.69,2400
strong_signal,21047,fixed_0.5,0.5,0.36978289657816665,0.36978289657816665,0.3583815028901734,0.635,0.635,648.0908932076545,692,0.69,2400
strong_signal,21047,net_sd_scaled_legacy_style,0.3551950625387689,0.5418415508706924,0.5418415508706924,0.5303468208092486,0.73125,0.73125,648.0908932076545,692,0.69,2400
strong_signal,21048,fixed_0.2,0.2,0.7215164770136289,0.7215164770136289,0.7177747625508819,0.84875,0.84875,679.2191703223409,737,0.7079166666666666,2400
strong_signal,21048,fixed_0.35,0.35,0.5267237561458876,0.5267237561458876,0.5183175033921302,0.7325,0.7325,679.2191703223409,737,0.7079166666666666,2400
strong_signal,21048,fixed_0.5,0.5,0.35475638511826574,0.35475638511826574,0.34599728629579374,0.62625,0.62625,679.2191703223409,737,0.7079166666666666,2400
strong_signal,21048,net_sd_scaled_legacy_style,0.348929755514399,0.5303260855617555,0.5303260855617555,0.5223880597014925,0.7341666666666666,0.7341666666666666,679.2191703223409,737,0.7079166666666666,2400
strong_signal,21049,fixed_0.2,0.2,0.7286434181163143,0.7286434181163143,0.7259158751696065,0.8358333333333333,0.8358333333333333,673.3539285872546,737,0.705,2400
strong_signal,21049,fixed_0.35,0.35,0.5263148905267608,0.5263148905267608,0.5223880597014925,0.7158333333333333,0.7158333333333333,673.3539285872546,737,0.705,2400
strong_signal,21049,fixed_0.5,0.5,0.3522313973083959,0.3522313973083959,0.3487109905020353,0.6033333333333334,0.6033333333333334,673.3539285872546,737,0.705,2400
strong_signal,21049,net_sd_scaled_legacy_style,0.3449557102264729,0.5300270813661421,0.5300270813661421,0.5264586160108549,0.7175,0.7175,673.3539285872546,737,0.705,2400
strong_signal,21050,fixed_0.2,0.2,0.723362050849382,0.723362050849382,0.7237026647966339,0.83625,0.83625,659.4874009956566,713,0.705,2400
strong_signal,21050,fixed_0.35,0.35,0.5354329054276126,0.5354329054276126,0.5343618513323983,0.7183333333333334,0.7183333333333334,659.4874009956566,713,0.705,2400
strong_signal,21050,fixed_0.5,0.5,0.3601298722289506,0.3601298722289506,0.3576437587657784,0.61875,0.61875,659.4874009956566,713,0.705,2400
strong_signal,21050,net_sd_scaled_legacy_style,0.3466487848002904,0.5393184451853619,0.5393184451853619,0.5385694249649369,0.7216666666666667,0.7216666666666667,659.4874009956566,713,0.705,2400
strong_signal,21051,fixed_0.2,0.2,0.700292452909972,0.700292452909972,0.6975806451612904,0.83625,0.83625,695.3070557654165,744,0.71375,2400
strong_signal,21051,fixed_0.35,0.35,0.5077556793052846,0.5077556793052846,0.5,0.72375,0.72375,695.3070557654165,744,0.71375,2400
strong_signal,21051,fixed_0.5,0.5,0.3644436803744441,0.3644436803744441,0.353494623655914,0.6270833333333333,0.6270833333333333,695.3070557654165,744,0.71375,2400
strong_signal,21051,net_sd_scaled_legacy_style,0.34916135642072144,0.5106321063218325,0.5106321063218325,0.5026881720430108,0.725,0.725,695.3070557654165,744,0.71375,2400
strong_signal,21052,fixed_0.2,0.2,0.7390693732513955,0.7390693732513955,0.7380952380952381,0.845,0.845,665.5503163791934,714,0.7025,2400
strong_signal,21052,fixed_0.35,0.35,0.5404505044095297,0.5404505044095297,0.5378151260504201,0.72625,0.72625,665.5503163791934,714,0.7025,2400
strong_signal,21052,fixed_0.5,0.5,0.35221470039383623,0.35221470039383623,0.3487394957983193,0.6033333333333334,0.6033333333333334,665.5503163791934,714,0.7025,2400
strong_signal,21052,net_sd_scaled_legacy_style,0.34498519075846884,0.5452040106787125,0.5452040106787125,0.5434173669467787,0.7308333333333333,0.7308333333333333,665.5503163791934,714,0.7025,2400
strong_signal,21053,fixed_0.2,0.2,0.733045067110463,0.733045067110463,0.7295081967213115,0.8458333333333333,0.8458333333333333,673.5128029273801,732,0.70625,2400
strong_signal,21053,fixed_0.35,0.35,0.5164829347079082,0.5164829347079082,0.5136612021857924,0.725,0.725,673.5128029273801,732,0.70625,2400
strong_signal,21053,fixed_0.5,0.5,0.3500439855663578,0.3500439855663578,0.3469945355191257,0.6158333333333333,0.6158333333333333,673.5128029273801,732,0.70625,2400
strong_signal,21053,net_sd_scaled_legacy_style,0.3483081913936642,0.5192938908325524,0.5192938908325524,0.5163934426229508,0.72625,0.72625,673.5128029273801,732,0.70625,2400
strong_signal,21054,fixed_0.2,0.2,0.7363731309920767,0.7363731309920767,0.733957219251337,0.85,0.85,689.0635973848284,748,0.7025,2400
strong_signal,21054,fixed_0.35,0.35,0.5335983385679568,0.5335983385679568,0.5347593582887701,0.73625,0.73625,689.0635973848284,748,0.7025,2400
strong_signal,21054,fixed_0.5,0.5,0.35614865252064704,0.35614865252064704,0.35294117647058826,0.6291666666666667,0.6291666666666667,689.0635973848284,748,0.7025,2400
strong_signal,21054,net_sd_scaled_legacy_style,0.3613988524012787,0.5143168417273678,0.5143168417273678,0.5147058823529411,0.7283333333333334,0.7283333333333334,689.0635973848284,748,0.7025,2400
strong_signal,21055,fixed_0.2,0.2,0.7324202939882106,0.7324202939882106,0.7331499312242091,0.83875,0.83875,669.316277117843,727,0.6945833333333333,2400
strong_signal,21055,fixed_0.35,0.35,0.5363529164218686,0.5363529164218686,0.5295735900962861,0.71875,0.71875,669.316277117843,727,0.6945833333333333,2400
strong_signal,21055,fixed_0.5,0.5,0.3485264032967932,0.3485264032967932,0.33700137551581844,0.6104166666666667,0.6104166666666667,669.316277117843,727,0.6945833333333333,2400
strong_signal,21055,net_sd_scaled_legacy_style,0.354732290409741,0.5307305561996905,0.5307305561996905,0.5240715268225584,0.71625,0.71625,669.316277117843,727,0.6945833333333333,2400
strong_signal,21056,fixed_0.2,0.2,0.7347145028086808,0.7347145028086808,0.737597911227154,0.8404166666666667,0.8404166666666667,707.4055576194571,766,0.7283333333333334,2400
strong_signal,21056,fixed_0.35,0.35,0.5364759971095225,0.5364759971095225,0.5300261096605744,0.7145833333333333,0.7145833333333333,707.4055576194571,766,0.7283333333333334,2400
strong_signal,21056,fixed_0.5,0.5,0.34952415909726214,0.34952415909726214,0.3394255874673629,0.6008333333333333,0.6008333333333333,707.4055576194571,766,0.7283333333333334,2400
strong_signal,21056,net_sd_scaled_legacy_style,0.34430959004374034,0.5484180343147088,0.5484180343147088,0.5430809399477807,0.7208333333333333,0.7208333333333333,707.4055576194571,766,0.7283333333333334,2400
strong_signal,21057,fixed_0.2,0.2,0.6974485010744502,0.6974485010744502,0.6961178045515395,0.83125,0.83125,691.0477887973639,747,0.7054166666666667,2400
strong_signal,21057,fixed_0.35,0.35,0.5051260207230579,0.5051260207230579,0.4979919678714859,0.71625,0.71625,691.0477887973639,747,0.7054166666666667,2400
strong_signal,21057,fixed_0.5,0.5,0.34893413979747506,0.34893413979747506,0.34404283801874164,0.6120833333333333,0.6120833333333333,691.0477887973639,747,0.7054166666666667,2400
strong_signal,21057,net_sd_scaled_legacy_style,0.34789533571102965,0.5051260207230579,0.5051260207230579,0.4979919678714859,0.7166666666666667,0.7166666666666667,691.0477887973639,747,0.7054166666666667,2400
strong_signal,21058,fixed_0.2,0.2,0.7100416180537946,0.7100416180537946,0.7082111436950147,0.8333333333333334,0.8333333333333334,633.8281097475424,682,0.68375,2400
strong_signal,21058,fixed_0.35,0.35,0.5133546475659612,0.5133546475659612,0.5087976539589443,0.7154166666666667,0.7154166666666667,633.8281097475424,682,0.68375,2400
strong_signal,21058,fixed_0.5,0.5,0.34827128018966164,0.34827128018966164,0.33724340175953077,0.6141666666666666,0.6141666666666666,633.8281097475424,682,0.68375,2400
strong_signal,21058,net_sd_scaled_legacy_style,0.3474088568852015,0.5149323623826775,0.5149323623826775,0.5102639296187683,0.7179166666666666,0.7179166666666666,633.8281097475424,682,0.68375,2400
strong_signal,21059,fixed_0.2,0.2,0.7504208068902262,0.7504208068902262,0.748641304347826,0.8525,0.8525,680.0251132037849,736,0.7029166666666666,2400
strong_signal,21059,fixed_0.35,0.35,0.5252153738469143,0.5252153738469143,0.5258152173913043,0.725,0.725,680.0251132037849,736,0.7029166666666666,2400
strong_signal,21059,fixed_0.5,0.5,0.3451336353822797,0.3451336353822797,0.3423913043478261,0.6083333333333333,0.6083333333333333,680.0251132037849,736,0.7029166666666666,2400
strong_signal,21059,net_sd_scaled_legacy_style,0.3444405935657284,0.5394532041979474,0.5394532041979474,0.5394021739130435,0.7329166666666667,0.7329166666666667,680.0251132037849,736,0.7029166666666666,2400
strong_signal,21060,fixed_0.2,0.2,0.702440059272928,0.702440059272928,0.7,0.8279166666666666,0.8279166666666666,660.293893323048,720,0.7029166666666666,2400
strong_signal,21060,fixed_0.35,0.35,0.5378780788613877,0.5378780788613877,0.5333333333333333,0.7245833333333334,0.7245833333333334,660.293893323048,720,0.7029166666666666,2400
strong_signal,21060,fixed_0.5,0.5,0.3575263482733669,0.3575263482733669,0.35694444444444445,0.6154166666666666,0.6154166666666666,660.293893323048,720,0.7029166666666666,2400
strong_signal,21060,net_sd_scaled_legacy_style,0.3450443121237909,0.543253195690871,0.543253195690871,0.5388888888888889,0.7283333333333334,0.7283333333333334,660.293893323048,720,0.7029166666666666,2400
strong_signal,21061,fixed_0.2,0.2,0.7279063321606772,0.7279063321606772,0.7288590604026846,0.8383333333333334,0.8383333333333334,679.5439695863098,745,0.70125,2400
strong_signal,21061,fixed_0.35,0.35,0.5296216121853397,0.5296216121853397,0.5288590604026846,0.72,0.72,679.5439695863098,745,0.70125,2400
strong_signal,21061,fixed_0.5,0.5,0.3385713989472961,0.3385713989472961,0.3409395973154362,0.59625,0.59625,679.5439695863098,745,0.70125,2400
strong_signal,21061,net_sd_scaled_legacy_style,0.34382997479639915,0.5364467144526346,0.5364467144526346,0.5355704697986577,0.7233333333333334,0.7233333333333334,679.5439695863098,745,0.70125,2400
strong_signal,21062,fixed_0.2,0.2,0.7392363039171691,0.7392363039171691,0.7402234636871509,0.8441666666666666,0.8441666666666666,659.4797163613957,716,0.69875,2400
strong_signal,21062,fixed_0.35,0.35,0.534005215572355,0.534005215572355,0.5335195530726257,0.7241666666666666,0.7241666666666666,659.4797163613957,716,0.69875,2400
strong_signal,21062,fixed_0.5,0.5,0.3529779259014828,0.3529779259014828,0.35195530726256985,0.6133333333333333,0.6133333333333333,659.4797163613957,716,0.69875,2400
strong_signal,21062,net_sd_scaled_legacy_style,0.3493577053024097,0.538554256165373,0.538554256165373,0.5377094972067039,0.7254166666666667,0.7254166666666667,659.4797163613957,716,0.69875,2400
strong_signal,21063,fixed_0.2,0.2,0.681635764791698,0.681635764791698,0.6770538243626062,0.8383333333333334,0.8383333333333334,654.5321662786289,706,0.6933333333333334,2400
strong_signal,21063,fixed_0.35,0.35,0.49264191591248396,0.49264191591248396,0.48441926345609065,0.7216666666666667,0.7216666666666667,654.5321662786289,706,0.6933333333333334,2400
strong_signal,21063,fixed_0.5,0.5,0.3216645999664344,0.3216645999664344,0.3101983002832861,0.60875,0.60875,654.5321662786289,706,0.6933333333333334,2400
strong_signal,21063,net_sd_scaled_legacy_style,0.3473599150921122,0.4941697247071007,0.4941697247071007,0.48583569405099153,0.7225,0.7225,654.5321662786289,706,0.6933333333333334,2400
strong_signal,21064,fixed_0.2,0.2,0.7362354150982583,0.7362354150982583,0.7321937321937322,0.8395833333333333,0.8395833333333333,651.7440080504782,702,0.7020833333333333,2400
strong_signal,21064,fixed_0.35,0.35,0.513607993757837,0.513607993757837,0.5028490028490028,0.7166666666666667,0.7166666666666667,651.7440080504782,702,0.7020833333333333,2400
strong_signal,21064,fixed_0.5,0.5,0.3681396379590129,0.3681396379590129,0.35327635327635326,0.6158333333333333,0.6158333333333333,651.7440080504782,702,0.7020833333333333,2400
strong_signal,21064,net_sd_scaled_legacy_style,0.350566082031123,0.513607993757837,0.513607993757837,0.5028490028490028,0.7166666666666667,0.7166666666666667,651.7440080504782,702,0.7020833333333333,2400
strong_signal,21065,fixed_0.2,0.2,0.739469965032214,0.739469965032214,0.7398601398601399,0.8458333333333333,0.8458333333333333,659.2276888135171,715,0.7008333333333333,2400
strong_signal,21065,fixed_0.35,0.35,0.550091529461629,0.550091529461629,0.5482517482517483,0.7358333333333333,0.7358333333333333,659.2276888135171,715,0.7008333333333333,2400
strong_signal,21065,fixed_0.5,0.5,0.3859068861671492,0.3859068861671492,0.38461538461538464,0.6316666666666667,0.6316666666666667,659.2276888135171,715,0.7008333333333333,2400
strong_signal,21065,net_sd_scaled_legacy_style,0.3483520370053146,0.5541124965643768,0.5541124965643768,0.5524475524475524,0.7375,0.7375,659.2276888135171,715,0.7008333333333333,2400
strong_signal,21066,fixed_0.2,0.2,0.7131104474610735,0.7131104474610735,0.7071823204419889,0.8375,0.8375,679.3148490050417,724,0.7066666666666667,2400
strong_signal,21066,fixed_0.35,0.35,0.5077795103594535,0.5077795103594535,0.5,0.7179166666666666,0.7179166666666666,679.3148490050417,724,0.7066666666666667,2400
strong_signal,21066,fixed_0.5,0.5,0.3521351119199347,0.3521351119199347,0.3453038674033149,0.6229166666666667,0.6229166666666667,679.3148490050417,724,0.7066666666666667,2400
strong_signal,21066,net_sd_scaled_legacy_style,0.3506279012774462,0.5077795103594535,0.5077795103594535,0.5,0.7175,0.7175,679.3148490050417,724,0.7066666666666667,2400
strong_signal,21067,fixed_0.2,0.2,0.7053544957007538,0.7053544957007538,0.7015130674002751,0.8320833333333333,0.8320833333333333,672.65424910059,727,0.71125,2400
strong_signal,21067,fixed_0.35,0.35,0.5154043646526489,0.5154043646526489,0.5103163686382394,0.70875,0.70875,672.65424910059,727,0.71125,2400
strong_signal,21067,fixed_0.5,0.5,0.35453490771104923,0.35453490771104923,0.343878954607978,0.6058333333333333,0.6058333333333333,672.65424910059,727,0.71125,2400
strong_signal,21067,net_sd_scaled_legacy_style,0.35339352560861875,0.5114374184490715,0.5114374184490715,0.5061898211829436,0.7054166666666667,0.7054166666666667,672.65424910059,727,0.71125,2400
strong_signal,21068,fixed_0.2,0.2,0.6988071475125288,0.6988071475125288,0.6962552011095701,0.8179166666666666,0.8179166666666666,664.0505161176995,721,0.7025,2400
strong_signal,21068,fixed_0.35,0.35,0.5205763012902083,0.5205763012902083,0.5201109570041609,0.715,0.715,664.0505161176995,721,0.7025,2400
strong_signal,21068,fixed_0.5,0.5,0.3375983673335208,0.3375983673335208,0.3314840499306519,0.5979166666666667,0.5979166666666667,664.0505161176995,721,0.7025,2400
strong_signal,21068,net_sd_scaled_legacy_style,0.33891856987648256,0.5344936572616273,0.5344936572616273,0.5339805825242718,0.72375,0.72375,664.0505161176995,721,0.7025,2400
strong_signal,21069,fixed_0.2,0.2,0.7361037311347609,0.7361037311347609,0.7327001356852103,0.8395833333333333,0.8395833333333333,679.6172309554815,737,0.7079166666666666,2400
strong_signal,21069,fixed_0.35,0.35,0.5098468890502273,0.5098468890502273,0.5006784260515604,0.7125,0.7125,679.6172309554815,737,0.7079166666666666,2400
strong_signal,21069,fixed_0.5,0.5,0.3262216811713724,0.3262216811713724,0.3175033921302578,0.5941666666666666,0.5941666666666666,679.6172309554815,737,0.7079166666666666,2400
strong_signal,21069,net_sd_scaled_legacy_style,0.34389374285612506,0.5149746828554284,0.5149746828554284,0.5061058344640434,0.7166666666666667,0.7166666666666667,679.6172309554815,737,0.7079166666666666,2400
strong_signal,21070,fixed_0.2,0.2,0.7183438348433091,0.7183438348433091,0.7244201909959073,0.8416666666666667,0.8416666666666667,672.1008509044395,733,0.70625,2400
strong_signal,21070,fixed_0.35,0.35,0.5147337149588952,0.5147337149588952,0.514324693042292,0.7175,0.7175,672.1008509044395,733,0.70625,2400
strong_signal,21070,fixed_0.5,0.5,0.34945830492118957,0.34945830492118957,0.34652114597544337,0.6079166666666667,0.6079166666666667,672.1008509044395,733,0.70625,2400
strong_signal,21070,net_sd_scaled_legacy_style,0.3460922091275532,0.5218520388694211,0.5218520388694211,0.5211459754433834,0.72,0.72,672.1008509044395,733,0.70625,2400
strong_signal,21071,fixed_0.2,0.2,0.7215159378385463,0.7215159378385463,0.7140845070422536,0.8304166666666667,0.8304166666666667,656.376346183525,710,0.7029166666666666,2400
strong_signal,21071,fixed_0.35,0.35,0.512324147653653,0.512324147653653,0.504225352112676,0.71125,0.71125,656.376346183525,710,0.7029166666666666,2400
strong_signal,21071,fixed_0.5,0.5,0.3495990202882794,0.3495990202882794,0.33943661971830985,0.6154166666666666,0.6154166666666666,656.376346183525,710,0.7029166666666666,2400
strong_signal,21071,net_sd_scaled_legacy_style,0.34994045998852497,0.512324147653653,0.512324147653653,0.504225352112676,0.71125,0.71125,656.376346183525,710,0.7029166666666666,2400
strong_signal,21072,fixed_0.2,0.2,0.7125141188553418,0.7125141188553418,0.710926694329184,0.8354166666666667,0.8354166666666667,668.837168632119,723,0.7045833333333333,2400
strong_signal,21072,fixed_0.35,0.35,0.5175898575220185,0.5175898575220185,0.5117565698478561,0.7204166666666667,0.7204166666666667,668.837168632119,723,0.7045833333333333,2400
strong_signal,21072,fixed_0.5,0.5,0.3574438012401434,0.3574438012401434,0.343015214384509,0.6133333333333333,0.6133333333333333,668.837168632119,723,0.7045833333333333,2400
strong_signal,21072,net_sd_scaled_legacy_style,0.35526604774310283,0.5148341086070367,0.5148341086070367,0.5089903181189488,0.7170833333333333,0.7170833333333333,668.837168632119,723,0.7045833333333333,2400
strong_signal,21073,fixed_0.2,0.2,0.7003464989747352,0.7003464989747352,0.7054698457223001,0.8258333333333333,0.8258333333333333,656.0641905781729,713,0.6925,2400
strong_signal,21073,fixed_0.35,0.35,0.5243946224600419,0.5243946224600419,0.5245441795231417,0.7254166666666667,0.7254166666666667,656.0641905781729,713,0.6925,2400
strong_signal,21073,fixed_0.5,0.5,0.33949126887979036,0.33949126887979036,0.3380084151472651,0.6041666666666666,0.6041666666666666,656.0641905781729,713,0.6925,2400
strong_signal,21073,net_sd_scaled_legacy_style,0.3471178171908205,0.5274431046493189,0.5274431046493189,0.5273492286115007,0.7266666666666667,0.7266666666666667,656.0641905781729,713,0.6925,2400
strong_signal,21074,fixed_0.2,0.2,0.7136284579898998,0.7136284579898998,0.7129251700680272,0.8454166666666667,0.8454166666666667,680.0378835973125,735,0.7004166666666667,2400
strong_signal,21074,fixed_0.35,0.35,0.49910465254918457,0.49910465254918457,0.4993197278911565,0.7204166666666667,0.7204166666666667,680.0378835973125,735,0.7004166666666667,2400
strong_signal,21074,fixed_0.5,0.5,0.3320076111339732,0.3320076111339732,0.3292517006802721,0.6145833333333334,0.6145833333333334,680.0378835973125,735,0.7004166666666667,2400
strong_signal,21074,net_sd_scaled_legacy_style,0.3537460279696589,0.49910465254918457,0.49910465254918457,0.4993197278911565,0.7183333333333334,0.7183333333333334,680.0378835973125,735,0.7004166666666667,2400
strong_signal,21075,fixed_0.2,0.2,0.7427583837103146,0.7427583837103146,0.7393617021276596,0.8425,0.8425,695.2243976278357,752,0.7120833333333333,2400
strong_signal,21075,fixed_0.35,0.35,0.5499725917361014,0.5499725917361014,0.5425531914893617,0.7233333333333334,0.7233333333333334,695.2243976278357,752,0.7120833333333333,2400
strong_signal,21075,fixed_0.5,0.5,0.376969158600494,0.376969158600494,0.36569148936170215,0.6108333333333333,0.6108333333333333,695.2243976278357,752,0.7120833333333333,2400
strong_signal,21075,net_sd_scaled_legacy_style,0.34553554080838245,0.5541011805751397,0.5541011805751397,0.5465425531914894,0.7283333333333334,0.7283333333333334,695.2243976278357,752,0.7120833333333333,2400
strong_signal,21076,fixed_0.2,0.2,0.7329617585021871,0.7329617585021871,0.7278911564625851,0.8445833333333334,0.8445833333333334,678.0693814691535,735,0.7025,2400
strong_signal,21076,fixed_0.35,0.35,0.5258769515938363,0.5258769515938363,0.5156462585034014,0.7229166666666667,0.7229166666666667,678.0693814691535,735,0.7025,2400
strong_signal,21076,fixed_0.5,0.5,0.3740868378595785,0.3740868378595785,0.363265306122449,0.6220833333333333,0.6220833333333333,678.0693814691535,735,0.7025,2400
strong_signal,21076,net_sd_scaled_legacy_style,0.35542423834058967,0.5203608560705301,0.5203608560705301,0.5102040816326531,0.71875,0.71875,678.0693814691535,735,0.7025,2400
strong_signal,21077,fixed_0.2,0.2,0.734917074692574,0.734917074692574,0.7314685314685314,0.84,0.84,662.8846921586482,715,0.6970833333333334,2400
strong_signal,21077,fixed_0.35,0.35,0.5352834120012776,0.5352834120012776,0.5342657342657343,0.72875,0.72875,662.8846921586482,715,0.6970833333333334,2400
strong_signal,21077,fixed_0.5,0.5,0.35136866745535766,0.35136866745535766,0.34545454545454546,0.6170833333333333,0.6170833333333333,662.8846921586482,715,0.6970833333333334,2400
strong_signal,21077,net_sd_scaled_legacy_style,0.3511480751103637,0.5322662960176711,0.5322662960176711,0.5314685314685315,0.7279166666666667,0.7279166666666667,662.8846921586482,715,0.6970833333333334,2400
strong_signal,21078,fixed_0.2,0.2,0.7449524543455917,0.7449524543455917,0.743421052631579,0.8525,0.8525,695.0684520797961,760,0.7195833333333334,2400
strong_signal,21078,fixed_0.35,0.35,0.5165114475532588,0.5165114475532588,0.5131578947368421,0.7266666666666667,0.7266666666666667,695.0684520797961,760,0.7195833333333334,2400
strong_signal,21078,fixed_0.5,0.5,0.3538339122185223,0.3538339122185223,0.3473684210526316,0.6266666666666667,0.6266666666666667,695.0684520797961,760,0.7195833333333334,2400
strong_signal,21078,net_sd_scaled_legacy_style,0.34660236732197724,0.5177497843102673,0.5177497843102673,0.5144736842105263,0.7283333333333334,0.7283333333333334,695.0684520797961,760,0.7195833333333334,2400
strong_signal,21079,fixed_0.2,0.2,0.7208477770117147,0.7208477770117147,0.7162726008344924,0.8425,0.8425,669.2903514450637,719,0.7008333333333333,2400
strong_signal,21079,fixed_0.35,0.35,0.5307035916033178,0.5307035916033178,0.5243393602225312,0.7275,0.7275,669.2903514450637,719,0.7008333333333333,2400
strong_signal,21079,fixed_0.5,0.5,0.3599243587341005,0.3599243587341005,0.35048678720445064,0.6216666666666667,0.6216666666666667,669.2903514450637,719,0.7008333333333333,2400
strong_signal,21079,net_sd_scaled_legacy_style,0.3557186394523304,0.5269484732672557,0.5269484732672557,0.5201668984700973,0.72375,0.72375,669.2903514450637,719,0.7008333333333333,2400
strong_signal,21080,fixed_0.2,0.2,0.7174141448959782,0.7174141448959782,0.7094133697135061,0.8370833333333333,0.8370833333333333,678.9736555336216,733,0.7058333333333333,2400
strong_signal,21080,fixed_0.35,0.35,0.4929000374318491,0.4929000374318491,0.4829467939972715,0.7129166666666666,0.7129166666666666,678.9736555336216,733,0.7058333333333333,2400
strong_signal,21080,fixed_0.5,0.5,0.32870381641926544,0.32870381641926544,0.31923601637107774,0.60625,0.60625,678.9736555336216,733,0.7058333333333333,2400
strong_signal,21080,net_sd_scaled_legacy_style,0.34273040986530123,0.5084391655149814,0.5084391655149814,0.4979536152796726,0.7204166666666667,0.7204166666666667,678.9736555336216,733,0.7058333333333333,2400
strong_signal,21081,fixed_0.2,0.2,0.7680576162110424,0.7680576162110424,0.7681940700808625,0.8579166666666667,0.8579166666666667,683.0224487268248,742,0.70875,2400
strong_signal,21081,fixed_0.35,0.35,0.5474143263488868,0.5474143263488868,0.5485175202156334,0.7395833333333334,0.7395833333333334,683.0224487268248,742,0.70875,2400
strong_signal,21081,fixed_0.5,0.5,0.3758573472776764,0.3758573472776764,0.3706199460916442,0.62125,0.62125,683.0224487268248,742,0.70875,2400
strong_signal,21081,net_sd_scaled_legacy_style,0.35042293840724165,0.5474143263488868,0.5474143263488868,0.5485175202156334,0.7395833333333334,0.7395833333333334,683.0224487268248,742,0.70875,2400
strong_signal,21082,fixed_0.2,0.2,0.7145594132669808,0.7145594132669808,0.7119784656796769,0.83625,0.83625,686.7084257101313,743,0.70375,2400
strong_signal,21082,fixed_0.35,0.35,0.520899103833257,0.520899103833257,0.5181695827725438,0.7320833333333333,0.7320833333333333,686.7084257101313,743,0.70375,2400
strong_signal,21082,fixed_0.5,0.5,0.3440169570267321,0.3440169570267321,0.34185733512786004,0.62125,0.62125,686.7084257101313,743,0.70375,2400
strong_signal,21082,net_sd_scaled_legacy_style,0.3567938073254714,0.5111152568929817,0.5111152568929817,0.5087483176312247,0.7270833333333333,0.7270833333333333,686.7084257101313,743,0.70375,2400
strong_signal,21083,fixed_0.2,0.2,0.7288373694787483,0.7288373694787483,0.7259358288770054,0.8425,0.8425,692.9700222403117,748,0.7116666666666667,2400
strong_signal,21083,fixed_0.35,0.35,0.5436950859717671,0.5436950859717671,0.5414438502673797,0.7208333333333333,0.7208333333333333,692.9700222403117,748,0.7116666666666667,2400
strong_signal,21083,fixed_0.5,0.5,0.3780896201672379,0.3780896201672379,0.3770053475935829,0.6133333333333333,0.6133333333333333,692.9700222403117,748,0.7116666666666667,2400
strong_signal,21083,net_sd_scaled_legacy_style,0.3429849808296373,0.5548323683078401,0.5548323683078401,0.553475935828877,0.7283333333333334,0.7283333333333334,692.9700222403117,748,0.7116666666666667,2400
strong_signal,21084,fixed_0.2,0.2,0.724502652843587,0.724502652843587,0.7226775956284153,0.845,0.845,681.3787847264846,732,0.70625,2400
strong_signal,21084,fixed_0.35,0.35,0.543901046686179,0.543901046686179,0.5396174863387978,0.7333333333333333,0.7333333333333333,681.3787847264846,732,0.70625,2400
strong_signal,21084,fixed_0.5,0.5,0.36104444969918503,0.36104444969918503,0.3551912568306011,0.62875,0.62875,681.3787847264846,732,0.70625,2400
strong_signal,21084,net_sd_scaled_legacy_style,0.35661497012982524,0.5331944321960106,0.5331944321960106,0.5273224043715847,0.7275,0.7275,681.3787847264846,732,0.70625,2400
strong_signal,21085,fixed_0.2,0.2,0.7187713059497579,0.7187713059497579,0.7171717171717171,0.8416666666666667,0.8416666666666667,629.3256494424945,693,0.68875,2400
strong_signal,21085,fixed_0.35,0.35,0.5350597172415235,0.5350597172415235,0.5295815295815296,0.7166666666666667,0.7166666666666667,629.3256494424945,693,0.68875,2400
strong_signal,21085,fixed_0.5,0.5,0.366172295298416,0.366172295298416,0.3593073593073593,0.6054166666666667,0.6054166666666667,629.3256494424945,693,0.68875,2400
strong_signal,21085,net_sd_scaled_legacy_style,0.33993886664594336,0.5442693286605841,0.5442693286605841,0.5396825396825397,0.725,0.725,629.3256494424945,693,0.68875,2400
strong_signal,21086,fixed_0.2,0.2,0.7425866715899075,0.7425866715899075,0.7410958904109589,0.8508333333333333,0.8508333333333333,674.735427945403,730,0.7125,2400
strong_signal,21086,fixed_0.35,0.35,0.5442339839963785,0.5442339839963785,0.5397260273972603,0.7358333333333333,0.7358333333333333,674.735427945403,730,0.7125,2400
strong_signal,21086,fixed_0.5,0.5,0.3523684734390899,0.3523684734390899,0.34657534246575344,0.6145833333333334,0.6145833333333334,674.735427945403,730,0.7125,2400
strong_signal,21086,net_sd_scaled_legacy_style,0.3486090096721048,0.544382436128106,0.544382436128106,0.5397260273972603,0.7366666666666667,0.7366666666666667,674.735427945403,730,0.7125,2400
strong_signal,21087,fixed_0.2,0.2,0.713591794709937,0.713591794709937,0.7096774193548387,0.8333333333333334,0.8333333333333334,682.924096451338,744,0.7083333333333334,2400
strong_signal,21087,fixed_0.35,0.35,0.5387855208038715,0.5387855208038715,0.5349462365591398,0.73875,0.73875,682.924096451338,744,0.7083333333333334,2400
strong_signal,21087,fixed_0.5,0.5,0.3748825158548231,0.3748825158548231,0.3696236559139785,0.625,0.625,682.924096451338,744,0.7083333333333334,2400
strong_signal,21087,net_sd_scaled_legacy_style,0.3482530690908415,0.5399810494502031,0.5399810494502031,0.5362903225806451,0.7395833333333334,0.7395833333333334,682.924096451338,744,0.7083333333333334,2400
strong_signal,21088,fixed_0.2,0.2,0.7513248530825174,0.7513248530825174,0.7547945205479452,0.85125,0.85125,670.0846708526882,730,0.70125,2400
strong_signal,21088,fixed_0.35,0.35,0.5576425098437905,0.5576425098437905,0.5616438356164384,0.7329166666666667,0.7329166666666667,670.0846708526882,730,0.70125,2400
strong_signal,21088,fixed_0.5,0.5,0.3842639287295803,0.3842639287295803,0.38493150684931504,0.62,0.62,670.0846708526882,730,0.70125,2400
strong_signal,21088,net_sd_scaled_legacy_style,0.34417627261627043,0.5618152023153823,0.5618152023153823,0.5657534246575342,0.7370833333333333,0.7370833333333333,670.0846708526882,730,0.70125,2400
strong_signal,21089,fixed_0.2,0.2,0.7211600060407878,0.7211600060407878,0.7206477732793523,0.8416666666666667,0.8416666666666667,686.474003346921,741,0.7158333333333333,2400
strong_signal,21089,fixed_0.35,0.35,0.525270142275379,0.525270142275379,0.5222672064777328,0.7258333333333333,0.7258333333333333,686.474003346921,741,0.7158333333333333,2400
strong_signal,21089,fixed_0.5,0.5,0.34974874472431056,0.34974874472431056,0.3481781376518219,0.6154166666666666,0.6154166666666666,686.474003346921,741,0.7158333333333333,2400
strong_signal,21089,net_sd_scaled_legacy_style,0.3484434410337342,0.525270142275379,0.525270142275379,0.5222672064777328,0.7266666666666667,0.7266666666666667,686.474003346921,741,0.7158333333333333,2400
strong_signal,21090,fixed_0.2,0.2,0.7400325668267369,0.7400325668267369,0.7391304347826086,0.8470833333333333,0.8470833333333333,662.2929853750661,713,0.7041666666666667,2400
strong_signal,21090,fixed_0.35,0.35,0.5266407698687808,0.5266407698687808,0.5231416549789621,0.72625,0.72625,662.2929853750661,713,0.7041666666666667,2400
strong_signal,21090,fixed_0.5,0.5,0.3541021958501585,0.3541021958501585,0.3506311360448808,0.6229166666666667,0.6229166666666667,662.2929853750661,713,0.7041666666666667,2400
strong_signal,21090,net_sd_scaled_legacy_style,0.3563430928228926,0.5193084261034627,0.5193084261034627,0.5161290322580645,0.7216666666666667,0.7216666666666667,662.2929853750661,713,0.7041666666666667,2400
strong_signal,21091,fixed_0.2,0.2,0.7406781855130149,0.7406781855130149,0.7384412153236459,0.8475,0.8475,692.4957801803835,757,0.7125,2400
strong_signal,21091,fixed_0.35,0.35,0.570570080697315,0.570570080697315,0.5693527080581242,0.7395833333333334,0.7395833333333334,692.4957801803835,757,0.7125,2400
strong_signal,21091,fixed_0.5,0.5,0.3680208515122868,0.3680208515122868,0.36591809775429324,0.6220833333333333,0.6220833333333333,692.4957801803835,757,0.7125,2400
strong_signal,21091,net_sd_scaled_legacy_style,0.3573761542801549,0.5617698998618555,0.5617698998618555,0.560105680317041,0.7325,0.7325,692.4957801803835,757,0.7125,2400
strong_signal,21092,fixed_0.2,0.2,0.7186991152182937,0.7186991152182937,0.712707182320442,0.8325,0.8325,672.088950118519,724,0.6983333333333334,2400
strong_signal,21092,fixed_0.35,0.35,0.5211849859733111,0.5211849859733111,0.5151933701657458,0.71875,0.71875,672.088950118519,724,0.6983333333333334,2400
strong_signal,21092,fixed_0.5,0.5,0.39281542539249725,0.39281542539249725,0.3825966850828729,0.6216666666666667,0.6216666666666667,672.088950118519,724,0.6983333333333334,2400
strong_signal,21092,net_sd_scaled_legacy_style,0.35064541059374654,0.5211849859733111,0.5211849859733111,0.5151933701657458,0.71875,0.71875,672.088950118519,724,0.6983333333333334,2400
strong_signal,21093,fixed_0.2,0.2,0.7548394058984894,0.7548394058984894,0.7513966480446927,0.8483333333333334,0.8483333333333334,663.4464721547655,716,0.6908333333333333,2400
strong_signal,21093,fixed_0.35,0.35,0.5630664442235679,0.5630664442235679,0.5572625698324022,0.7279166666666667,0.7279166666666667,663.4464721547655,716,0.6908333333333333,2400
strong_signal,21093,fixed_0.5,0.5,0.37546447674106587,0.37546447674106587,0.3645251396648045,0.6166666666666667,0.6166666666666667,663.4464721547655,716,0.6908333333333333,2400
strong_signal,21093,net_sd_scaled_legacy_style,0.34447335401747303,0.5721221064114684,0.5721221064114684,0.5670391061452514,0.73625,0.73625,663.4464721547655,716,0.6908333333333333,2400
strong_signal,21094,fixed_0.2,0.2,0.7070403339908445,0.7070403339908445,0.7033557046979866,0.8329166666666666,0.8329166666666666,685.5042069188972,745,0.71125,2400
strong_signal,21094,fixed_0.35,0.35,0.4965385138247389,0.4965385138247389,0.48590604026845635,0.7133333333333334,0.7133333333333334,685.5042069188972,745,0.71125,2400
strong_signal,21094,fixed_0.5,0.5,0.32968387455202675,0.32968387455202675,0.3221476510067114,0.6083333333333333,0.6083333333333333,685.5042069188972,745,0.71125,2400
strong_signal,21094,net_sd_scaled_legacy_style,0.34606416706954013,0.5007103478473932,0.5007103478473932,0.4899328859060403,0.7158333333333333,0.7158333333333333,685.5042069188972,745,0.71125,2400
strong_signal,21095,fixed_0.2,0.2,0.7347328715192099,0.7347328715192099,0.7332361516034985,0.8470833333333333,0.8470833333333333,642.0039380235582,686,0.695,2400
strong_signal,21095,fixed_0.35,0.35,0.5370722328348498,0.5370722328348498,0.5364431486880467,0.73625,0.73625,642.0039380235582,686,0.695,2400
strong_signal,21095,fixed_0.5,0.5,0.3700291931656312,0.3700291931656312,0.3629737609329446,0.6283333333333333,0.6283333333333333,642.0039380235582,686,0.695,2400
strong_signal,21095,net_sd_scaled_legacy_style,0.3599890758922629,0.5176300983497049,0.5176300983497049,0.5160349854227405,0.7258333333333333,0.7258333333333333,642.0039380235582,686,0.695,2400
strong_signal,21096,fixed_0.2,0.2,0.7401438110024241,0.7401438110024241,0.7403708987161198,0.8370833333333333,0.8370833333333333,650.709256109545,701,0.6979166666666666,2400
strong_signal,21096,fixed_0.35,0.35,0.5452131602594545,0.5452131602594545,0.5406562054208274,0.7220833333333333,0.7220833333333333,650.709256109545,701,0.6979166666666666,2400
strong_signal,21096,fixed_0.5,0.5,0.35798027058121246,0.35798027058121246,0.3466476462196862,0.6033333333333334,0.6033333333333334,650.709256109545,701,0.6979166666666666,2400
strong_signal,21096,net_sd_scaled_legacy_style,0.3451698114633887,0.5575814017489247,0.5575814017489247,0.5534950071326676,0.7275,0.7275,650.709256109545,701,0.6979166666666666,2400
strong_signal,21097,fixed_0.2,0.2,0.7314267702973822,0.7314267702973822,0.7283950617283951,0.8404166666666667,0.8404166666666667,678.6648699584641,729,0.7145833333333333,2400
strong_signal,21097,fixed_0.35,0.35,0.5110802665746993,0.5110802665746993,0.5020576131687243,0.7141666666666666,0.7141666666666666,678.6648699584641,729,0.7145833333333333,2400
strong_signal,21097,fixed_0.5,0.5,0.35873833611587613,0.35873833611587613,0.3484224965706447,0.6170833333333333,0.6170833333333333,678.6648699584641,729,0.7145833333333333,2400
strong_signal,21097,net_sd_scaled_legacy_style,0.33890945916686244,0.5204605292720137,0.5204605292720137,0.5116598079561042,0.7195833333333334,0.7195833333333334,678.6648699584641,729,0.7145833333333333,2400
strong_signal,21098,fixed_0.2,0.2,0.741710411433325,0.741710411433325,0.7361299052774019,0.8504166666666667,0.8504166666666667,681.7375254355256,739,0.715,2400
strong_signal,21098,fixed_0.35,0.35,0.5457943869418401,0.5457943869418401,0.5358592692828146,0.7329166666666667,0.7329166666666667,681.7375254355256,739,0.715,2400
strong_signal,21098,fixed_0.5,0.5,0.3545944914575972,0.3545944914575972,0.34100135317997293,0.6195833333333334,0.6195833333333334,681.7375254355256,739,0.715,2400
strong_signal,21098,net_sd_scaled_legacy_style,0.3524676358527838,0.5447627772194176,0.5447627772194176,0.5345060893098782,0.7316666666666667,0.7316666666666667,681.7375254355256,739,0.715,2400
strong_signal,21099,fixed_0.2,0.2,0.7382260831971182,0.7382260831971182,0.7390710382513661,0.8491666666666666,0.8491666666666666,682.6280560467771,732,0.7104166666666667,2400
strong_signal,21099,fixed_0.35,0.35,0.5505726167721468,0.5505726167721468,0.5450819672131147,0.7358333333333333,0.7358333333333333,682.6280560467771,732,0.7104166666666667,2400
strong_signal,21099,fixed_0.5,0.5,0.3773033727034032,0.3773033727034032,0.366120218579235,0.6270833333333333,0.6270833333333333,682.6280560467771,732,0.7104166666666667,2400
strong_signal,21099,net_sd_scaled_legacy_style,0.35302346488422515,0.5456790900316245,0.5456790900316245,0.5396174863387978,0.73375,0.73375,682.6280560467771,732,0.7104166666666667,2400
strong_signal,21100,fixed_0.2,0.2,0.7402837790981479,0.7402837790981479,0.7354196301564723,0.84375,0.84375,651.9931030011587,703,0.69875,2400
strong_signal,21100,fixed_0.35,0.35,0.542779223811978,0.542779223811978,0.5362731152204836,0.7204166666666667,0.7204166666666667,651.9931030011587,703,0.69875,2400
strong_signal,21100,fixed_0.5,0.5,0.37626125883563316,0.37626125883563316,0.36984352773826457,0.6216666666666667,0.6216666666666667,651.9931030011587,703,0.69875,2400
strong_signal,21100,net_sd_scaled_legacy_style,0.3453214889314846,0.5498433365889049,0.5498433365889049,0.5433854907539118,0.72375,0.72375,651.9931030011587,703,0.69875,2400
high_noise,21001,fixed_0.2,0.2,0.8362122583614289,0.8362122583614289,0.8350071736011477,0.84,0.84,644.7611624196547,697,0.695,2400
high_noise,21001,fixed_0.35,0.35,0.723924635757935,0.723924635757935,0.7259684361549498,0.7220833333333333,0.7220833333333333,644.7611624196547,697,0.695,2400
high_noise,21001,fixed_0.5,0.5,0.5914862420844825,0.5914862420844825,0.593974175035868,0.6108333333333333,0.6108333333333333,644.7611624196547,697,0.695,2400
high_noise,21001,net_sd_scaled_legacy_style,0.3400132905915498,0.7308964303644923,0.7308964303644923,0.733142037302726,0.7283333333333334,0.7283333333333334,644.7611624196547,697,0.695,2400
high_noise,21002,fixed_0.2,0.2,0.8301591115713843,0.8301591115713843,0.8278236914600551,0.8408333333333333,0.8408333333333333,673.8460943677057,726,0.7070833333333333,2400
high_noise,21002,fixed_0.35,0.35,0.7152921647074263,0.7152921647074263,0.7121212121212122,0.7208333333333333,0.7208333333333333,673.8460943677057,726,0.7070833333333333,2400
high_noise,21002,fixed_0.5,0.5,0.6178744842858566,0.6178744842858566,0.6157024793388429,0.6170833333333333,0.6170833333333333,673.8460943677057,726,0.7070833333333333,2400
high_noise,21002,net_sd_scaled_legacy_style,0.34847044151752465,0.7152921647074263,0.7152921647074263,0.7121212121212122,0.7220833333333333,0.7220833333333333,673.8460943677057,726,0.7070833333333333,2400
high_noise,21003,fixed_0.2,0.2,0.81983046745437,0.81983046745437,0.8183060109289617,0.8404166666666667,0.8404166666666667,668.6478700402911,732,0.7016666666666667,2400
high_noise,21003,fixed_0.35,0.35,0.7060594664424753,0.7060594664424753,0.7062841530054644,0.73625,0.73625,668.6478700402911,732,0.7016666666666667,2400
high_noise,21003,fixed_0.5,0.5,0.6105363554015414,0.6105363554015414,0.6120218579234973,0.6354166666666666,0.6354166666666666,668.6478700402911,732,0.7016666666666667,2400
high_noise,21003,net_sd_scaled_legacy_style,0.34434952087953635,0.7118766253272671,0.7118766253272671,0.7117486338797814,0.74125,0.74125,668.6478700402911,732,0.7016666666666667,2400
high_noise,21004,fixed_0.2,0.2,0.8560362639423124,0.8560362639423124,0.8573388203017832,0.8475,0.8475,666.6158361960539,729,0.70625,2400
high_noise,21004,fixed_0.35,0.35,0.7326181720578816,0.7326181720578816,0.7283950617283951,0.74,0.74,666.6158361960539,729,0.70625,2400
high_noise,21004,fixed_0.5,0.5,0.5934511518302702,0.5934511518302702,0.5912208504801097,0.62,0.62,666.6158361960539,729,0.70625,2400
high_noise,21004,net_sd_scaled_legacy_style,0.35359237271021743,0.7301264240588451,0.7301264240588451,0.7256515775034293,0.7379166666666667,0.7379166666666667,666.6158361960539,729,0.70625,2400
high_noise,21005,fixed_0.2,0.2,0.849680298259723,0.849680298259723,0.8451704545454546,0.8391666666666666,0.8391666666666666,656.4046893824675,704,0.69375,2400
high_noise,21005,fixed_0.35,0.35,0.7295548163025735,0.7295548163025735,0.7230113636363636,0.72625,0.72625,656.4046893824675,704,0.69375,2400
high_noise,21005,fixed_0.5,0.5,0.6017918598389119,0.6017918598389119,0.5980113636363636,0.6158333333333333,0.6158333333333333,656.4046893824675,704,0.69375,2400
high_noise,21005,net_sd_scaled_legacy_style,0.3534949369198842,0.7293181858623945,0.7293181858623945,0.7230113636363636,0.725,0.725,656.4046893824675,704,0.69375,2400
high_noise,21006,fixed_0.2,0.2,0.8550741134016889,0.8550741134016889,0.8577348066298343,0.8416666666666667,0.8416666666666667,660.1642001741047,724,0.6879166666666666,2400
high_noise,21006,fixed_0.35,0.35,0.7103486418750521,0.7103486418750521,0.7113259668508287,0.7170833333333333,0.7170833333333333,660.1642001741047,724,0.6879166666666666,2400
high_noise,21006,fixed_0.5,0.5,0.5559281280461975,0.5559281280461975,0.5566298342541437,0.6033333333333334,0.6033333333333334,660.1642001741047,724,0.6879166666666666,2400
high_noise,21006,net_sd_scaled_legacy_style,0.34106762893143366,0.7180019749521587,0.7180019749521587,0.7196132596685083,0.7254166666666667,0.7254166666666667,660.1642001741047,724,0.6879166666666666,2400
high_noise,21007,fixed_0.2,0.2,0.8499055623822874,0.8499055623822874,0.8442280945757997,0.84875,0.84875,655.839842525334,719,0.69875,2400
high_noise,21007,fixed_0.35,0.35,0.7097184051157595,0.7097184051157595,0.7037552155771906,0.73375,0.73375,655.839842525334,719,0.69875,2400
high_noise,21007,fixed_0.5,0.5,0.5552044085244634,0.5552044085244634,0.5424200278164116,0.615,0.615,655.839842525334,719,0.69875,2400
high_noise,21007,net_sd_scaled_legacy_style,0.3513891925922507,0.7097184051157595,0.7097184051157595,0.7037552155771906,0.7329166666666667,0.7329166666666667,655.839842525334,719,0.69875,2400
high_noise,21008,fixed_0.2,0.2,0.8161894781554512,0.8161894781554512,0.8147651006711409,0.8366666666666667,0.8366666666666667,689.7645953233837,745,0.7129166666666666,2400
high_noise,21008,fixed_0.35,0.35,0.6921464637534938,0.6921464637534938,0.6926174496644295,0.72125,0.72125,689.7645953233837,745,0.7129166666666666,2400
high_noise,21008,fixed_0.5,0.5,0.5764956015933561,0.5764956015933561,0.5758389261744966,0.6141666666666666,0.6141666666666666,689.7645953233837,745,0.7129166666666666,2400
high_noise,21008,net_sd_scaled_legacy_style,0.3513132807796702,0.6921464637534938,0.6921464637534938,0.6926174496644295,0.7195833333333334,0.7195833333333334,689.7645953233837,745,0.7129166666666666,2400
high_noise,21009,fixed_0.2,0.2,0.8213413814956807,0.8213413814956807,0.8177966101694916,0.83625,0.83625,650.1864773997925,708,0.6895833333333333,2400
high_noise,21009,fixed_0.35,0.35,0.6804527530697403,0.6804527530697403,0.6751412429378532,0.7133333333333334,0.7133333333333334,650.1864773997925,708,0.6895833333333333,2400
high_noise,21009,fixed_0.5,0.5,0.5581362659947885,0.5581362659947885,0.557909604519774,0.6108333333333333,0.6108333333333333,650.1864773997925,708,0.6895833333333333,2400
high_noise,21009,net_sd_scaled_legacy_style,0.3461403630277474,0.6819907733681617,0.6819907733681617,0.6765536723163842,0.715,0.715,650.1864773997925,708,0.6895833333333333,2400
high_noise,21010,fixed_0.2,0.2,0.8364583168122054,0.8364583168122054,0.8333333333333334,0.8354166666666667,0.8354166666666667,658.373893551598,714,0.6908333333333333,2400
high_noise,21010,fixed_0.35,0.35,0.7179030483059309,0.7179030483059309,0.711484593837535,0.7241666666666666,0.7241666666666666,658.373893551598,714,0.6908333333333333,2400
high_noise,21010,fixed_0.5,0.5,0.5938281062321782,0.5938281062321782,0.5910364145658263,0.6129166666666667,0.6129166666666667,658.373893551598,714,0.6908333333333333,2400
high_noise,21010,net_sd_scaled_legacy_style,0.3504850097168154,0.7165895242112769,0.7165895242112769,0.7100840336134454,0.72375,0.72375,658.373893551598,714,0.6908333333333333,2400
high_noise,21011,fixed_0.2,0.2,0.8289788941711301,0.8289788941711301,0.8305322128851541,0.8308333333333333,0.8308333333333333,659.3596529934916,714,0.69375,2400
high_noise,21011,fixed_0.35,0.35,0.7120165466192087,0.7120165466192087,0.7128851540616247,0.7275,0.7275,659.3596529934916,714,0.69375,2400
high_noise,21011,fixed_0.5,0.5,0.593753720452717,0.593753720452717,0.592436974789916,0.62875,0.62875,659.3596529934916,714,0.69375,2400
high_noise,21011,net_sd_scaled_legacy_style,0.3503674391058393,0.7120165466192087,0.7120165466192087,0.7128851540616247,0.7270833333333333,0.7270833333333333,659.3596529934916,714,0.69375,2400
high_noise,21012,fixed_0.2,0.2,0.843265174789128,0.843265174789128,0.8435277382645804,0.8425,0.8425,649.0993928522948,703,0.69375,2400
high_noise,21012,fixed_0.35,0.35,0.730884621121458,0.730884621121458,0.7268847795163584,0.7329166666666667,0.7329166666666667,649.0993928522948,703,0.69375,2400
high_noise,21012,fixed_0.5,0.5,0.5880826629039911,0.5880826629039911,0.5832147937411095,0.6191666666666666,0.6191666666666666,649.0993928522948,703,0.69375,2400
high_noise,21012,net_sd_scaled_legacy_style,0.35040045263242325,0.730884621121458,0.730884621121458,0.7268847795163584,0.7329166666666667,0.7329166666666667,649.0993928522948,703,0.69375,2400
high_noise,21013,fixed_0.2,0.2,0.8270299873258518,0.8270299873258518,0.8260869565217391,0.8329166666666666,0.8329166666666666,657.47835792784,713,0.6925,2400
high_noise,21013,fixed_0.35,0.35,0.7213229803138632,0.7213229803138632,0.7223001402524544,0.7291666666666666,0.7291666666666666,657.47835792784,713,0.6925,2400
high_noise,21013,fixed_0.5,0.5,0.5792241675639204,0.5792241675639204,0.5806451612903226,0.6154166666666666,0.6154166666666666,657.47835792784,713,0.6925,2400
high_noise,21013,net_sd_scaled_legacy_style,0.3459722004631885,0.725716500623758,0.725716500623758,0.726507713884993,0.7320833333333333,0.7320833333333333,657.47835792784,713,0.6925,2400
high_noise,21014,fixed_0.2,0.2,0.8378559467801653,0.8378559467801653,0.8382559774964838,0.8333333333333334,0.8333333333333334,662.0846906586892,711,0.6945833333333333,2400
high_noise,21014,fixed_0.35,0.35,0.7106121878726482,0.7106121878726482,0.710267229254571,0.7116666666666667,0.7116666666666667,662.0846906586892,711,0.6945833333333333,2400
high_noise,21014,fixed_0.5,0.5,0.5883376783096469,0.5883376783096469,0.5907172995780591,0.60875,0.60875,662.0846906586892,711,0.6945833333333333,2400
high_noise,21014,net_sd_scaled_legacy_style,0.338310643276003,0.7218731152655382,0.7218731152655382,0.7215189873417721,0.7225,0.7225,662.0846906586892,711,0.6945833333333333,2400
high_noise,21015,fixed_0.2,0.2,0.8371981140824992,0.8371981140824992,0.8372413793103448,0.8366666666666667,0.8366666666666667,668.3016284475113,725,0.7075,2400
high_noise,21015,fixed_0.35,0.35,0.6954365309361689,0.6954365309361689,0.6924137931034483,0.7195833333333334,0.7195833333333334,668.3016284475113,725,0.7075,2400
high_noise,21015,fixed_0.5,0.5,0.5846577142862341,0.5846577142862341,0.5848275862068966,0.6095833333333334,0.6095833333333334,668.3016284475113,725,0.7075,2400
high_noise,21015,net_sd_scaled_legacy_style,0.3411099237890063,0.7044803864864547,0.7044803864864547,0.7020689655172414,0.7266666666666667,0.7266666666666667,668.3016284475113,725,0.7075,2400
high_noise,21016,fixed_0.2,0.2,0.8279853471973605,0.8279853471973605,0.827536231884058,0.8466666666666667,0.8466666666666667,636.3396375434152,690,0.68875,2400
high_noise,21016,fixed_0.35,0.35,0.7116826829944497,0.7116826829944497,0.7130434782608696,0.74125,0.74125,636.3396375434152,690,0.68875,2400
high_noise,21016,fixed_0.5,0.5,0.5605105347316571,0.5605105347316571,0.5594202898550724,0.6295833333333334,0.6295833333333334,636.3396375434152,690,0.68875,2400
high_noise,21016,net_sd_scaled_legacy_style,0.34977791764481353,0.7116826829944497,0.7116826829944497,0.7130434782608696,0.74125,0.74125,636.3396375434152,690,0.68875,2400
high_noise,21017,fixed_0.2,0.2,0.8496177461373052,0.8496177461373052,0.8487874465049928,0.84375,0.84375,649.140811127794,701,0.6991666666666667,2400
high_noise,21017,fixed_0.35,0.35,0.7344479515874324,0.7344479515874324,0.7318116975748931,0.7254166666666667,0.7254166666666667,649.140811127794,701,0.6991666666666667,2400
high_noise,21017,fixed_0.5,0.5,0.5991207925449331,0.5991207925449331,0.5948644793152639,0.61875,0.61875,649.140811127794,701,0.6991666666666667,2400
high_noise,21017,net_sd_scaled_legacy_style,0.3521979698810497,0.7344479515874324,0.7344479515874324,0.7318116975748931,0.725,0.725,649.140811127794,701,0.6991666666666667,2400
high_noise,21018,fixed_0.2,0.2,0.8598898420801843,0.8598898420801843,0.8601108033240997,0.8354166666666667,0.8354166666666667,669.5696999186862,722,0.6983333333333334,2400
high_noise,21018,fixed_0.35,0.35,0.7172202755734745,0.7172202755734745,0.7146814404432132,0.7183333333333334,0.7183333333333334,669.5696999186862,722,0.6983333333333334,2400
high_noise,21018,fixed_0.5,0.5,0.6009667055641793,0.6009667055641793,0.5969529085872576,0.6079166666666667,0.6079166666666667,669.5696999186862,722,0.6983333333333334,2400
high_noise,21018,net_sd_scaled_legacy_style,0.3544679298079946,0.7115748421263002,0.7115748421263002,0.7091412742382271,0.715,0.715,669.5696999186862,722,0.6983333333333334,2400
high_noise,21019,fixed_0.2,0.2,0.8461667561843111,0.8461667561843111,0.8418918918918918,0.8429166666666666,0.8429166666666666,677.7454260117088,740,0.7041666666666667,2400
high_noise,21019,fixed_0.35,0.35,0.7296348911835209,0.7296348911835209,0.7283783783783784,0.735,0.735,677.7454260117088,740,0.7041666666666667,2400
high_noise,21019,fixed_0.5,0.5,0.5904364730471966,0.5904364730471966,0.5864864864864865,0.6158333333333333,0.6158333333333333,677.7454260117088,740,0.7041666666666667,2400
high_noise,21019,net_sd_scaled_legacy_style,0.34619558899565167,0.7309203980976914,0.7309203980976914,0.7297297297297297,0.73625,0.73625,677.7454260117088,740,0.7041666666666667,2400
high_noise,21020,fixed_0.2,0.2,0.8267493860688422,0.8267493860688422,0.8296398891966759,0.8470833333333333,0.8470833333333333,664.7822691621382,722,0.7025,2400
high_noise,21020,fixed_0.35,0.35,0.6959581244901478,0.6959581244901478,0.6939058171745153,0.7258333333333333,0.7258333333333333,664.7822691621382,722,0.7025,2400
high_noise,21020,fixed_0.5,0.5,0.5611934540852711,0.5611934540852711,0.556786703601108,0.6120833333333333,0.6120833333333333,664.7822691621382,722,0.7025,2400
high_noise,21020,net_sd_scaled_legacy_style,0.34552061833090053,0.7013930750395869,0.7013930750395869,0.6994459833795014,0.73125,0.73125,664.7822691621382,722,0.7025,2400
high_noise,21021,fixed_0.2,0.2,0.8364127527870425,0.8364127527870425,0.8349788434414669,0.8358333333333333,0.8358333333333333,651.660877660375,709,0.69125,2400
high_noise,21021,fixed_0.35,0.35,0.7143549175693097,0.7143549175693097,0.7136812411847673,0.7283333333333334,0.7283333333333334,651.660877660375,709,0.69125,2400
high_noise,21021,fixed_0.5,0.5,0.5768525447174888,0.5768525447174888,0.5782792665726375,0.6229166666666667,0.6229166666666667,651.660877660375,709,0.69125,2400
high_noise,21021,net_sd_scaled_legacy_style,0.3503783511055657,0.7143549175693097,0.7143549175693097,0.7136812411847673,0.7279166666666667,0.7279166666666667,651.660877660375,709,0.69125,2400
high_noise,21022,fixed_0.2,0.2,0.8281141946738918,0.8281141946738918,0.8258426966292135,0.83375,0.83375,657.069521303852,712,0.6991666666666667,2400
high_noise,21022,fixed_0.35,0.35,0.6955677815521134,0.6955677815521134,0.6896067415730337,0.72375,0.72375,657.069521303852,712,0.6991666666666667,2400
high_noise,21022,fixed_0.5,0.5,0.5464038478372603,0.5464038478372603,0.5407303370786517,0.6108333333333333,0.6108333333333333,657.069521303852,712,0.6991666666666667,2400
high_noise,21022,net_sd_scaled_legacy_style,0.34929197575255844,0.6970896905245699,0.6970896905245699,0.6910112359550562,0.7245833333333334,0.7245833333333334,657.069521303852,712,0.6991666666666667,2400
high_noise,21023,fixed_0.2,0.2,0.8214474737544939,0.8214474737544939,0.8243430152143845,0.8395833333333333,0.8395833333333333,664.3044189195182,723,0.71,2400
high_noise,21023,fixed_0.35,0.35,0.7076284589220988,0.7076284589220988,0.706777316735823,0.74125,0.74125,664.3044189195182,723,0.71,2400
high_noise,21023,fixed_0.5,0.5,0.5881549950760205,0.5881549950760205,0.5878284923928078,0.6308333333333334,0.6308333333333334,664.3044189195182,723,0.71,2400
high_noise,21023,net_sd_scaled_legacy_style,0.35447196509987383,0.7042432571436861,0.7042432571436861,0.7040110650069157,0.7391666666666666,0.7391666666666666,664.3044189195182,723,0.71,2400
high_noise,21024,fixed_0.2,0.2,0.8360128341904183,0.8360128341904183,0.8366197183098592,0.8383333333333334,0.8383333333333334,660.0755804399578,710,0.69375,2400
high_noise,21024,fixed_0.35,0.35,0.7252787963191608,0.7252787963191608,0.723943661971831,0.7308333333333333,0.7308333333333333,660.0755804399578,710,0.69375,2400
high_noise,21024,fixed_0.5,0.5,0.589719049637893,0.589719049637893,0.5859154929577465,0.6233333333333333,0.6233333333333333,660.0755804399578,710,0.69375,2400
high_noise,21024,net_sd_scaled_legacy_style,0.3499562811765886,0.7252787963191608,0.7252787963191608,0.723943661971831,0.7308333333333333,0.7308333333333333,660.0755804399578,710,0.69375,2400
high_noise,21025,fixed_0.2,0.2,0.8413591739123962,0.8413591739123962,0.8413793103448276,0.8395833333333333,0.8395833333333333,672.1699753974207,725,0.705,2400
high_noise,21025,fixed_0.35,0.35,0.7263679172608967,0.7263679172608967,0.7255172413793104,0.7291666666666666,0.7291666666666666,672.1699753974207,725,0.705,2400
high_noise,21025,fixed_0.5,0.5,0.6014929920535261,0.6014929920535261,0.5986206896551725,0.6233333333333333,0.6233333333333333,672.1699753974207,725,0.705,2400
high_noise,21025,net_sd_scaled_legacy_style,0.3510555635294674,0.7263679172608967,0.7263679172608967,0.7255172413793104,0.7283333333333334,0.7283333333333334,672.1699753974207,725,0.705,2400
high_noise,21026,fixed_0.2,0.2,0.8155788214899655,0.8155788214899655,0.8188105117565698,0.8320833333333333,0.8320833333333333,671.423467707484,723,0.7016666666666667,2400
high_noise,21026,fixed_0.35,0.35,0.6840329023888861,0.6840329023888861,0.686030428769018,0.7120833333333333,0.7120833333333333,671.423467707484,723,0.7016666666666667,2400
high_noise,21026,fixed_0.5,0.5,0.5614589724442763,0.5614589724442763,0.5629322268326418,0.6079166666666667,0.6079166666666667,671.423467707484,723,0.7016666666666667,2400
high_noise,21026,net_sd_scaled_legacy_style,0.35361621615155453,0.6797430009258094,0.6797430009258094,0.681881051175657,0.7095833333333333,0.7095833333333333,671.423467707484,723,0.7016666666666667,2400
high_noise,21027,fixed_0.2,0.2,0.8207965734122556,0.8207965734122556,0.8224431818181818,0.8391666666666666,0.8391666666666666,649.1793168922861,704,0.69,2400
high_noise,21027,fixed_0.35,0.35,0.6987037681196091,0.6987037681196091,0.7002840909090909,0.72875,0.72875,649.1793168922861,704,0.69,2400
high_noise,21027,fixed_0.5,0.5,0.577053294171806,0.577053294171806,0.5752840909090909,0.6225,0.6225,649.1793168922861,704,0.69,2400
high_noise,21027,net_sd_scaled_legacy_style,0.3519045915480266,0.6987037681196091,0.6987037681196091,0.7002840909090909,0.7266666666666667,0.7266666666666667,649.1793168922861,704,0.69,2400
high_noise,21028,fixed_0.2,0.2,0.8296711982119763,0.8296711982119763,0.8259668508287292,0.84125,0.84125,669.0491651940921,724,0.70875,2400
high_noise,21028,fixed_0.35,0.35,0.6960390391985946,0.6960390391985946,0.6947513812154696,0.7216666666666667,0.7216666666666667,669.0491651940921,724,0.70875,2400
high_noise,21028,fixed_0.5,0.5,0.5642543994646962,0.5642543994646962,0.5607734806629834,0.6104166666666667,0.6104166666666667,669.0491651940921,724,0.70875,2400
high_noise,21028,net_sd_scaled_legacy_style,0.34810110520386794,0.6977595369256256,0.6977595369256256,0.6961325966850829,0.7229166666666667,0.7229166666666667,669.0491651940921,724,0.70875,2400
high_noise,21029,fixed_0.2,0.2,0.837842852727803,0.837842852727803,0.8305322128851541,0.845,0.845,665.4540407894884,714,0.7016666666666667,2400
high_noise,21029,fixed_0.35,0.35,0.7129442109455822,0.7129442109455822,0.7100840336134454,0.7270833333333333,0.7270833333333333,665.4540407894884,714,0.7016666666666667,2400
high_noise,21029,fixed_0.5,0.5,0.5898134964439852,0.5898134964439852,0.5896358543417367,0.6204166666666666,0.6204166666666666,665.4540407894884,714,0.7016666666666667,2400
high_noise,21029,net_sd_scaled_legacy_style,0.35401702581216277,0.7040859845696048,0.7040859845696048,0.7002801120448179,0.7233333333333334,0.7233333333333334,665.4540407894884,714,0.7016666666666667,2400
high_noise,21030,fixed_0.2,0.2,0.8297973324807922,0.8297973324807922,0.8308724832214766,0.84125,0.84125,692.418330130969,745,0.7108333333333333,2400
high_noise,21030,fixed_0.35,0.35,0.7142395752143373,0.7142395752143373,0.7127516778523489,0.7333333333333333,0.7333333333333333,692.418330130969,745,0.7108333333333333,2400
high_noise,21030,fixed_0.5,0.5,0.595853160345489,0.595853160345489,0.5946308724832214,0.6275,0.6275,692.418330130969,745,0.7108333333333333,2400
high_noise,21030,net_sd_scaled_legacy_style,0.3495477627760434,0.7155813024676996,0.7155813024676996,0.7140939597315437,0.7345833333333334,0.7345833333333334,692.418330130969,745,0.7108333333333333,2400
high_noise,21031,fixed_0.2,0.2,0.8160665528055184,0.8160665528055184,0.8131101813110181,0.8420833333333333,0.8420833333333333,666.9937632625396,717,0.69625,2400
high_noise,21031,fixed_0.35,0.35,0.694810725087924,0.694810725087924,0.6903765690376569,0.7358333333333333,0.7358333333333333,666.9937632625396,717,0.69625,2400
high_noise,21031,fixed_0.5,0.5,0.5644942630041617,0.5644942630041617,0.5592747559274756,0.62625,0.62625,666.9937632625396,717,0.69625,2400
high_noise,21031,net_sd_scaled_legacy_style,0.3568142048811728,0.6845834924126252,0.6845834924126252,0.6806136680613668,0.72875,0.72875,666.9937632625396,717,0.69625,2400
high_noise,21032,fixed_0.2,0.2,0.8251575435282763,0.8251575435282763,0.8271092669432918,0.8404166666666667,0.8404166666666667,665.9609763086671,723,0.695,2400
high_noise,21032,fixed_0.35,0.35,0.7019261764541534,0.7019261764541534,0.7040110650069157,0.7283333333333334,0.7283333333333334,665.9609763086671,723,0.695,2400
high_noise,21032,fixed_0.5,0.5,0.5843996591884795,0.5843996591884795,0.5864453665283541,0.6195833333333334,0.6195833333333334,665.9609763086671,723,0.695,2400
high_noise,21032,net_sd_scaled_legacy_style,0.3518712854783173,0.7004596356967422,0.7004596356967422,0.7026279391424619,0.72625,0.72625,665.9609763086671,723,0.695,2400
high_noise,21033,fixed_0.2,0.2,0.8364672416760941,0.8364672416760941,0.833103448275862,0.8404166666666667,0.8404166666666667,671.4707035543288,725,0.7033333333333334,2400
high_noise,21033,fixed_0.35,0.35,0.6935776830887356,0.6935776830887356,0.6896551724137931,0.71125,0.71125,671.4707035543288,725,0.7033333333333334,2400
high_noise,21033,fixed_0.5,0.5,0.5926057049600757,0.5926057049600757,0.5889655172413794,0.6058333333333333,0.6058333333333333,671.4707035543288,725,0.7033333333333334,2400
high_noise,21033,net_sd_scaled_legacy_style,0.3492168068947471,0.6935776830887356,0.6935776830887356,0.6896551724137931,0.7116666666666667,0.7116666666666667,671.4707035543288,725,0.7033333333333334,2400
high_noise,21034,fixed_0.2,0.2,0.8241359137283873,0.8241359137283873,0.8223418573351279,0.8370833333333333,0.8370833333333333,687.7503445880978,743,0.7154166666666667,2400
high_noise,21034,fixed_0.35,0.35,0.7083997536203833,0.7083997536203833,0.7052489905787349,0.71875,0.71875,687.7503445880978,743,0.7154166666666667,2400
high_noise,21034,fixed_0.5,0.5,0.5926845949404621,0.5926845949404621,0.5908479138627187,0.6170833333333333,0.6170833333333333,687.7503445880978,743,0.7154166666666667,2400
high_noise,21034,net_sd_scaled_legacy_style,0.3464273220494907,0.7146269967751326,0.7146269967751326,0.7119784656796769,0.7233333333333334,0.7233333333333334,687.7503445880978,743,0.7154166666666667,2400
high_noise,21035,fixed_0.2,0.2,0.8303590073755482,0.8303590073755482,0.8306801736613604,0.8458333333333333,0.8458333333333333,638.656865136777,691,0.6854166666666667,2400
high_noise,21035,fixed_0.35,0.35,0.6858652635817739,0.6858652635817739,0.6874095513748191,0.725,0.725,638.656865136777,691,0.6854166666666667,2400
high_noise,21035,fixed_0.5,0.5,0.5714808205279739,0.5714808205279739,0.5745296671490593,0.6125,0.6125,638.656865136777,691,0.6854166666666667,2400
high_noise,21035,net_sd_scaled_legacy_style,0.35573883953567903,0.6771032391137954,0.6771032391137954,0.678726483357453,0.71875,0.71875,638.656865136777,691,0.6854166666666667,2400
high_noise,21036,fixed_0.2,0.2,0.8207039559201045,0.8207039559201045,0.8195804195804196,0.8329166666666666,0.8329166666666666,658.9497731427493,715,0.6954166666666667,2400
high_noise,21036,fixed_0.35,0.35,0.7058637442944204,0.7058637442944204,0.7048951048951049,0.72625,0.72625,658.9497731427493,715,0.6954166666666667,2400
high_noise,21036,fixed_0.5,0.5,0.5756309374486455,0.5756309374486455,0.5762237762237762,0.6154166666666666,0.6154166666666666,658.9497731427493,715,0.6954166666666667,2400
high_noise,21036,net_sd_scaled_legacy_style,0.3568760465877107,0.6996714053236407,0.6996714053236407,0.6993006993006993,0.7204166666666667,0.7204166666666667,658.9497731427493,715,0.6954166666666667,2400
high_noise,21037,fixed_0.2,0.2,0.8399031643768303,0.8399031643768303,0.8426323319027181,0.84875,0.84875,645.9418936765353,699,0.6958333333333333,2400
high_noise,21037,fixed_0.35,0.35,0.7011642713093422,0.7011642713093422,0.7010014306151645,0.73625,0.73625,645.9418936765353,699,0.6958333333333333,2400
high_noise,21037,fixed_0.5,0.5,0.5861298762431326,0.5861298762431326,0.5851216022889842,0.6270833333333333,0.6270833333333333,645.9418936765353,699,0.6958333333333333,2400
high_noise,21037,net_sd_scaled_legacy_style,0.3404535647964277,0.708877583637748,0.708877583637748,0.709585121602289,0.7433333333333333,0.7433333333333333,645.9418936765353,699,0.6958333333333333,2400
high_noise,21038,fixed_0.2,0.2,0.8194857297121797,0.8194857297121797,0.8226950354609929,0.8379166666666666,0.8379166666666666,656.7415171374182,705,0.6945833333333333,2400
high_noise,21038,fixed_0.35,0.35,0.6901315706243193,0.6901315706243193,0.6907801418439716,0.7191666666666666,0.7191666666666666,656.7415171374182,705,0.6945833333333333,2400
high_noise,21038,fixed_0.5,0.5,0.5500076743112763,0.5500076743112763,0.5475177304964539,0.6095833333333334,0.6095833333333334,656.7415171374182,705,0.6945833333333333,2400
high_noise,21038,net_sd_scaled_legacy_style,0.3501517823474711,0.6901315706243193,0.6901315706243193,0.6907801418439716,0.7191666666666666,0.7191666666666666,656.7415171374182,705,0.6945833333333333,2400
high_noise,21039,fixed_0.2,0.2,0.8323610122721155,0.8323610122721155,0.8317241379310345,0.8433333333333334,0.8433333333333334,667.9737212424502,725,0.70875,2400
high_noise,21039,fixed_0.35,0.35,0.6950855918430576,0.6950855918430576,0.6951724137931035,0.7191666666666666,0.7191666666666666,667.9737212424502,725,0.70875,2400
high_noise,21039,fixed_0.5,0.5,0.5629203495328379,0.5629203495328379,0.5627586206896552,0.6116666666666667,0.6116666666666667,667.9737212424502,725,0.70875,2400
high_noise,21039,net_sd_scaled_legacy_style,0.35001309444354584,0.6950855918430576,0.6950855918430576,0.6951724137931035,0.7191666666666666,0.7191666666666666,667.9737212424502,725,0.70875,2400
high_noise,21040,fixed_0.2,0.2,0.8362038639893451,0.8362038639893451,0.8372093023255814,0.84,0.84,674.5628913615787,731,0.7033333333333334,2400
high_noise,21040,fixed_0.35,0.35,0.7070013313905136,0.7070013313905136,0.707250341997264,0.7254166666666667,0.7254166666666667,674.5628913615787,731,0.7033333333333334,2400
high_noise,21040,fixed_0.5,0.5,0.5899705754789625,0.5899705754789625,0.5896032831737346,0.6258333333333334,0.6258333333333334,674.5628913615787,731,0.7033333333333334,2400
high_noise,21040,net_sd_scaled_legacy_style,0.34863304023556724,0.7072897952609651,0.7072897952609651,0.707250341997264,0.7258333333333333,0.7258333333333333,674.5628913615787,731,0.7033333333333334,2400
high_noise,21041,fixed_0.2,0.2,0.8161191456874353,0.8161191456874353,0.8138222849083215,0.8429166666666666,0.8429166666666666,654.5662474094798,709,0.6966666666666667,2400
high_noise,21041,fixed_0.35,0.35,0.6861656269870389,0.6861656269870389,0.685472496473907,0.72,0.72,654.5662474094798,709,0.6966666666666667,2400
high_noise,21041,fixed_0.5,0.5,0.5628773817649758,0.5628773817649758,0.5599435825105783,0.6095833333333334,0.6095833333333334,654.5662474094798,709,0.6966666666666667,2400
high_noise,21041,net_sd_scaled_legacy_style,0.3454707904226564,0.6930714316588278,0.6930714316588278,0.692524682651622,0.7245833333333334,0.7245833333333334,654.5662474094798,709,0.6966666666666667,2400
high_noise,21042,fixed_0.2,0.2,0.8511372530504815,0.8511372530504815,0.8477306002928258,0.8454166666666667,0.8454166666666667,640.8611456285548,683,0.7020833333333333,2400
high_noise,21042,fixed_0.35,0.35,0.7187782826222723,0.7187782826222723,0.7130307467057101,0.7295833333333334,0.7295833333333334,640.8611456285548,683,0.7020833333333333,2400
high_noise,21042,fixed_0.5,0.5,0.5856384102354154,0.5856384102354154,0.5812591508052709,0.6195833333333334,0.6195833333333334,640.8611456285548,683,0.7020833333333333,2400
high_noise,21042,net_sd_scaled_legacy_style,0.3544986823098907,0.7156574817847704,0.7156574817847704,0.7101024890190337,0.7266666666666667,0.7266666666666667,640.8611456285548,683,0.7020833333333333,2400
high_noise,21043,fixed_0.2,0.2,0.8392073973741214,0.8392073973741214,0.84,0.84125,0.84125,653.318739795423,700,0.6975,2400
high_noise,21043,fixed_0.35,0.35,0.6974891663168605,0.6974891663168605,0.7014285714285714,0.7229166666666667,0.7229166666666667,653.318739795423,700,0.6975,2400
high_noise,21043,fixed_0.5,0.5,0.5761758633636945,0.5761758633636945,0.5771428571428572,0.6129166666666667,0.6129166666666667,653.318739795423,700,0.6975,2400
high_noise,21043,net_sd_scaled_legacy_style,0.34205073458124435,0.7083348316954056,0.7083348316954056,0.7114285714285714,0.7329166666666667,0.7329166666666667,653.318739795423,700,0.6975,2400
high_noise,21044,fixed_0.2,0.2,0.8410291384109924,0.8410291384109924,0.8319444444444445,0.8429166666666666,0.8429166666666666,666.0862453416476,720,0.7058333333333333,2400
high_noise,21044,fixed_0.35,0.35,0.7070951579306717,0.7070951579306717,0.6986111111111111,0.7329166666666667,0.7329166666666667,666.0862453416476,720,0.7058333333333333,2400
high_noise,21044,fixed_0.5,0.5,0.5716014416007879,0.5716014416007879,0.5652777777777778,0.6154166666666666,0.6154166666666666,666.0862453416476,720,0.7058333333333333,2400
high_noise,21044,net_sd_scaled_legacy_style,0.3487052415880868,0.710077671320091,0.710077671320091,0.7013888888888888,0.73375,0.73375,666.0862453416476,720,0.7058333333333333,2400
high_noise,21045,fixed_0.2,0.2,0.8338431770662686,0.8338431770662686,0.8328840970350404,0.8320833333333333,0.8320833333333333,686.1099006492481,742,0.7091666666666666,2400
high_noise,21045,fixed_0.35,0.35,0.6984562666421832,0.6984562666421832,0.6981132075471698,0.7125,0.7125,686.1099006492481,742,0.7091666666666666,2400
high_noise,21045,fixed_0.5,0.5,0.5776566405956676,0.5776566405956676,0.5808625336927223,0.6125,0.6125,686.1099006492481,742,0.7091666666666666,2400
high_noise,21045,net_sd_scaled_legacy_style,0.34643307287826386,0.7000638655149808,0.7000638655149808,0.6994609164420486,0.7141666666666666,0.7141666666666666,686.1099006492481,742,0.7091666666666666,2400
high_noise,21046,fixed_0.2,0.2,0.8333972517352276,0.8333972517352276,0.8330975954738331,0.8354166666666667,0.8354166666666667,653.3595688253531,707,0.695,2400
high_noise,21046,fixed_0.35,0.35,0.6990887795196441,0.6990887795196441,0.6973125884016973,0.7270833333333333,0.7270833333333333,653.3595688253531,707,0.695,2400
high_noise,21046,fixed_0.5,0.5,0.5633894606333627,0.5633894606333627,0.562942008486563,0.62,0.62,653.3595688253531,707,0.695,2400
high_noise,21046,net_sd_scaled_legacy_style,0.3460119866819904,0.7024175042850453,0.7024175042850453,0.7001414427157001,0.7295833333333334,0.7295833333333334,653.3595688253531,707,0.695,2400
high_noise,21047,fixed_0.2,0.2,0.847770152412534,0.847770152412534,0.8460410557184751,0.8458333333333333,0.8458333333333333,636.7722484259396,682,0.69,2400
high_noise,21047,fixed_0.35,0.35,0.7064772010878541,0.7064772010878541,0.7067448680351907,0.7345833333333334,0.7345833333333334,636.7722484259396,682,0.69,2400
high_noise,21047,fixed_0.5,0.5,0.5726081462638093,0.5726081462638093,0.5733137829912024,0.635,0.635,636.7722484259396,682,0.69,2400
high_noise,21047,net_sd_scaled_legacy_style,0.3551950625387689,0.702427774056288,0.702427774056288,0.7023460410557185,0.73125,0.73125,636.7722484259396,682,0.69,2400
high_noise,21048,fixed_0.2,0.2,0.8340170750773359,0.8340170750773359,0.8347222222222223,0.84875,0.84875,668.7352138936816,720,0.7095833333333333,2400
high_noise,21048,fixed_0.35,0.35,0.7134149901978292,0.7134149901978292,0.7138888888888889,0.7325,0.7325,668.7352138936816,720,0.7095833333333333,2400
high_noise,21048,fixed_0.5,0.5,0.5989077526150245,0.5989077526150245,0.5972222222222222,0.62625,0.62625,668.7352138936816,720,0.7095833333333333,2400
high_noise,21048,net_sd_scaled_legacy_style,0.348929755514399,0.7159905236600296,0.7159905236600296,0.7166666666666667,0.7341666666666666,0.7341666666666666,668.7352138936816,720,0.7095833333333333,2400
high_noise,21049,fixed_0.2,0.2,0.830143281546761,0.830143281546761,0.8280346820809249,0.8358333333333333,0.8358333333333333,637.6903090011692,692,0.6929166666666666,2400
high_noise,21049,fixed_0.35,0.35,0.6891341143097481,0.6891341143097481,0.6864161849710982,0.7158333333333333,0.7158333333333333,637.6903090011692,692,0.6929166666666666,2400
high_noise,21049,fixed_0.5,0.5,0.5607467825569403,0.5607467825569403,0.5606936416184971,0.6033333333333334,0.6033333333333334,637.6903090011692,692,0.6929166666666666,2400
high_noise,21049,net_sd_scaled_legacy_style,0.3449557102264729,0.6921293471456351,0.6921293471456351,0.6893063583815029,0.7175,0.7175,637.6903090011692,692,0.6929166666666666,2400
high_noise,21050,fixed_0.2,0.2,0.8357974215781655,0.8357974215781655,0.8338192419825073,0.83625,0.83625,635.8421707497251,686,0.68625,2400
high_noise,21050,fixed_0.35,0.35,0.7120688527138332,0.7120688527138332,0.7113702623906706,0.7183333333333334,0.7183333333333334,635.8421707497251,686,0.68625,2400
high_noise,21050,fixed_0.5,0.5,0.5930600082337971,0.5930600082337971,0.5932944606413995,0.61875,0.61875,635.8421707497251,686,0.68625,2400
high_noise,21050,net_sd_scaled_legacy_style,0.3466487848002904,0.715519324053981,0.715519324053981,0.7142857142857143,0.7216666666666667,0.7216666666666667,635.8421707497251,686,0.68625,2400
high_noise,21051,fixed_0.2,0.2,0.8174791264230162,0.8174791264230162,0.8130081300813008,0.83625,0.83625,679.2648766986374,738,0.7091666666666666,2400
high_noise,21051,fixed_0.35,0.35,0.6814603081771284,0.6814603081771284,0.6775067750677507,0.72375,0.72375,679.2648766986374,738,0.7091666666666666,2400
high_noise,21051,fixed_0.5,0.5,0.575891283551626,0.575891283551626,0.5745257452574526,0.6270833333333333,0.6270833333333333,679.2648766986374,738,0.7091666666666666,2400
high_noise,21051,net_sd_scaled_legacy_style,0.34916135642072144,0.68440466768784,0.68440466768784,0.6802168021680217,0.725,0.725,679.2648766986374,738,0.7091666666666666,2400
high_noise,21052,fixed_0.2,0.2,0.8319291283925501,0.8319291283925501,0.8307475317348378,0.845,0.845,653.6740139134988,709,0.68625,2400
high_noise,21052,fixed_0.35,0.35,0.6946123185150167,0.6946123185150167,0.692524682651622,0.72625,0.72625,653.6740139134988,709,0.68625,2400
high_noise,21052,fixed_0.5,0.5,0.5487193223812874,0.5487193223812874,0.5472496473906912,0.6033333333333334,0.6033333333333334,653.6740139134988,709,0.68625,2400
high_noise,21052,net_sd_scaled_legacy_style,0.34498519075846884,0.6973599222129928,0.6973599222129928,0.6967559943582511,0.7308333333333333,0.7308333333333333,653.6740139134988,709,0.68625,2400
high_noise,21053,fixed_0.2,0.2,0.8377183049990776,0.8377183049990776,0.8354253835425384,0.8458333333333333,0.8458333333333333,662.4130703340916,717,0.69875,2400
high_noise,21053,fixed_0.35,0.35,0.6953888357968243,0.6953888357968243,0.694560669456067,0.725,0.725,662.4130703340916,717,0.69875,2400
high_noise,21053,fixed_0.5,0.5,0.5639821043998744,0.5639821043998744,0.5592747559274756,0.6158333333333333,0.6158333333333333,662.4130703340916,717,0.69875,2400
high_noise,21053,net_sd_scaled_legacy_style,0.3483081913936642,0.6984080998928531,0.6984080998928531,0.697350069735007,0.72625,0.72625,662.4130703340916,717,0.69875,2400
high_noise,21054,fixed_0.2,0.2,0.8490465932310713,0.8490465932310713,0.853625170998632,0.85,0.85,674.0979041116814,731,0.70375,2400
high_noise,21054,fixed_0.35,0.35,0.7019504198506357,0.7019504198506357,0.7058823529411765,0.73625,0.73625,674.0979041116814,731,0.70375,2400
high_noise,21054,fixed_0.5,0.5,0.5698321183826225,0.5698321183826225,0.5718194254445964,0.6291666666666667,0.6291666666666667,674.0979041116814,731,0.70375,2400
high_noise,21054,net_sd_scaled_legacy_style,0.3613988524012787,0.6878903871664931,0.6878903871664931,0.6908344733242134,0.7283333333333334,0.7283333333333334,674.0979041116814,731,0.70375,2400
high_noise,21055,fixed_0.2,0.2,0.8394560442460156,0.8394560442460156,0.839943342776204,0.83875,0.83875,656.8048839163541,706,0.6975,2400
high_noise,21055,fixed_0.35,0.35,0.7145946102782327,0.7145946102782327,0.71671388101983,0.71875,0.71875,656.8048839163541,706,0.6975,2400
high_noise,21055,fixed_0.5,0.5,0.5719778755752234,0.5719778755752234,0.5736543909348442,0.6104166666666667,0.6104166666666667,656.8048839163541,706,0.6975,2400
high_noise,21055,net_sd_scaled_legacy_style,0.354732290409741,0.7096652211511539,0.7096652211511539,0.7124645892351275,0.71625,0.71625,656.8048839163541,706,0.6975,2400
high_noise,21056,fixed_0.2,0.2,0.8372292734043058,0.8372292734043058,0.8361823361823362,0.8404166666666667,0.8404166666666667,646.2953790779808,702,0.6791666666666667,2400
high_noise,21056,fixed_0.35,0.35,0.7040204098175176,0.7040204098175176,0.7022792022792023,0.7145833333333333,0.7145833333333333,646.2953790779808,702,0.6791666666666667,2400
high_noise,21056,fixed_0.5,0.5,0.5612884116211676,0.5612884116211676,0.5584045584045584,0.6008333333333333,0.6008333333333333,646.2953790779808,702,0.6791666666666667,2400
high_noise,21056,net_sd_scaled_legacy_style,0.34430959004374034,0.7124104364824009,0.7124104364824009,0.7122507122507122,0.7208333333333333,0.7208333333333333,646.2953790779808,702,0.6791666666666667,2400
high_noise,21057,fixed_0.2,0.2,0.8172646902959481,0.8172646902959481,0.8194640338504936,0.83125,0.83125,655.1846720786998,709,0.6945833333333333,2400
high_noise,21057,fixed_0.35,0.35,0.6894864946222998,0.6894864946222998,0.691114245416079,0.71625,0.71625,655.1846720786998,709,0.6945833333333333,2400
high_noise,21057,fixed_0.5,0.5,0.5741753398355545,0.5741753398355545,0.5754583921015515,0.6120833333333333,0.6120833333333333,655.1846720786998,709,0.6945833333333333,2400
high_noise,21057,net_sd_scaled_legacy_style,0.34789533571102965,0.6894864946222998,0.6894864946222998,0.691114245416079,0.7166666666666667,0.7166666666666667,655.1846720786998,709,0.6945833333333333,2400
high_noise,21058,fixed_0.2,0.2,0.8281266320280805,0.8281266320280805,0.8271428571428572,0.8333333333333334,0.8333333333333334,648.6707024664494,700,0.6820833333333334,2400
high_noise,21058,fixed_0.35,0.35,0.7027198036297659,0.7027198036297659,0.7014285714285714,0.7154166666666667,0.7154166666666667,648.6707024664494,700,0.6820833333333334,2400
high_noise,21058,fixed_0.5,0.5,0.5864661050710324,0.5864661050710324,0.5842857142857143,0.6141666666666666,0.6141666666666666,648.6707024664494,700,0.6820833333333334,2400
high_noise,21058,net_sd_scaled_legacy_style,0.3474088568852015,0.7037438359122719,0.7037438359122719,0.7028571428571428,0.7179166666666666,0.7179166666666666,648.6707024664494,700,0.6820833333333334,2400
high_noise,21059,fixed_0.2,0.2,0.8581327749328762,0.8581327749328762,0.858887381275441,0.8525,0.8525,677.0416040781859,737,0.7066666666666667,2400
high_noise,21059,fixed_0.35,0.35,0.7039757257200618,0.7039757257200618,0.7014925373134329,0.725,0.725,677.0416040781859,737,0.7066666666666667,2400
high_noise,21059,fixed_0.5,0.5,0.5714997445055594,0.5714997445055594,0.5712347354138398,0.6083333333333333,0.6083333333333333,677.0416040781859,737,0.7066666666666667,2400
high_noise,21059,net_sd_scaled_legacy_style,0.3444405935657284,0.7174226091734613,0.7174226091734613,0.7150610583446404,0.7329166666666667,0.7329166666666667,677.0416040781859,737,0.7066666666666667,2400
high_noise,21060,fixed_0.2,0.2,0.8324506216392044,0.8324506216392044,0.8314763231197771,0.8279166666666666,0.8279166666666666,665.0423756359446,718,0.7045833333333333,2400
high_noise,21060,fixed_0.35,0.35,0.733899580347267,0.733899580347267,0.7325905292479109,0.7245833333333334,0.7245833333333334,665.0423756359446,718,0.7045833333333333,2400
high_noise,21060,fixed_0.5,0.5,0.605107390908158,0.605107390908158,0.6030640668523677,0.6154166666666666,0.6154166666666666,665.0423756359446,718,0.7045833333333333,2400
high_noise,21060,net_sd_scaled_legacy_style,0.3450443121237909,0.7354032439281686,0.7354032439281686,0.733983286908078,0.7283333333333334,0.7283333333333334,665.0423756359446,718,0.7045833333333333,2400
high_noise,21061,fixed_0.2,0.2,0.8383112448120034,0.8383112448120034,0.8388017118402282,0.8383333333333334,0.8383333333333334,649.1437434760531,701,0.6941666666666667,2400
high_noise,21061,fixed_0.35,0.35,0.7038460954236389,0.7038460954236389,0.7018544935805991,0.72,0.72,649.1437434760531,701,0.6941666666666667,2400
high_noise,21061,fixed_0.5,0.5,0.5639270831507723,0.5639270831507723,0.5606276747503567,0.59625,0.59625,649.1437434760531,701,0.6941666666666667,2400
high_noise,21061,net_sd_scaled_legacy_style,0.34382997479639915,0.7083325571846384,0.7083325571846384,0.7061340941512125,0.7233333333333334,0.7233333333333334,649.1437434760531,701,0.6941666666666667,2400
high_noise,21062,fixed_0.2,0.2,0.8422390871788616,0.8422390871788616,0.8435277382645804,0.8441666666666666,0.8441666666666666,658.5535106815211,703,0.6995833333333333,2400
high_noise,21062,fixed_0.35,0.35,0.7062502109777824,0.7062502109777824,0.7069701280227596,0.7241666666666666,0.7241666666666666,658.5535106815211,703,0.6995833333333333,2400
high_noise,21062,fixed_0.5,0.5,0.5738608145649128,0.5738608145649128,0.5704125177809388,0.6133333333333333,0.6133333333333333,658.5535106815211,703,0.6995833333333333,2400
high_noise,21062,net_sd_scaled_legacy_style,0.3493577053024097,0.7092871699607058,0.7092871699607058,0.7098150782361309,0.7254166666666667,0.7254166666666667,658.5535106815211,703,0.6995833333333333,2400
high_noise,21063,fixed_0.2,0.2,0.8114712258578225,0.8114712258578225,0.8112676056338028,0.8383333333333334,0.8383333333333334,655.9802674670393,710,0.6954166666666667,2400
high_noise,21063,fixed_0.35,0.35,0.6898880208717829,0.6898880208717829,0.6901408450704225,0.7216666666666667,0.7216666666666667,655.9802674670393,710,0.6954166666666667,2400
high_noise,21063,fixed_0.5,0.5,0.5665033857678351,0.5665033857678351,0.5676056338028169,0.60875,0.60875,655.9802674670393,710,0.6954166666666667,2400
high_noise,21063,net_sd_scaled_legacy_style,0.3473599150921122,0.6914124569708463,0.6914124569708463,0.6915492957746479,0.7225,0.7225,655.9802674670393,710,0.6954166666666667,2400
high_noise,21064,fixed_0.2,0.2,0.8408792433844633,0.8408792433844633,0.8415697674418605,0.8395833333333333,0.8395833333333333,640.1567126456673,688,0.6870833333333334,2400
high_noise,21064,fixed_0.35,0.35,0.7032723058622373,0.7032723058622373,0.7034883720930233,0.7166666666666667,0.7166666666666667,640.1567126456673,688,0.6870833333333334,2400
high_noise,21064,fixed_0.5,0.5,0.5936849592258067,0.5936849592258067,0.5901162790697675,0.6158333333333333,0.6158333333333333,640.1567126456673,688,0.6870833333333334,2400
high_noise,21064,net_sd_scaled_legacy_style,0.350566082031123,0.7032723058622373,0.7032723058622373,0.7034883720930233,0.7166666666666667,0.7166666666666667,640.1567126456673,688,0.6870833333333334,2400
high_noise,21065,fixed_0.2,0.2,0.8472159539203966,0.8472159539203966,0.8462566844919787,0.8458333333333333,0.8458333333333333,682.5707021897487,748,0.6995833333333333,2400
high_noise,21065,fixed_0.35,0.35,0.7321116231507391,0.7321116231507391,0.7286096256684492,0.7358333333333333,0.7358333333333333,682.5707021897487,748,0.6995833333333333,2400
high_noise,21065,fixed_0.5,0.5,0.6188198730235542,0.6188198730235542,0.6149732620320856,0.6316666666666667,0.6316666666666667,682.5707021897487,748,0.6995833333333333,2400
high_noise,21065,net_sd_scaled_legacy_style,0.3483520370053146,0.7350417225434962,0.7350417225434962,0.7312834224598931,0.7375,0.7375,682.5707021897487,748,0.6995833333333333,2400
high_noise,21066,fixed_0.2,0.2,0.8290170881227238,0.8290170881227238,0.823953823953824,0.8375,0.8375,652.9454549659399,693,0.69625,2400
high_noise,21066,fixed_0.35,0.35,0.6951972318528835,0.6951972318528835,0.6883116883116883,0.7179166666666666,0.7179166666666666,652.9454549659399,693,0.69625,2400
high_noise,21066,fixed_0.5,0.5,0.575735700078505,0.575735700078505,0.5714285714285714,0.6229166666666667,0.6229166666666667,652.9454549659399,693,0.69625,2400
high_noise,21066,net_sd_scaled_legacy_style,0.3506279012774462,0.6951972318528835,0.6951972318528835,0.6883116883116883,0.7175,0.7175,652.9454549659399,693,0.69625,2400
high_noise,21067,fixed_0.2,0.2,0.8091186346892439,0.8091186346892439,0.8093278463648834,0.8320833333333333,0.8320833333333333,665.9723392861792,729,0.7095833333333333,2400
high_noise,21067,fixed_0.35,0.35,0.6740187052306349,0.6740187052306349,0.6721536351165981,0.70875,0.70875,665.9723392861792,729,0.7095833333333333,2400
high_noise,21067,fixed_0.5,0.5,0.5537298846703168,0.5537298846703168,0.5528120713305898,0.6058333333333333,0.6058333333333333,665.9723392861792,729,0.7095833333333333,2400
high_noise,21067,net_sd_scaled_legacy_style,0.35339352560861875,0.6697042049668793,0.6697042049668793,0.6680384087791496,0.7054166666666667,0.7054166666666667,665.9723392861792,729,0.7095833333333333,2400
high_noise,21068,fixed_0.2,0.2,0.8218506565718717,0.8218506565718717,0.8207547169811321,0.8179166666666666,0.8179166666666666,684.3582175839376,742,0.7,2400
high_noise,21068,fixed_0.35,0.35,0.7053306946030425,0.7053306946030425,0.7035040431266847,0.715,0.715,684.3582175839376,742,0.7,2400
high_noise,21068,fixed_0.5,0.5,0.5696326146763823,0.5696326146763823,0.568733153638814,0.5979166666666667,0.5979166666666667,684.3582175839376,742,0.7,2400
high_noise,21068,net_sd_scaled_legacy_style,0.33891856987648256,0.7156776989843442,0.7156776989843442,0.7142857142857143,0.72375,0.72375,684.3582175839376,742,0.7,2400
high_noise,21069,fixed_0.2,0.2,0.8445809711864704,0.8445809711864704,0.8455056179775281,0.8395833333333333,0.8395833333333333,652.1456102138502,712,0.6920833333333334,2400
high_noise,21069,fixed_0.35,0.35,0.6836789267462062,0.6836789267462062,0.6797752808988764,0.7125,0.7125,652.1456102138502,712,0.6920833333333334,2400
high_noise,21069,fixed_0.5,0.5,0.5388229496271773,0.5388229496271773,0.5379213483146067,0.5941666666666666,0.5941666666666666,652.1456102138502,712,0.6920833333333334,2400
high_noise,21069,net_sd_scaled_legacy_style,0.34389374285612506,0.6874982306855838,0.6874982306855838,0.6839887640449438,0.7166666666666667,0.7166666666666667,652.1456102138502,712,0.6920833333333334,2400
high_noise,21070,fixed_0.2,0.2,0.8165546095832651,0.8165546095832651,0.8158995815899581,0.8416666666666667,0.8416666666666667,661.9373210875985,717,0.6920833333333334,2400
high_noise,21070,fixed_0.35,0.35,0.6957510578947218,0.6957510578947218,0.6903765690376569,0.7175,0.7175,661.9373210875985,717,0.6920833333333334,2400
high_noise,21070,fixed_0.5,0.5,0.5848877791698288,0.5848877791698288,0.5801952580195258,0.6079166666666667,0.6079166666666667,661.9373210875985,717,0.6920833333333334,2400
high_noise,21070,net_sd_scaled_legacy_style,0.3460922091275532,0.699882885599383,0.699882885599383,0.694560669456067,0.72,0.72,661.9373210875985,717,0.6920833333333334,2400
high_noise,21071,fixed_0.2,0.2,0.8496441320902484,0.8496441320902484,0.8541374474053296,0.8304166666666667,0.8304166666666667,656.0703667922741,713,0.70375,2400
high_noise,21071,fixed_0.35,0.35,0.7107180364307762,0.7107180364307762,0.7180925666199158,0.71125,0.71125,656.0703667922741,713,0.70375,2400
high_noise,21071,fixed_0.5,0.5,0.5847304175104507,0.5847304175104507,0.5932678821879382,0.6154166666666666,0.6154166666666666,656.0703667922741,713,0.70375,2400
high_noise,21071,net_sd_scaled_legacy_style,0.34994045998852497,0.7107180364307762,0.7107180364307762,0.7180925666199158,0.71125,0.71125,656.0703667922741,713,0.70375,2400
high_noise,21072,fixed_0.2,0.2,0.8240368636029968,0.8240368636029968,0.8203677510608204,0.8354166666666667,0.8354166666666667,649.8835108792591,707,0.6941666666666667,2400
high_noise,21072,fixed_0.35,0.35,0.6926876236139605,0.6926876236139605,0.6888260254596889,0.7204166666666667,0.7204166666666667,649.8835108792591,707,0.6941666666666667,2400
high_noise,21072,fixed_0.5,0.5,0.5688564093994273,0.5688564093994273,0.562942008486563,0.6133333333333333,0.6133333333333333,649.8835108792591,707,0.6941666666666667,2400
high_noise,21072,net_sd_scaled_legacy_style,0.35526604774310283,0.6911549713110693,0.6911549713110693,0.6874115983026874,0.7170833333333333,0.7170833333333333,649.8835108792591,707,0.6941666666666667,2400
high_noise,21073,fixed_0.2,0.2,0.8171425321204971,0.8171425321204971,0.8165517241379311,0.8258333333333333,0.8258333333333333,672.7951704991098,725,0.70375,2400
high_noise,21073,fixed_0.35,0.35,0.7319364102279006,0.7319364102279006,0.7310344827586207,0.7254166666666667,0.7254166666666667,672.7951704991098,725,0.70375,2400
high_noise,21073,fixed_0.5,0.5,0.6016939523059839,0.6016939523059839,0.6055172413793104,0.6041666666666666,0.6041666666666666,672.7951704991098,725,0.70375,2400
high_noise,21073,net_sd_scaled_legacy_style,0.3471178171908205,0.7334227466997545,0.7334227466997545,0.7324137931034482,0.7266666666666667,0.7266666666666667,672.7951704991098,725,0.70375,2400
high_noise,21074,fixed_0.2,0.2,0.8245982802186759,0.8245982802186759,0.8264462809917356,0.8454166666666667,0.8454166666666667,674.5154547361396,726,0.7045833333333333,2400
high_noise,21074,fixed_0.35,0.35,0.686851377680774,0.686851377680774,0.6845730027548209,0.7204166666666667,0.7204166666666667,674.5154547361396,726,0.7045833333333333,2400
high_noise,21074,fixed_0.5,0.5,0.5682457315995602,0.5682457315995602,0.5633608815426997,0.6145833333333334,0.6145833333333334,674.5154547361396,726,0.7045833333333333,2400
high_noise,21074,net_sd_scaled_legacy_style,0.3537460279696589,0.6867570639566086,0.6867570639566086,0.6845730027548209,0.7183333333333334,0.7183333333333334,674.5154547361396,726,0.7045833333333333,2400
high_noise,21075,fixed_0.2,0.2,0.8360247042500352,0.8360247042500352,0.8317631224764468,0.8425,0.8425,678.9466655518872,743,0.7045833333333333,2400
high_noise,21075,fixed_0.35,0.35,0.702404752980587,0.702404752980587,0.6985195154777928,0.7233333333333334,0.7233333333333334,678.9466655518872,743,0.7045833333333333,2400
high_noise,21075,fixed_0.5,0.5,0.5588234707557809,0.5588234707557809,0.5558546433378196,0.6108333333333333,0.6108333333333333,678.9466655518872,743,0.7045833333333333,2400
high_noise,21075,net_sd_scaled_legacy_style,0.34553554080838245,0.7071387749916226,0.7071387749916226,0.702557200538358,0.7283333333333334,0.7283333333333334,678.9466655518872,743,0.7045833333333333,2400
high_noise,21076,fixed_0.2,0.2,0.8328869502493328,0.8328869502493328,0.8313782991202346,0.8445833333333334,0.8445833333333334,627.52640614574,682,0.67875,2400
high_noise,21076,fixed_0.35,0.35,0.6893086835870275,0.6893086835870275,0.6891495601173021,0.7229166666666667,0.7229166666666667,627.52640614574,682,0.67875,2400
high_noise,21076,fixed_0.5,0.5,0.5639393169208505,0.5639393169208505,0.5674486803519062,0.6220833333333333,0.6220833333333333,627.52640614574,682,0.67875,2400
high_noise,21076,net_sd_scaled_legacy_style,0.35542423834058967,0.683908248699802,0.683908248699802,0.6832844574780058,0.71875,0.71875,627.52640614574,682,0.67875,2400
high_noise,21077,fixed_0.2,0.2,0.8426958641433909,0.8426958641433909,0.8436154949784792,0.84,0.84,641.874254853685,697,0.6891666666666667,2400
high_noise,21077,fixed_0.35,0.35,0.70357171057136,0.70357171057136,0.7058823529411765,0.72875,0.72875,641.874254853685,697,0.6891666666666667,2400
high_noise,21077,fixed_0.5,0.5,0.5639962138092989,0.5639962138092989,0.5667144906743186,0.6170833333333333,0.6170833333333333,641.874254853685,697,0.6891666666666667,2400
high_noise,21077,net_sd_scaled_legacy_style,0.3511480751103637,0.7016952848555655,0.7016952848555655,0.7044476327116213,0.7279166666666667,0.7279166666666667,641.874254853685,697,0.6891666666666667,2400
high_noise,21078,fixed_0.2,0.2,0.8332597754898502,0.8332597754898502,0.8346666666666667,0.8525,0.8525,678.6674923611688,750,0.6979166666666666,2400
high_noise,21078,fixed_0.35,0.35,0.680537219328873,0.680537219328873,0.68,0.7266666666666667,0.7266666666666667,678.6674923611688,750,0.6979166666666666,2400
high_noise,21078,fixed_0.5,0.5,0.5589095906654262,0.5589095906654262,0.5586666666666666,0.6266666666666667,0.6266666666666667,678.6674923611688,750,0.6979166666666666,2400
high_noise,21078,net_sd_scaled_legacy_style,0.34660236732197724,0.680537219328873,0.680537219328873,0.68,0.7283333333333334,0.7283333333333334,678.6674923611688,750,0.6979166666666666,2400
high_noise,21079,fixed_0.2,0.2,0.832999314924231,0.832999314924231,0.8286516853932584,0.8425,0.8425,655.1708221312999,712,0.6904166666666667,2400
high_noise,21079,fixed_0.35,0.35,0.7080337020413943,0.7080337020413943,0.702247191011236,0.7275,0.7275,655.1708221312999,712,0.6904166666666667,2400
high_noise,21079,fixed_0.5,0.5,0.5850456480344846,0.5850456480344846,0.5814606741573034,0.6216666666666667,0.6216666666666667,655.1708221312999,712,0.6904166666666667,2400
high_noise,21079,net_sd_scaled_legacy_style,0.3557186394523304,0.7075796500182298,0.7075796500182298,0.702247191011236,0.72375,0.72375,655.1708221312999,712,0.6904166666666667,2400
high_noise,21080,fixed_0.2,0.2,0.8212940870284828,0.8212940870284828,0.8226466575716235,0.8370833333333333,0.8370833333333333,673.1419594366938,733,0.7058333333333333,2400
high_noise,21080,fixed_0.35,0.35,0.6741362439786853,0.6741362439786853,0.6712141882673943,0.7129166666666666,0.7129166666666666,673.1419594366938,733,0.7058333333333333,2400
high_noise,21080,fixed_0.5,0.5,0.5530130557286203,0.5530130557286203,0.5538881309686221,0.60625,0.60625,673.1419594366938,733,0.7058333333333333,2400
high_noise,21080,net_sd_scaled_legacy_style,0.34273040986530123,0.6798988985662178,0.6798988985662178,0.6766712141882674,0.7204166666666667,0.7204166666666667,673.1419594366938,733,0.7058333333333333,2400
high_noise,21081,fixed_0.2,0.2,0.8659877408096411,0.8659877408096411,0.86468200270636,0.8579166666666667,0.8579166666666667,675.326826307953,739,0.6995833333333333,2400
high_noise,21081,fixed_0.35,0.35,0.7128357346005807,0.7128357346005807,0.7144790257104194,0.7395833333333334,0.7395833333333334,675.326826307953,739,0.6995833333333333,2400
high_noise,21081,fixed_0.5,0.5,0.5822298779153927,0.5822298779153927,0.577807848443843,0.62125,0.62125,675.326826307953,739,0.6995833333333333,2400
high_noise,21081,net_sd_scaled_legacy_style,0.35042293840724165,0.7128357346005807,0.7128357346005807,0.7144790257104194,0.7395833333333334,0.7395833333333334,675.326826307953,739,0.6995833333333333,2400
high_noise,21082,fixed_0.2,0.2,0.8311442467466506,0.8311442467466506,0.8349650349650349,0.83625,0.83625,664.5594750264551,715,0.7008333333333333,2400
high_noise,21082,fixed_0.35,0.35,0.6998018194698922,0.6998018194698922,0.7006993006993008,0.7320833333333333,0.7320833333333333,664.5594750264551,715,0.7008333333333333,2400
high_noise,21082,fixed_0.5,0.5,0.5694148043409542,0.5694148043409542,0.5706293706293706,0.62125,0.62125,664.5594750264551,715,0.7008333333333333,2400
high_noise,21082,net_sd_scaled_legacy_style,0.3567938073254714,0.6940296636147767,0.6940296636147767,0.6951048951048951,0.7270833333333333,0.7270833333333333,664.5594750264551,715,0.7008333333333333,2400
high_noise,21083,fixed_0.2,0.2,0.8431332451397726,0.8431332451397726,0.845821325648415,0.8425,0.8425,654.9993138711317,694,0.7025,2400
high_noise,21083,fixed_0.35,0.35,0.7093221092855553,0.7093221092855553,0.7118155619596542,0.7208333333333333,0.7208333333333333,654.9993138711317,694,0.7025,2400
high_noise,21083,fixed_0.5,0.5,0.5904565028461211,0.5904565028461211,0.5922190201729106,0.6133333333333333,0.6133333333333333,654.9993138711317,694,0.7025,2400
high_noise,21083,net_sd_scaled_legacy_style,0.3429849808296373,0.7194135673322171,0.7194135673322171,0.7219020172910663,0.7283333333333334,0.7283333333333334,654.9993138711317,694,0.7025,2400
high_noise,21084,fixed_0.2,0.2,0.8224560888822702,0.8224560888822702,0.8232044198895028,0.845,0.845,668.9846408500964,724,0.6970833333333334,2400
high_noise,21084,fixed_0.35,0.35,0.7049427398521856,0.7049427398521856,0.7030386740331491,0.7333333333333333,0.7333333333333333,668.9846408500964,724,0.6970833333333334,2400
high_noise,21084,fixed_0.5,0.5,0.5651257631892604,0.5651257631892604,0.56353591160221,0.62875,0.62875,668.9846408500964,724,0.6970833333333334,2400
high_noise,21084,net_sd_scaled_legacy_style,0.35661497012982524,0.6978373463076956,0.6978373463076956,0.6961325966850829,0.7275,0.7275,668.9846408500964,724,0.6970833333333334,2400
high_noise,21085,fixed_0.2,0.2,0.833576714684716,0.833576714684716,0.8338323353293413,0.8416666666666667,0.8416666666666667,618.3368768030114,668,0.69,2400
high_noise,21085,fixed_0.35,0.35,0.716994262532009,0.716994262532009,0.718562874251497,0.7166666666666667,0.7166666666666667,618.3368768030114,668,0.69,2400
high_noise,21085,fixed_0.5,0.5,0.5930481727807108,0.5930481727807108,0.594311377245509,0.6054166666666667,0.6054166666666667,618.3368768030114,668,0.69,2400
high_noise,21085,net_sd_scaled_legacy_style,0.33993886664594336,0.7256228034512572,0.7256228034512572,0.7275449101796407,0.725,0.725,618.3368768030114,668,0.69,2400
high_noise,21086,fixed_0.2,0.2,0.8365634640662283,0.8365634640662283,0.8389830508474576,0.8508333333333333,0.8508333333333333,656.7855372600661,708,0.6975,2400
high_noise,21086,fixed_0.35,0.35,0.7052199972933924,0.7052199972933924,0.7048022598870056,0.7358333333333333,0.7358333333333333,656.7855372600661,708,0.6975,2400
high_noise,21086,fixed_0.5,0.5,0.5599019734894227,0.5599019734894227,0.559322033898305,0.6145833333333334,0.6145833333333334,656.7855372600661,708,0.6975,2400
high_noise,21086,net_sd_scaled_legacy_style,0.3486090096721048,0.7052199972933924,0.7052199972933924,0.7048022598870056,0.7366666666666667,0.7366666666666667,656.7855372600661,708,0.6975,2400
high_noise,21087,fixed_0.2,0.2,0.8219256028132076,0.8219256028132076,0.8149659863945579,0.8333333333333334,0.8333333333333334,675.4780768694309,735,0.7033333333333334,2400
high_noise,21087,fixed_0.35,0.35,0.7003615003670708,0.7003615003670708,0.6938775510204082,0.73875,0.73875,675.4780768694309,735,0.7033333333333334,2400
high_noise,21087,fixed_0.5,0.5,0.5871403411503036,0.5871403411503036,0.582312925170068,0.625,0.625,675.4780768694309,735,0.7033333333333334,2400
high_noise,21087,net_sd_scaled_legacy_style,0.3482530690908415,0.7003615003670708,0.7003615003670708,0.6938775510204082,0.7395833333333334,0.7395833333333334,675.4780768694309,735,0.7033333333333334,2400
high_noise,21088,fixed_0.2,0.2,0.8433838061909766,0.8433838061909766,0.8428184281842819,0.85125,0.85125,679.1528788626093,738,0.7025,2400
high_noise,21088,fixed_0.35,0.35,0.7157390857240139,0.7157390857240139,0.7154471544715447,0.7329166666666667,0.7329166666666667,679.1528788626093,738,0.7025,2400
high_noise,21088,fixed_0.5,0.5,0.589657350320709,0.589657350320709,0.5867208672086721,0.62,0.62,679.1528788626093,738,0.7025,2400
high_noise,21088,net_sd_scaled_legacy_style,0.34417627261627043,0.7198560634302391,0.7198560634302391,0.7195121951219512,0.7370833333333333,0.7370833333333333,679.1528788626093,738,0.7025,2400
high_noise,21089,fixed_0.2,0.2,0.8091731866368134,0.8091731866368134,0.8059071729957806,0.8416666666666667,0.8416666666666667,664.6700918905933,711,0.7029166666666666,2400
high_noise,21089,fixed_0.35,0.35,0.6727844668218487,0.6727844668218487,0.6652601969057665,0.7258333333333333,0.7258333333333333,664.6700918905933,711,0.7029166666666666,2400
high_noise,21089,fixed_0.5,0.5,0.5439162621413118,0.5439162621413118,0.540084388185654,0.6154166666666666,0.6154166666666666,664.6700918905933,711,0.7029166666666666,2400
high_noise,21089,net_sd_scaled_legacy_style,0.3484434410337342,0.6727844668218487,0.6727844668218487,0.6652601969057665,0.7266666666666667,0.7266666666666667,664.6700918905933,711,0.7029166666666666,2400
high_noise,21090,fixed_0.2,0.2,0.847257107116072,0.847257107116072,0.8454172366621067,0.8470833333333333,0.8470833333333333,673.3783664409508,731,0.7025,2400
high_noise,21090,fixed_0.35,0.35,0.7006583754178111,0.7006583754178111,0.7004103967168263,0.72625,0.72625,673.3783664409508,731,0.7025,2400
high_noise,21090,fixed_0.5,0.5,0.5813075698984289,0.5813075698984289,0.5813953488372093,0.6229166666666667,0.6229166666666667,673.3783664409508,731,0.7025,2400
high_noise,21090,net_sd_scaled_legacy_style,0.3563430928228926,0.6965846169016378,0.6965846169016378,0.6963064295485636,0.7216666666666667,0.7216666666666667,673.3783664409508,731,0.7025,2400
high_noise,21091,fixed_0.2,0.2,0.8390015797833467,0.8390015797833467,0.8383152173913043,0.8475,0.8475,682.8901037267378,736,0.7191666666666666,2400
high_noise,21091,fixed_0.35,0.35,0.7181685630279504,0.7181685630279504,0.717391304347826,0.7395833333333334,0.7395833333333334,682.8901037267378,736,0.7191666666666666,2400
high_noise,21091,fixed_0.5,0.5,0.5700150833077055,0.5700150833077055,0.5692934782608695,0.6220833333333333,0.6220833333333333,682.8901037267378,736,0.7191666666666666,2400
high_noise,21091,net_sd_scaled_legacy_style,0.3573761542801549,0.7141747707432852,0.7141747707432852,0.7133152173913043,0.7325,0.7325,682.8901037267378,736,0.7191666666666666,2400
high_noise,21092,fixed_0.2,0.2,0.840847863761501,0.840847863761501,0.8410041841004184,0.8325,0.8325,669.7002066821765,717,0.7095833333333333,2400
high_noise,21092,fixed_0.35,0.35,0.7107196780707612,0.7107196780707612,0.7112970711297071,0.71875,0.71875,669.7002066821765,717,0.7095833333333333,2400
high_noise,21092,fixed_0.5,0.5,0.6073932680490796,0.6073932680490796,0.6080892608089261,0.6216666666666667,0.6216666666666667,669.7002066821765,717,0.7095833333333333,2400
high_noise,21092,net_sd_scaled_legacy_style,0.35064541059374654,0.7107196780707612,0.7107196780707612,0.7112970711297071,0.71875,0.71875,669.7002066821765,717,0.7095833333333333,2400
high_noise,21093,fixed_0.2,0.2,0.861957141117426,0.861957141117426,0.8601398601398601,0.8483333333333334,0.8483333333333334,667.8022626256859,715,0.6979166666666666,2400
high_noise,21093,fixed_0.35,0.35,0.7326853902401702,0.7326853902401702,0.7286713286713287,0.7279166666666667,0.7279166666666667,667.8022626256859,715,0.6979166666666666,2400
high_noise,21093,fixed_0.5,0.5,0.594555568081419,0.594555568081419,0.5902097902097903,0.6166666666666667,0.6166666666666667,667.8022626256859,715,0.6979166666666666,2400
high_noise,21093,net_sd_scaled_legacy_style,0.34447335401747303,0.739458113338399,0.739458113338399,0.7356643356643356,0.73625,0.73625,667.8022626256859,715,0.6979166666666666,2400
high_noise,21094,fixed_0.2,0.2,0.8231884862626137,0.8231884862626137,0.8279266572637518,0.8329166666666666,0.8329166666666666,658.7346875227249,709,0.6970833333333334,2400
high_noise,21094,fixed_0.35,0.35,0.6951187160685119,0.6951187160685119,0.6995768688293371,0.7133333333333334,0.7133333333333334,658.7346875227249,709,0.6970833333333334,2400
high_noise,21094,fixed_0.5,0.5,0.5723713672141281,0.5723713672141281,0.5754583921015515,0.6083333333333333,0.6083333333333333,658.7346875227249,709,0.6970833333333334,2400
high_noise,21094,net_sd_scaled_legacy_style,0.34606416706954013,0.69815483977337,0.69815483977337,0.7023977433004231,0.7158333333333333,0.7158333333333333,658.7346875227249,709,0.6970833333333334,2400
high_noise,21095,fixed_0.2,0.2,0.8458216573338496,0.8458216573338496,0.8488888888888889,0.8470833333333333,0.8470833333333333,631.0901018701411,675,0.6854166666666667,2400
high_noise,21095,fixed_0.35,0.35,0.7097797538559911,0.7097797538559911,0.7125925925925926,0.73625,0.73625,631.0901018701411,675,0.6854166666666667,2400
high_noise,21095,fixed_0.5,0.5,0.5832024029458361,0.5832024029458361,0.5881481481481482,0.6283333333333333,0.6283333333333333,631.0901018701411,675,0.6854166666666667,2400
high_noise,21095,net_sd_scaled_legacy_style,0.3599890758922629,0.6958514624347335,0.6958514624347335,0.6977777777777778,0.7258333333333333,0.7258333333333333,631.0901018701411,675,0.6854166666666667,2400
high_noise,21096,fixed_0.2,0.2,0.8379764412196019,0.8379764412196019,0.8330914368650217,0.8370833333333333,0.8370833333333333,642.2370337633193,689,0.6979166666666666,2400
high_noise,21096,fixed_0.35,0.35,0.7071153932851157,0.7071153932851157,0.7039187227866474,0.7220833333333333,0.7220833333333333,642.2370337633193,689,0.6979166666666666,2400
high_noise,21096,fixed_0.5,0.5,0.5670691496123577,0.5670691496123577,0.5631349782293179,0.6033333333333334,0.6033333333333334,642.2370337633193,689,0.6979166666666666,2400
high_noise,21096,net_sd_scaled_legacy_style,0.3451698114633887,0.7149397219597213,0.7149397219597213,0.7111756168359942,0.7275,0.7275,642.2370337633193,689,0.6979166666666666,2400
high_noise,21097,fixed_0.2,0.2,0.8515060072422693,0.8515060072422693,0.8505747126436781,0.8404166666666667,0.8404166666666667,638.0597872196588,696,0.695,2400
high_noise,21097,fixed_0.35,0.35,0.7031084387515261,0.7031084387515261,0.6982758620689655,0.7141666666666666,0.7141666666666666,638.0597872196588,696,0.695,2400
high_noise,21097,fixed_0.5,0.5,0.5996715115372603,0.5996715115372603,0.5991379310344828,0.6170833333333333,0.6170833333333333,638.0597872196588,696,0.695,2400
high_noise,21097,net_sd_scaled_legacy_style,0.33890945916686244,0.7094381577325237,0.7094381577325237,0.7040229885057471,0.7195833333333334,0.7195833333333334,638.0597872196588,696,0.695,2400
high_noise,21098,fixed_0.2,0.2,0.8436419795336073,0.8436419795336073,0.8388017118402282,0.8504166666666667,0.8504166666666667,647.0590053400572,701,0.6891666666666667,2400
high_noise,21098,fixed_0.35,0.35,0.7187743519843728,0.7187743519843728,0.7146932952924394,0.7329166666666667,0.7329166666666667,647.0590053400572,701,0.6891666666666667,2400
high_noise,21098,fixed_0.5,0.5,0.5804698507389628,0.5804698507389628,0.5748930099857347,0.6195833333333334,0.6195833333333334,647.0590053400572,701,0.6891666666666667,2400
high_noise,21098,net_sd_scaled_legacy_style,0.3524676358527838,0.7187743519843728,0.7187743519843728,0.7146932952924394,0.7316666666666667,0.7316666666666667,647.0590053400572,701,0.6891666666666667,2400
high_noise,21099,fixed_0.2,0.2,0.8256147633474298,0.8256147633474298,0.8227146814404432,0.8491666666666666,0.8491666666666666,673.7381352258947,722,0.7025,2400
high_noise,21099,fixed_0.35,0.35,0.709123214532171,0.709123214532171,0.7049861495844876,0.7358333333333333,0.7358333333333333,673.7381352258947,722,0.7025,2400
high_noise,21099,fixed_0.5,0.5,0.5807804183833203,0.5807804183833203,0.5789473684210527,0.6270833333333333,0.6270833333333333,673.7381352258947,722,0.7025,2400
high_noise,21099,net_sd_scaled_legacy_style,0.35302346488422515,0.7064782966422002,0.7064782966422002,0.7022160664819944,0.73375,0.73375,673.7381352258947,722,0.7025,2400
high_noise,21100,fixed_0.2,0.2,0.8451315106211571,0.8451315106211571,0.844851904090268,0.84375,0.84375,658.1018867262808,709,0.6933333333333334,2400
high_noise,21100,fixed_0.35,0.35,0.7194556688809537,0.7194556688809537,0.7193229901269393,0.7204166666666667,0.7204166666666667,658.1018867262808,709,0.6933333333333334,2400
high_noise,21100,fixed_0.5,0.5,0.6060807975099708,0.6060807975099708,0.6064880112834978,0.6216666666666667,0.6216666666666667,658.1018867262808,709,0.6933333333333334,2400
high_noise,21100,net_sd_scaled_legacy_style,0.3453214889314846,0.724125798937212,0.724125798937212,0.7249647390691114,0.72375,0.72375,658.1018867262808,709,0.6933333333333334,2400
cancellation_050,21001,fixed_0.2,0.2,0.8942923141185927,0.6821287194234325,0.8958031837916064,0.92125,0.73875,639.1892031100003,691,0.69375,2400
cancellation_050,21001,fixed_0.35,0.35,0.7712038654369271,0.4506576310728943,0.7713458755426917,0.8016666666666666,0.5379166666666667,639.1892031100003,691,0.69375,2400
cancellation_050,21001,fixed_0.5,0.5,0.604844379382074,0.2595033349250616,0.6005788712011577,0.6566666666666666,0.38166666666666665,639.1892031100003,691,0.69375,2400
cancellation_050,21001,net_sd_scaled_legacy_style,0.20113371301763683,0.8927278321230669,0.6807553085613439,0.894356005788712,0.9208333333333333,0.7379166666666667,639.1892031100003,691,0.69375,2400
cancellation_050,21002,fixed_0.2,0.2,0.9073144901308157,0.6980064578837021,0.9094827586206896,0.9191666666666667,0.7466666666666667,648.5276416188947,696,0.6929166666666666,2400
cancellation_050,21002,fixed_0.35,0.35,0.769715718543686,0.4656039773237402,0.7701149425287356,0.7929166666666667,0.5620833333333334,648.5276416188947,696,0.6929166666666666,2400
cancellation_050,21002,fixed_0.5,0.5,0.6245701012008081,0.2920707578599452,0.6235632183908046,0.6645833333333333,0.40208333333333335,648.5276416188947,696,0.6929166666666666,2400
cancellation_050,21002,net_sd_scaled_legacy_style,0.20666332838055307,0.9032279337816345,0.6864505932336868,0.9051724137931034,0.9133333333333333,0.7391666666666666,648.5276416188947,696,0.6929166666666666,2400
cancellation_050,21003,fixed_0.2,0.2,0.9042787884901669,0.6992557817305712,0.9023066485753053,0.9229166666666667,0.74625,678.9577988181184,737,0.7079166666666666,2400
cancellation_050,21003,fixed_0.35,0.35,0.7428008476032424,0.48320841198193853,0.7421981004070556,0.79375,0.55875,678.9577988181184,737,0.7079166666666666,2400
cancellation_050,21003,fixed_0.5,0.5,0.6383377029294213,0.3053539028301466,0.6363636363636364,0.6808333333333333,0.40375,678.9577988181184,737,0.7079166666666666,2400
cancellation_050,21003,net_sd_scaled_legacy_style,0.20175912797277276,0.9041313865424174,0.6977829361402551,0.9023066485753053,0.92125,0.7429166666666667,678.9577988181184,737,0.7079166666666666,2400
cancellation_050,21004,fixed_0.2,0.2,0.9139758309197806,0.7117477475674914,0.9135446685878963,0.92125,0.72625,641.4567536947249,694,0.6979166666666666,2400
cancellation_050,21004,fixed_0.35,0.35,0.7916982356613042,0.5025779151436858,0.7896253602305475,0.8054166666666667,0.55125,641.4567536947249,694,0.6979166666666666,2400
cancellation_050,21004,fixed_0.5,0.5,0.6347899726746199,0.29936859910532276,0.6340057636887608,0.6670833333333334,0.3925,641.4567536947249,694,0.6979166666666666,2400
cancellation_050,21004,net_sd_scaled_legacy_style,0.2051589203699938,0.9108420855879794,0.7026014334158212,0.9106628242074928,0.9166666666666666,0.7208333333333333,641.4567536947249,694,0.6979166666666666,2400
cancellation_050,21005,fixed_0.2,0.2,0.9115716271925873,0.6780221436454861,0.9121813031161473,0.9166666666666666,0.7316666666666667,653.3814549759894,706,0.6933333333333334,2400
cancellation_050,21005,fixed_0.35,0.35,0.7722294717266818,0.4818369116922177,0.7677053824362606,0.79875,0.5479166666666667,653.3814549759894,706,0.6933333333333334,2400
cancellation_050,21005,fixed_0.5,0.5,0.6237521134551274,0.2804817121347293,0.6203966005665722,0.6670833333333334,0.3879166666666667,653.3814549759894,706,0.6933333333333334,2400
cancellation_050,21005,net_sd_scaled_legacy_style,0.20450540474281745,0.9034988240703463,0.6708045746887963,0.9036827195467422,0.91375,0.72625,653.3814549759894,706,0.6933333333333334,2400
cancellation_050,21006,fixed_0.2,0.2,0.913976148553782,0.6839477945023853,0.9129834254143646,0.9216666666666666,0.7254166666666667,663.8407762900783,724,0.6991666666666667,2400
cancellation_050,21006,fixed_0.35,0.35,0.7604929156911149,0.47208197476947855,0.7582872928176796,0.79125,0.54375,663.8407762900783,724,0.6991666666666667,2400
cancellation_050,21006,fixed_0.5,0.5,0.5975721469924722,0.27739979540972803,0.5966850828729282,0.6495833333333333,0.37833333333333335,663.8407762900783,724,0.6991666666666667,2400
cancellation_050,21006,net_sd_scaled_legacy_style,0.19545671668745165,0.9150520601292682,0.6875886355018873,0.914364640883978,0.9241666666666667,0.7291666666666666,663.8407762900783,724,0.6991666666666667,2400
cancellation_050,21007,fixed_0.2,0.2,0.9137185523594951,0.6438215496884357,0.91,0.9245833333333333,0.7279166666666667,649.3315479577609,700,0.6883333333333334,2400
cancellation_050,21007,fixed_0.35,0.35,0.7578287653581783,0.4275252969443799,0.7557142857142857,0.8045833333333333,0.5470833333333334,649.3315479577609,700,0.6883333333333334,2400
cancellation_050,21007,fixed_0.5,0.5,0.5966556205676317,0.2639765700117186,0.5957142857142858,0.6720833333333334,0.38875,649.3315479577609,700,0.6883333333333334,2400
cancellation_050,21007,net_sd_scaled_legacy_style,0.20520942255403088,0.9091515997426981,0.6372865630699855,0.9057142857142857,0.92,0.7233333333333334,649.3315479577609,700,0.6883333333333334,2400
cancellation_050,21008,fixed_0.2,0.2,0.9040758726060882,0.6682187705462465,0.9021739130434783,0.9241666666666667,0.7233333333333334,678.2350677903803,736,0.70625,2400
cancellation_050,21008,fixed_0.35,0.35,0.7481258786681709,0.4272970746258171,0.7404891304347826,0.8020833333333334,0.5391666666666667,678.2350677903803,736,0.70625,2400
cancellation_050,21008,fixed_0.5,0.5,0.5929754621979985,0.24699949121744766,0.5883152173913043,0.66125,0.39125,678.2350677903803,736,0.70625,2400
cancellation_050,21008,net_sd_scaled_legacy_style,0.20360351541651325,0.9011270424806926,0.6680239949567695,0.8994565217391305,0.9216666666666666,0.7195833333333334,678.2350677903803,736,0.70625,2400
cancellation_050,21009,fixed_0.2,0.2,0.9098774613396946,0.6763683249281681,0.9082191780821918,0.9216666666666666,0.72125,670.7605478522967,730,0.7104166666666667,2400
cancellation_050,21009,fixed_0.35,0.35,0.7436339317517415,0.441950576655649,0.7438356164383562,0.7883333333333333,0.5241666666666667,670.7605478522967,730,0.7104166666666667,2400
cancellation_050,21009,fixed_0.5,0.5,0.5977365383547302,0.26958300179417305,0.5986301369863014,0.66625,0.3729166666666667,670.7605478522967,730,0.7104166666666667,2400
cancellation_050,21009,net_sd_scaled_legacy_style,0.19788141719067062,0.9114940188971151,0.6781836465343224,0.9095890410958904,0.9245833333333333,0.7245833333333334,670.7605478522967,730,0.7104166666666667,2400
cancellation_050,21010,fixed_0.2,0.2,0.8965023947426284,0.6886596538183266,0.8975817923186344,0.9195833333333333,0.7333333333333333,651.6708690901535,703,0.705,2400
cancellation_050,21010,fixed_0.35,0.35,0.7580696603765122,0.46340010649634245,0.7581792318634424,0.8025,0.5516666666666666,651.6708690901535,703,0.705,2400
cancellation_050,21010,fixed_0.5,0.5,0.6217810669660276,0.28420520298410706,0.6244665718349929,0.66875,0.38958333333333334,651.6708690901535,703,0.705,2400
cancellation_050,21010,net_sd_scaled_legacy_style,0.2047295775125657,0.8949678777840965,0.677982063012357,0.8961593172119487,0.91875,0.7241666666666666,651.6708690901535,703,0.705,2400
cancellation_050,21011,fixed_0.2,0.2,0.9121996354505637,0.6728098640649688,0.9118942731277533,0.92625,0.72625,625.9300406775063,681,0.6895833333333333,2400
cancellation_050,21011,fixed_0.35,0.35,0.775637398707862,0.43654329749116944,0.7767988252569751,0.8045833333333333,0.545,625.9300406775063,681,0.6895833333333333,2400
cancellation_050,21011,fixed_0.5,0.5,0.6417022347510801,0.2766518883582285,0.6417033773861968,0.6825,0.39416666666666667,625.9300406775063,681,0.6895833333333333,2400
cancellation_050,21011,net_sd_scaled_legacy_style,0.20197717434630483,0.9115658444897982,0.6671326749630032,0.9118942731277533,0.9245833333333333,0.7233333333333334,625.9300406775063,681,0.6895833333333333,2400
cancellation_050,21012,fixed_0.2,0.2,0.900861965447018,0.642784756848243,0.9042089985486212,0.9179166666666667,0.72125,634.6520841975043,689,0.68375,2400
cancellation_050,21012,fixed_0.35,0.35,0.7686461595395672,0.4306443302910524,0.7706821480406386,0.795,0.5520833333333334,634.6520841975043,689,0.68375,2400
cancellation_050,21012,fixed_0.5,0.5,0.602637137806063,0.25488867131000714,0.5979680696661829,0.6570833333333334,0.39166666666666666,634.6520841975043,689,0.68375,2400
cancellation_050,21012,net_sd_scaled_legacy_style,0.20416790366860385,0.8935501067499341,0.6362532747186286,0.8969521044992743,0.9145833333333333,0.7158333333333333,634.6520841975043,689,0.68375,2400
cancellation_050,21013,fixed_0.2,0.2,0.8952857250036297,0.6600659750816337,0.889795918367347,0.9108333333333334,0.7166666666666667,680.098264625341,735,0.70875,2400
cancellation_050,21013,fixed_0.35,0.35,0.7729249023306553,0.4516931948579477,0.763265306122449,0.7995833333333333,0.5320833333333334,680.098264625341,735,0.70875,2400
cancellation_050,21013,fixed_0.5,0.5,0.6158292863593922,0.2840797877396817,0.6068027210884354,0.66375,0.38166666666666665,680.098264625341,735,0.70875,2400
cancellation_050,21013,net_sd_scaled_legacy_style,0.20150431152704165,0.8952857250036297,0.6560782863824665,0.889795918367347,0.9104166666666667,0.7141666666666666,680.098264625341,735,0.70875,2400
cancellation_050,21014,fixed_0.2,0.2,0.8945982527697192,0.6385194686730346,0.8920454545454546,0.9154166666666667,0.7104166666666667,649.7620074022116,704,0.6854166666666667,2400
cancellation_050,21014,fixed_0.35,0.35,0.7581101007666646,0.4259692817554995,0.7571022727272727,0.7895833333333333,0.5308333333333334,649.7620074022116,704,0.6854166666666667,2400
cancellation_050,21014,fixed_0.5,0.5,0.6102241478808288,0.26832205953726423,0.6079545454545454,0.6616666666666666,0.3745833333333333,649.7620074022116,704,0.6854166666666667,2400
cancellation_050,21014,net_sd_scaled_legacy_style,0.20210630153558504,0.8917126753145912,0.6366910786254179,0.8892045454545454,0.91375,0.7066666666666667,649.7620074022116,704,0.6854166666666667,2400
cancellation_050,21015,fixed_0.2,0.2,0.905900980965798,0.6725599485483771,0.9095890410958904,0.91375,0.7116666666666667,670.9605839147077,730,0.705,2400
cancellation_050,21015,fixed_0.35,0.35,0.7488867876138062,0.4453683473403914,0.7506849315068493,0.7933333333333333,0.52,670.9605839147077,730,0.705,2400
cancellation_050,21015,fixed_0.5,0.5,0.6086618630446022,0.2755812703339848,0.6123287671232877,0.66125,0.37375,670.9605839147077,730,0.705,2400
cancellation_050,21015,net_sd_scaled_legacy_style,0.1994768750325561,0.905900980965798,0.6725599485483771,0.9095890410958904,0.91375,0.7116666666666667,670.9605839147077,730,0.705,2400
cancellation_050,21016,fixed_0.2,0.2,0.8980065025066879,0.6801665885546544,0.9,0.91875,0.7366666666666667,654.1331291566754,710,0.6925,2400
cancellation_050,21016,fixed_0.35,0.35,0.7695801573687195,0.46632338767114123,0.7704225352112676,0.8058333333333333,0.5583333333333333,654.1331291566754,710,0.6925,2400
cancellation_050,21016,fixed_0.5,0.5,0.6088221620629167,0.2955408709008491,0.6112676056338028,0.67375,0.39791666666666664,654.1331291566754,710,0.6925,2400
cancellation_050,21016,net_sd_scaled_legacy_style,0.20297644705070428,0.8951751189781305,0.677680871617629,0.8971830985915493,0.91625,0.7333333333333333,654.1331291566754,710,0.6925,2400
cancellation_050,21017,fixed_0.2,0.2,0.9294232625608908,0.6949018823888854,0.9316239316239316,0.925,0.7370833333333333,651.1397164599116,702,0.6920833333333334,2400
cancellation_050,21017,fixed_0.35,0.35,0.7905003564290402,0.49160698310967155,0.7948717948717948,0.8079166666666666,0.5608333333333333,651.1397164599116,702,0.6920833333333334,2400
cancellation_050,21017,fixed_0.5,0.5,0.628050254700168,0.2861032386649432,0.6324786324786325,0.6670833333333334,0.39416666666666667,651.1397164599116,702,0.6920833333333334,2400
cancellation_050,21017,net_sd_scaled_legacy_style,0.20651393966123197,0.92211002045971,0.6873303329206564,0.9245014245014245,0.9208333333333333,0.7275,651.1397164599116,702,0.6920833333333334,2400
cancellation_050,21018,fixed_0.2,0.2,0.9287108828581423,0.7119425981653302,0.925764192139738,0.9229166666666667,0.7516666666666667,634.9993184566729,687,0.6779166666666666,2400
cancellation_050,21018,fixed_0.35,0.35,0.7789802457396736,0.4935790932475235,0.7729257641921398,0.79375,0.5579166666666666,634.9993184566729,687,0.6779166666666666,2400
cancellation_050,21018,fixed_0.5,0.5,0.6228458794814282,0.30748437243838284,0.6142649199417758,0.6558333333333334,0.39416666666666667,634.9993184566729,687,0.6779166666666666,2400
cancellation_050,21018,net_sd_scaled_legacy_style,0.20588512066969472,0.9254537057569138,0.7044556042469088,0.9228529839883551,0.92,0.745,634.9993184566729,687,0.6779166666666666,2400
cancellation_050,21019,fixed_0.2,0.2,0.9222756455862582,0.7097443059802917,0.921015514809591,0.9245833333333333,0.74375,655.1742720407997,709,0.6958333333333333,2400
cancellation_050,21019,fixed_0.35,0.35,0.7874244352255478,0.48160549900771354,0.7884344146685472,0.8020833333333334,0.5616666666666666,655.1742720407997,709,0.6958333333333333,2400
cancellation_050,21019,fixed_0.5,0.5,0.6298229579521687,0.29299163681225726,0.6262341325811002,0.6675,0.3929166666666667,655.1742720407997,709,0.6958333333333333,2400
cancellation_050,21019,net_sd_scaled_legacy_style,0.20546620232942847,0.9193144670318191,0.6981841022007305,0.918194640338505,0.92,0.7370833333333333,655.1742720407997,709,0.6958333333333333,2400
cancellation_050,21020,fixed_0.2,0.2,0.8995404365078309,0.6749313918916158,0.9026798307475318,0.92375,0.7341666666666666,661.6004223694127,709,0.6991666666666667,2400
cancellation_050,21020,fixed_0.35,0.35,0.7689028959935043,0.4095847299536375,0.770098730606488,0.80375,0.5454166666666667,661.6004223694127,709,0.6991666666666667,2400
cancellation_050,21020,fixed_0.5,0.5,0.6038120693687407,0.24452927775762628,0.6022566995768688,0.66625,0.3925,661.6004223694127,709,0.6991666666666667,2400
cancellation_050,21020,net_sd_scaled_legacy_style,0.20327979616259323,0.8983588007812577,0.6668671812152726,0.9012693935119888,0.9220833333333334,0.7295833333333334,661.6004223694127,709,0.6991666666666667,2400
cancellation_050,21021,fixed_0.2,0.2,0.8900059691262424,0.6741287175460047,0.8822714681440443,0.91625,0.725,665.5767087485513,722,0.695,2400
cancellation_050,21021,fixed_0.35,0.35,0.7425303634610582,0.4715517078650693,0.7326869806094183,0.7945833333333333,0.54625,665.5767087485513,722,0.695,2400
cancellation_050,21021,fixed_0.5,0.5,0.5809940935324966,0.30269758408406144,0.5734072022160664,0.6695833333333333,0.4,665.5767087485513,722,0.695,2400
cancellation_050,21021,net_sd_scaled_legacy_style,0.20379782117134354,0.8861717928784054,0.6661235092434997,0.8781163434903048,0.9145833333333333,0.7208333333333333,665.5767087485513,722,0.695,2400
cancellation_050,21022,fixed_0.2,0.2,0.9108790376370164,0.6537703215125636,0.9130434782608695,0.9166666666666666,0.72875,657.8401130453778,713,0.6966666666666667,2400
cancellation_050,21022,fixed_0.35,0.35,0.7674413880490384,0.41993692530476734,0.7685834502103787,0.7945833333333333,0.5345833333333333,657.8401130453778,713,0.6966666666666667,2400
cancellation_050,21022,fixed_0.5,0.5,0.6036525593727439,0.27905331161446517,0.6072931276297335,0.66,0.3883333333333333,657.8401130453778,713,0.6966666666666667,2400
cancellation_050,21022,net_sd_scaled_legacy_style,0.20345173277917386,0.9063837760561766,0.6489842365544837,0.908835904628331,0.9129166666666667,0.7233333333333334,657.8401130453778,713,0.6966666666666667,2400
cancellation_050,21023,fixed_0.2,0.2,0.911863191269317,0.7004271921225832,0.9118457300275482,0.9204166666666667,0.73125,663.4229693922166,726,0.6958333333333333,2400
cancellation_050,21023,fixed_0.35,0.35,0.7736375263858902,0.4915219372129547,0.7699724517906336,0.8108333333333333,0.5445833333333333,663.4229693922166,726,0.6958333333333333,2400
cancellation_050,21023,fixed_0.5,0.5,0.6311444922413044,0.3119823046686445,0.6267217630853994,0.6791666666666667,0.395,663.4229693922166,726,0.6958333333333333,2400
cancellation_050,21023,net_sd_scaled_legacy_style,0.20671751885396691,0.9021785581183096,0.6903535762623983,0.9022038567493113,0.9158333333333334,0.7220833333333333,663.4229693922166,726,0.6958333333333333,2400
cancellation_050,21024,fixed_0.2,0.2,0.9108422471896689,0.7030180375177095,0.9113924050632911,0.9245833333333333,0.7433333333333333,662.2218435355381,711,0.7025,2400
cancellation_050,21024,fixed_0.35,0.35,0.7676907763923253,0.4588068783282145,0.7637130801687764,0.8029166666666666,0.5520833333333334,662.2218435355381,711,0.7025,2400
cancellation_050,21024,fixed_0.5,0.5,0.6095333133370052,0.2709273981418404,0.6019690576652602,0.6729166666666667,0.38458333333333333,662.2218435355381,711,0.7025,2400
cancellation_050,21024,net_sd_scaled_legacy_style,0.20106937850435283,0.9093321792120542,0.700336292767999,0.909985935302391,0.9241666666666667,0.7425,662.2218435355381,711,0.7025,2400
cancellation_050,21025,fixed_0.2,0.2,0.8950510046807855,0.6651946664940391,0.8977591036414566,0.9204166666666667,0.7329166666666667,667.752440531416,714,0.70625,2400
cancellation_050,21025,fixed_0.35,0.35,0.7549545021187122,0.45200486173933324,0.757703081232493,0.7975,0.5383333333333333,667.752440531416,714,0.70625,2400
cancellation_050,21025,fixed_0.5,0.5,0.6133618872545181,0.2768079344653268,0.6176470588235294,0.6683333333333333,0.37666666666666665,667.752440531416,714,0.70625,2400
cancellation_050,21025,net_sd_scaled_legacy_style,0.20186725502346223,0.8935534436996467,0.6623075183315679,0.896358543417367,0.9191666666666667,0.73125,667.752440531416,714,0.70625,2400
cancellation_050,21026,fixed_0.2,0.2,0.89092905035892,0.6701088209455491,0.8941504178272981,0.9175,0.73,664.8955437755242,718,0.70125,2400
cancellation_050,21026,fixed_0.35,0.35,0.7510050869502228,0.4309095294304612,0.754874651810585,0.7958333333333333,0.5345833333333333,664.8955437755242,718,0.70125,2400
cancellation_050,21026,fixed_0.5,0.5,0.6044859822616228,0.2683976047111601,0.6044568245125348,0.6629166666666667,0.38708333333333333,664.8955437755242,718,0.70125,2400
cancellation_050,21026,net_sd_scaled_legacy_style,0.20548809764458445,0.8816704557758173,0.66033734457282,0.8844011142061281,0.9116666666666666,0.7241666666666666,664.8955437755242,718,0.70125,2400
cancellation_050,21027,fixed_0.2,0.2,0.9000732667569334,0.6790511033868296,0.8980446927374302,0.93,0.7508333333333334,658.1953877643841,716,0.6929166666666666,2400
cancellation_050,21027,fixed_0.35,0.35,0.7463884622985217,0.45087916837204484,0.7458100558659218,0.80625,0.5675,658.1953877643841,716,0.6929166666666666,2400
cancellation_050,21027,fixed_0.5,0.5,0.6072521969701451,0.2853514435982152,0.6075418994413407,0.67625,0.40791666666666665,658.1953877643841,716,0.6929166666666666,2400
cancellation_050,21027,net_sd_scaled_legacy_style,0.20905027092766365,0.8895995460531961,0.6587517340062082,0.888268156424581,0.9216666666666666,0.73625,658.1953877643841,716,0.6929166666666666,2400
cancellation_050,21028,fixed_0.2,0.2,0.9072200221935984,0.675477148037445,0.9086021505376344,0.91875,0.7370833333333333,683.1880889627016,744,0.7116666666666667,2400
cancellation_050,21028,fixed_0.35,0.35,0.763142939922907,0.44142346127564724,0.7634408602150538,0.7916666666666666,0.5541666666666667,683.1880889627016,744,0.7116666666666667,2400
cancellation_050,21028,fixed_0.5,0.5,0.6086519553673557,0.27063906532102616,0.6102150537634409,0.6629166666666667,0.3908333333333333,683.1880889627016,744,0.7116666666666667,2400
cancellation_050,21028,net_sd_scaled_legacy_style,0.2038758506346951,0.9072200221935984,0.6675090978154306,0.9086021505376344,0.9179166666666667,0.7316666666666667,683.1880889627016,744,0.7116666666666667,2400
cancellation_050,21029,fixed_0.2,0.2,0.9110841900457911,0.6921791698180215,0.9062957540263543,0.9229166666666667,0.7370833333333333,634.2490296834014,683,0.6833333333333333,2400
cancellation_050,21029,fixed_0.35,0.35,0.7583169353893257,0.4570226635079344,0.7540263543191801,0.7958333333333333,0.54375,634.2490296834014,683,0.6833333333333333,2400
cancellation_050,21029,fixed_0.5,0.5,0.6031920772267888,0.255549137439752,0.6017569546120058,0.67125,0.385,634.2490296834014,683,0.6833333333333333,2400
cancellation_050,21029,net_sd_scaled_legacy_style,0.2065405021073912,0.9007020051176392,0.6803917184760003,0.8960468521229868,0.9183333333333333,0.7295833333333334,634.2490296834014,683,0.6833333333333333,2400
cancellation_050,21030,fixed_0.2,0.2,0.8960650062510949,0.6901507933349763,0.8981612446958982,0.9204166666666667,0.7429166666666667,661.3662806145712,707,0.7008333333333333,2400
cancellation_050,21030,fixed_0.35,0.35,0.7605929156690378,0.4721075768906219,0.7609618104667609,0.8025,0.5591666666666667,661.3662806145712,707,0.7008333333333333,2400
cancellation_050,21030,fixed_0.5,0.5,0.6277683051715175,0.302726818596851,0.6251768033946252,0.6841666666666667,0.39875,661.3662806145712,707,0.7008333333333333,2400
cancellation_050,21030,net_sd_scaled_legacy_style,0.20316890097877438,0.8934406732866796,0.6841344668785735,0.8953323903818954,0.9191666666666667,0.7379166666666667,661.3662806145712,707,0.7008333333333333,2400
cancellation_050,21031,fixed_0.2,0.2,0.898620371707024,0.6495371057388806,0.8990182328190743,0.9208333333333333,0.7333333333333333,663.7999343535496,713,0.7020833333333333,2400
cancellation_050,21031,fixed_0.35,0.35,0.7342471497691458,0.42840315101997256,0.7321178120617111,0.7954166666666667,0.54625,663.7999343535496,713,0.7020833333333333,2400
cancellation_050,21031,fixed_0.5,0.5,0.5924052384787842,0.28881312089618044,0.5932678821879382,0.6675,0.40791666666666665,663.7999343535496,713,0.7020833333333333,2400
cancellation_050,21031,net_sd_scaled_legacy_style,0.20895314678174237,0.8911740472661408,0.6303744813716158,0.8920056100981767,0.9141666666666667,0.7183333333333334,663.7999343535496,713,0.7020833333333333,2400
cancellation_050,21032,fixed_0.2,0.2,0.8953984856057792,0.6505811920017384,0.8948106591865358,0.9245833333333333,0.7241666666666666,654.7619102907565,713,0.68625,2400
cancellation_050,21032,fixed_0.35,0.35,0.7409402695648241,0.4415115683865326,0.7391304347826086,0.79375,0.55625,654.7619102907565,713,0.68625,2400
cancellation_050,21032,fixed_0.5,0.5,0.5838184448938613,0.2874340383217163,0.5820476858345021,0.6658333333333334,0.39208333333333334,654.7619102907565,713,0.68625,2400
cancellation_050,21032,net_sd_scaled_legacy_style,0.2054153170122755,0.8862051185450653,0.6429782031735091,0.884992987377279,0.9191666666666667,0.7175,654.7619102907565,713,0.68625,2400
cancellation_050,21033,fixed_0.2,0.2,0.9139842069461453,0.6980209503932948,0.9157303370786517,0.9308333333333333,0.7366666666666667,656.0756556204209,712,0.69375,2400
cancellation_050,21033,fixed_0.35,0.35,0.7558762085501718,0.4514839810029381,0.7598314606741573,0.7945833333333333,0.545,656.0756556204209,712,0.69375,2400
cancellation_050,21033,fixed_0.5,0.5,0.611873313022372,0.2595111860606317,0.6151685393258427,0.65625,0.38416666666666666,656.0756556204209,712,0.69375,2400
cancellation_050,21033,net_sd_scaled_legacy_style,0.2034432525494874,0.9110600475001662,0.6859845552811873,0.9129213483146067,0.92625,0.7279166666666667,656.0756556204209,712,0.69375,2400
cancellation_050,21034,fixed_0.2,0.2,0.888178625526099,0.656892686108499,0.8912429378531074,0.91875,0.7320833333333333,654.7606308203683,708,0.6933333333333334,2400
cancellation_050,21034,fixed_0.35,0.35,0.7557315106941468,0.4550283537159958,0.7542372881355932,0.8016666666666666,0.5433333333333333,654.7606308203683,708,0.6933333333333334,2400
cancellation_050,21034,fixed_0.5,0.5,0.6161720290600258,0.2794741845809329,0.6115819209039548,0.67125,0.38958333333333334,654.7606308203683,708,0.6933333333333334,2400
cancellation_050,21034,net_sd_scaled_legacy_style,0.20552946283791482,0.881962335188247,0.6469618613165005,0.884180790960452,0.9158333333333334,0.725,654.7606308203683,708,0.6933333333333334,2400
cancellation_050,21035,fixed_0.2,0.2,0.9088777103079732,0.6707565232075106,0.9101283880171184,0.9216666666666666,0.735,642.3762401052105,701,0.6970833333333334,2400
cancellation_050,21035,fixed_0.35,0.35,0.7608714532791301,0.4781405275897027,0.7631954350927247,0.8083333333333333,0.55875,642.3762401052105,701,0.6970833333333334,2400
cancellation_050,21035,fixed_0.5,0.5,0.6086876600772879,0.30462344487224957,0.6105563480741797,0.6666666666666666,0.40125,642.3762401052105,701,0.6970833333333334,2400
cancellation_050,21035,net_sd_scaled_legacy_style,0.2055717543485842,0.9015680959732945,0.6593489593773173,0.9029957203994294,0.915,0.7279166666666667,642.3762401052105,701,0.6970833333333334,2400
cancellation_050,21036,fixed_0.2,0.2,0.9193136600984995,0.6780256932185845,0.9166666666666666,0.9233333333333333,0.73625,668.2224732433676,720,0.69875,2400
cancellation_050,21036,fixed_0.35,0.35,0.7809553816219108,0.484794192421556,0.7791666666666667,0.8058333333333333,0.56625,668.2224732433676,720,0.69875,2400
cancellation_050,21036,fixed_0.5,0.5,0.6103240784688123,0.2962604629453598,0.6069444444444444,0.6670833333333334,0.41583333333333333,668.2224732433676,720,0.69875,2400
cancellation_050,21036,net_sd_scaled_legacy_style,0.20832274776476142,0.9133276297565609,0.6645415032737069,0.9111111111111111,0.9175,0.7270833333333333,668.2224732433676,720,0.69875,2400
cancellation_050,21037,fixed_0.2,0.2,0.8915958520139342,0.6649973428649961,0.8899858956276445,0.9279166666666666,0.73125,656.8624771552297,709,0.6929166666666666,2400
cancellation_050,21037,fixed_0.35,0.35,0.7533520582091987,0.43460989899000363,0.7503526093088858,0.8095833333333333,0.5504166666666667,656.8624771552297,709,0.6929166666666666,2400
cancellation_050,21037,fixed_0.5,0.5,0.6209906393874961,0.26341708676122655,0.616361071932299,0.6779166666666666,0.38916666666666666,656.8624771552297,709,0.6929166666666666,2400
cancellation_050,21037,net_sd_scaled_legacy_style,0.20117189430459154,0.8900734633332307,0.6649973428649961,0.8885754583921015,0.9270833333333334,0.73,656.8624771552297,709,0.6929166666666666,2400
cancellation_050,21038,fixed_0.2,0.2,0.9111824607152897,0.659323693369457,0.9096209912536443,0.9204166666666667,0.74125,640.5840435142039,686,0.6795833333333333,2400
cancellation_050,21038,fixed_0.35,0.35,0.7569674889849463,0.45902913525915234,0.7536443148688047,0.7916666666666666,0.5625,640.5840435142039,686,0.6795833333333333,2400
cancellation_050,21038,fixed_0.5,0.5,0.5869763062209647,0.30085377182395046,0.5845481049562682,0.6625,0.4058333333333333,640.5840435142039,686,0.6795833333333333,2400
cancellation_050,21038,net_sd_scaled_legacy_style,0.20678200583870313,0.9023349587571547,0.6522448890947119,0.9008746355685131,0.9154166666666667,0.7316666666666667,640.5840435142039,686,0.6795833333333333,2400
cancellation_050,21039,fixed_0.2,0.2,0.9038643772601829,0.6617177379019019,0.9042089985486212,0.9258333333333333,0.74,636.6997960702934,689,0.6945833333333333,2400
cancellation_050,21039,fixed_0.35,0.35,0.749485972014429,0.44567405919697484,0.7489114658925979,0.795,0.5633333333333334,636.6997960702934,689,0.6945833333333333,2400
cancellation_050,21039,fixed_0.5,0.5,0.6080649659611507,0.28929297098174983,0.6110304789550073,0.6666666666666666,0.41125,636.6997960702934,689,0.6945833333333333,2400
cancellation_050,21039,net_sd_scaled_legacy_style,0.21156808886089484,0.8950077478087703,0.6402609928821441,0.895500725689405,0.9179166666666667,0.7270833333333333,636.6997960702934,689,0.6945833333333333,2400
cancellation_050,21040,fixed_0.2,0.2,0.9023406113597574,0.6896114214610772,0.8994638069705094,0.9225,0.7254166666666667,683.3967833169093,746,0.70875,2400
cancellation_050,21040,fixed_0.35,0.35,0.7611554612830913,0.46303080196643337,0.7573726541554959,0.79875,0.54125,683.3967833169093,746,0.70875,2400
cancellation_050,21040,fixed_0.5,0.5,0.6064370692730113,0.2898175145623415,0.6018766756032171,0.6670833333333334,0.3875,683.3967833169093,746,0.70875,2400
cancellation_050,21040,net_sd_scaled_legacy_style,0.20119763282561265,0.9022518805655977,0.6881481426976824,0.8994638069705094,0.92125,0.72375,683.3967833169093,746,0.70875,2400
cancellation_050,21041,fixed_0.2,0.2,0.8803755326623889,0.6901301762789629,0.8834269662921348,0.9179166666666667,0.7391666666666666,652.2286913864448,712,0.69125,2400
cancellation_050,21041,fixed_0.35,0.35,0.7557864779570478,0.46286012614715016,0.7626404494382022,0.8008333333333333,0.55375,652.2286913864448,712,0.69125,2400
cancellation_050,21041,fixed_0.5,0.5,0.5983103726726773,0.2939042067992406,0.6025280898876404,0.6620833333333334,0.3958333333333333,652.2286913864448,712,0.69125,2400
cancellation_050,21041,net_sd_scaled_legacy_style,0.20234440287263739,0.8788423281082097,0.6880447111414021,0.8820224719101124,0.9158333333333334,0.73625,652.2286913864448,712,0.69125,2400
cancellation_050,21042,fixed_0.2,0.2,0.9166198916389865,0.6577859028454409,0.9166666666666666,0.9279166666666666,0.7358333333333333,642.9728283646459,696,0.6929166666666666,2400
cancellation_050,21042,fixed_0.35,0.35,0.7691187891051837,0.45099302886059806,0.7701149425287356,0.8045833333333333,0.5579166666666666,642.9728283646459,696,0.6929166666666666,2400
cancellation_050,21042,fixed_0.5,0.5,0.6041093349889917,0.2724213443187213,0.6048850574712644,0.6758333333333333,0.39875,642.9728283646459,696,0.6929166666666666,2400
cancellation_050,21042,net_sd_scaled_legacy_style,0.20760512588618862,0.9124707415775593,0.6497297177367068,0.9123563218390804,0.9233333333333333,0.725,642.9728283646459,696,0.6929166666666666,2400
cancellation_050,21043,fixed_0.2,0.2,0.8996341348148651,0.6572261430551884,0.8979591836734694,0.9141666666666667,0.72,682.5841601971819,735,0.7158333333333333,2400
cancellation_050,21043,fixed_0.35,0.35,0.7458433769871597,0.44088657676035203,0.7428571428571429,0.7933333333333333,0.545,682.5841601971819,735,0.7158333333333333,2400
cancellation_050,21043,fixed_0.5,0.5,0.6085001964877034,0.26954815049208847,0.6040816326530613,0.6645833333333333,0.3779166666666667,682.5841601971819,735,0.7158333333333333,2400
cancellation_050,21043,net_sd_scaled_legacy_style,0.19789833121293238,0.9030603461220421,0.6572261430551884,0.9020408163265307,0.9158333333333334,0.72125,682.5841601971819,735,0.7158333333333333,2400
cancellation_050,21044,fixed_0.2,0.2,0.9005146257684501,0.6686419304611548,0.894134477825465,0.9175,0.7325,650.2076710458649,699,0.7,2400
cancellation_050,21044,fixed_0.35,0.35,0.7757578971353162,0.45602894299321445,0.7753934191702432,0.8,0.5608333333333333,650.2076710458649,699,0.7,2400
cancellation_050,21044,fixed_0.5,0.5,0.6095814245901595,0.27998053056079625,0.6108726752503576,0.66,0.39208333333333334,650.2076710458649,699,0.7,2400
cancellation_050,21044,net_sd_scaled_legacy_style,0.20561809904681305,0.8974399881165368,0.6569375168516741,0.8912732474964234,0.9145833333333333,0.72375,650.2076710458649,699,0.7,2400
cancellation_050,21045,fixed_0.2,0.2,0.9082054946789784,0.6516620955002388,0.9080779944289693,0.92125,0.72875,661.5444748404507,718,0.6991666666666667,2400
cancellation_050,21045,fixed_0.35,0.35,0.7478945027461604,0.45268899345172225,0.7479108635097493,0.7908333333333334,0.5416666666666666,661.5444748404507,718,0.6991666666666667,2400
cancellation_050,21045,fixed_0.5,0.5,0.6062750678339812,0.2844924613169708,0.6058495821727019,0.6658333333333334,0.39208333333333334,661.5444748404507,718,0.6991666666666667,2400
cancellation_050,21045,net_sd_scaled_legacy_style,0.20280950899087097,0.9064359032345158,0.6479547024418877,0.9066852367688022,0.9191666666666667,0.7258333333333333,661.5444748404507,718,0.6991666666666667,2400
cancellation_050,21046,fixed_0.2,0.2,0.9171352757650721,0.6964894005786317,0.9138888888888889,0.9241666666666667,0.7358333333333333,662.2126116830245,720,0.7004166666666667,2400
cancellation_050,21046,fixed_0.35,0.35,0.7737383588503413,0.47889394421544623,0.775,0.8029166666666666,0.5466666666666666,662.2126116830245,720,0.7004166666666667,2400
cancellation_050,21046,fixed_0.5,0.5,0.6167453942022529,0.31253509777105687,0.6208333333333333,0.67125,0.39,662.2126116830245,720,0.7004166666666667,2400
cancellation_050,21046,net_sd_scaled_legacy_style,0.20002389292163972,0.9171352757650721,0.6964894005786317,0.9138888888888889,0.9241666666666667,0.7358333333333333,662.2126116830245,720,0.7004166666666667,2400
cancellation_050,21047,fixed_0.2,0.2,0.9211058129385249,0.6685965628216054,0.9195561719833565,0.92375,0.7341666666666666,669.1227765780654,721,0.7004166666666667,2400
cancellation_050,21047,fixed_0.35,0.35,0.7838517492247686,0.47505434140881686,0.7808599167822469,0.8108333333333333,0.5495833333333333,669.1227765780654,721,0.7004166666666667,2400
cancellation_050,21047,fixed_0.5,0.5,0.6387618792258835,0.2966159058529707,0.6352288488210819,0.6879166666666666,0.38416666666666666,669.1227765780654,721,0.7004166666666667,2400
cancellation_050,21047,net_sd_scaled_legacy_style,0.20502880122629813,0.9137125802696012,0.6610985733947686,0.9112343966712899,0.92,0.7245833333333334,669.1227765780654,721,0.7004166666666667,2400
cancellation_050,21048,fixed_0.2,0.2,0.9096928855480559,0.6886443256528127,0.9119669876203577,0.93125,0.7495833333333334,678.4493512018489,727,0.7070833333333333,2400
cancellation_050,21048,fixed_0.35,0.35,0.7692637785444841,0.47069764872505776,0.7702888583218707,0.8125,0.5483333333333333,678.4493512018489,727,0.7070833333333333,2400
cancellation_050,21048,fixed_0.5,0.5,0.6279945656731469,0.27173225836149956,0.624484181568088,0.6820833333333334,0.38,678.4493512018489,727,0.7070833333333333,2400
cancellation_050,21048,net_sd_scaled_legacy_style,0.20416860243059856,0.9096928855480559,0.6777157441425037,0.9119669876203577,0.9304166666666667,0.7425,678.4493512018489,727,0.7070833333333333,2400
cancellation_050,21049,fixed_0.2,0.2,0.9226644226194362,0.664172803743455,0.9208211143695014,0.9241666666666667,0.7245833333333334,642.7328811843017,682,0.6945833333333333,2400
cancellation_050,21049,fixed_0.35,0.35,0.7528293631955345,0.44955306060075056,0.749266862170088,0.7941666666666667,0.5433333333333333,642.7328811843017,682,0.6945833333333333,2400
cancellation_050,21049,fixed_0.5,0.5,0.5959500368258752,0.29477764972829756,0.593841642228739,0.65,0.39416666666666667,642.7328811843017,682,0.6945833333333333,2400
cancellation_050,21049,net_sd_scaled_legacy_style,0.20624906427242148,0.9166653613052446,0.6620894371090509,0.9149560117302052,0.91875,0.7166666666666667,642.7328811843017,682,0.6945833333333333,2400
cancellation_050,21050,fixed_0.2,0.2,0.897259991085937,0.6692470100105694,0.8943661971830986,0.9220833333333334,0.7279166666666667,654.1710918975148,710,0.695,2400
cancellation_050,21050,fixed_0.35,0.35,0.7709023656678233,0.4637397723609936,0.7676056338028169,0.79375,0.5441666666666667,654.1710918975148,710,0.695,2400
cancellation_050,21050,fixed_0.5,0.5,0.6171965125278973,0.2820095784913253,0.6154929577464788,0.6704166666666667,0.3883333333333333,654.1710918975148,710,0.695,2400
cancellation_050,21050,net_sd_scaled_legacy_style,0.2014418377222191,0.897259991085937,0.6671298354750514,0.8943661971830986,0.9216666666666666,0.7266666666666667,654.1710918975148,710,0.695,2400
cancellation_050,21051,fixed_0.2,0.2,0.8843100074036111,0.6568830966008065,0.8821954484605087,0.91875,0.7254166666666667,682.8858151944675,747,0.6933333333333334,2400
cancellation_050,21051,fixed_0.35,0.35,0.7508587364107261,0.45350050533541136,0.751004016064257,0.8,0.55375,682.8858151944675,747,0.6933333333333334,2400
cancellation_050,21051,fixed_0.5,0.5,0.6249454053268771,0.285004254282199,0.6291834002677377,0.6770833333333334,0.40208333333333335,682.8858151944675,747,0.6933333333333334,2400
cancellation_050,21051,net_sd_scaled_legacy_style,0.2051024512977338,0.882857801900035,0.6468671795126539,0.8808567603748326,0.915,0.7175,682.8858151944675,747,0.6933333333333334,2400
cancellation_050,21052,fixed_0.2,0.2,0.8991157964492784,0.6843476976118409,0.8993103448275862,0.9204166666666667,0.73375,667.5922446145162,725,0.7045833333333333,2400
cancellation_050,21052,fixed_0.35,0.35,0.7478908864356232,0.45945011890698395,0.7503448275862069,0.79125,0.555,667.5922446145162,725,0.7045833333333333,2400
cancellation_050,21052,fixed_0.5,0.5,0.5876245338455839,0.28223447085064224,0.593103448275862,0.6525,0.38666666666666666,667.5922446145162,725,0.7045833333333333,2400
cancellation_050,21052,net_sd_scaled_legacy_style,0.2043244720354815,0.8950328447787825,0.6782267063617781,0.8951724137931034,0.9175,0.7279166666666667,667.5922446145162,725,0.7045833333333333,2400
cancellation_050,21053,fixed_0.2,0.2,0.8896881024576315,0.6525135702473521,0.8909090909090909,0.9166666666666666,0.71625,654.3916187066791,715,0.6983333333333334,2400
cancellation_050,21053,fixed_0.35,0.35,0.7634560875912301,0.46160928923492844,0.7636363636363637,0.7954166666666667,0.5404166666666667,654.3916187066791,715,0.6983333333333334,2400
cancellation_050,21053,fixed_0.5,0.5,0.6103931890851686,0.2959143234597193,0.6111888111888112,0.6654166666666667,0.385,654.3916187066791,715,0.6983333333333334,2400
cancellation_050,21053,net_sd_scaled_legacy_style,0.20037337206903436,0.8896881024576315,0.6525135702473521,0.8909090909090909,0.9166666666666666,0.71625,654.3916187066791,715,0.6983333333333334,2400
cancellation_050,21054,fixed_0.2,0.2,0.8969143690531975,0.6736629293112664,0.8963660834454913,0.9275,0.73125,682.0764801679434,743,0.70375,2400
cancellation_050,21054,fixed_0.35,0.35,0.763308207278251,0.4469333351866678,0.765814266487214,0.80125,0.5479166666666667,682.0764801679434,743,0.70375,2400
cancellation_050,21054,fixed_0.5,0.5,0.6088465118026234,0.28762821712186576,0.6137281292059219,0.67125,0.39708333333333334,682.0764801679434,743,0.70375,2400
cancellation_050,21054,net_sd_scaled_legacy_style,0.21168906967021026,0.8842353890675618,0.6581491922493778,0.8842530282637954,0.9170833333333334,0.7179166666666666,682.0764801679434,743,0.70375,2400
cancellation_050,21055,fixed_0.2,0.2,0.9139810249477475,0.6802396070961757,0.911849710982659,0.9154166666666667,0.7329166666666667,639.8602205361714,692,0.6816666666666666,2400
cancellation_050,21055,fixed_0.35,0.35,0.7600985826747169,0.4245426383776263,0.7557803468208093,0.7858333333333334,0.5420833333333334,639.8602205361714,692,0.6816666666666666,2400
cancellation_050,21055,fixed_0.5,0.5,0.5931100521633135,0.26271322395966334,0.5852601156069365,0.6570833333333334,0.3875,639.8602205361714,692,0.6816666666666666,2400
cancellation_050,21055,net_sd_scaled_legacy_style,0.20238016712998808,0.910300540923591,0.6732125877227982,0.9075144508670521,0.9141666666666667,0.7270833333333333,639.8602205361714,692,0.6816666666666666,2400
cancellation_050,21056,fixed_0.2,0.2,0.9224013291536459,0.6889090942484244,0.9224376731301939,0.92625,0.72375,665.1956005051214,722,0.69125,2400
cancellation_050,21056,fixed_0.35,0.35,0.7789090352703296,0.4584140155958215,0.7811634349030471,0.79375,0.5445833333333333,665.1956005051214,722,0.69125,2400
cancellation_050,21056,fixed_0.5,0.5,0.6299366303654589,0.2892178014175911,0.6301939058171745,0.6545833333333333,0.38875,665.1956005051214,722,0.69125,2400
cancellation_050,21056,net_sd_scaled_legacy_style,0.20139709234816622,0.9208523819573152,0.6889090942484244,0.9210526315789473,0.9254166666666667,0.7233333333333334,665.1956005051214,722,0.69125,2400
cancellation_050,21057,fixed_0.2,0.2,0.9039905630444093,0.6843626408668818,0.9044414535666218,0.91875,0.7233333333333334,693.9637248841482,743,0.72,2400
cancellation_050,21057,fixed_0.35,0.35,0.774772764387952,0.4465776279103662,0.7738896366083445,0.7991666666666667,0.5275,693.9637248841482,743,0.72,2400
cancellation_050,21057,fixed_0.5,0.5,0.6189099923638918,0.2853756210263233,0.6150740242261103,0.66625,0.3770833333333333,693.9637248841482,743,0.72,2400
cancellation_050,21057,net_sd_scaled_legacy_style,0.2009330533062961,0.9025495655338162,0.6831159030004335,0.9030955585464334,0.9183333333333333,0.7216666666666667,693.9637248841482,743,0.72,2400
cancellation_050,21058,fixed_0.2,0.2,0.8916271456345267,0.6675563200866771,0.8914835164835165,0.91375,0.7279166666666667,667.4079259372897,728,0.7,2400
cancellation_050,21058,fixed_0.35,0.35,0.7459439963336288,0.4410120713349217,0.7472527472527473,0.7854166666666667,0.54375,667.4079259372897,728,0.7,2400
cancellation_050,21058,fixed_0.5,0.5,0.6167994238411897,0.304730052288758,0.6181318681318682,0.6654166666666667,0.39708333333333334,667.4079259372897,728,0.7,2400
cancellation_050,21058,net_sd_scaled_legacy_style,0.20208733351979682,0.8868856313625282,0.6675563200866771,0.8873626373626373,0.91125,0.7266666666666667,667.4079259372897,728,0.7,2400
cancellation_050,21059,fixed_0.2,0.2,0.9171481267128708,0.6710200291580708,0.9178082191780822,0.92625,0.7220833333333333,678.1564938336215,730,0.7125,2400
cancellation_050,21059,fixed_0.35,0.35,0.7492718557302462,0.45565698720280357,0.7547945205479452,0.795,0.53,678.1564938336215,730,0.7125,2400
cancellation_050,21059,fixed_0.5,0.5,0.6051782186296005,0.28379286291233596,0.6068493150684932,0.665,0.38708333333333333,678.1564938336215,730,0.7125,2400
cancellation_050,21059,net_sd_scaled_legacy_style,0.20287225808927095,0.9128439147493571,0.6665962714748832,0.9136986301369863,0.9245833333333333,0.7195833333333334,678.1564938336215,730,0.7125,2400
cancellation_050,21060,fixed_0.2,0.2,0.8971213911780898,0.6439181816323404,0.8975817923186344,0.9116666666666666,0.7020833333333333,653.5881183060696,703,0.6916666666666667,2400
cancellation_050,21060,fixed_0.35,0.35,0.7652294223632172,0.4544406269035091,0.7638691322901849,0.7958333333333333,0.53125,653.5881183060696,703,0.6916666666666667,2400
cancellation_050,21060,fixed_0.5,0.5,0.6290835506503546,0.3024807704921047,0.6330014224751067,0.6720833333333334,0.39458333333333334,653.5881183060696,703,0.6916666666666667,2400
cancellation_050,21060,net_sd_scaled_legacy_style,0.20412456864287992,0.8953622409794172,0.6391781803178412,0.8961593172119487,0.9095833333333333,0.69875,653.5881183060696,703,0.6916666666666667,2400
cancellation_050,21061,fixed_0.2,0.2,0.9131992211116614,0.6746530441520939,0.9134078212290503,0.9266666666666666,0.7108333333333333,655.6158474373705,716,0.6875,2400
cancellation_050,21061,fixed_0.35,0.35,0.7648636051009666,0.44872820906533595,0.7667597765363129,0.7975,0.5283333333333333,655.6158474373705,716,0.6875,2400
cancellation_050,21061,fixed_0.5,0.5,0.5974843722213471,0.29203253075796143,0.6005586592178771,0.655,0.3825,655.6158474373705,716,0.6875,2400
cancellation_050,21061,net_sd_scaled_legacy_style,0.19840592878633484,0.9143386832606547,0.6777036110470485,0.914804469273743,0.9275,0.7133333333333334,655.6158474373705,716,0.6875,2400
cancellation_050,21062,fixed_0.2,0.2,0.9181980122833702,0.6819245073228949,0.9166666666666666,0.9275,0.7316666666666667,635.0936235468375,684,0.6854166666666667,2400
cancellation_050,21062,fixed_0.35,0.35,0.7718210636279038,0.44801317532326673,0.7690058479532164,0.8054166666666667,0.5575,635.0936235468375,684,0.6854166666666667,2400
cancellation_050,21062,fixed_0.5,0.5,0.6103759860706321,0.28980351091963336,0.6038011695906432,0.6675,0.39875,635.0936235468375,684,0.6854166666666667,2400
cancellation_050,21062,net_sd_scaled_legacy_style,0.20576059614973313,0.9141905198904605,0.6704011351389706,0.9122807017543859,0.9233333333333333,0.7245833333333334,635.0936235468375,684,0.6854166666666667,2400
cancellation_050,21063,fixed_0.2,0.2,0.8940817693701866,0.6674211054840523,0.8981612446958982,0.9208333333333333,0.7308333333333333,654.401993628817,707,0.6866666666666666,2400
cancellation_050,21063,fixed_0.35,0.35,0.7513889601719471,0.45758713710627374,0.7553041018387553,0.79375,0.5495833333333333,654.401993628817,707,0.6866666666666666,2400
cancellation_050,21063,fixed_0.5,0.5,0.5948465262607288,0.29749279047221083,0.5983026874115983,0.65625,0.3933333333333333,654.401993628817,707,0.6866666666666666,2400
cancellation_050,21063,net_sd_scaled_legacy_style,0.20189817580059566,0.8910255439621472,0.6628367673719933,0.8953323903818954,0.9195833333333333,0.72625,654.401993628817,707,0.6866666666666666,2400
cancellation_050,21064,fixed_0.2,0.2,0.9053758754022248,0.6666856645622116,0.9017595307917888,0.9116666666666666,0.72875,635.9547588318467,682,0.685,2400
cancellation_050,21064,fixed_0.35,0.35,0.7697053887025112,0.4630790073899376,0.7653958944281525,0.7879166666666667,0.54625,635.9547588318467,682,0.685,2400
cancellation_050,21064,fixed_0.5,0.5,0.6358690642439572,0.29480343685541144,0.6319648093841642,0.6629166666666667,0.3904166666666667,635.9547588318467,682,0.685,2400
cancellation_050,21064,net_sd_scaled_legacy_style,0.20301946065146556,0.9039676007844039,0.6638251658122777,0.9002932551319648,0.9108333333333334,0.7266666666666667,635.9547588318467,682,0.685,2400
cancellation_050,21065,fixed_0.2,0.2,0.9155216175733771,0.7010676692729749,0.9186535764375876,0.9241666666666667,0.7416666666666667,658.7286285059527,713,0.6916666666666667,2400
cancellation_050,21065,fixed_0.35,0.35,0.7796106895007114,0.4663342641524312,0.7840112201963534,0.8083333333333333,0.5545833333333333,658.7286285059527,713,0.6916666666666667,2400
cancellation_050,21065,fixed_0.5,0.5,0.6549042469536422,0.2786653493330114,0.6563814866760168,0.6820833333333334,0.39,658.7286285059527,713,0.6916666666666667,2400
cancellation_050,21065,net_sd_scaled_legacy_style,0.2038453263184005,0.9126525207690152,0.6926333885265006,0.9158485273492286,0.92125,0.7354166666666667,658.7286285059527,713,0.6916666666666667,2400
cancellation_050,21066,fixed_0.2,0.2,0.8996852146318838,0.6758048716092321,0.8970792767732962,0.9175,0.7316666666666667,668.3095671829343,719,0.7025,2400
cancellation_050,21066,fixed_0.35,0.35,0.7355984814401231,0.466808825987357,0.7371349095966621,0.7929166666666667,0.56,668.3095671829343,719,0.7025,2400
cancellation_050,21066,fixed_0.5,0.5,0.5907462378656603,0.29128410945338445,0.5924895688456189,0.67125,0.40625,668.3095671829343,719,0.7025,2400
cancellation_050,21066,net_sd_scaled_legacy_style,0.20647295561001544,0.8965079410707743,0.6636262034516819,0.894297635605007,0.9141666666666667,0.7216666666666667,668.3095671829343,719,0.7025,2400
cancellation_050,21067,fixed_0.2,0.2,0.8825859293207576,0.6511659356201658,0.8850072780203785,0.91875,0.7325,634.4922207056869,687,0.68625,2400
cancellation_050,21067,fixed_0.35,0.35,0.7303430602385328,0.44562251810179704,0.7292576419213974,0.7808333333333334,0.555,634.4922207056869,687,0.68625,2400
cancellation_050,21067,fixed_0.5,0.5,0.5788794841646845,0.27543843387445766,0.5749636098981077,0.65625,0.3904166666666667,634.4922207056869,687,0.68625,2400
cancellation_050,21067,net_sd_scaled_legacy_style,0.20718334936654056,0.8782617936799675,0.6464068835512554,0.8806404657933042,0.9154166666666667,0.72625,634.4922207056869,687,0.68625,2400
cancellation_050,21068,fixed_0.2,0.2,0.897136185470472,0.6679736091580495,0.8975409836065574,0.9145833333333333,0.7120833333333333,673.2553477747002,732,0.7054166666666667,2400
cancellation_050,21068,fixed_0.35,0.35,0.7333852739573083,0.4326538814487041,0.7336065573770492,0.79125,0.5279166666666667,673.2553477747002,732,0.7054166666666667,2400
cancellation_050,21068,fixed_0.5,0.5,0.5828480438777228,0.26730429231292335,0.5860655737704918,0.65125,0.3725,673.2553477747002,732,0.7054166666666667,2400
cancellation_050,21068,net_sd_scaled_legacy_style,0.200222754316427,0.897136185470472,0.6664882886131697,0.8975409836065574,0.9145833333333333,0.7116666666666667,673.2553477747002,732,0.7054166666666667,2400
cancellation_050,21069,fixed_0.2,0.2,0.9223662592671122,0.6660239120433165,0.9237410071942446,0.9279166666666666,0.7141666666666666,638.8631753041418,695,0.6925,2400
cancellation_050,21069,fixed_0.35,0.35,0.755717828399686,0.45338447182830527,0.7568345323741007,0.7891666666666667,0.535,638.8631753041418,695,0.6925,2400
cancellation_050,21069,fixed_0.5,0.5,0.5978072151070143,0.2887326531718409,0.5971223021582733,0.6529166666666667,0.37875,638.8631753041418,695,0.6925,2400
cancellation_050,21069,net_sd_scaled_legacy_style,0.19861192575065587,0.9223662592671122,0.6699076123359406,0.9237410071942446,0.9279166666666666,0.7166666666666667,638.8631753041418,695,0.6925,2400
cancellation_050,21070,fixed_0.2,0.2,0.9105123481496017,0.6814531633362032,0.9097127222982216,0.9254166666666667,0.7379166666666667,669.448837361231,731,0.6920833333333334,2400
cancellation_050,21070,fixed_0.35,0.35,0.7551944500691291,0.4570228108068896,0.7564979480164159,0.79375,0.5508333333333333,669.448837361231,731,0.6920833333333334,2400
cancellation_050,21070,fixed_0.5,0.5,0.6320538970815314,0.28619571242950975,0.6306429548563611,0.66625,0.39666666666666667,669.448837361231,731,0.6920833333333334,2400
cancellation_050,21070,net_sd_scaled_legacy_style,0.20213134082714582,0.9105123481496017,0.6784796238119533,0.9097127222982216,0.9245833333333333,0.735,669.448837361231,731,0.6920833333333334,2400
cancellation_050,21071,fixed_0.2,0.2,0.9041754497659742,0.6794776099154115,0.9047619047619048,0.9141666666666667,0.7345833333333334,660.7123796457197,714,0.6916666666666667,2400
cancellation_050,21071,fixed_0.35,0.35,0.7543448849420237,0.4396963294978741,0.7507002801120448,0.7829166666666667,0.5483333333333333,660.7123796457197,714,0.6916666666666667,2400
cancellation_050,21071,fixed_0.5,0.5,0.5987838559884179,0.2715790489491028,0.5938375350140056,0.66,0.3929166666666667,660.7123796457197,714,0.6916666666666667,2400
cancellation_050,21071,net_sd_scaled_legacy_style,0.20214484627829152,0.900827181506352,0.6780423037180489,0.9005602240896359,0.9120833333333334,0.7320833333333333,660.7123796457197,714,0.6916666666666667,2400
cancellation_050,21072,fixed_0.2,0.2,0.8812591914569605,0.684442882482781,0.8819241982507289,0.9170833333333334,0.7354166666666667,633.3963741375617,686,0.6875,2400
cancellation_050,21072,fixed_0.35,0.35,0.7401713599947483,0.46023945842653247,0.7405247813411079,0.7970833333333334,0.5504166666666667,633.3963741375617,686,0.6875,2400
cancellation_050,21072,fixed_0.5,0.5,0.5864479487586545,0.2686570834261604,0.5860058309037901,0.66125,0.38625,633.3963741375617,686,0.6875,2400
cancellation_050,21072,net_sd_scaled_legacy_style,0.20676984103317964,0.8768691205980516,0.6726598755153226,0.8760932944606414,0.9129166666666667,0.7258333333333333,633.3963741375617,686,0.6875,2400
cancellation_050,21073,fixed_0.2,0.2,0.8915459253996635,0.6960737159606684,0.8911465892597968,0.92125,0.7345833333333334,630.5107566756227,689,0.6866666666666666,2400
cancellation_050,21073,fixed_0.35,0.35,0.7697546292443153,0.4738597886540174,0.7663280116110305,0.8025,0.5533333333333333,630.5107566756227,689,0.6866666666666666,2400
cancellation_050,21073,fixed_0.5,0.5,0.6246504800086117,0.29405563265294365,0.6269956458635704,0.66,0.3954166666666667,630.5107566756227,689,0.6866666666666666,2400
cancellation_050,21073,net_sd_scaled_legacy_style,0.20622637334825347,0.8799510706390952,0.689059284302892,0.8795355587808418,0.9154166666666667,0.72625,630.5107566756227,689,0.6866666666666666,2400
cancellation_050,21074,fixed_0.2,0.2,0.898398875101311,0.6597208200503866,0.9,0.9266666666666666,0.73,664.7474282939309,720,0.7033333333333334,2400
cancellation_050,21074,fixed_0.35,0.35,0.7256289338418783,0.44975717195672166,0.725,0.7895833333333333,0.545,664.7474282939309,720,0.7033333333333334,2400
cancellation_050,21074,fixed_0.5,0.5,0.5887952560529769,0.27474553099053695,0.5847222222222223,0.6620833333333334,0.3854166666666667,664.7474282939309,720,0.7033333333333334,2400
cancellation_050,21074,net_sd_scaled_legacy_style,0.2046647390918425,0.8916721472079332,0.6595393091622189,0.8930555555555556,0.9220833333333334,0.72625,664.7474282939309,720,0.7033333333333334,2400
cancellation_050,21075,fixed_0.2,0.2,0.9083624309709034,0.6670102884051667,0.90646492434663,0.9229166666666667,0.7370833333333333,674.7302134706431,727,0.7070833333333333,2400
cancellation_050,21075,fixed_0.35,0.35,0.760603187997704,0.452036928330644,0.7606602475928473,0.7966666666666666,0.5504166666666667,674.7302134706431,727,0.7070833333333333,2400
cancellation_050,21075,fixed_0.5,0.5,0.6035637603373172,0.28161702423737345,0.6038514442916093,0.6683333333333333,0.3829166666666667,674.7302134706431,727,0.7070833333333333,2400
cancellation_050,21075,net_sd_scaled_legacy_style,0.20046907826435922,0.9070468329725752,0.6670102884051667,0.9050894085281981,0.9220833333333334,0.73625,674.7302134706431,727,0.7070833333333333,2400
cancellation_050,21076,fixed_0.2,0.2,0.9106418698930225,0.6645783771754653,0.9101449275362319,0.9220833333333334,0.7341666666666666,635.5945741286399,690,0.68,2400
cancellation_050,21076,fixed_0.35,0.35,0.7494434831287162,0.44528017866137337,0.7478260869565218,0.7954166666666667,0.5425,635.5945741286399,690,0.68,2400
cancellation_050,21076,fixed_0.5,0.5,0.609203366002749,0.254171926844346,0.6043478260869565,0.6775,0.3904166666666667,635.5945741286399,690,0.68,2400
cancellation_050,21076,net_sd_scaled_legacy_style,0.20674333919330068,0.8992871013211505,0.6587216902446933,0.8985507246376812,0.9154166666666667,0.7291666666666666,635.5945741286399,690,0.68,2400
cancellation_050,21077,fixed_0.2,0.2,0.9027201799406035,0.6933097658315647,0.9022662889518414,0.9225,0.7366666666666667,656.2588175244954,706,0.6879166666666666,2400
cancellation_050,21077,fixed_0.35,0.35,0.77244640132554,0.45722859114766007,0.7747875354107648,0.8033333333333333,0.5425,656.2588175244954,706,0.6879166666666666,2400
cancellation_050,21077,fixed_0.5,0.5,0.6339838019039102,0.3121161011279902,0.6388101983002833,0.6708333333333333,0.3925,656.2588175244954,706,0.6879166666666666,2400
cancellation_050,21077,net_sd_scaled_legacy_style,0.20162114080073473,0.8993663738401207,0.6922772438184228,0.8994334277620396,0.9208333333333333,0.735,656.2588175244954,706,0.6879166666666666,2400
cancellation_050,21078,fixed_0.2,0.2,0.9017388617932155,0.6633390277296781,0.9008379888268156,0.9258333333333333,0.7258333333333333,661.3860443124611,716,0.695,2400
cancellation_050,21078,fixed_0.35,0.35,0.7401960106349474,0.44382426156125865,0.7402234636871509,0.8004166666666667,0.55375,661.3860443124611,716,0.695,2400
cancellation_050,21078,fixed_0.5,0.5,0.5883245321353169,0.26685927551502275,0.5865921787709497,0.6729166666666667,0.3975,661.3860443124611,716,0.695,2400
cancellation_050,21078,net_sd_scaled_legacy_style,0.20361884612164619,0.9017388617932155,0.6528524691261939,0.9008379888268156,0.925,0.7195833333333334,661.3860443124611,716,0.695,2400
cancellation_050,21079,fixed_0.2,0.2,0.9039891252280418,0.6711412620868379,0.9055793991416309,0.9291666666666667,0.7408333333333333,650.6049272267742,699,0.6941666666666667,2400
cancellation_050,21079,fixed_0.35,0.35,0.7524514564333906,0.4560048019534824,0.753934191702432,0.80625,0.5508333333333333,650.6049272267742,699,0.6941666666666667,2400
cancellation_050,21079,fixed_0.5,0.5,0.6047147320635101,0.27645095584684454,0.6065808297567954,0.6733333333333333,0.39708333333333334,650.6049272267742,699,0.6941666666666667,2400
cancellation_050,21079,net_sd_scaled_legacy_style,0.20502324168858585,0.8991178128754305,0.6615135161699222,0.9012875536480687,0.9245833333333333,0.7333333333333333,650.6049272267742,699,0.6941666666666667,2400
cancellation_050,21080,fixed_0.2,0.2,0.9123234242230017,0.663444414430438,0.9135135135135135,0.9254166666666667,0.7308333333333333,674.9472526921442,740,0.70375,2400
cancellation_050,21080,fixed_0.35,0.35,0.7413028918640677,0.44298071180409637,0.7432432432432432,0.78875,0.5433333333333333,674.9472526921442,740,0.70375,2400
cancellation_050,21080,fixed_0.5,0.5,0.5884015418049688,0.26684604608065665,0.5918918918918918,0.6591666666666667,0.3770833333333333,674.9472526921442,740,0.70375,2400
cancellation_050,21080,net_sd_scaled_legacy_style,0.20140212506544705,0.9123234242230017,0.6619628171707835,0.9135135135135135,0.92375,0.7279166666666667,674.9472526921442,740,0.70375,2400
cancellation_050,21081,fixed_0.2,0.2,0.9277065113520893,0.6706127346272782,0.9260312944523471,0.9354166666666667,0.735,651.0288488631433,703,0.69375,2400
cancellation_050,21081,fixed_0.35,0.35,0.7687971925784891,0.4712530880637548,0.7652916073968705,0.80875,0.5508333333333333,651.0288488631433,703,0.69375,2400
cancellation_050,21081,fixed_0.5,0.5,0.6179992060624501,0.3043293450749572,0.6130867709815079,0.6704166666666667,0.38958333333333334,651.0288488631433,703,0.69375,2400
cancellation_050,21081,net_sd_scaled_legacy_style,0.2032884019419964,0.9261704811105013,0.668632619265351,0.9246088193456614,0.9341666666666667,0.7308333333333333,651.0288488631433,703,0.69375,2400
cancellation_050,21082,fixed_0.2,0.2,0.9007392589109823,0.6706558253885193,0.901685393258427,0.92,0.73,650.4013183876071,712,0.6970833333333334,2400
cancellation_050,21082,fixed_0.35,0.35,0.7528507825844424,0.4537984342231623,0.7542134831460674,0.80375,0.5504166666666667,650.4013183876071,712,0.6970833333333334,2400
cancellation_050,21082,fixed_0.5,0.5,0.6008682058377299,0.27614416574178546,0.6039325842696629,0.6725,0.39375,650.4013183876071,712,0.6970833333333334,2400
cancellation_050,21082,net_sd_scaled_legacy_style,0.20612032987383844,0.8961589152127092,0.6620974774624797,0.8960674157303371,0.9158333333333334,0.7245833333333334,650.4013183876071,712,0.6970833333333334,2400
cancellation_050,21083,fixed_0.2,0.2,0.913439650774235,0.6734242829244327,0.9151599443671766,0.92375,0.72125,666.5053995027336,719,0.7083333333333334,2400
cancellation_050,21083,fixed_0.35,0.35,0.7485356359037839,0.4557251471666339,0.7482614742698191,0.7908333333333334,0.5466666666666666,666.5053995027336,719,0.7083333333333334,2400
cancellation_050,21083,fixed_0.5,0.5,0.6095113254707614,0.27954180000652185,0.6105702364394993,0.6675,0.39,666.5053995027336,719,0.7083333333333334,2400
cancellation_050,21083,net_sd_scaled_legacy_style,0.20025647345874792,0.9122473530256475,0.6734242829244327,0.913769123783032,0.9233333333333333,0.72125,666.5053995027336,719,0.7083333333333334,2400
cancellation_050,21084,fixed_0.2,0.2,0.907853914147708,0.6472397905655558,0.9081481481481481,0.9254166666666667,0.7266666666666667,627.2924981395734,675,0.68625,2400
cancellation_050,21084,fixed_0.35,0.35,0.7408320277505035,0.4170329719322556,0.7377777777777778,0.8008333333333333,0.5554166666666667,627.2924981395734,675,0.68625,2400
cancellation_050,21084,fixed_0.5,0.5,0.589160948667848,0.24064270344978178,0.5837037037037037,0.6741666666666667,0.4083333333333333,627.2924981395734,675,0.68625,2400
cancellation_050,21084,net_sd_scaled_legacy_style,0.209119349769574,0.89632790559442,0.6295518347510536,0.8962962962962963,0.9183333333333333,0.7133333333333334,627.2924981395734,675,0.68625,2400
cancellation_050,21085,fixed_0.2,0.2,0.8887779863387637,0.6909964063140974,0.8894009216589862,0.9195833333333333,0.7379166666666667,605.9356315233706,651,0.67625,2400
cancellation_050,21085,fixed_0.35,0.35,0.7473608161863586,0.46435862204338096,0.7480798771121352,0.78875,0.5454166666666667,605.9356315233706,651,0.67625,2400
cancellation_050,21085,fixed_0.5,0.5,0.623065959428179,0.2663783060307143,0.6251920122887865,0.6541666666666667,0.36833333333333335,605.9356315233706,651,0.67625,2400
cancellation_050,21085,net_sd_scaled_legacy_style,0.19939464375687344,0.8907011160296262,0.6944721871808893,0.890937019969278,0.9204166666666667,0.74,605.9356315233706,651,0.67625,2400
cancellation_050,21086,fixed_0.2,0.2,0.9108649032198585,0.6448474847260489,0.9111747851002865,0.9270833333333334,0.71875,652.9127229729813,698,0.6945833333333333,2400
cancellation_050,21086,fixed_0.35,0.35,0.7644077740226688,0.4395119027296213,0.7578796561604585,0.8041666666666667,0.5395833333333333,652.9127229729813,698,0.6945833333333333,2400
cancellation_050,21086,fixed_0.5,0.5,0.6103962641463505,0.2701675208936696,0.6031518624641834,0.66625,0.38,652.9127229729813,698,0.6945833333333333,2400
cancellation_050,21086,net_sd_scaled_legacy_style,0.20378479551318054,0.9065838195476388,0.6421417208436417,0.9068767908309455,0.9233333333333333,0.715,652.9127229729813,698,0.6945833333333333,2400
cancellation_050,21087,fixed_0.2,0.2,0.9031867723216224,0.7102081374156536,0.9045698924731183,0.9220833333333334,0.7508333333333334,684.4667329158865,744,0.70375,2400
cancellation_050,21087,fixed_0.35,0.35,0.762258119874554,0.47269913184682677,0.7647849462365591,0.8108333333333333,0.5629166666666666,684.4667329158865,744,0.70375,2400
cancellation_050,21087,fixed_0.5,0.5,0.6178176667368073,0.2927327463046544,0.6155913978494624,0.6716666666666666,0.4066666666666667,684.4667329158865,744,0.70375,2400
cancellation_050,21087,net_sd_scaled_legacy_style,0.20461392260741496,0.898803798167101,0.7050249093233774,0.9005376344086021,0.9195833333333333,0.7458333333333333,684.4667329158865,744,0.70375,2400
cancellation_050,21088,fixed_0.2,0.2,0.9276353918782646,0.6948155126182503,0.9277777777777778,0.9316666666666666,0.73,662.0800499573762,720,0.7,2400
cancellation_050,21088,fixed_0.35,0.35,0.7841185326162375,0.4741837103647555,0.7847222222222222,0.815,0.555,662.0800499573762,720,0.7,2400
cancellation_050,21088,fixed_0.5,0.5,0.6340505726512747,0.3013684327384034,0.6361111111111111,0.6683333333333333,0.4,662.0800499573762,720,0.7,2400
cancellation_050,21088,net_sd_scaled_legacy_style,0.20081654518464528,0.9276353918782646,0.6948155126182503,0.9277777777777778,0.9316666666666666,0.73,662.0800499573762,720,0.7,2400
cancellation_050,21089,fixed_0.2,0.2,0.9027047871704534,0.633992940060744,0.9017094017094017,0.9170833333333334,0.71625,650.0340131795379,702,0.68875,2400
cancellation_050,21089,fixed_0.35,0.35,0.7402462755768703,0.42930523760473216,0.7393162393162394,0.79375,0.5308333333333334,650.0340131795379,702,0.68875,2400
cancellation_050,21089,fixed_0.5,0.5,0.601414590896134,0.259617057010061,0.6025641025641025,0.6629166666666667,0.3875,650.0340131795379,702,0.68875,2400
cancellation_050,21089,net_sd_scaled_legacy_style,0.20265105796556643,0.8992901205469715,0.6270191745161551,0.8988603988603988,0.915,0.7125,650.0340131795379,702,0.68875,2400
cancellation_050,21090,fixed_0.2,0.2,0.9067075682331268,0.6847704802033648,0.9054794520547945,0.92125,0.7404166666666666,678.2141300120431,730,0.69875,2400
cancellation_050,21090,fixed_0.35,0.35,0.7588208448133604,0.45758102485248303,0.7575342465753425,0.8033333333333333,0.55625,678.2141300120431,730,0.69875,2400
cancellation_050,21090,fixed_0.5,0.5,0.617746734599286,0.276026235301217,0.6164383561643836,0.6729166666666667,0.38708333333333333,678.2141300120431,730,0.69875,2400
cancellation_050,21090,net_sd_scaled_legacy_style,0.20419834140626938,0.9011757719559428,0.6786911944676239,0.9,0.9179166666666667,0.7345833333333334,678.2141300120431,730,0.69875,2400
cancellation_050,21091,fixed_0.2,0.2,0.9184517087592875,0.6754161724510298,0.9190340909090909,0.93125,0.745,650.5236878506448,704,0.705,2400
cancellation_050,21091,fixed_0.35,0.35,0.7700189572708781,0.46785552638488365,0.7684659090909091,0.8045833333333333,0.5554166666666667,650.5236878506448,704,0.705,2400
cancellation_050,21091,fixed_0.5,0.5,0.6039844817360159,0.29436802397569745,0.6022727272727273,0.6683333333333333,0.3958333333333333,650.5236878506448,704,0.705,2400
cancellation_050,21091,net_sd_scaled_legacy_style,0.2065852828189168,0.9102956234516912,0.6696627957208028,0.9119318181818182,0.9254166666666667,0.7375,650.5236878506448,704,0.705,2400
cancellation_050,21092,fixed_0.2,0.2,0.911537752166234,0.6436070408827407,0.9111747851002865,0.91875,0.7158333333333333,651.1868531962436,698,0.7008333333333333,2400
cancellation_050,21092,fixed_0.35,0.35,0.764912250141832,0.4509464501548573,0.7621776504297995,0.7983333333333333,0.54375,651.1868531962436,698,0.7008333333333333,2400
cancellation_050,21092,fixed_0.5,0.5,0.6302146106331814,0.26849426227020723,0.6289398280802292,0.67625,0.38166666666666665,651.1868531962436,698,0.7008333333333333,2400
cancellation_050,21092,net_sd_scaled_legacy_style,0.20117226669770585,0.911537752166234,0.6387663576038587,0.9111747851002865,0.9179166666666667,0.7125,651.1868531962436,698,0.7008333333333333,2400
cancellation_050,21093,fixed_0.2,0.2,0.9252143395379177,0.6639973409176959,0.9242636746143057,0.9266666666666666,0.7095833333333333,662.8079200948968,713,0.7008333333333333,2400
cancellation_050,21093,fixed_0.35,0.35,0.7705488461616977,0.45143856568584256,0.7657784011220197,0.7983333333333333,0.5383333333333333,662.8079200948968,713,0.7008333333333333,2400
cancellation_050,21093,fixed_0.5,0.5,0.6092737195247757,0.27047055892156024,0.6072931276297335,0.65875,0.3779166666666667,662.8079200948968,713,0.7008333333333333,2400
cancellation_050,21093,net_sd_scaled_legacy_style,0.2000751671051454,0.9252143395379177,0.6639973409176959,0.9242636746143057,0.9266666666666666,0.7095833333333333,662.8079200948968,713,0.7008333333333333,2400
cancellation_050,21094,fixed_0.2,0.2,0.8924274519648533,0.6656204213711107,0.8934659090909091,0.9170833333333334,0.7279166666666667,654.20042380469,704,0.6895833333333333,2400
cancellation_050,21094,fixed_0.35,0.35,0.7270823654680683,0.4458525012608047,0.7272727272727273,0.79,0.5420833333333334,654.20042380469,704,0.6895833333333333,2400
cancellation_050,21094,fixed_0.5,0.5,0.5836331969149294,0.2636436541183378,0.5852272727272727,0.6566666666666666,0.3929166666666667,654.20042380469,704,0.6895833333333333,2400
cancellation_050,21094,net_sd_scaled_legacy_style,0.20774799818545064,0.8873865929301118,0.645162738197707,0.8892045454545454,0.91375,0.7154166666666667,654.20042380469,704,0.6895833333333333,2400
cancellation_050,21095,fixed_0.2,0.2,0.9212720257540014,0.7280573814931098,0.9226441631504922,0.9266666666666666,0.7429166666666667,650.2322462378916,711,0.6908333333333333,2400
cancellation_050,21095,fixed_0.35,0.35,0.788327566521341,0.493179049417173,0.790436005625879,0.80875,0.55875,650.2322462378916,711,0.6908333333333333,2400
cancellation_050,21095,fixed_0.5,0.5,0.6410850410611356,0.3111165974706005,0.639943741209564,0.6820833333333334,0.40541666666666665,650.2322462378916,711,0.6908333333333333,2400
cancellation_050,21095,net_sd_scaled_legacy_style,0.21177182720416785,0.9149443151563474,0.7117641445119397,0.9156118143459916,0.91875,0.7325,650.2322462378916,711,0.6908333333333333,2400
cancellation_050,21096,fixed_0.2,0.2,0.9168114968253409,0.6772203973606383,0.9152298850574713,0.925,0.7245833333333334,646.1488166651735,696,0.6933333333333334,2400
cancellation_050,21096,fixed_0.35,0.35,0.7623729787158625,0.47995883973065023,0.7614942528735632,0.795,0.5470833333333334,646.1488166651735,696,0.6933333333333334,2400
cancellation_050,21096,fixed_0.5,0.5,0.6073350920706672,0.312151183036498,0.6063218390804598,0.6575,0.3883333333333333,646.1488166651735,696,0.6933333333333334,2400
cancellation_050,21096,net_sd_scaled_legacy_style,0.20505851434216235,0.91371623463741,0.6642067377508202,0.9123563218390804,0.9225,0.7191666666666666,646.1488166651735,696,0.6933333333333334,2400
cancellation_050,21097,fixed_0.2,0.2,0.9088154414142531,0.6710575217047271,0.9072164948453608,0.9158333333333334,0.7166666666666667,623.5639261965974,679,0.68125,2400
cancellation_050,21097,fixed_0.35,0.35,0.7542459745242543,0.4554669552901604,0.7540500736377025,0.78875,0.5333333333333333,623.5639261965974,679,0.68125,2400
cancellation_050,21097,fixed_0.5,0.5,0.6163421111874537,0.29150977233717784,0.6170839469808542,0.6633333333333333,0.3858333333333333,623.5639261965974,679,0.68125,2400
cancellation_050,21097,net_sd_scaled_legacy_style,0.19848550628356948,0.9088154414142531,0.6726612065203312,0.9072164948453608,0.9158333333333334,0.7179166666666666,623.5639261965974,679,0.68125,2400
cancellation_050,21098,fixed_0.2,0.2,0.9127893518736728,0.6936600562955739,0.9147727272727273,0.9241666666666667,0.7283333333333334,645.5193444728149,704,0.68625,2400
cancellation_050,21098,fixed_0.35,0.35,0.7800176957862014,0.45820034527947634,0.7840909090909091,0.8070833333333334,0.55,645.5193444728149,704,0.68625,2400
cancellation_050,21098,fixed_0.5,0.5,0.6084291781939691,0.3089567529079582,0.6079545454545454,0.6675,0.4075,645.5193444728149,704,0.68625,2400
cancellation_050,21098,net_sd_scaled_legacy_style,0.2051800451186628,0.9087409228429341,0.6851311270459702,0.9105113636363636,0.9191666666666667,0.72125,645.5193444728149,704,0.68625,2400
cancellation_050,21099,fixed_0.2,0.2,0.904923423051046,0.7015671565439487,0.9046283309957924,0.9245833333333333,0.73375,652.8561645560501,713,0.6929166666666666,2400
cancellation_050,21099,fixed_0.35,0.35,0.765534939138719,0.4354364376838624,0.7629733520336606,0.8070833333333334,0.5395833333333333,652.8561645560501,713,0.6929166666666666,2400
cancellation_050,21099,fixed_0.5,0.5,0.6032558948544245,0.28707656171001883,0.6002805049088359,0.6708333333333333,0.38916666666666666,652.8561645560501,713,0.6929166666666666,2400
cancellation_050,21099,net_sd_scaled_legacy_style,0.2047146825052363,0.9022065894822939,0.6956521831563153,0.9018232819074333,0.92125,0.7283333333333334,652.8561645560501,713,0.6929166666666666,2400
cancellation_050,21100,fixed_0.2,0.2,0.91446950842771,0.6853731340660252,0.9157303370786517,0.92,0.7395833333333334,654.3514926975894,712,0.6954166666666667,2400
cancellation_050,21100,fixed_0.35,0.35,0.7790584051950714,0.46977955648935205,0.776685393258427,0.7958333333333333,0.5495833333333333,654.3514926975894,712,0.6954166666666667,2400
cancellation_050,21100,fixed_0.5,0.5,0.628052094820618,0.30142475946986635,0.625,0.66625,0.39708333333333334,654.3514926975894,712,0.6954166666666667,2400
cancellation_050,21100,net_sd_scaled_legacy_style,0.20339232623740464,0.9104636555370027,0.6800010983186464,0.9115168539325843,0.91625,0.7358333333333333,654.3514926975894,712,0.6954166666666667,2400
cancellation_085,21001,fixed_0.2,0.2,0.9126323476169252,0.49163264345194296,0.9130434782608695,0.9258333333333333,0.53125,634.7168250732556,690,0.6841666666666667,2400
cancellation_085,21001,fixed_0.35,0.35,0.7891560197014396,0.23378858685314066,0.7913043478260869,0.80375,0.3016666666666667,634.7168250732556,690,0.6841666666666667,2400
cancellation_085,21001,fixed_0.5,0.5,0.6655582095446311,0.08211390569190807,0.6695652173913044,0.6895833333333333,0.13625,634.7168250732556,690,0.6841666666666667,2400
cancellation_085,21001,net_sd_scaled_legacy_style,0.11743407653701497,0.9679235406502548,0.7052695106158985,0.9681159420289855,0.9708333333333333,0.7095833333333333,634.7168250732556,690,0.6841666666666667,2400
cancellation_085,21002,fixed_0.2,0.2,0.9140484950595941,0.5151990435305122,0.915954415954416,0.9191666666666667,0.5595833333333333,652.6558559155712,702,0.6916666666666667,2400
cancellation_085,21002,fixed_0.35,0.35,0.8062790269465259,0.2580011036564407,0.8034188034188035,0.80625,0.315,652.6558559155712,702,0.6916666666666667,2400
cancellation_085,21002,fixed_0.5,0.5,0.6919076162768079,0.09064043910258134,0.6894586894586895,0.685,0.13833333333333334,652.6558559155712,702,0.6916666666666667,2400
cancellation_085,21002,net_sd_scaled_legacy_style,0.11914587609020805,0.9693604095912286,0.6959912235400031,0.9700854700854701,0.96875,0.7291666666666666,652.6558559155712,702,0.6916666666666667,2400
cancellation_085,21003,fixed_0.2,0.2,0.9132886093343858,0.5139089936120751,0.9169096209912536,0.9225,0.5541666666666667,639.5300909150026,686,0.6879166666666666,2400
cancellation_085,21003,fixed_0.35,0.35,0.7925368803656748,0.2504079993192137,0.7988338192419825,0.8054166666666667,0.28875,639.5300909150026,686,0.6879166666666666,2400
cancellation_085,21003,fixed_0.5,0.5,0.6979148824452309,0.08886772898231676,0.7040816326530612,0.6979166666666666,0.13083333333333333,639.5300909150026,686,0.6879166666666666,2400
cancellation_085,21003,net_sd_scaled_legacy_style,0.11542916973711034,0.965226011345383,0.718464279809414,0.9664723032069971,0.9729166666666667,0.7316666666666667,639.5300909150026,686,0.6879166666666666,2400
cancellation_085,21004,fixed_0.2,0.2,0.9317423982105694,0.5183329478674594,0.9343365253077975,0.92375,0.5504166666666667,670.3861851577985,731,0.7029166666666666,2400
cancellation_085,21004,fixed_0.35,0.35,0.8313397489808858,0.238584142286169,0.8331053351573188,0.8170833333333334,0.28833333333333333,670.3861851577985,731,0.7029166666666666,2400
cancellation_085,21004,fixed_0.5,0.5,0.7109699089737689,0.10561016490318577,0.7140902872777017,0.6916666666666667,0.13916666666666666,670.3861851577985,731,0.7029166666666666,2400
cancellation_085,21004,net_sd_scaled_legacy_style,0.11753702650113923,0.974389946386413,0.7111404407116969,0.9753761969904241,0.9695833333333334,0.71875,670.3861851577985,731,0.7029166666666666,2400
cancellation_085,21005,fixed_0.2,0.2,0.918907034957061,0.5491493318034587,0.9172510518934082,0.9175,0.5645833333333333,656.5454109435343,713,0.6866666666666666,2400
cancellation_085,21005,fixed_0.35,0.35,0.8060770978822894,0.24508589830091287,0.8036465638148668,0.8054166666666667,0.2916666666666667,656.5454109435343,713,0.6866666666666666,2400
cancellation_085,21005,fixed_0.5,0.5,0.703110243741092,0.0861545924819975,0.7026647966339411,0.6970833333333334,0.12,656.5454109435343,713,0.6866666666666666,2400
cancellation_085,21005,net_sd_scaled_legacy_style,0.11543322204017639,0.9734704705434559,0.721555103447797,0.9719495091164095,0.96875,0.7358333333333333,656.5454109435343,713,0.6866666666666666,2400
cancellation_085,21006,fixed_0.2,0.2,0.9260402028286787,0.4904062694457911,0.9277456647398844,0.9229166666666667,0.52375,638.4856916697418,692,0.6854166666666667,2400
cancellation_085,21006,fixed_0.35,0.35,0.7903585551340456,0.23531118645974336,0.7933526011560693,0.8041666666666667,0.2783333333333333,638.4856916697418,692,0.6854166666666667,2400
cancellation_085,21006,fixed_0.5,0.5,0.6487068261769967,0.09520830917536813,0.6502890173410405,0.67875,0.12125,638.4856916697418,692,0.6854166666666667,2400
cancellation_085,21006,net_sd_scaled_legacy_style,0.11212283352706058,0.9765435324030003,0.6892205569802705,0.976878612716763,0.97375,0.72,638.4856916697418,692,0.6854166666666667,2400
cancellation_085,21007,fixed_0.2,0.2,0.9327600910013552,0.5226144376911295,0.9332386363636364,0.9254166666666667,0.55625,649.2306437228374,704,0.6925,2400
cancellation_085,21007,fixed_0.35,0.35,0.7926127175585996,0.25308965630917707,0.7940340909090909,0.8133333333333334,0.3129166666666667,649.2306437228374,704,0.6925,2400
cancellation_085,21007,fixed_0.5,0.5,0.6772970641570655,0.09391164447276168,0.6775568181818182,0.6954166666666667,0.13916666666666666,649.2306437228374,704,0.6925,2400
cancellation_085,21007,net_sd_scaled_legacy_style,0.11921858102381275,0.9765797388268886,0.6984451313700065,0.9758522727272727,0.9779166666666667,0.7283333333333334,649.2306437228374,704,0.6925,2400
cancellation_085,21008,fixed_0.2,0.2,0.9161973813363052,0.5272001537780806,0.9136490250696379,0.925,0.5675,663.3962107034639,718,0.6983333333333334,2400
cancellation_085,21008,fixed_0.35,0.35,0.8025342502293183,0.2566448039392199,0.8008356545961003,0.8154166666666667,0.315,663.3962107034639,718,0.6983333333333334,2400
cancellation_085,21008,fixed_0.5,0.5,0.6552363654558659,0.10338818644641666,0.6532033426183844,0.68875,0.14708333333333334,663.3962107034639,718,0.6983333333333334,2400
cancellation_085,21008,net_sd_scaled_legacy_style,0.11841971398291595,0.9770383308032615,0.7149802215487577,0.9763231197771588,0.97125,0.7408333333333333,663.3962107034639,718,0.6983333333333334,2400
cancellation_085,21009,fixed_0.2,0.2,0.9228049253032821,0.514904732216905,0.9241573033707865,0.925,0.5358333333333334,649.4652496720396,712,0.6933333333333334,2400
cancellation_085,21009,fixed_0.35,0.35,0.7849947521171082,0.2633231781622953,0.7808988764044944,0.8029166666666666,0.27958333333333335,649.4652496720396,712,0.6933333333333334,2400
cancellation_085,21009,fixed_0.5,0.5,0.6633512168915008,0.10661728750058463,0.6643258426966292,0.6925,0.12333333333333334,649.4652496720396,712,0.6933333333333334,2400
cancellation_085,21009,net_sd_scaled_legacy_style,0.1141496534104065,0.9739415297340448,0.7089710034291096,0.976123595505618,0.9720833333333333,0.7295833333333334,649.4652496720396,712,0.6933333333333334,2400
cancellation_085,21010,fixed_0.2,0.2,0.9059461003358437,0.536936065729839,0.9053857350800583,0.9229166666666667,0.5529166666666666,639.3971486130597,687,0.6975,2400
cancellation_085,21010,fixed_0.35,0.35,0.793038616839618,0.2464569403105035,0.7947598253275109,0.8108333333333333,0.2920833333333333,639.3971486130597,687,0.6975,2400
cancellation_085,21010,fixed_0.5,0.5,0.67415498406417,0.10620077473015323,0.6754002911208151,0.6958333333333333,0.135,639.3971486130597,687,0.6975,2400
cancellation_085,21010,net_sd_scaled_legacy_style,0.11719778515870773,0.9623389030645558,0.7144671383232276,0.9606986899563319,0.9691666666666666,0.7154166666666667,639.3971486130597,687,0.6975,2400
cancellation_085,21011,fixed_0.2,0.2,0.9249821781733809,0.5063109784336476,0.9252873563218391,0.9258333333333333,0.5616666666666666,645.4619838474184,696,0.695,2400
cancellation_085,21011,fixed_0.35,0.35,0.816763763362046,0.24925726482961372,0.8175287356321839,0.81625,0.30083333333333334,645.4619838474184,696,0.695,2400
cancellation_085,21011,fixed_0.5,0.5,0.7201071425246522,0.10556754950034475,0.7241379310344828,0.7095833333333333,0.14166666666666666,645.4619838474184,696,0.695,2400
cancellation_085,21011,net_sd_scaled_legacy_style,0.1171836771592683,0.9752448344499376,0.7136275183502939,0.9755747126436781,0.975,0.72625,645.4619838474184,696,0.695,2400
cancellation_085,21012,fixed_0.2,0.2,0.9165745736760706,0.48950931704879935,0.9194244604316547,0.9220833333333334,0.53625,639.0935513442707,695,0.68625,2400
cancellation_085,21012,fixed_0.35,0.35,0.8080603193299628,0.21720944389959665,0.8100719424460432,0.8075,0.28541666666666665,639.0935513442707,695,0.68625,2400
cancellation_085,21012,fixed_0.5,0.5,0.6916083955087803,0.07494403408999697,0.6992805755395683,0.68625,0.12833333333333333,639.0935513442707,695,0.68625,2400
cancellation_085,21012,net_sd_scaled_legacy_style,0.11473343104565203,0.9715142380454581,0.6837787905769551,0.9726618705035971,0.9745833333333334,0.7220833333333333,639.0935513442707,695,0.68625,2400
cancellation_085,21013,fixed_0.2,0.2,0.9016100812892849,0.5024207248810755,0.9016152716593245,0.9154166666666667,0.53,626.739821182064,681,0.6729166666666667,2400
cancellation_085,21013,fixed_0.35,0.35,0.79576976209209,0.24091087126095548,0.7973568281938326,0.805,0.29125,626.739821182064,681,0.6729166666666667,2400
cancellation_085,21013,fixed_0.5,0.5,0.6746604374422311,0.09264186800976815,0.6754772393538914,0.6970833333333334,0.13333333333333333,626.739821182064,681,0.6729166666666667,2400
cancellation_085,21013,net_sd_scaled_legacy_style,0.11708453926824915,0.9596515350815248,0.6632386317139051,0.9588839941262849,0.9658333333333333,0.7104166666666667,626.739821182064,681,0.6729166666666667,2400
cancellation_085,21014,fixed_0.2,0.2,0.9095699533944763,0.5140263160175844,0.905982905982906,0.9183333333333333,0.54875,649.2199900913581,702,0.6966666666666667,2400
cancellation_085,21014,fixed_0.35,0.35,0.797468703123325,0.24842976846660217,0.7934472934472935,0.8033333333333333,0.3020833333333333,649.2199900913581,702,0.6966666666666667,2400
cancellation_085,21014,fixed_0.5,0.5,0.6718994936617207,0.09714126731968804,0.6666666666666666,0.6820833333333334,0.14625,649.2199900913581,702,0.6966666666666667,2400
cancellation_085,21014,net_sd_scaled_legacy_style,0.11889993286864885,0.9662014960568212,0.6828570090923283,0.9658119658119658,0.9725,0.7266666666666667,649.2199900913581,702,0.6966666666666667,2400
cancellation_085,21015,fixed_0.2,0.2,0.912770082355295,0.5401818244782473,0.9125925925925926,0.91625,0.5575,636.367021124544,675,0.6983333333333334,2400
cancellation_085,21015,fixed_0.35,0.35,0.7856759298616122,0.23933972078271368,0.7837037037037037,0.805,0.28708333333333336,636.367021124544,675,0.6983333333333334,2400
cancellation_085,21015,fixed_0.5,0.5,0.6739624376047424,0.07997613491703978,0.6725925925925926,0.6920833333333334,0.12958333333333333,636.367021124544,675,0.6983333333333334,2400
cancellation_085,21015,net_sd_scaled_legacy_style,0.11608293350907661,0.9658812403756419,0.7056229524009219,0.9674074074074074,0.9679166666666666,0.7254166666666667,636.367021124544,675,0.6983333333333334,2400
cancellation_085,21016,fixed_0.2,0.2,0.9140594638913601,0.47988628549770584,0.9103840682788051,0.92375,0.54,656.3059527257539,703,0.7029166666666666,2400
cancellation_085,21016,fixed_0.35,0.35,0.7978785232781964,0.24114135699675912,0.7923186344238976,0.815,0.30125,656.3059527257539,703,0.7029166666666666,2400
cancellation_085,21016,fixed_0.5,0.5,0.6611311995696839,0.10307231197526255,0.6586059743954481,0.7004166666666667,0.13291666666666666,656.3059527257539,703,0.7029166666666666,2400
cancellation_085,21016,net_sd_scaled_legacy_style,0.1165629612188764,0.9614278793152226,0.6683589338653654,0.9587482219061166,0.9670833333333333,0.71125,656.3059527257539,703,0.7029166666666666,2400
cancellation_085,21017,fixed_0.2,0.2,0.9343446430943441,0.5369078511712269,0.9351585014409222,0.9254166666666667,0.57125,644.6151886193516,694,0.6925,2400
cancellation_085,21017,fixed_0.35,0.35,0.8295648609575821,0.2735260941205514,0.8328530259365994,0.8133333333333334,0.30833333333333335,644.6151886193516,694,0.6925,2400
cancellation_085,21017,fixed_0.5,0.5,0.698711756391872,0.10076570392418478,0.7017291066282421,0.69625,0.13541666666666666,644.6151886193516,694,0.6925,2400
cancellation_085,21017,net_sd_scaled_legacy_style,0.11724792476686634,0.9806766380011045,0.7138903244987103,0.9798270893371758,0.9729166666666667,0.7366666666666667,644.6151886193516,694,0.6925,2400
cancellation_085,21018,fixed_0.2,0.2,0.939165082177184,0.5505113700780121,0.9391691394658753,0.9254166666666667,0.5541666666666667,623.9137909393711,674,0.6858333333333333,2400
cancellation_085,21018,fixed_0.35,0.35,0.8292575330076483,0.2534353518903336,0.8293768545994066,0.8070833333333334,0.29833333333333334,623.9137909393711,674,0.6858333333333333,2400
cancellation_085,21018,fixed_0.5,0.5,0.6899351779319891,0.11619849467554519,0.6899109792284867,0.6745833333333333,0.13541666666666666,623.9137909393711,674,0.6858333333333333,2400
cancellation_085,21018,net_sd_scaled_legacy_style,0.11694796437065162,0.9727617825056616,0.7103222611944965,0.973293768545994,0.9675,0.7220833333333333,623.9137909393711,674,0.6858333333333333,2400
cancellation_085,21019,fixed_0.2,0.2,0.9354619145665563,0.4949373829391483,0.936231884057971,0.9279166666666666,0.5579166666666666,648.6635368088209,690,0.695,2400
cancellation_085,21019,fixed_0.35,0.35,0.8256014719503508,0.24420957767684387,0.827536231884058,0.8154166666666667,0.30125,648.6635368088209,690,0.695,2400
cancellation_085,21019,fixed_0.5,0.5,0.7013471869666822,0.09201144924317287,0.7,0.69,0.14083333333333334,648.6635368088209,690,0.695,2400
cancellation_085,21019,net_sd_scaled_legacy_style,0.11916515288653198,0.9732101616297284,0.7125900422204027,0.9739130434782609,0.9708333333333333,0.7375,648.6635368088209,690,0.695,2400
cancellation_085,21020,fixed_0.2,0.2,0.9159818143738783,0.5247128835659772,0.9171270718232044,0.9283333333333333,0.57125,664.7886414339199,724,0.6945833333333333,2400
cancellation_085,21020,fixed_0.35,0.35,0.8007492848749952,0.2491445600288255,0.8052486187845304,0.8154166666666667,0.30333333333333334,664.7886414339199,724,0.6945833333333333,2400
cancellation_085,21020,fixed_0.5,0.5,0.6683540439053658,0.1025367089117512,0.6726519337016574,0.6895833333333333,0.13375,664.7886414339199,724,0.6945833333333333,2400
cancellation_085,21020,net_sd_scaled_legacy_style,0.11807979728446695,0.9668858675304371,0.7114931388006376,0.9668508287292817,0.9733333333333334,0.7270833333333333,664.7886414339199,724,0.6945833333333333,2400
cancellation_085,21021,fixed_0.2,0.2,0.9076826888875933,0.5155777897227235,0.9053084648493543,0.91625,0.56,642.7186560827998,697,0.6841666666666667,2400
cancellation_085,21021,fixed_0.35,0.35,0.7711680502734065,0.2613303510536099,0.7675753228120517,0.8054166666666667,0.295,642.7186560827998,697,0.6841666666666667,2400
cancellation_085,21021,fixed_0.5,0.5,0.6434072887233687,0.10156258479876148,0.6384505021520803,0.6879166666666666,0.13416666666666666,642.7186560827998,697,0.6841666666666667,2400
cancellation_085,21021,net_sd_scaled_legacy_style,0.11792633145681511,0.9681974406223691,0.7125182043086234,0.9670014347202296,0.9695833333333334,0.72625,642.7186560827998,697,0.6841666666666667,2400
cancellation_085,21022,fixed_0.2,0.2,0.9262758438897557,0.49835442898063564,0.926829268292683,0.9195833333333333,0.5504166666666667,649.3301153410752,697,0.6875,2400
cancellation_085,21022,fixed_0.35,0.35,0.8116533095813632,0.2416502911515517,0.8091822094691535,0.8095833333333333,0.29791666666666666,649.3301153410752,697,0.6875,2400
cancellation_085,21022,fixed_0.5,0.5,0.6527518556525376,0.08644462918268228,0.6527977044476327,0.68125,0.12916666666666668,649.3301153410752,697,0.6875,2400
cancellation_085,21022,net_sd_scaled_legacy_style,0.117159529601198,0.9714323526545664,0.697412148044991,0.9727403156384505,0.9725,0.7258333333333333,649.3301153410752,697,0.6875,2400
cancellation_085,21023,fixed_0.2,0.2,0.9083665740400412,0.5229998652759698,0.909221902017291,0.9195833333333333,0.5504166666666667,642.9619161191337,694,0.6995833333333333,2400
cancellation_085,21023,fixed_0.35,0.35,0.8134567290988219,0.2659974854148596,0.8097982708933718,0.82125,0.3025,642.9619161191337,694,0.6995833333333333,2400
cancellation_085,21023,fixed_0.5,0.5,0.7070139221366686,0.09794100890222816,0.7002881844380403,0.7045833333333333,0.145,642.9619161191337,694,0.6995833333333333,2400
cancellation_085,21023,net_sd_scaled_legacy_style,0.11812151599912138,0.968575099710699,0.7210587730121956,0.968299711815562,0.9670833333333333,0.7279166666666667,642.9619161191337,694,0.6995833333333333,2400
cancellation_085,21024,fixed_0.2,0.2,0.9282456233752817,0.515667891718844,0.9291666666666667,0.9295833333333333,0.54625,667.5048088037714,720,0.7045833333333333,2400
cancellation_085,21024,fixed_0.35,0.35,0.8087319928958608,0.2369054449787933,0.8083333333333333,0.8141666666666667,0.28541666666666665,667.5048088037714,720,0.7045833333333333,2400
cancellation_085,21024,fixed_0.5,0.5,0.6739923964417214,0.10472437258327348,0.6736111111111112,0.6983333333333334,0.12791666666666668,667.5048088037714,720,0.7045833333333333,2400
cancellation_085,21024,net_sd_scaled_legacy_style,0.114213448851381,0.9776656430751811,0.7250429410895535,0.9777777777777777,0.97625,0.7258333333333333,667.5048088037714,720,0.7045833333333333,2400
cancellation_085,21025,fixed_0.2,0.2,0.9168071114626204,0.49533863538825784,0.9201101928374655,0.9229166666666667,0.5466666666666666,671.2782866727129,726,0.70375,2400
cancellation_085,21025,fixed_0.35,0.35,0.7993262629391208,0.2417703808238598,0.8016528925619835,0.8070833333333334,0.3,671.2782866727129,726,0.70375,2400
cancellation_085,21025,fixed_0.5,0.5,0.6991252800462608,0.09916073836398774,0.7066115702479339,0.6941666666666667,0.14083333333333334,671.2782866727129,726,0.70375,2400
cancellation_085,21025,net_sd_scaled_legacy_style,0.11714151961801646,0.9552583520852314,0.6963214436415432,0.9573002754820936,0.97,0.7304166666666667,671.2782866727129,726,0.70375,2400
cancellation_085,21026,fixed_0.2,0.2,0.9078414661199631,0.5080033219453146,0.91268758526603,0.9195833333333333,0.5470833333333334,673.3548677527672,733,0.7058333333333333,2400
cancellation_085,21026,fixed_0.35,0.35,0.7950770798407362,0.2570537140166573,0.8021828103683493,0.8058333333333333,0.29541666666666666,673.3548677527672,733,0.7058333333333333,2400
cancellation_085,21026,fixed_0.5,0.5,0.6884510123726985,0.10703143369107547,0.6971350613915416,0.6904166666666667,0.13833333333333334,673.3548677527672,733,0.7058333333333333,2400
cancellation_085,21026,net_sd_scaled_legacy_style,0.11803062577456426,0.967244042292157,0.7035091102182616,0.9699863574351978,0.9683333333333334,0.7254166666666667,673.3548677527672,733,0.7058333333333333,2400
cancellation_085,21027,fixed_0.2,0.2,0.916324192567797,0.5312707662443652,0.9144460028050491,0.9316666666666666,0.5645833333333333,654.907311882604,713,0.6920833333333334,2400
cancellation_085,21027,fixed_0.35,0.35,0.785621358211994,0.2770254059143201,0.782608695652174,0.8158333333333333,0.30541666666666667,654.907311882604,713,0.6920833333333334,2400
cancellation_085,21027,fixed_0.5,0.5,0.6630779170807881,0.11703685951809158,0.6619915848527349,0.6991666666666667,0.14291666666666666,654.907311882604,713,0.6920833333333334,2400
cancellation_085,21027,net_sd_scaled_legacy_style,0.11899256234355966,0.9716950601887304,0.7052853800791395,0.9719495091164095,0.97375,0.7316666666666667,654.907311882604,713,0.6920833333333334,2400
cancellation_085,21028,fixed_0.2,0.2,0.9143344218938673,0.49179753621084826,0.9151599443671766,0.9208333333333333,0.5570833333333334,664.6929227700361,719,0.7041666666666667,2400
cancellation_085,21028,fixed_0.35,0.35,0.8025096835667653,0.23132358452665705,0.803894297635605,0.80375,0.28458333333333335,664.6929227700361,719,0.7041666666666667,2400
cancellation_085,21028,fixed_0.5,0.5,0.6801593278013186,0.10010307487662613,0.6842837273991655,0.6841666666666667,0.13125,664.6929227700361,719,0.7041666666666667,2400
cancellation_085,21028,net_sd_scaled_legacy_style,0.11766230250581011,0.9647886397442408,0.6702575334537461,0.9638386648122392,0.9720833333333333,0.7208333333333333,664.6929227700361,719,0.7041666666666667,2400
cancellation_085,21029,fixed_0.2,0.2,0.925169452429582,0.5186342947596334,0.920749279538905,0.9241666666666667,0.5504166666666667,643.0534644617134,694,0.6925,2400
cancellation_085,21029,fixed_0.35,0.35,0.7905762907792648,0.23437257736377481,0.7853025936599424,0.81,0.2975,643.0534644617134,694,0.6925,2400
cancellation_085,21029,fixed_0.5,0.5,0.6693395090671915,0.10008114267780512,0.6657060518731989,0.6933333333333334,0.14416666666666667,643.0534644617134,694,0.6925,2400
cancellation_085,21029,net_sd_scaled_legacy_style,0.11828306224321504,0.9817729104499867,0.7248214538284286,0.9798270893371758,0.9770833333333333,0.7295833333333334,643.0534644617134,694,0.6925,2400
cancellation_085,21030,fixed_0.2,0.2,0.9012967534144575,0.5165460534830277,0.9015918958031838,0.92,0.5483333333333333,648.0095149816541,691,0.6991666666666667,2400
cancellation_085,21030,fixed_0.35,0.35,0.7930263297110801,0.262061462785518,0.788712011577424,0.8145833333333333,0.30541666666666667,648.0095149816541,691,0.6991666666666667,2400
cancellation_085,21030,fixed_0.5,0.5,0.6949885271995447,0.09071048736527397,0.6931982633863966,0.7041666666666667,0.13291666666666666,648.0095149816541,691,0.6991666666666667,2400
cancellation_085,21030,net_sd_scaled_legacy_style,0.11748744961820842,0.9606304133415431,0.7193985218521916,0.959479015918958,0.96875,0.7329166666666667,648.0095149816541,691,0.6991666666666667,2400
cancellation_085,21031,fixed_0.2,0.2,0.9201751021040485,0.4992987673818438,0.9232876712328767,0.92625,0.5395833333333333,672.4586808326385,730,0.7016666666666667,2400
cancellation_085,21031,fixed_0.35,0.35,0.7967300870886846,0.24109050091712866,0.7986301369863014,0.81,0.28875,672.4586808326385,730,0.7016666666666667,2400
cancellation_085,21031,fixed_0.5,0.5,0.6877896849741459,0.11443785587485714,0.689041095890411,0.69125,0.14458333333333334,672.4586808326385,730,0.7016666666666667,2400
cancellation_085,21031,net_sd_scaled_legacy_style,0.11730603610346227,0.9631968800406017,0.680689569110516,0.9643835616438357,0.9725,0.7175,672.4586808326385,730,0.7016666666666667,2400
cancellation_085,21032,fixed_0.2,0.2,0.9161638905574102,0.5086726247884782,0.9171270718232044,0.9279166666666666,0.56125,662.2810614160368,724,0.6916666666666667,2400
cancellation_085,21032,fixed_0.35,0.35,0.7788127774375442,0.26514030224553986,0.7803867403314917,0.8054166666666667,0.30791666666666667,662.2810614160368,724,0.6916666666666667,2400
cancellation_085,21032,fixed_0.5,0.5,0.648100217283006,0.11287355968450119,0.6505524861878453,0.68875,0.13541666666666666,662.2810614160368,724,0.6916666666666667,2400
cancellation_085,21032,net_sd_scaled_legacy_style,0.11822350608336264,0.972090997724482,0.7069357155086556,0.9723756906077348,0.97125,0.74125,662.2810614160368,724,0.6916666666666667,2400
cancellation_085,21033,fixed_0.2,0.2,0.9213359943866961,0.47930019173620164,0.9190751445086706,0.9320833333333334,0.54875,643.5302256979289,692,0.6925,2400
cancellation_085,21033,fixed_0.35,0.35,0.7890127934175294,0.24075454915460204,0.7875722543352601,0.8075,0.295,643.5302256979289,692,0.6925,2400
cancellation_085,21033,fixed_0.5,0.5,0.6669379750193932,0.08878523104502586,0.6604046242774566,0.6854166666666667,0.13375,643.5302256979289,692,0.6925,2400
cancellation_085,21033,net_sd_scaled_legacy_style,0.11759306163672023,0.965657308751301,0.6745363434086712,0.9653179190751445,0.9695833333333334,0.7104166666666667,643.5302256979289,692,0.6925,2400
cancellation_085,21034,fixed_0.2,0.2,0.9028888778594597,0.5088168855611491,0.8985507246376812,0.9229166666666667,0.5554166666666667,641.247559453675,690,0.6879166666666666,2400
cancellation_085,21034,fixed_0.35,0.35,0.7972019394371689,0.2614877214998925,0.7898550724637681,0.8120833333333334,0.30833333333333335,641.247559453675,690,0.6879166666666666,2400
cancellation_085,21034,fixed_0.5,0.5,0.6746379573927274,0.10168703710419837,0.6652173913043479,0.69875,0.14916666666666667,641.247559453675,690,0.6879166666666666,2400
cancellation_085,21034,net_sd_scaled_legacy_style,0.11978033462951401,0.963867481387511,0.6850295146557893,0.9623188405797102,0.9679166666666666,0.7195833333333334,641.247559453675,690,0.6879166666666666,2400
cancellation_085,21035,fixed_0.2,0.2,0.924677537351866,0.5377174461949829,0.9247787610619469,0.9254166666666667,0.5591666666666667,632.1870733626049,678,0.6866666666666666,2400
cancellation_085,21035,fixed_0.35,0.35,0.8205372860018136,0.25391272003822807,0.8215339233038348,0.8220833333333334,0.29375,632.1870733626049,678,0.6866666666666666,2400
cancellation_085,21035,fixed_0.5,0.5,0.6991667134164227,0.08906942992939089,0.7035398230088495,0.6920833333333334,0.13625,632.1870733626049,678,0.6866666666666666,2400
cancellation_085,21035,net_sd_scaled_legacy_style,0.11785558303384569,0.967933973757232,0.7137597279481394,0.9690265486725663,0.9683333333333334,0.7358333333333333,632.1870733626049,678,0.6866666666666666,2400
cancellation_085,21036,fixed_0.2,0.2,0.9242041632962751,0.5426478140481562,0.9234104046242775,0.92125,0.5704166666666667,642.1795297336005,692,0.6933333333333334,2400
cancellation_085,21036,fixed_0.35,0.35,0.8254325074593012,0.27709783232059265,0.8251445086705202,0.8225,0.3204166666666667,642.1795297336005,692,0.6933333333333334,2400
cancellation_085,21036,fixed_0.5,0.5,0.6891396899093156,0.09724072525880982,0.6893063583815029,0.6958333333333333,0.14208333333333334,642.1795297336005,692,0.6933333333333334,2400
cancellation_085,21036,net_sd_scaled_legacy_style,0.11964757329801251,0.9706122846610595,0.7215018950583122,0.9667630057803468,0.9729166666666667,0.7304166666666667,642.1795297336005,692,0.6933333333333334,2400
cancellation_085,21037,fixed_0.2,0.2,0.9046971710947811,0.4780634016992762,0.9046283309957924,0.93,0.5491666666666667,652.4088583381158,713,0.69625,2400
cancellation_085,21037,fixed_0.35,0.35,0.7940170337464435,0.21093616981693417,0.7966339410939691,0.8233333333333334,0.29333333333333333,652.4088583381158,713,0.69625,2400
cancellation_085,21037,fixed_0.5,0.5,0.6914942244135759,0.0876309071066801,0.6900420757363254,0.7004166666666667,0.14166666666666666,652.4088583381158,713,0.69625,2400
cancellation_085,21037,net_sd_scaled_legacy_style,0.11937744739657828,0.9540334767045563,0.6602305475436147,0.9537166900420757,0.9716666666666667,0.7104166666666667,652.4088583381158,713,0.69625,2400
cancellation_085,21038,fixed_0.2,0.2,0.9237727610989118,0.49632479123721646,0.9205202312138728,0.9233333333333333,0.5533333333333333,638.4973912649059,692,0.695,2400
cancellation_085,21038,fixed_0.35,0.35,0.797702370920281,0.24550741144962704,0.7933526011560693,0.8075,0.30375,638.4973912649059,692,0.695,2400
cancellation_085,21038,fixed_0.5,0.5,0.6732550528103253,0.11295332463839854,0.6690751445086706,0.68875,0.14291666666666666,638.4973912649059,692,0.695,2400
cancellation_085,21038,net_sd_scaled_legacy_style,0.11954239217646326,0.9614191953239228,0.6661386944910227,0.9609826589595376,0.9675,0.715,638.4973912649059,692,0.695,2400
cancellation_085,21039,fixed_0.2,0.2,0.9273515046084051,0.5173125758120928,0.9273504273504274,0.9254166666666667,0.5704166666666667,646.1316083767815,702,0.6966666666666667,2400
cancellation_085,21039,fixed_0.35,0.35,0.8075320724394609,0.2652516264196828,0.8076923076923077,0.8091666666666667,0.33,646.1316083767815,702,0.6966666666666667,2400
cancellation_085,21039,fixed_0.5,0.5,0.6771109039903538,0.09857380368963088,0.6780626780626781,0.6883333333333334,0.15208333333333332,646.1316083767815,702,0.6966666666666667,2400
cancellation_085,21039,net_sd_scaled_legacy_style,0.12306574576831028,0.9720067174091217,0.6868517193417063,0.9715099715099715,0.9725,0.72125,646.1316083767815,702,0.6966666666666667,2400
cancellation_085,21040,fixed_0.2,0.2,0.9209346198626196,0.48704005743439044,0.9170182841068917,0.9266666666666666,0.5345833333333333,656.2246888895892,711,0.6966666666666667,2400
cancellation_085,21040,fixed_0.35,0.35,0.8168319745842956,0.24748307578850004,0.8157524613220816,0.8145833333333333,0.2816666666666667,656.2246888895892,711,0.6966666666666667,2400
cancellation_085,21040,fixed_0.5,0.5,0.6808240338865114,0.10061433021929257,0.6751054852320675,0.6979166666666666,0.1325,656.2246888895892,711,0.6966666666666667,2400
cancellation_085,21040,net_sd_scaled_legacy_style,0.11594105012188834,0.9720072836559503,0.6710466985490257,0.9718706047819972,0.9733333333333334,0.7166666666666667,656.2246888895892,711,0.6966666666666667,2400
cancellation_085,21041,fixed_0.2,0.2,0.8965295542012383,0.4985495690522058,0.8934306569343066,0.9208333333333333,0.5329166666666667,641.9919326013005,685,0.6925,2400
cancellation_085,21041,fixed_0.35,0.35,0.7882853121872823,0.2634710698149418,0.7868613138686131,0.8095833333333333,0.3016666666666667,641.9919326013005,685,0.6925,2400
cancellation_085,21041,fixed_0.5,0.5,0.6690270810919847,0.10178386385787569,0.6671532846715329,0.6870833333333334,0.14125,641.9919326013005,685,0.6925,2400
cancellation_085,21041,net_sd_scaled_legacy_style,0.11822119737679583,0.9629485857479972,0.694797489960904,0.962043795620438,0.9708333333333333,0.7133333333333334,641.9919326013005,685,0.6925,2400
cancellation_085,21042,fixed_0.2,0.2,0.9360554755147342,0.5237116965452036,0.9311334289813487,0.9291666666666667,0.5595833333333333,652.4145739347632,697,0.6904166666666667,2400
cancellation_085,21042,fixed_0.35,0.35,0.8253203358111215,0.25921669999728575,0.8192252510760402,0.8166666666666667,0.30041666666666667,652.4145739347632,697,0.6904166666666667,2400
cancellation_085,21042,fixed_0.5,0.5,0.6910707411827657,0.10138051867030869,0.6857962697274032,0.69875,0.14041666666666666,652.4145739347632,697,0.6904166666666667,2400
cancellation_085,21042,net_sd_scaled_legacy_style,0.11880775585323436,0.9742412680518553,0.700441413110287,0.9713055954088953,0.9720833333333333,0.7166666666666667,652.4145739347632,697,0.6904166666666667,2400
cancellation_085,21043,fixed_0.2,0.2,0.9186564982645271,0.47087844870929013,0.9163179916317992,0.9191666666666667,0.5316666666666666,663.6431466233184,717,0.705,2400
cancellation_085,21043,fixed_0.35,0.35,0.7875427938095573,0.2303037583119178,0.7838214783821479,0.8054166666666667,0.29375,663.6431466233184,717,0.705,2400
cancellation_085,21043,fixed_0.5,0.5,0.6636693079331697,0.08715810055164269,0.6596931659693166,0.6891666666666667,0.13125,663.6431466233184,717,0.705,2400
cancellation_085,21043,net_sd_scaled_legacy_style,0.11567759938711357,0.9716275244605829,0.6664164359777648,0.9707112970711297,0.9725,0.7141666666666666,663.6431466233184,717,0.705,2400
cancellation_085,21044,fixed_0.2,0.2,0.9165981817796889,0.5002029572962483,0.9155749636098981,0.9208333333333333,0.5575,638.7031827224098,687,0.6916666666666667,2400
cancellation_085,21044,fixed_0.35,0.35,0.8033810826889717,0.21953712729827957,0.8020378457059679,0.8116666666666666,0.29291666666666666,638.7031827224098,687,0.6916666666666667,2400
cancellation_085,21044,fixed_0.5,0.5,0.6682417876599039,0.09048431953211271,0.6622998544395924,0.6820833333333334,0.12833333333333333,638.7031827224098,687,0.6916666666666667,2400
cancellation_085,21044,net_sd_scaled_legacy_style,0.11784545818974286,0.9671096058526365,0.6797736162011639,0.9679767103347889,0.97,0.73375,638.7031827224098,687,0.6916666666666667,2400
cancellation_085,21045,fixed_0.2,0.2,0.92611896830797,0.5146244014934771,0.9268635724331927,0.9266666666666666,0.555,654.8126477885842,711,0.6920833333333334,2400
cancellation_085,21045,fixed_0.35,0.35,0.8008658547792663,0.2430752731914705,0.8045007032348804,0.80625,0.28625,654.8126477885842,711,0.6920833333333334,2400
cancellation_085,21045,fixed_0.5,0.5,0.676027706733214,0.11176074018615524,0.679324894514768,0.6870833333333334,0.14458333333333334,654.8126477885842,711,0.6920833333333334,2400
cancellation_085,21045,net_sd_scaled_legacy_style,0.11801292397666562,0.9692671453207877,0.7071839377139216,0.9690576652601969,0.9741666666666666,0.7279166666666667,654.8126477885842,711,0.6920833333333334,2400
cancellation_085,21046,fixed_0.2,0.2,0.9310381037233448,0.5262232131659623,0.9304964539007092,0.92875,0.5566666666666666,645.908949998508,705,0.6920833333333334,2400
cancellation_085,21046,fixed_0.35,0.35,0.8009734875397394,0.24764910710593388,0.798581560283688,0.8104166666666667,0.2925,645.908949998508,705,0.6920833333333334,2400
cancellation_085,21046,fixed_0.5,0.5,0.6829343333218505,0.08889984866835812,0.6836879432624113,0.695,0.13458333333333333,645.908949998508,705,0.6920833333333334,2400
cancellation_085,21046,net_sd_scaled_legacy_style,0.11613426041255873,0.9766918270195099,0.7130266255599671,0.975886524822695,0.97875,0.725,645.908949998508,705,0.6920833333333334,2400
cancellation_085,21047,fixed_0.2,0.2,0.9318659518477894,0.5655783915041905,0.9361393323657474,0.9225,0.5633333333333334,639.8880257640188,689,0.6816666666666666,2400
cancellation_085,21047,fixed_0.35,0.35,0.8265918458235828,0.26045864180351364,0.8330914368650217,0.8208333333333333,0.2925,639.8880257640188,689,0.6816666666666666,2400
cancellation_085,21047,fixed_0.5,0.5,0.7248210798784043,0.09713248727705949,0.7285921625544267,0.7216666666666667,0.13125,639.8880257640188,689,0.6816666666666666,2400
cancellation_085,21047,net_sd_scaled_legacy_style,0.11795435364605751,0.9808251630569083,0.7575222309288083,0.9825834542815675,0.9758333333333333,0.7404166666666666,639.8880257640188,689,0.6816666666666666,2400
cancellation_085,21048,fixed_0.2,0.2,0.9160489833214566,0.5082589379513217,0.9184549356223176,0.9295833333333333,0.5525,650.4303387899603,699,0.68875,2400
cancellation_085,21048,fixed_0.35,0.35,0.7885956190682673,0.2505284752932805,0.7939914163090128,0.8229166666666666,0.30583333333333335,650.4303387899603,699,0.68875,2400
cancellation_085,21048,fixed_0.5,0.5,0.6829277885571352,0.09850855930609756,0.6852646638054364,0.7075,0.14041666666666666,650.4303387899603,699,0.68875,2400
cancellation_085,21048,net_sd_scaled_legacy_style,0.11862977519118635,0.9665251080723997,0.7105111416302315,0.9670958512160229,0.97,0.7308333333333333,650.4303387899603,699,0.68875,2400
cancellation_085,21049,fixed_0.2,0.2,0.943373957488998,0.5024379709374674,0.947136563876652,0.925,0.5633333333333334,636.2537992061552,681,0.68375,2400
cancellation_085,21049,fixed_0.35,0.35,0.8207537530528545,0.2699776817080377,0.8252569750367107,0.8125,0.31375,636.2537992061552,681,0.68375,2400
cancellation_085,21049,fixed_0.5,0.5,0.685717943756157,0.11980441199175672,0.6857562408223201,0.6741666666666667,0.145,636.2537992061552,681,0.68375,2400
cancellation_085,21049,net_sd_scaled_legacy_style,0.11956356370420061,0.9788153639321356,0.7131484693149076,0.9794419970631424,0.9691666666666666,0.7304166666666667,636.2537992061552,681,0.68375,2400
cancellation_085,21050,fixed_0.2,0.2,0.9051474387701888,0.5284659329903946,0.9034965034965035,0.9229166666666667,0.54625,657.2028815489691,715,0.7016666666666667,2400
cancellation_085,21050,fixed_0.35,0.35,0.8182230351901526,0.26016710065112836,0.8181818181818182,0.8079166666666666,0.30583333333333335,657.2028815489691,715,0.7016666666666667,2400
cancellation_085,21050,fixed_0.5,0.5,0.692260550079713,0.09538883341669668,0.6881118881118881,0.6929166666666666,0.12958333333333333,657.2028815489691,715,0.7016666666666667,2400
cancellation_085,21050,net_sd_scaled_legacy_style,0.11556424148929385,0.9657661616556766,0.7077224864905409,0.965034965034965,0.9720833333333333,0.7220833333333333,657.2028815489691,715,0.7016666666666667,2400
cancellation_085,21051,fixed_0.2,0.2,0.9154224524976423,0.5280001440120373,0.9156462585034013,0.9254166666666667,0.5683333333333334,671.7172867598395,735,0.7004166666666667,2400
cancellation_085,21051,fixed_0.35,0.35,0.7913060847634649,0.25851761738408796,0.7918367346938775,0.8091666666666667,0.2966666666666667,671.7172867598395,735,0.7004166666666667,2400
cancellation_085,21051,fixed_0.5,0.5,0.6928509093219088,0.09524677249658643,0.6965986394557823,0.6995833333333333,0.1375,671.7172867598395,735,0.7004166666666667,2400
cancellation_085,21051,net_sd_scaled_legacy_style,0.11763833639782356,0.9657683418522892,0.707845887132592,0.9659863945578231,0.9683333333333334,0.7316666666666667,671.7172867598395,735,0.7004166666666667,2400
cancellation_085,21052,fixed_0.2,0.2,0.9132932721304432,0.5166626020027153,0.911849710982659,0.9216666666666666,0.55625,640.3912800553039,692,0.6895833333333333,2400
cancellation_085,21052,fixed_0.35,0.35,0.7824588338308893,0.24375574954707832,0.7832369942196532,0.8008333333333333,0.295,640.3912800553039,692,0.6895833333333333,2400
cancellation_085,21052,fixed_0.5,0.5,0.6558853059819202,0.09247132204017958,0.6575144508670521,0.6720833333333334,0.14125,640.3912800553039,692,0.6895833333333333,2400
cancellation_085,21052,net_sd_scaled_legacy_style,0.11811208021562254,0.964758897338521,0.7122676767356366,0.9638728323699421,0.9675,0.73125,640.3912800553039,692,0.6895833333333333,2400
cancellation_085,21053,fixed_0.2,0.2,0.9041471983006625,0.49617299075191834,0.9037900874635568,0.9220833333333334,0.5404166666666667,636.846637360645,686,0.6858333333333333,2400
cancellation_085,21053,fixed_0.35,0.35,0.8081274609455036,0.2315644961915089,0.8061224489795918,0.8129166666666666,0.28375,636.846637360645,686,0.6858333333333333,2400
cancellation_085,21053,fixed_0.5,0.5,0.6751474907257418,0.0879506936472221,0.6705539358600583,0.6941666666666667,0.12083333333333333,636.846637360645,686,0.6858333333333333,2400
cancellation_085,21053,net_sd_scaled_legacy_style,0.11475634973216685,0.9614489482377925,0.7068372158266527,0.9606413994169096,0.97125,0.7229166666666667,636.846637360645,686,0.6858333333333333,2400
cancellation_085,21054,fixed_0.2,0.2,0.9205716596440631,0.5163760236935834,0.9241573033707865,0.9304166666666667,0.5404166666666667,657.8096052782611,712,0.70375,2400
cancellation_085,21054,fixed_0.35,0.35,0.8062252490879455,0.2499111761578283,0.8075842696629213,0.8141666666666667,0.30791666666666667,657.8096052782611,712,0.70375,2400
cancellation_085,21054,fixed_0.5,0.5,0.6886887908965933,0.09081970472326666,0.6910112359550562,0.6941666666666667,0.14041666666666666,657.8096052782611,712,0.70375,2400
cancellation_085,21054,net_sd_scaled_legacy_style,0.11811704135229238,0.9709755421829326,0.7046320704069562,0.9719101123595506,0.9741666666666666,0.7116666666666667,657.8096052782611,712,0.70375,2400
cancellation_085,21055,fixed_0.2,0.2,0.9293734550072231,0.5072494183909,0.9302325581395349,0.9191666666666667,0.5425,642.0904711121584,688,0.6791666666666667,2400
cancellation_085,21055,fixed_0.35,0.35,0.8032520273052306,0.26975649088222714,0.8023255813953488,0.7920833333333334,0.30833333333333335,642.0904711121584,688,0.6791666666666667,2400
cancellation_085,21055,fixed_0.5,0.5,0.675121731897093,0.10697922036526628,0.6758720930232558,0.6833333333333333,0.12791666666666668,642.0904711121584,688,0.6791666666666667,2400
cancellation_085,21055,net_sd_scaled_legacy_style,0.11426452492669703,0.9758691541320671,0.6962571480115517,0.9738372093023255,0.96875,0.7154166666666667,642.0904711121584,688,0.6791666666666667,2400
cancellation_085,21056,fixed_0.2,0.2,0.9178147619862016,0.4949485446861925,0.9161849710982659,0.9245833333333333,0.5570833333333334,639.9952334303405,692,0.6866666666666666,2400
cancellation_085,21056,fixed_0.35,0.35,0.8147901893487481,0.2396888930125484,0.815028901734104,0.8091666666666667,0.2991666666666667,639.9952334303405,692,0.6866666666666666,2400
cancellation_085,21056,fixed_0.5,0.5,0.6935410357491112,0.09852832236008617,0.6921965317919075,0.6820833333333334,0.14375,639.9952334303405,692,0.6866666666666666,2400
cancellation_085,21056,net_sd_scaled_legacy_style,0.11758822737672188,0.9697882279968013,0.6899028218849309,0.9682080924855492,0.97625,0.7229166666666667,639.9952334303405,692,0.6866666666666666,2400
cancellation_085,21057,fixed_0.2,0.2,0.9119690818182136,0.5520067407402269,0.9136986301369863,0.9225,0.5541666666666667,670.0006877289665,730,0.7058333333333333,2400
cancellation_085,21057,fixed_0.35,0.35,0.795466227253775,0.2547901236200465,0.7986301369863014,0.8095833333333333,0.2816666666666667,670.0006877289665,730,0.7058333333333333,2400
cancellation_085,21057,fixed_0.5,0.5,0.6920151378733538,0.10243464228399453,0.6958904109589041,0.6945833333333333,0.12833333333333333,670.0006877289665,730,0.7058333333333333,2400
cancellation_085,21057,net_sd_scaled_legacy_style,0.11611992197014175,0.979111306851204,0.7390863367896355,0.9794520547945206,0.9745833333333334,0.73125,670.0006877289665,730,0.7058333333333333,2400
cancellation_085,21058,fixed_0.2,0.2,0.9120178278255789,0.5214850733196665,0.912621359223301,0.9179166666666667,0.545,667.3102353587706,721,0.70625,2400
cancellation_085,21058,fixed_0.35,0.35,0.7881203314297776,0.2592927283415323,0.7905686546463245,0.8008333333333333,0.29125,667.3102353587706,721,0.70625,2400
cancellation_085,21058,fixed_0.5,0.5,0.6882644237334771,0.09528345933365767,0.6893203883495146,0.68875,0.1275,667.3102353587706,721,0.70625,2400
cancellation_085,21058,net_sd_scaled_legacy_style,0.11593433288446074,0.9674310564734594,0.7285530580901807,0.9694868238557559,0.9675,0.72375,667.3102353587706,721,0.70625,2400
cancellation_085,21059,fixed_0.2,0.2,0.9324924185371496,0.5440027144389822,0.9325842696629213,0.9329166666666666,0.5533333333333333,660.1592757025182,712,0.6929166666666666,2400
cancellation_085,21059,fixed_0.35,0.35,0.7941567311972538,0.26215098101317647,0.7935393258426966,0.8158333333333333,0.29875,660.1592757025182,712,0.6929166666666666,2400
cancellation_085,21059,fixed_0.5,0.5,0.6605519338781524,0.10587005059997018,0.6615168539325843,0.6879166666666666,0.13625,660.1592757025182,712,0.6929166666666666,2400
cancellation_085,21059,net_sd_scaled_legacy_style,0.11774322686972516,0.9756505417662203,0.7186115711371701,0.9747191011235955,0.9754166666666667,0.7354166666666667,660.1592757025182,712,0.6929166666666666,2400
cancellation_085,21060,fixed_0.2,0.2,0.9093953434938536,0.5070375635912799,0.9135285913528591,0.9141666666666667,0.5433333333333333,663.7924358487837,717,0.6941666666666667,2400
cancellation_085,21060,fixed_0.35,0.35,0.8076642975232686,0.23134670469933297,0.810320781032078,0.81375,0.29125,663.7924358487837,717,0.6941666666666667,2400
cancellation_085,21060,fixed_0.5,0.5,0.6888867595290786,0.0900623040444053,0.6875871687587168,0.6916666666666667,0.1375,663.7924358487837,717,0.6941666666666667,2400
cancellation_085,21060,net_sd_scaled_legacy_style,0.11890188210161749,0.9616765482675421,0.7112722108961195,0.9651324965132496,0.96625,0.7220833333333333,663.7924358487837,717,0.6941666666666667,2400
cancellation_085,21061,fixed_0.2,0.2,0.9240238389356626,0.530707646846642,0.9242857142857143,0.9229166666666667,0.5454166666666667,653.3588401836495,700,0.6954166666666667,2400
cancellation_085,21061,fixed_0.35,0.35,0.8111042778241263,0.2780813527737363,0.8071428571428572,0.8108333333333333,0.2920833333333333,653.3588401836495,700,0.6954166666666667,2400
cancellation_085,21061,fixed_0.5,0.5,0.6824011932467694,0.10467020349278924,0.6785714285714286,0.6825,0.13208333333333333,653.3588401836495,700,0.6954166666666667,2400
cancellation_085,21061,net_sd_scaled_legacy_style,0.11629948821315181,0.9712568392916547,0.7121260122996478,0.9685714285714285,0.9745833333333334,0.72375,653.3588401836495,700,0.6954166666666667,2400
cancellation_085,21062,fixed_0.2,0.2,0.9343651790364543,0.5449619319782744,0.9329359165424739,0.9275,0.5670833333333334,626.4913411586327,671,0.6820833333333334,2400
cancellation_085,21062,fixed_0.35,0.35,0.8164419858938643,0.2645365285807851,0.8152011922503726,0.8158333333333333,0.3095833333333333,626.4913411586327,671,0.6820833333333334,2400
cancellation_085,21062,fixed_0.5,0.5,0.6793274396125527,0.11700582978101325,0.6780923994038748,0.69,0.14375,626.4913411586327,671,0.6820833333333334,2400
cancellation_085,21062,net_sd_scaled_legacy_style,0.12020733378908748,0.9738860445761756,0.7137405326025904,0.9746646795827124,0.9679166666666666,0.7404166666666666,626.4913411586327,671,0.6820833333333334,2400
cancellation_085,21063,fixed_0.2,0.2,0.8994809841716117,0.506959199945495,0.9032258064516129,0.9216666666666666,0.54875,656.1396467476278,713,0.6995833333333333,2400
cancellation_085,21063,fixed_0.35,0.35,0.7821647621019124,0.21926135333574895,0.7868162692847125,0.7975,0.28375,656.1396467476278,713,0.6995833333333333,2400
cancellation_085,21063,fixed_0.5,0.5,0.6780767043271252,0.0971270482778179,0.6816269284712483,0.68875,0.1275,656.1396467476278,713,0.6995833333333333,2400
cancellation_085,21063,net_sd_scaled_legacy_style,0.11658170648289302,0.9737143655542174,0.7270868672057993,0.9747545582047685,0.97375,0.7316666666666667,656.1396467476278,713,0.6995833333333333,2400
cancellation_085,21064,fixed_0.2,0.2,0.920705209302297,0.504537737527065,0.9217877094972067,0.9129166666666667,0.5370833333333334,656.4836441574248,716,0.6916666666666667,2400
cancellation_085,21064,fixed_0.35,0.35,0.8124821314221834,0.2594695933316896,0.8156424581005587,0.8,0.29041666666666666,656.4836441574248,716,0.6916666666666667,2400
cancellation_085,21064,fixed_0.5,0.5,0.7017134567760291,0.1038967062339749,0.702513966480447,0.6858333333333333,0.12708333333333333,656.4836441574248,716,0.6916666666666667,2400
cancellation_085,21064,net_sd_scaled_legacy_style,0.1154517754085328,0.9663042679741364,0.7266871628028996,0.9664804469273743,0.965,0.7195833333333334,656.4836441574248,716,0.6916666666666667,2400
cancellation_085,21065,fixed_0.2,0.2,0.9198880468188921,0.5131046287168407,0.9175977653631285,0.9225,0.55,664.2531528800621,716,0.7058333333333333,2400
cancellation_085,21065,fixed_0.35,0.35,0.8025564531171362,0.24393562663519824,0.803072625698324,0.81875,0.28958333333333336,664.2531528800621,716,0.7058333333333333,2400
cancellation_085,21065,fixed_0.5,0.5,0.7026453784822214,0.09644821127190036,0.7039106145251397,0.7066666666666667,0.13583333333333333,664.2531528800621,716,0.7058333333333333,2400
cancellation_085,21065,net_sd_scaled_legacy_style,0.1183418967589406,0.9672288503754392,0.6721556220841084,0.9664804469273743,0.9695833333333334,0.7204166666666667,664.2531528800621,716,0.7058333333333333,2400
cancellation_085,21066,fixed_0.2,0.2,0.9260390855142303,0.540790729744873,0.9231863442389758,0.9233333333333333,0.5541666666666667,654.6238267865024,703,0.6954166666666667,2400
cancellation_085,21066,fixed_0.35,0.35,0.791867857882335,0.2780090826566725,0.7923186344238976,0.8054166666666667,0.295,654.6238267865024,703,0.6954166666666667,2400
cancellation_085,21066,fixed_0.5,0.5,0.6746263409592207,0.11478790053569568,0.6742532005689901,0.6908333333333333,0.13625,654.6238267865024,703,0.6954166666666667,2400
cancellation_085,21066,net_sd_scaled_legacy_style,0.11892243731135972,0.9712654100787892,0.7176307311169715,0.9701280227596017,0.9683333333333334,0.7354166666666667,654.6238267865024,703,0.6954166666666667,2400
cancellation_085,21067,fixed_0.2,0.2,0.9069766123901859,0.5179389948801374,0.9056047197640118,0.9208333333333333,0.55375,629.3883994981747,678,0.69,2400
cancellation_085,21067,fixed_0.35,0.35,0.7846368499574093,0.2713813512296539,0.7787610619469026,0.79375,0.30125,629.3883994981747,678,0.69,2400
cancellation_085,21067,fixed_0.5,0.5,0.6534384595502847,0.08982777301678906,0.6460176991150443,0.6770833333333334,0.13458333333333333,629.3883994981747,678,0.69,2400
cancellation_085,21067,net_sd_scaled_legacy_style,0.11684897002985951,0.9580539430284003,0.7026202466981751,0.9572271386430679,0.9729166666666667,0.73375,629.3883994981747,678,0.69,2400
cancellation_085,21068,fixed_0.2,0.2,0.9012548127085886,0.5028125319321989,0.9014084507042254,0.9141666666666667,0.5529166666666666,656.7212221097557,710,0.6958333333333333,2400
cancellation_085,21068,fixed_0.35,0.35,0.775643753887657,0.2412203400311021,0.776056338028169,0.7991666666666667,0.295,656.7212221097557,710,0.6958333333333333,2400
cancellation_085,21068,fixed_0.5,0.5,0.653338598675456,0.09074769615564504,0.6535211267605634,0.68,0.13,656.7212221097557,710,0.6958333333333333,2400
cancellation_085,21068,net_sd_scaled_legacy_style,0.11650584064699512,0.974103753454243,0.7107196760970073,0.9746478873239437,0.9658333333333333,0.7241666666666666,656.7212221097557,710,0.6958333333333333,2400
cancellation_085,21069,fixed_0.2,0.2,0.930619022157575,0.485922246963834,0.9310344827586207,0.9304166666666667,0.55625,646.4583556000289,696,0.6908333333333333,2400
cancellation_085,21069,fixed_0.35,0.35,0.80734484773071,0.23055444513266332,0.8074712643678161,0.8054166666666667,0.2920833333333333,646.4583556000289,696,0.6908333333333333,2400
cancellation_085,21069,fixed_0.5,0.5,0.6816217901003768,0.09907220176100484,0.6824712643678161,0.6808333333333333,0.1325,646.4583556000289,696,0.6908333333333333,2400
cancellation_085,21069,net_sd_scaled_legacy_style,0.11650728768013599,0.9811000646944144,0.6823983477294416,0.9813218390804598,0.9820833333333333,0.7375,646.4583556000289,696,0.6908333333333333,2400
cancellation_085,21070,fixed_0.2,0.2,0.9269847969719922,0.525772142284553,0.9251412429378532,0.9241666666666667,0.55375,656.6882387953963,708,0.6975,2400
cancellation_085,21070,fixed_0.35,0.35,0.8105662274544411,0.27211089392766113,0.809322033898305,0.805,0.2991666666666667,656.6882387953963,708,0.6975,2400
cancellation_085,21070,fixed_0.5,0.5,0.6866251001554824,0.10609137565506445,0.6850282485875706,0.6841666666666667,0.14166666666666666,656.6882387953963,708,0.6975,2400
cancellation_085,21070,net_sd_scaled_legacy_style,0.11765517269654617,0.9832022012180374,0.7105704918357577,0.9830508474576272,0.9729166666666667,0.7316666666666667,656.6882387953963,708,0.6975,2400
cancellation_085,21071,fixed_0.2,0.2,0.9148601898615354,0.49891901751869067,0.9164345403899722,0.9179166666666667,0.5516666666666666,671.2084836097767,718,0.6970833333333334,2400
cancellation_085,21071,fixed_0.35,0.35,0.7941962605737499,0.2302579133723955,0.7938718662952646,0.7908333333333334,0.28791666666666665,671.2084836097767,718,0.6970833333333334,2400
cancellation_085,21071,fixed_0.5,0.5,0.6716110281126845,0.08307858788193044,0.66991643454039,0.6883333333333334,0.12875,671.2084836097767,718,0.6970833333333334,2400
cancellation_085,21071,net_sd_scaled_legacy_style,0.11563530238142572,0.9656531298706924,0.6878022084389016,0.9665738161559888,0.9729166666666667,0.7308333333333333,671.2084836097767,718,0.6970833333333334,2400
cancellation_085,21072,fixed_0.2,0.2,0.9002836483473713,0.4933704571253898,0.8979885057471264,0.91875,0.5445833333333333,643.0730355311348,696,0.6833333333333333,2400
cancellation_085,21072,fixed_0.35,0.35,0.7901270578246308,0.24993541650525153,0.7873563218390804,0.8070833333333334,0.2945833333333333,643.0730355311348,696,0.6833333333333333,2400
cancellation_085,21072,fixed_0.5,0.5,0.667148139147091,0.11210907936105582,0.6666666666666666,0.6845833333333333,0.13875,643.0730355311348,696,0.6833333333333333,2400
cancellation_085,21072,net_sd_scaled_legacy_style,0.11841631197135684,0.9553760030251256,0.7096092961013364,0.9525862068965517,0.9641666666666666,0.7170833333333333,643.0730355311348,696,0.6833333333333333,2400
cancellation_085,21073,fixed_0.2,0.2,0.8969314309782416,0.5208389736339445,0.8966521106259098,0.9220833333333334,0.5691666666666667,634.4391159405793,687,0.6779166666666666,2400
cancellation_085,21073,fixed_0.35,0.35,0.807509218411884,0.2496049484973738,0.8020378457059679,0.81375,0.31083333333333335,634.4391159405793,687,0.6779166666666666,2400
cancellation_085,21073,fixed_0.5,0.5,0.6987236683025659,0.10805652456986274,0.6957787481804949,0.69,0.13958333333333334,634.4391159405793,687,0.6779166666666666,2400
cancellation_085,21073,net_sd_scaled_legacy_style,0.12051422287798463,0.9605825583542036,0.6926500679776085,0.9606986899563319,0.9708333333333333,0.73375,634.4391159405793,687,0.6779166666666666,2400
cancellation_085,21074,fixed_0.2,0.2,0.9085175323858137,0.4968517786469035,0.9053857350800583,0.9279166666666666,0.5495833333333333,638.1198070318034,687,0.6845833333333333,2400
cancellation_085,21074,fixed_0.35,0.35,0.7704417358766926,0.245599033651059,0.7641921397379913,0.8070833333333334,0.29541666666666666,638.1198070318034,687,0.6845833333333333,2400
cancellation_085,21074,fixed_0.5,0.5,0.6586725626298491,0.10475222110667867,0.653566229985444,0.6820833333333334,0.13916666666666666,638.1198070318034,687,0.6845833333333333,2400
cancellation_085,21074,net_sd_scaled_legacy_style,0.11733188106149424,0.9577460771515475,0.7083810330518082,0.9563318777292577,0.9695833333333334,0.72875,638.1198070318034,687,0.6845833333333333,2400
cancellation_085,21075,fixed_0.2,0.2,0.9176881504951726,0.510495224577965,0.9138888888888889,0.9245833333333333,0.5491666666666667,668.7992067547096,720,0.7041666666666667,2400
cancellation_085,21075,fixed_0.35,0.35,0.8009015767215404,0.24004350819735173,0.8,0.8120833333333334,0.2916666666666667,668.7992067547096,720,0.7041666666666667,2400
cancellation_085,21075,fixed_0.5,0.5,0.6555963104990588,0.10393728707253917,0.6541666666666667,0.6866666666666666,0.1325,668.7992067547096,720,0.7041666666666667,2400
cancellation_085,21075,net_sd_scaled_legacy_style,0.11591560694224068,0.96646337164493,0.7003922093130804,0.9652777777777778,0.9720833333333333,0.7291666666666666,668.7992067547096,720,0.7041666666666667,2400
cancellation_085,21076,fixed_0.2,0.2,0.9296251935491979,0.530352804932453,0.93,0.9254166666666667,0.5520833333333334,647.8119309709759,700,0.6925,2400
cancellation_085,21076,fixed_0.35,0.35,0.7964145207153226,0.23883736572609016,0.7985714285714286,0.8108333333333333,0.28875,647.8119309709759,700,0.6925,2400
cancellation_085,21076,fixed_0.5,0.5,0.6833898613558456,0.08664507221760322,0.6871428571428572,0.69875,0.13833333333333334,647.8119309709759,700,0.6925,2400
cancellation_085,21076,net_sd_scaled_legacy_style,0.1183026590772979,0.9794835436962266,0.7025230033060823,0.9785714285714285,0.9754166666666667,0.7141666666666666,647.8119309709759,700,0.6925,2400
cancellation_085,21077,fixed_0.2,0.2,0.9155204353479387,0.527814905393361,0.9135618479880775,0.925,0.55,621.9284346258937,671,0.6816666666666666,2400
cancellation_085,21077,fixed_0.35,0.35,0.8025877497452664,0.2695844606421275,0.8002980625931445,0.8133333333333334,0.29333333333333333,621.9284346258937,671,0.6816666666666666,2400
cancellation_085,21077,fixed_0.5,0.5,0.6783932752892877,0.10943511374545316,0.6780923994038748,0.6945833333333333,0.13041666666666665,621.9284346258937,671,0.6816666666666666,2400
cancellation_085,21077,net_sd_scaled_legacy_style,0.11535546275927189,0.9697884576744064,0.7301755110641694,0.9687034277198212,0.9754166666666667,0.7304166666666667,621.9284346258937,671,0.6816666666666666,2400
cancellation_085,21078,fixed_0.2,0.2,0.9205174692133091,0.5002769732731619,0.9174964438122333,0.9308333333333333,0.5475,652.9590179396722,703,0.69375,2400
cancellation_085,21078,fixed_0.35,0.35,0.7761137109208311,0.2610869739818317,0.7752489331436699,0.8033333333333333,0.31333333333333335,652.9590179396722,703,0.69375,2400
cancellation_085,21078,fixed_0.5,0.5,0.6653871151954348,0.09491673359061066,0.6614509246088194,0.6991666666666667,0.14125,652.9590179396722,703,0.69375,2400
cancellation_085,21078,net_sd_scaled_legacy_style,0.11819418055541109,0.9682152440232631,0.6937490653784815,0.9672830725462305,0.9729166666666667,0.7225,652.9590179396722,703,0.69375,2400
cancellation_085,21079,fixed_0.2,0.2,0.9168144383190493,0.4712229370497131,0.9199438202247191,0.9320833333333334,0.5491666666666667,660.0190871194327,712,0.6983333333333334,2400
cancellation_085,21079,fixed_0.35,0.35,0.7971493677513851,0.24850225268568324,0.8019662921348315,0.82,0.3020833333333333,660.0190871194327,712,0.6983333333333334,2400
cancellation_085,21079,fixed_0.5,0.5,0.6789668350641982,0.09414162149548015,0.6825842696629213,0.6966666666666667,0.1325,660.0190871194327,712,0.6983333333333334,2400
cancellation_085,21079,net_sd_scaled_legacy_style,0.11780891930934495,0.9721240093565874,0.6995227108699211,0.9719101123595506,0.9804166666666667,0.73875,660.0190871194327,712,0.6983333333333334,2400
cancellation_085,21080,fixed_0.2,0.2,0.9211131319453622,0.5217923782122409,0.9213793103448276,0.9275,0.54875,666.3810519689417,725,0.69375,2400
cancellation_085,21080,fixed_0.35,0.35,0.7838936444428618,0.2484849310451829,0.7848275862068965,0.7983333333333333,0.29541666666666666,666.3810519689417,725,0.69375,2400
cancellation_085,21080,fixed_0.5,0.5,0.6515468867926343,0.10301597759937854,0.6524137931034483,0.6833333333333333,0.13791666666666666,666.3810519689417,725,0.69375,2400
cancellation_085,21080,net_sd_scaled_legacy_style,0.11720691902594338,0.9776455366823456,0.7190160902009697,0.9793103448275862,0.9758333333333333,0.7308333333333333,666.3810519689417,725,0.69375,2400
cancellation_085,21081,fixed_0.2,0.2,0.9353177771774465,0.5114629408732883,0.9360795454545454,0.9354166666666667,0.5395833333333333,650.49794716295,704,0.69125,2400
cancellation_085,21081,fixed_0.35,0.35,0.8177947905481175,0.24796748511192612,0.8224431818181818,0.8275,0.2891666666666667,650.49794716295,704,0.69125,2400
cancellation_085,21081,fixed_0.5,0.5,0.6978733123258678,0.09092822878800896,0.6988636363636364,0.6966666666666667,0.12625,650.49794716295,704,0.69125,2400
cancellation_085,21081,net_sd_scaled_legacy_style,0.11513476377861748,0.9687967501805845,0.6932530781699956,0.96875,0.9783333333333334,0.7208333333333333,650.49794716295,704,0.69125,2400
cancellation_085,21082,fixed_0.2,0.2,0.9059923875377507,0.5159458119162376,0.9034582132564841,0.9175,0.5591666666666667,640.4790222614322,694,0.6904166666666667,2400
cancellation_085,21082,fixed_0.35,0.35,0.798021038612897,0.25563104832032274,0.7982708933717579,0.8154166666666667,0.29583333333333334,640.4790222614322,694,0.6904166666666667,2400
cancellation_085,21082,fixed_0.5,0.5,0.6667037865441637,0.10342343606487629,0.6642651296829971,0.6991666666666667,0.13125,640.4790222614322,694,0.6904166666666667,2400
cancellation_085,21082,net_sd_scaled_legacy_style,0.1176490951982609,0.9691618384845463,0.7057145525613845,0.968299711815562,0.9745833333333334,0.7391666666666666,640.4790222614322,694,0.6904166666666667,2400
cancellation_085,21083,fixed_0.2,0.2,0.9193557694356373,0.5176944500535762,0.9206128133704735,0.9254166666666667,0.5533333333333333,666.790541017981,718,0.7025,2400
cancellation_085,21083,fixed_0.35,0.35,0.7879627997624892,0.23271999273959942,0.7883008356545961,0.8066666666666666,0.28541666666666665,666.790541017981,718,0.7025,2400
cancellation_085,21083,fixed_0.5,0.5,0.67749873408047,0.09432193816504973,0.6796657381615598,0.6920833333333334,0.13708333333333333,666.790541017981,718,0.7025,2400
cancellation_085,21083,net_sd_scaled_legacy_style,0.1161660708521865,0.9679592498161794,0.7276998040406513,0.967966573816156,0.9720833333333333,0.73875,666.790541017981,718,0.7025,2400
cancellation_085,21084,fixed_0.2,0.2,0.9287851953576494,0.5063817265470624,0.9290780141843972,0.9254166666666667,0.55125,654.7723219337005,705,0.6979166666666666,2400
cancellation_085,21084,fixed_0.35,0.35,0.8138947233024717,0.23815444789794485,0.8141843971631205,0.8175,0.29291666666666666,654.7723219337005,705,0.6979166666666666,2400
cancellation_085,21084,fixed_0.5,0.5,0.6885647726894107,0.10190756105425326,0.6879432624113475,0.7045833333333333,0.13666666666666666,654.7723219337005,705,0.6979166666666666,2400
cancellation_085,21084,net_sd_scaled_legacy_style,0.1177473757336527,0.9767433072329121,0.670796280725366,0.9773049645390071,0.9766666666666667,0.7158333333333333,654.7723219337005,705,0.6979166666666666,2400
cancellation_085,21085,fixed_0.2,0.2,0.9000409938181879,0.50065694302425,0.8981077147016011,0.92125,0.5408333333333334,640.7400040843816,687,0.6904166666666667,2400
cancellation_085,21085,fixed_0.35,0.35,0.7950365070985059,0.24338824108461532,0.7947598253275109,0.805,0.27958333333333335,640.7400040843816,687,0.6904166666666667,2400
cancellation_085,21085,fixed_0.5,0.5,0.6930417892841405,0.1010331569399613,0.6899563318777293,0.67625,0.13166666666666665,640.7400040843816,687,0.6904166666666667,2400
cancellation_085,21085,net_sd_scaled_legacy_style,0.1149992296217643,0.9672310527316345,0.7047754297951676,0.9679767103347889,0.96875,0.72375,640.7400040843816,687,0.6904166666666667,2400
cancellation_085,21086,fixed_0.2,0.2,0.9218253145078151,0.5071728334628128,0.9215155615696887,0.9283333333333333,0.53875,680.9646886863385,739,0.7070833333333333,2400
cancellation_085,21086,fixed_0.35,0.35,0.7954728735295996,0.25956807295436296,0.7929634641407307,0.8120833333333334,0.28958333333333336,680.9646886863385,739,0.7070833333333333,2400
cancellation_085,21086,fixed_0.5,0.5,0.665891621026192,0.10196700908415239,0.6657645466847091,0.6870833333333334,0.13333333333333333,680.9646886863385,739,0.7070833333333333,2400
cancellation_085,21086,net_sd_scaled_legacy_style,0.11722697273910082,0.9715048500045755,0.7289809582653499,0.9715832205683356,0.9754166666666667,0.7241666666666666,680.9646886863385,739,0.7070833333333333,2400
cancellation_085,21087,fixed_0.2,0.2,0.913575521213255,0.5172394246923087,0.9134199134199135,0.9229166666666667,0.5554166666666667,641.9677589127809,693,0.6870833333333334,2400
cancellation_085,21087,fixed_0.35,0.35,0.7909464083124802,0.24798817389129152,0.7907647907647908,0.81875,0.305,641.9677589127809,693,0.6870833333333334,2400
cancellation_085,21087,fixed_0.5,0.5,0.6563066290448111,0.092927487546702,0.6551226551226551,0.6920833333333334,0.13666666666666666,641.9677589127809,693,0.6870833333333334,2400
cancellation_085,21087,net_sd_scaled_legacy_style,0.11776268620250531,0.9736165804600264,0.7060808043423008,0.974025974025974,0.9720833333333333,0.7254166666666667,641.9677589127809,693,0.6870833333333334,2400
cancellation_085,21088,fixed_0.2,0.2,0.9324216773971442,0.5283956976628047,0.9336941813261164,0.9345833333333333,0.5625,677.9960370637673,739,0.7070833333333333,2400
cancellation_085,21088,fixed_0.35,0.35,0.817224356366665,0.2856475444687449,0.8146143437077131,0.8279166666666666,0.3025,677.9960370637673,739,0.7070833333333333,2400
cancellation_085,21088,fixed_0.5,0.5,0.6902587005596656,0.12215233082308116,0.6887686062246279,0.6979166666666666,0.13416666666666666,677.9960370637673,739,0.7070833333333333,2400
cancellation_085,21088,net_sd_scaled_legacy_style,0.11712143121688436,0.9730622433123532,0.6951573670393357,0.972936400541272,0.9720833333333333,0.7241666666666666,677.9960370637673,739,0.7070833333333333,2400
cancellation_085,21089,fixed_0.2,0.2,0.9188467604678245,0.4932105650475559,0.9155749636098981,0.9216666666666666,0.5483333333333333,642.5895810125827,687,0.6970833333333334,2400
cancellation_085,21089,fixed_0.35,0.35,0.7830566705965535,0.22936746112099457,0.7802037845705968,0.8075,0.29333333333333333,642.5895810125827,687,0.6970833333333334,2400
cancellation_085,21089,fixed_0.5,0.5,0.6654127965317536,0.08484326154768251,0.6666666666666666,0.69125,0.13916666666666666,642.5895810125827,687,0.6970833333333334,2400
cancellation_085,21089,net_sd_scaled_legacy_style,0.11781988467296975,0.9680653102113232,0.6909917319329926,0.9665211062590975,0.96875,0.7270833333333333,642.5895810125827,687,0.6970833333333334,2400
cancellation_085,21090,fixed_0.2,0.2,0.9171146194383821,0.46756013387049195,0.9143258426966292,0.9216666666666666,0.5358333333333334,663.4783903605119,712,0.7025,2400
cancellation_085,21090,fixed_0.35,0.35,0.7941656498298161,0.24701565327878114,0.7893258426966292,0.8108333333333333,0.2966666666666667,663.4783903605119,712,0.7025,2400
cancellation_085,21090,fixed_0.5,0.5,0.6853968478604006,0.09825527891469836,0.6783707865168539,0.70375,0.13583333333333333,663.4783903605119,712,0.7025,2400
cancellation_085,21090,net_sd_scaled_legacy_style,0.11601119899624658,0.9667273591357802,0.6838599110165123,0.9676966292134831,0.9679166666666666,0.71875,663.4783903605119,712,0.7025,2400
cancellation_085,21091,fixed_0.2,0.2,0.9201943991025517,0.5410086748568137,0.9184861717612809,0.9325,0.5533333333333333,643.0575413695551,687,0.6904166666666667,2400
cancellation_085,21091,fixed_0.35,0.35,0.7915465881951053,0.26632575839899847,0.7903930131004366,0.8141666666666667,0.31083333333333335,643.0575413695551,687,0.6904166666666667,2400
cancellation_085,21091,fixed_0.5,0.5,0.6731834139893792,0.10189656345882282,0.6724890829694323,0.6879166666666666,0.13416666666666666,643.0575413695551,687,0.6904166666666667,2400
cancellation_085,21091,net_sd_scaled_legacy_style,0.11780164964327232,0.9774445017343191,0.7103774703707884,0.9781659388646288,0.9779166666666667,0.7275,643.0575413695551,687,0.6904166666666667,2400
cancellation_085,21092,fixed_0.2,0.2,0.9300164433834825,0.4958776727346551,0.9316353887399463,0.9254166666666667,0.5229166666666667,686.1313344441185,746,0.7129166666666666,2400
cancellation_085,21092,fixed_0.35,0.35,0.8073077644067832,0.23956114051187116,0.8056300268096515,0.8104166666666667,0.2816666666666667,686.1313344441185,746,0.7129166666666666,2400
cancellation_085,21092,fixed_0.5,0.5,0.6925058727911492,0.10149333011057647,0.6916890080428955,0.6991666666666667,0.13625,686.1313344441185,746,0.7129166666666666,2400
cancellation_085,21092,net_sd_scaled_legacy_style,0.11548507480342289,0.9767055226008664,0.6881833950725224,0.9772117962466488,0.9741666666666666,0.7104166666666667,686.1313344441185,746,0.7129166666666666,2400
cancellation_085,21093,fixed_0.2,0.2,0.9256835608857819,0.49246066331475274,0.9228486646884273,0.9295833333333333,0.545,630.7049061159144,674,0.6954166666666667,2400
cancellation_085,21093,fixed_0.35,0.35,0.8020652371236606,0.23759878323363193,0.7952522255192879,0.8129166666666666,0.2891666666666667,630.7049061159144,674,0.6954166666666667,2400
cancellation_085,21093,fixed_0.5,0.5,0.6700645425809716,0.11318397557036242,0.6632047477744807,0.6841666666666667,0.12916666666666668,630.7049061159144,674,0.6954166666666667,2400
cancellation_085,21093,net_sd_scaled_legacy_style,0.11523273785340368,0.9787654357935367,0.7097090080428302,0.9777448071216617,0.9729166666666667,0.7329166666666667,630.7049061159144,674,0.6954166666666667,2400
cancellation_085,21094,fixed_0.2,0.2,0.9075155050856262,0.5229838374005122,0.9094707520891365,0.9245833333333333,0.5579166666666666,662.2452992164463,718,0.685,2400
cancellation_085,21094,fixed_0.35,0.35,0.779802918559903,0.25388260853837197,0.7799442896935933,0.8020833333333334,0.3075,662.2452992164463,718,0.685,2400
cancellation_085,21094,fixed_0.5,0.5,0.6574908721255357,0.1058617855105137,0.6545961002785515,0.68125,0.14666666666666667,662.2452992164463,718,0.685,2400
cancellation_085,21094,net_sd_scaled_legacy_style,0.12088817280136434,0.9610098253137451,0.7243736091012137,0.9623955431754875,0.9716666666666667,0.7341666666666666,662.2452992164463,718,0.685,2400
cancellation_085,21095,fixed_0.2,0.2,0.9264827075637267,0.5232126761624373,0.9274310595065312,0.9275,0.575,636.6026183884131,689,0.68875,2400
cancellation_085,21095,fixed_0.35,0.35,0.8164822278001321,0.26297557881835576,0.8171262699564587,0.8166666666666667,0.315,636.6026183884131,689,0.68875,2400
cancellation_085,21095,fixed_0.5,0.5,0.6888402735698257,0.11778720676178801,0.6923076923076923,0.7058333333333333,0.15333333333333332,636.6026183884131,689,0.68875,2400
cancellation_085,21095,net_sd_scaled_legacy_style,0.12084093956048271,0.9763819850562915,0.6945687422527328,0.97677793904209,0.9716666666666667,0.7454166666666666,636.6026183884131,689,0.68875,2400
cancellation_085,21096,fixed_0.2,0.2,0.9277807743567211,0.5291022783154333,0.9283667621776505,0.9279166666666666,0.5541666666666667,649.5366954819475,698,0.6870833333333334,2400
cancellation_085,21096,fixed_0.35,0.35,0.807993981418463,0.2656257671986517,0.8080229226361032,0.8091666666666667,0.30916666666666665,649.5366954819475,698,0.6870833333333334,2400
cancellation_085,21096,fixed_0.5,0.5,0.6683389365779581,0.09606299698353275,0.663323782234957,0.6791666666666667,0.14166666666666666,649.5366954819475,698,0.6870833333333334,2400
cancellation_085,21096,net_sd_scaled_legacy_style,0.1189856360818467,0.9653336297936188,0.7418697320766193,0.9656160458452722,0.96875,0.7370833333333333,649.5366954819475,698,0.6870833333333334,2400
cancellation_085,21097,fixed_0.2,0.2,0.9263672528389653,0.5258142500193133,0.9251170046801872,0.91875,0.5233333333333333,607.4427439592612,641,0.6816666666666666,2400
cancellation_085,21097,fixed_0.35,0.35,0.8196126540987899,0.266619738554947,0.8174726989079563,0.8075,0.28125,607.4427439592612,641,0.6816666666666666,2400
cancellation_085,21097,fixed_0.5,0.5,0.698733966640818,0.11840713121451435,0.6957878315132605,0.6858333333333333,0.13458333333333333,607.4427439592612,641,0.6816666666666666,2400
cancellation_085,21097,net_sd_scaled_legacy_style,0.11536413188738119,0.9750707967771434,0.7256137356055223,0.9750390015600624,0.96625,0.7191666666666666,607.4427439592612,641,0.6816666666666666,2400
cancellation_085,21098,fixed_0.2,0.2,0.9191930980837915,0.5391394674726289,0.9165467625899281,0.9283333333333333,0.5604166666666667,648.3434323585766,695,0.69875,2400
cancellation_085,21098,fixed_0.35,0.35,0.8088799853489986,0.2514064865150088,0.8086330935251799,0.8183333333333334,0.2991666666666667,648.3434323585766,695,0.69875,2400
cancellation_085,21098,fixed_0.5,0.5,0.6886943607813224,0.10036765854038424,0.6892086330935252,0.6995833333333333,0.13333333333333333,648.3434323585766,695,0.69875,2400
cancellation_085,21098,net_sd_scaled_legacy_style,0.11757409738104331,0.9689620150109126,0.7308569704705811,0.9683453237410072,0.97375,0.7391666666666666,648.3434323585766,695,0.69875,2400
cancellation_085,21099,fixed_0.2,0.2,0.9198605350092759,0.524992550064521,0.9185393258426966,0.9304166666666667,0.5441666666666667,653.0720349100291,712,0.6995833333333333,2400
cancellation_085,21099,fixed_0.35,0.35,0.8106201619531882,0.25095704110026984,0.8089887640449438,0.8208333333333333,0.28833333333333333,653.0720349100291,712,0.6995833333333333,2400
cancellation_085,21099,fixed_0.5,0.5,0.6720535624470134,0.09078988038473765,0.6713483146067416,0.6975,0.13375,653.0720349100291,712,0.6995833333333333,2400
cancellation_085,21099,net_sd_scaled_legacy_style,0.1166661165608438,0.9698413442489663,0.7420037108915416,0.9691011235955056,0.9741666666666666,0.7195833333333334,653.0720349100291,712,0.6995833333333333,2400
cancellation_085,21100,fixed_0.2,0.2,0.9378136661893285,0.5019095056474175,0.9375886524822695,0.9241666666666667,0.5416666666666666,653.4876597747615,705,0.6975,2400
cancellation_085,21100,fixed_0.35,0.35,0.814075333966764,0.26604050025526055,0.8113475177304964,0.8083333333333333,0.3,653.4876597747615,705,0.6975,2400
cancellation_085,21100,fixed_0.5,0.5,0.7049258725325924,0.10699341711891118,0.700709219858156,0.6854166666666667,0.13625,653.4876597747615,705,0.6975,2400
cancellation_085,21100,net_sd_scaled_legacy_style,0.1172189027303286,0.9717462617617886,0.6805731366367598,0.9702127659574468,0.9695833333333334,0.7158333333333333,653.4876597747615,705,0.6975,2400
cancellation_100,21001,fixed_0.2,0.2,0.9244521327645482,0.472938593901975,0.9237668161434978,0.9279166666666666,0.5070833333333333,621.124735714611,669,0.6841666666666667,2400
cancellation_100,21001,fixed_0.35,0.35,0.7944618388316326,0.18127524614730192,0.7922272047832586,0.8091666666666667,0.24583333333333332,621.124735714611,669,0.6841666666666667,2400
cancellation_100,21001,fixed_0.5,0.5,0.6881506044275514,0.06261835406973919,0.6860986547085202,0.7054166666666667,0.09333333333333334,621.124735714611,669,0.6841666666666667,2400
cancellation_100,21001,net_sd_scaled_legacy_style,0.10504288690010026,0.9811373353614149,0.6978149776438426,0.9805680119581465,0.9804166666666667,0.7175,621.124735714611,669,0.6841666666666667,2400
cancellation_100,21002,fixed_0.2,0.2,0.9205460912594521,0.49398081416124207,0.9213483146067416,0.9208333333333333,0.5083333333333333,660.6906370934055,712,0.7033333333333334,2400
cancellation_100,21002,fixed_0.35,0.35,0.816076289490845,0.2092988050227517,0.8146067415730337,0.8104166666666667,0.23958333333333334,660.6906370934055,712,0.7033333333333334,2400
cancellation_100,21002,fixed_0.5,0.5,0.7143389869650736,0.06307706359315858,0.7120786516853933,0.6983333333333334,0.09833333333333333,660.6906370934055,712,0.7033333333333334,2400
cancellation_100,21002,net_sd_scaled_legacy_style,0.1052750272395676,0.9766394102025823,0.7219260669790728,0.9775280898876404,0.97625,0.7308333333333333,660.6906370934055,712,0.7033333333333334,2400
cancellation_100,21003,fixed_0.2,0.2,0.9092087891828536,0.458460158837226,0.9125364431486881,0.9225,0.48541666666666666,636.7764831667803,686,0.6891666666666667,2400
cancellation_100,21003,fixed_0.35,0.35,0.8019459674846293,0.18706157946868604,0.8090379008746356,0.8141666666666667,0.22833333333333333,636.7764831667803,686,0.6891666666666667,2400
cancellation_100,21003,fixed_0.5,0.5,0.7084629581226668,0.06972232376604351,0.717201166180758,0.7066666666666667,0.09208333333333334,636.7764831667803,686,0.6891666666666667,2400
cancellation_100,21003,net_sd_scaled_legacy_style,0.10237982933260795,0.9760093506678198,0.7165877974226522,0.9766763848396501,0.97875,0.73625,636.7764831667803,686,0.6891666666666667,2400
cancellation_100,21004,fixed_0.2,0.2,0.9275543593797737,0.4760765695321102,0.9300699300699301,0.92375,0.505,659.8733396768215,715,0.695,2400
cancellation_100,21004,fixed_0.35,0.35,0.8375383336699554,0.1878064129987426,0.8405594405594405,0.8258333333333333,0.24125,659.8733396768215,715,0.695,2400
cancellation_100,21004,fixed_0.5,0.5,0.7282172081795898,0.06731583535964203,0.7314685314685314,0.7108333333333333,0.09875,659.8733396768215,715,0.695,2400
cancellation_100,21004,net_sd_scaled_legacy_style,0.10523338032035703,0.9780435540196435,0.7096761943004594,0.9790209790209791,0.9725,0.7379166666666667,659.8733396768215,715,0.695,2400
cancellation_100,21005,fixed_0.2,0.2,0.9195859742276464,0.4756315863641657,0.9191919191919192,0.92125,0.49416666666666664,643.6403135405053,693,0.6870833333333334,2400
cancellation_100,21005,fixed_0.35,0.35,0.8069045140157973,0.2048530247964178,0.8051948051948052,0.8108333333333333,0.2375,643.6403135405053,693,0.6870833333333334,2400
cancellation_100,21005,fixed_0.5,0.5,0.7155238864331029,0.06308225024520922,0.7142857142857143,0.7083333333333334,0.08875,643.6403135405053,693,0.6870833333333334,2400
cancellation_100,21005,net_sd_scaled_legacy_style,0.10238876038580473,0.9748216579760093,0.7119892006342031,0.9725829725829725,0.9741666666666666,0.7283333333333334,643.6403135405053,693,0.6870833333333334,2400
cancellation_100,21006,fixed_0.2,0.2,0.9288759538924823,0.45605497350364427,0.9291784702549575,0.9241666666666667,0.48625,655.1104059090055,706,0.6966666666666667,2400
cancellation_100,21006,fixed_0.35,0.35,0.8054994904455605,0.18572174047566084,0.8045325779036827,0.8129166666666666,0.22666666666666666,655.1104059090055,706,0.6966666666666667,2400
cancellation_100,21006,fixed_0.5,0.5,0.6853076275342691,0.06741420652166057,0.6869688385269122,0.6920833333333334,0.08375,655.1104059090055,706,0.6966666666666667,2400
cancellation_100,21006,net_sd_scaled_legacy_style,0.10154313342947349,0.985066006658762,0.707308374585842,0.9844192634560907,0.97875,0.7229166666666667,655.1104059090055,706,0.6966666666666667,2400
cancellation_100,21007,fixed_0.2,0.2,0.9381571393568371,0.49038265364913813,0.9379407616361072,0.9258333333333333,0.5154166666666666,652.5206386258518,709,0.6929166666666666,2400
cancellation_100,21007,fixed_0.35,0.35,0.8081209921141295,0.21802255935102866,0.8067700987306065,0.8220833333333334,0.255,652.5206386258518,709,0.6929166666666666,2400
cancellation_100,21007,fixed_0.5,0.5,0.6972280362221082,0.06498964037646501,0.6967559943582511,0.7079166666666666,0.1,652.5206386258518,709,0.6929166666666666,2400
cancellation_100,21007,net_sd_scaled_legacy_style,0.10731929712679189,0.9854790637924521,0.7201143992361917,0.9858956276445698,0.98375,0.745,652.5206386258518,709,0.6929166666666666,2400
cancellation_100,21008,fixed_0.2,0.2,0.9225318026578568,0.5195952445282354,0.9228611500701263,0.9266666666666666,0.5275,660.4213047146891,713,0.69375,2400
cancellation_100,21008,fixed_0.35,0.35,0.8059281736536704,0.23230266955963974,0.8036465638148668,0.8216666666666667,0.25916666666666666,660.4213047146891,713,0.69375,2400
cancellation_100,21008,fixed_0.5,0.5,0.669240211338887,0.08130947287831243,0.667601683029453,0.70125,0.11083333333333334,660.4213047146891,713,0.69375,2400
cancellation_100,21008,net_sd_scaled_legacy_style,0.10734799770935989,0.9849882483344826,0.7294418633721214,0.9845722300140253,0.9791666666666666,0.7370833333333333,660.4213047146891,713,0.69375,2400
cancellation_100,21009,fixed_0.2,0.2,0.927281890821207,0.4676622445588502,0.927038626609442,0.92625,0.49,642.8144511273331,699,0.6933333333333334,2400
cancellation_100,21009,fixed_0.35,0.35,0.7972816386692885,0.2217995339908008,0.7939914163090128,0.8108333333333333,0.23791666666666667,642.8144511273331,699,0.6933333333333334,2400
cancellation_100,21009,fixed_0.5,0.5,0.6755998543796454,0.06962123411261459,0.6766809728183119,0.7075,0.09041666666666667,642.8144511273331,699,0.6933333333333334,2400
cancellation_100,21009,net_sd_scaled_legacy_style,0.10401385358307493,0.9752568560971235,0.7079047769393532,0.9756795422031473,0.9754166666666667,0.7241666666666666,642.8144511273331,699,0.6933333333333334,2400
cancellation_100,21010,fixed_0.2,0.2,0.9044579672707072,0.49367064525156995,0.9019607843137255,0.9229166666666667,0.49916666666666665,656.6075457844144,714,0.70375,2400
cancellation_100,21010,fixed_0.35,0.35,0.8095148945090194,0.20254438351033885,0.8095238095238095,0.8191666666666667,0.23666666666666666,656.6075457844144,714,0.70375,2400
cancellation_100,21010,fixed_0.5,0.5,0.6862062163061797,0.08236500899099941,0.6876750700280112,0.7075,0.09333333333333334,656.6075457844144,714,0.70375,2400
cancellation_100,21010,net_sd_scaled_legacy_style,0.10426715227491908,0.9704288874219545,0.7229906450297254,0.969187675070028,0.9745833333333334,0.7229166666666667,656.6075457844144,714,0.70375,2400
cancellation_100,21011,fixed_0.2,0.2,0.9256122094113242,0.4692128178360737,0.9258720930232558,0.92625,0.5179166666666667,640.7655769933564,688,0.6958333333333333,2400
cancellation_100,21011,fixed_0.35,0.35,0.8274839893960034,0.2158414681210567,0.8299418604651163,0.8233333333333334,0.26375,640.7655769933564,688,0.6958333333333333,2400
cancellation_100,21011,fixed_0.5,0.5,0.7377857613763674,0.061505449886937825,0.7398255813953488,0.72625,0.09291666666666666,640.7655769933564,688,0.6958333333333333,2400
cancellation_100,21011,net_sd_scaled_legacy_style,0.10649172322456063,0.9804562965954701,0.7052291401766675,0.9811046511627907,0.9795833333333334,0.7425,640.7655769933564,688,0.6958333333333333,2400
cancellation_100,21012,fixed_0.2,0.2,0.9233795464505482,0.4310391121289217,0.9241071428571429,0.9241666666666667,0.49083333333333334,626.415655260382,672,0.6866666666666666,2400
cancellation_100,21012,fixed_0.35,0.35,0.8222823958023893,0.1723324891963529,0.8199404761904762,0.8158333333333333,0.22125,626.415655260382,672,0.6866666666666666,2400
cancellation_100,21012,fixed_0.5,0.5,0.713817221536904,0.042601534100287844,0.7142857142857143,0.6983333333333334,0.07958333333333334,626.415655260382,672,0.6866666666666666,2400
cancellation_100,21012,net_sd_scaled_legacy_style,0.10074277986351869,0.9802803355993019,0.6756876600750256,0.9806547619047619,0.9795833333333334,0.72625,626.415655260382,672,0.6866666666666666,2400
cancellation_100,21013,fixed_0.2,0.2,0.9067878895022411,0.4472465846554259,0.9055793991416309,0.9170833333333334,0.4995833333333333,646.030340220923,699,0.6933333333333334,2400
cancellation_100,21013,fixed_0.35,0.35,0.8023326832410296,0.20849927845773783,0.8011444921316166,0.8108333333333333,0.24,646.030340220923,699,0.6933333333333334,2400
cancellation_100,21013,fixed_0.5,0.5,0.6984935692407264,0.062344324484639085,0.698140200286123,0.7120833333333333,0.09791666666666667,646.030340220923,699,0.6933333333333334,2400
cancellation_100,21013,net_sd_scaled_legacy_style,0.10563869116584162,0.9705421557177405,0.6876249300777888,0.9699570815450643,0.9733333333333334,0.7083333333333334,646.030340220923,699,0.6933333333333334,2400
cancellation_100,21014,fixed_0.2,0.2,0.9199701347005188,0.4587994861096719,0.9166666666666666,0.9216666666666666,0.5095833333333334,634.2874216226619,684,0.69,2400
cancellation_100,21014,fixed_0.35,0.35,0.8099660927746618,0.20995192381946243,0.8055555555555556,0.81,0.2475,634.2874216226619,684,0.69,2400
cancellation_100,21014,fixed_0.5,0.5,0.693540698941436,0.06527001067483094,0.6900584795321637,0.6945833333333333,0.10041666666666667,634.2874216226619,684,0.69,2400
cancellation_100,21014,net_sd_scaled_legacy_style,0.10618008083391066,0.9730440095057812,0.6984361410911359,0.9722222222222222,0.97875,0.7391666666666666,634.2874216226619,684,0.69,2400
cancellation_100,21015,fixed_0.2,0.2,0.9167251025302845,0.4512889684971147,0.9177679882525698,0.92,0.4970833333333333,627.1577114153589,681,0.68125,2400
cancellation_100,21015,fixed_0.35,0.35,0.7975078872947479,0.1817226012142604,0.7973568281938326,0.8129166666666666,0.23791666666666667,627.1577114153589,681,0.68125,2400
cancellation_100,21015,fixed_0.5,0.5,0.6830721887274639,0.04509329664748057,0.6857562408223201,0.7025,0.09,627.1577114153589,681,0.68125,2400
cancellation_100,21015,net_sd_scaled_legacy_style,0.10451677449701512,0.9699245158044268,0.6947464444000953,0.9720998531571219,0.9745833333333334,0.7220833333333333,627.1577114153589,681,0.68125,2400
cancellation_100,21016,fixed_0.2,0.2,0.9131494347245871,0.45903261457619904,0.9101283880171184,0.9254166666666667,0.5,648.5533245366792,701,0.6995833333333333,2400
cancellation_100,21016,fixed_0.35,0.35,0.8000541373915919,0.19690525884148447,0.797432239657632,0.8220833333333334,0.23666666666666666,648.5533245366792,701,0.6995833333333333,2400
cancellation_100,21016,fixed_0.5,0.5,0.6702471247491838,0.07188208655413404,0.6690442225392297,0.715,0.095,648.5533245366792,701,0.6995833333333333,2400
cancellation_100,21016,net_sd_scaled_legacy_style,0.10454106215599158,0.9681195171234199,0.7316575126676623,0.9657631954350927,0.9754166666666667,0.7354166666666667,648.5533245366792,701,0.6995833333333333,2400
cancellation_100,21017,fixed_0.2,0.2,0.9303352344922498,0.5187136969293631,0.930835734870317,0.9245833333333333,0.5041666666666667,643.9995464480546,694,0.6975,2400
cancellation_100,21017,fixed_0.35,0.35,0.8314884881016996,0.2290296416166179,0.8328530259365994,0.8183333333333334,0.24791666666666667,643.9995464480546,694,0.6975,2400
cancellation_100,21017,fixed_0.5,0.5,0.7176287374449006,0.08915430064425356,0.7204610951008645,0.71375,0.09416666666666666,643.9995464480546,694,0.6975,2400
cancellation_100,21017,net_sd_scaled_legacy_style,0.10326770138267775,0.9850663603746924,0.7432959541224909,0.9855907780979827,0.9779166666666667,0.7366666666666667,643.9995464480546,694,0.6975,2400
cancellation_100,21018,fixed_0.2,0.2,0.9381943803620727,0.4977023494555398,0.9393939393939394,0.9245833333333333,0.49375,610.4576044480093,660,0.6745833333333333,2400
cancellation_100,21018,fixed_0.35,0.35,0.8311771559878125,0.20838573326717688,0.8333333333333334,0.8116666666666666,0.24583333333333332,610.4576044480093,660,0.6745833333333333,2400
cancellation_100,21018,fixed_0.5,0.5,0.69864973033051,0.07141093860072396,0.703030303030303,0.6879166666666666,0.08958333333333333,610.4576044480093,660,0.6745833333333333,2400
cancellation_100,21018,net_sd_scaled_legacy_style,0.10390047396262687,0.9762605737635534,0.7211794587120302,0.9772727272727273,0.9754166666666667,0.71875,610.4576044480093,660,0.6745833333333333,2400
cancellation_100,21019,fixed_0.2,0.2,0.9347768513189171,0.4937892093780765,0.9365303244005642,0.9270833333333334,0.5175,652.5113043209988,709,0.6858333333333333,2400
cancellation_100,21019,fixed_0.35,0.35,0.8389362606586085,0.1885585771923309,0.842031029619182,0.8208333333333333,0.2425,652.5113043209988,709,0.6858333333333333,2400
cancellation_100,21019,fixed_0.5,0.5,0.7190305064179519,0.06287427327529532,0.7207334273624824,0.7,0.09583333333333334,652.5113043209988,709,0.6858333333333333,2400
cancellation_100,21019,net_sd_scaled_legacy_style,0.10574648477217088,0.9830264180919623,0.7212108720258353,0.9844851904090268,0.98,0.7320833333333333,652.5113043209988,709,0.6858333333333333,2400
cancellation_100,21020,fixed_0.2,0.2,0.921391878237826,0.48354166013115546,0.9208333333333333,0.9316666666666666,0.5145833333333333,661.4418625075721,720,0.6904166666666667,2400
cancellation_100,21020,fixed_0.35,0.35,0.8137928625427533,0.21771661143621127,0.8138888888888889,0.8195833333333333,0.24666666666666667,661.4418625075721,720,0.6904166666666667,2400
cancellation_100,21020,fixed_0.5,0.5,0.6868108008280307,0.06574269438917596,0.6875,0.7016666666666667,0.09791666666666667,661.4418625075721,720,0.6904166666666667,2400
cancellation_100,21020,net_sd_scaled_legacy_style,0.10565254372697994,0.9718456489672062,0.7142727840098047,0.9722222222222222,0.9758333333333333,0.7333333333333333,661.4418625075721,720,0.6904166666666667,2400
cancellation_100,21021,fixed_0.2,0.2,0.9107720527657336,0.5004232559427623,0.9075391180654339,0.91625,0.5166666666666667,650.5531828684075,703,0.6920833333333334,2400
cancellation_100,21021,fixed_0.35,0.35,0.7937513083432675,0.20623357593215663,0.7894736842105263,0.8120833333333334,0.24541666666666667,650.5531828684075,703,0.6920833333333334,2400
cancellation_100,21021,fixed_0.5,0.5,0.6705352933343757,0.07297098144241135,0.6699857752489331,0.7033333333333334,0.09708333333333333,650.5531828684075,703,0.6920833333333334,2400
cancellation_100,21021,net_sd_scaled_legacy_style,0.10617852886993098,0.9716861310938129,0.7430044834575481,0.9715504978662873,0.9758333333333333,0.7391666666666666,650.5531828684075,703,0.6920833333333334,2400
cancellation_100,21022,fixed_0.2,0.2,0.9321125002550099,0.46627430386656954,0.9315263908701854,0.9208333333333333,0.5066666666666667,651.929587158393,701,0.7054166666666667,2400
cancellation_100,21022,fixed_0.35,0.35,0.8222659566220747,0.19533948162817663,0.8202567760342369,0.81875,0.245,651.929587158393,701,0.7054166666666667,2400
cancellation_100,21022,fixed_0.5,0.5,0.6719663751012266,0.0653600301173204,0.6704707560627675,0.695,0.09583333333333334,651.929587158393,701,0.7054166666666667,2400
cancellation_100,21022,net_sd_scaled_legacy_style,0.10497502786165445,0.9794015141086058,0.6958735246643091,0.9800285306704708,0.9791666666666666,0.7320833333333333,651.929587158393,701,0.7054166666666667,2400
cancellation_100,21023,fixed_0.2,0.2,0.9114980602459315,0.4723766992701582,0.9129793510324484,0.92,0.49625,628.9134026866086,678,0.6858333333333333,2400
cancellation_100,21023,fixed_0.35,0.35,0.8155389130259689,0.20184424125265696,0.8126843657817109,0.8254166666666667,0.23958333333333334,628.9134026866086,678,0.6858333333333333,2400
cancellation_100,21023,fixed_0.5,0.5,0.7184183231578573,0.07347165723209419,0.7138643067846607,0.7170833333333333,0.10083333333333333,628.9134026866086,678,0.6858333333333333,2400
cancellation_100,21023,net_sd_scaled_legacy_style,0.10508294274239725,0.9779228162912479,0.7126102011201539,0.9778761061946902,0.9766666666666667,0.7158333333333333,628.9134026866086,678,0.6858333333333333,2400
cancellation_100,21024,fixed_0.2,0.2,0.9376571293106124,0.4522674078524465,0.9394773039889959,0.9329166666666666,0.4866666666666667,667.8006077117315,727,0.6954166666666667,2400
cancellation_100,21024,fixed_0.35,0.35,0.814865892658551,0.20762881231841476,0.8170563961485557,0.8204166666666667,0.23833333333333334,667.8006077117315,727,0.6954166666666667,2400
cancellation_100,21024,fixed_0.5,0.5,0.6897825402062565,0.07023258968979934,0.6918844566712518,0.71375,0.09291666666666666,667.8006077117315,727,0.6954166666666667,2400
cancellation_100,21024,net_sd_scaled_legacy_style,0.10243943744249058,0.9839314021444492,0.7067509491041777,0.984869325997249,0.9791666666666666,0.73875,667.8006077117315,727,0.6954166666666667,2400
cancellation_100,21025,fixed_0.2,0.2,0.9186974914030505,0.45108716889171224,0.9209039548022598,0.92375,0.5075,666.733184403915,708,0.7,2400
cancellation_100,21025,fixed_0.35,0.35,0.8087292888150224,0.21257037549614546,0.809322033898305,0.8179166666666666,0.25083333333333335,666.733184403915,708,0.7,2400
cancellation_100,21025,fixed_0.5,0.5,0.7076081998505553,0.07823446316901347,0.71045197740113,0.7045833333333333,0.1025,666.733184403915,708,0.7,2400
cancellation_100,21025,net_sd_scaled_legacy_style,0.10668457834173693,0.9623962625315597,0.6892276962846612,0.963276836158192,0.9745833333333334,0.7275,666.733184403915,708,0.7,2400
cancellation_100,21026,fixed_0.2,0.2,0.9062731524421966,0.4646714912598632,0.9089655172413793,0.9179166666666667,0.49833333333333335,672.0368427434478,725,0.7058333333333333,2400
cancellation_100,21026,fixed_0.35,0.35,0.8081728483050664,0.18841495056341684,0.8124137931034483,0.8145833333333333,0.24333333333333335,672.0368427434478,725,0.7058333333333333,2400
cancellation_100,21026,fixed_0.5,0.5,0.7010085223079439,0.06338168859576891,0.7034482758620689,0.7058333333333333,0.09791666666666667,672.0368427434478,725,0.7058333333333333,2400
cancellation_100,21026,net_sd_scaled_legacy_style,0.10575209302716733,0.9707203979540685,0.6976870175875144,0.9724137931034482,0.9733333333333334,0.7295833333333334,672.0368427434478,725,0.7058333333333333,2400
cancellation_100,21027,fixed_0.2,0.2,0.9177033943355208,0.4823193608776208,0.9138888888888889,0.9316666666666666,0.4895833333333333,666.1612092154239,720,0.6966666666666667,2400
cancellation_100,21027,fixed_0.35,0.35,0.8010197984109046,0.20877281275140458,0.7986111111111112,0.8220833333333334,0.23208333333333334,666.1612092154239,720,0.6966666666666667,2400
cancellation_100,21027,fixed_0.5,0.5,0.6885176535353735,0.06786105329681476,0.6833333333333333,0.7116666666666667,0.0875,666.1612092154239,720,0.6966666666666667,2400
cancellation_100,21027,net_sd_scaled_legacy_style,0.1038547016757938,0.9817993816100821,0.7285799338497242,0.9805555555555555,0.98,0.7233333333333334,666.1612092154239,720,0.6966666666666667,2400
cancellation_100,21028,fixed_0.2,0.2,0.9109135152386548,0.44811364044566115,0.9128630705394191,0.9208333333333333,0.4866666666666667,667.4877354905286,723,0.7033333333333334,2400
cancellation_100,21028,fixed_0.35,0.35,0.799344752250864,0.17811346701878453,0.8035961272475796,0.80625,0.24125,667.4877354905286,723,0.7033333333333334,2400
cancellation_100,21028,fixed_0.5,0.5,0.6957754030402088,0.06816341718529881,0.6998616874135546,0.70125,0.09916666666666667,667.4877354905286,723,0.7033333333333334,2400
cancellation_100,21028,net_sd_scaled_legacy_style,0.10512892500014802,0.9732805526640277,0.6929850844820267,0.9737206085753803,0.9770833333333333,0.7145833333333333,667.4877354905286,723,0.7033333333333334,2400
cancellation_100,21029,fixed_0.2,0.2,0.9265248075544391,0.4582104207811638,0.922316384180791,0.9270833333333334,0.49625,656.8402094357754,708,0.69375,2400
cancellation_100,21029,fixed_0.35,0.35,0.7971125832312556,0.17802093885631978,0.7951977401129944,0.8170833333333334,0.24,656.8402094357754,708,0.69375,2400
cancellation_100,21029,fixed_0.5,0.5,0.6914232571533067,0.07007535253784454,0.690677966101695,0.7079166666666666,0.10333333333333333,656.8402094357754,708,0.69375,2400
cancellation_100,21029,net_sd_scaled_legacy_style,0.10537627799636475,0.9839122864764808,0.6989927226529233,0.981638418079096,0.9820833333333333,0.7266666666666667,656.8402094357754,708,0.69375,2400
cancellation_100,21030,fixed_0.2,0.2,0.9058600596425298,0.46506641788972375,0.9084507042253521,0.92125,0.50875,652.6620117566617,710,0.6916666666666667,2400
cancellation_100,21030,fixed_0.35,0.35,0.8049678562089535,0.2001533777250942,0.8070422535211268,0.8241666666666667,0.24916666666666668,652.6620117566617,710,0.6916666666666667,2400
cancellation_100,21030,fixed_0.5,0.5,0.712800397748754,0.05846453348144389,0.7169014084507043,0.7145833333333333,0.09708333333333333,652.6620117566617,710,0.6916666666666667,2400
cancellation_100,21030,net_sd_scaled_legacy_style,0.10579401238495326,0.9676136006815518,0.7145774494646435,0.967605633802817,0.9745833333333334,0.7316666666666667,652.6620117566617,710,0.6916666666666667,2400
cancellation_100,21031,fixed_0.2,0.2,0.9181335400153369,0.455277650187569,0.9194915254237288,0.9241666666666667,0.49375,657.3572542375863,708,0.6883333333333334,2400
cancellation_100,21031,fixed_0.35,0.35,0.8063263231858402,0.18727167947696866,0.807909604519774,0.8166666666666667,0.24,657.3572542375863,708,0.6883333333333334,2400
cancellation_100,21031,fixed_0.5,0.5,0.7061871188287885,0.057866730004817575,0.71045197740113,0.7045833333333333,0.08708333333333333,657.3572542375863,708,0.6883333333333334,2400
cancellation_100,21031,net_sd_scaled_legacy_style,0.10244434463628616,0.975907367102899,0.6953970488058672,0.9774011299435028,0.9791666666666666,0.7225,657.3572542375863,708,0.6883333333333334,2400
cancellation_100,21032,fixed_0.2,0.2,0.9171255277333887,0.45833462709646533,0.915680473372781,0.92875,0.50875,626.5895851365974,676,0.67875,2400
cancellation_100,21032,fixed_0.35,0.35,0.7834491142976255,0.2232041651280313,0.7810650887573964,0.8145833333333333,0.2520833333333333,626.5895851365974,676,0.67875,2400
cancellation_100,21032,fixed_0.5,0.5,0.6623308792524895,0.06938298200674411,0.6568047337278107,0.7058333333333333,0.09333333333333334,626.5895851365974,676,0.67875,2400
cancellation_100,21032,net_sd_scaled_legacy_style,0.1056839306120943,0.9773602991956417,0.7118564299216698,0.9763313609467456,0.9758333333333333,0.7375,626.5895851365974,676,0.67875,2400
cancellation_100,21033,fixed_0.2,0.2,0.9267524237330529,0.4730731233533457,0.9251040221914009,0.9308333333333333,0.5008333333333334,663.224112491179,721,0.7058333333333333,2400
cancellation_100,21033,fixed_0.35,0.35,0.8039611816970145,0.20196026566572123,0.8030513176144244,0.8120833333333334,0.255,663.224112491179,721,0.7058333333333333,2400
cancellation_100,21033,fixed_0.5,0.5,0.7022367182574754,0.0693516450895958,0.7018030513176144,0.7008333333333333,0.095,663.224112491179,721,0.7058333333333333,2400
cancellation_100,21033,net_sd_scaled_legacy_style,0.10565361801090319,0.975014840741672,0.6957872277169664,0.9736477115117892,0.975,0.73125,663.224112491179,721,0.7058333333333333,2400
cancellation_100,21034,fixed_0.2,0.2,0.9112125184007938,0.4594663610429325,0.9094827586206896,0.9258333333333333,0.50875,646.4938859217225,696,0.6895833333333333,2400
cancellation_100,21034,fixed_0.35,0.35,0.8171855821429049,0.2019440477018723,0.8117816091954023,0.8204166666666667,0.26,646.4938859217225,696,0.6895833333333333,2400
cancellation_100,21034,fixed_0.5,0.5,0.7098704332761978,0.06274274150637703,0.7040229885057471,0.7120833333333333,0.09833333333333333,646.4938859217225,696,0.6895833333333333,2400
cancellation_100,21034,net_sd_scaled_legacy_style,0.10673896552137199,0.9744344926788621,0.6811700331855993,0.9741379310344828,0.9733333333333334,0.7158333333333333,646.4938859217225,696,0.6895833333333333,2400
cancellation_100,21035,fixed_0.2,0.2,0.9275420798144721,0.4861896978918732,0.9277286135693216,0.9279166666666666,0.5054166666666666,628.6701978326839,678,0.68,2400
cancellation_100,21035,fixed_0.35,0.35,0.8270413760405065,0.19660581804365618,0.827433628318584,0.8283333333333334,0.23958333333333334,628.6701978326839,678,0.68,2400
cancellation_100,21035,fixed_0.5,0.5,0.7231957201977776,0.06613019492646988,0.7256637168141593,0.71125,0.10208333333333333,628.6701978326839,678,0.68,2400
cancellation_100,21035,net_sd_scaled_legacy_style,0.10593728602376272,0.9815923704712767,0.7106647959444367,0.9837758112094396,0.9775,0.725,628.6701978326839,678,0.68,2400
cancellation_100,21036,fixed_0.2,0.2,0.9244350229196968,0.4847488772618397,0.9242857142857143,0.925,0.51375,648.9568132842517,700,0.6895833333333333,2400
cancellation_100,21036,fixed_0.35,0.35,0.8340268166879955,0.2238889208800719,0.8328571428571429,0.8308333333333333,0.26416666666666666,648.9568132842517,700,0.6895833333333333,2400
cancellation_100,21036,fixed_0.5,0.5,0.7058586106642409,0.07290557563976022,0.7071428571428572,0.7120833333333333,0.10041666666666667,648.9568132842517,700,0.6895833333333333,2400
cancellation_100,21036,net_sd_scaled_legacy_style,0.10678722862508973,0.9804388462904994,0.7424058009129773,0.9771428571428571,0.9795833333333334,0.7333333333333333,648.9568132842517,700,0.6895833333333333,2400
cancellation_100,21037,fixed_0.2,0.2,0.9045410925593576,0.45140699748015817,0.9030390738060782,0.9295833333333333,0.5120833333333333,637.8584814001554,691,0.6841666666666667,2400
cancellation_100,21037,fixed_0.35,0.35,0.7997746996648761,0.20783257232505625,0.7988422575976846,0.8270833333333333,0.2554166666666667,637.8584814001554,691,0.6841666666666667,2400
cancellation_100,21037,fixed_0.5,0.5,0.6993352948145667,0.07314189096180079,0.6989869753979739,0.71875,0.10458333333333333,637.8584814001554,691,0.6841666666666667,2400
cancellation_100,21037,net_sd_scaled_legacy_style,0.10820046668159027,0.9578016856023771,0.6872332733677818,0.9565846599131693,0.9758333333333333,0.72875,637.8584814001554,691,0.6841666666666667,2400
cancellation_100,21038,fixed_0.2,0.2,0.9270624223411963,0.44970457517166346,0.9258720930232558,0.92375,0.49375,639.703665491835,688,0.69125,2400
cancellation_100,21038,fixed_0.35,0.35,0.8105651971188224,0.1945681114638197,0.809593023255814,0.8120833333333334,0.24125,639.703665491835,688,0.69125,2400
cancellation_100,21038,fixed_0.5,0.5,0.7002454930941838,0.07754112579178378,0.7020348837209303,0.6983333333333334,0.10875,639.703665491835,688,0.69125,2400
cancellation_100,21038,net_sd_scaled_legacy_style,0.10623137387276359,0.9691214778683402,0.6787259827716093,0.9680232558139535,0.9741666666666666,0.7183333333333334,639.703665491835,688,0.69125,2400
cancellation_100,21039,fixed_0.2,0.2,0.9320836982766919,0.5024057191266347,0.9330422125181951,0.9266666666666666,0.5270833333333333,637.8100397310958,687,0.6904166666666667,2400
cancellation_100,21039,fixed_0.35,0.35,0.8232540492792174,0.2158863964984238,0.8238719068413392,0.81875,0.25666666666666665,637.8100397310958,687,0.6904166666666667,2400
cancellation_100,21039,fixed_0.5,0.5,0.7070592345197211,0.06712815720053833,0.7045123726346434,0.7025,0.10791666666666666,637.8100397310958,687,0.6904166666666667,2400
cancellation_100,21039,net_sd_scaled_legacy_style,0.10789275193474783,0.9784349270574889,0.7116882732887695,0.9796215429403202,0.9791666666666666,0.73125,637.8100397310958,687,0.6904166666666667,2400
cancellation_100,21040,fixed_0.2,0.2,0.9255038429527632,0.4850445899419245,0.9233983286908078,0.9279166666666666,0.5,657.3555257693613,718,0.6870833333333334,2400
cancellation_100,21040,fixed_0.35,0.35,0.8243277994753732,0.21160531033259541,0.8231197771587744,0.8229166666666666,0.23916666666666667,657.3555257693613,718,0.6870833333333334,2400
cancellation_100,21040,fixed_0.5,0.5,0.7063910721389483,0.07171723641181046,0.7047353760445683,0.7129166666666666,0.09541666666666666,657.3555257693613,718,0.6870833333333334,2400
cancellation_100,21040,net_sd_scaled_legacy_style,0.10473976728766313,0.9755042839107696,0.728757319177457,0.9749303621169917,0.9775,0.7375,657.3555257693613,718,0.6870833333333334,2400
cancellation_100,21041,fixed_0.2,0.2,0.9058025767911997,0.4490350179306737,0.9031811894882434,0.9225,0.49041666666666667,669.8821852312664,723,0.7029166666666666,2400
cancellation_100,21041,fixed_0.35,0.35,0.8154496244852231,0.22400163024325873,0.8146611341632088,0.81875,0.24958333333333332,669.8821852312664,723,0.7029166666666666,2400
cancellation_100,21041,fixed_0.5,0.5,0.7070483725770274,0.08640572855679307,0.7040110650069157,0.7020833333333333,0.10583333333333333,669.8821852312664,723,0.7029166666666666,2400
cancellation_100,21041,net_sd_scaled_legacy_style,0.1066312257695984,0.9764081919013052,0.6928639745870048,0.9764868603042877,0.9758333333333333,0.7145833333333333,669.8821852312664,723,0.7029166666666666,2400
cancellation_100,21042,fixed_0.2,0.2,0.9340825863348774,0.47908921601710835,0.9298737727910238,0.92875,0.49416666666666664,658.3148908566229,713,0.6958333333333333,2400
cancellation_100,21042,fixed_0.35,0.35,0.8403913199522904,0.2289214352303282,0.8387096774193549,0.825,0.25416666666666665,658.3148908566229,713,0.6958333333333333,2400
cancellation_100,21042,fixed_0.5,0.5,0.7065585939031042,0.06276170875853285,0.7054698457223001,0.7095833333333333,0.10333333333333333,658.3148908566229,713,0.6958333333333333,2400
cancellation_100,21042,net_sd_scaled_legacy_style,0.10544433494223211,0.9798282995857648,0.7393077757813146,0.9775596072931276,0.9791666666666666,0.7283333333333334,658.3148908566229,713,0.6958333333333333,2400
cancellation_100,21043,fixed_0.2,0.2,0.9251078185325651,0.47497556888466863,0.9228611500701263,0.9245833333333333,0.49916666666666665,660.3380668332734,713,0.69,2400
cancellation_100,21043,fixed_0.35,0.35,0.7931564021006358,0.21109589516789784,0.791023842917251,0.81125,0.24125,660.3380668332734,713,0.69,2400
cancellation_100,21043,fixed_0.5,0.5,0.687183342403616,0.06620400667549552,0.6858345021037868,0.7066666666666667,0.0925,660.3380668332734,713,0.69,2400
cancellation_100,21043,net_sd_scaled_legacy_style,0.10538781553897461,0.9736343284659602,0.7019656783443131,0.9719495091164095,0.97875,0.7225,660.3380668332734,713,0.69,2400
cancellation_100,21044,fixed_0.2,0.2,0.9213492237380112,0.44749443419978835,0.9225251076040172,0.9220833333333334,0.48291666666666666,642.3563127050382,697,0.6891666666666667,2400
cancellation_100,21044,fixed_0.35,0.35,0.8094193476746465,0.18847126644631915,0.8106169296987088,0.8129166666666666,0.23083333333333333,642.3563127050382,697,0.6891666666666667,2400
cancellation_100,21044,fixed_0.5,0.5,0.6993344131427206,0.06801303635399818,0.7015781922525107,0.6975,0.09791666666666667,642.3563127050382,697,0.6891666666666667,2400
cancellation_100,21044,net_sd_scaled_legacy_style,0.10411303512865741,0.9799150085686525,0.7185465703271929,0.9813486370157819,0.9775,0.7266666666666667,642.3563127050382,697,0.6891666666666667,2400
cancellation_100,21045,fixed_0.2,0.2,0.9280596064075326,0.4778231772687352,0.9285714285714286,0.9291666666666667,0.5120833333333333,642.8330192473597,686,0.6858333333333333,2400
cancellation_100,21045,fixed_0.35,0.35,0.8090111933451752,0.2084023509740952,0.8104956268221575,0.8133333333333334,0.25166666666666665,642.8330192473597,686,0.6858333333333333,2400
cancellation_100,21045,fixed_0.5,0.5,0.6864908847982936,0.07366311702819965,0.6865889212827988,0.6979166666666666,0.10041666666666667,642.8330192473597,686,0.6858333333333333,2400
cancellation_100,21045,net_sd_scaled_legacy_style,0.1061560477285365,0.9720011135705082,0.7025141277547982,0.9723032069970845,0.9770833333333333,0.7229166666666667,642.8330192473597,686,0.6858333333333333,2400
cancellation_100,21046,fixed_0.2,0.2,0.9297662889209134,0.4821071512132853,0.9274310595065312,0.9295833333333333,0.505,642.3995938338188,689,0.6883333333333334,2400
cancellation_100,21046,fixed_0.35,0.35,0.8132506002999639,0.2038993604448807,0.8084179970972424,0.8154166666666667,0.24333333333333335,642.3995938338188,689,0.6883333333333334,2400
cancellation_100,21046,fixed_0.5,0.5,0.6988101505896483,0.07592213179722801,0.6966618287373004,0.70625,0.10375,642.3995938338188,689,0.6883333333333334,2400
cancellation_100,21046,net_sd_scaled_legacy_style,0.10535534838558551,0.9818553881619765,0.7000743977498202,0.9811320754716981,0.98375,0.7275,642.3995938338188,689,0.6883333333333334,2400
cancellation_100,21047,fixed_0.2,0.2,0.9334380343838607,0.4898672231167255,0.9374090247452693,0.925,0.5079166666666667,642.0946938586126,687,0.6858333333333333,2400
cancellation_100,21047,fixed_0.35,0.35,0.8288400078905066,0.22412676550541896,0.8311499272197962,0.8275,0.24625,642.0946938586126,687,0.6858333333333333,2400
cancellation_100,21047,fixed_0.5,0.5,0.7319559136749588,0.08331503962736389,0.7321688500727802,0.7316666666666667,0.09708333333333333,642.0946938586126,687,0.6858333333333333,2400
cancellation_100,21047,net_sd_scaled_legacy_style,0.10640738560629776,0.9841238507610973,0.7217691462083208,0.9854439592430859,0.9795833333333334,0.7279166666666667,642.0946938586126,687,0.6858333333333333,2400
cancellation_100,21048,fixed_0.2,0.2,0.9175792911081997,0.4687751235905204,0.9204052098408104,0.92875,0.5183333333333333,640.9664768087255,691,0.6920833333333334,2400
cancellation_100,21048,fixed_0.35,0.35,0.7987915267763948,0.21467075586205372,0.8031837916063675,0.82875,0.25583333333333336,640.9664768087255,691,0.6920833333333334,2400
cancellation_100,21048,fixed_0.5,0.5,0.6982916775367656,0.07242255774680013,0.7018813314037626,0.72125,0.10041666666666667,640.9664768087255,691,0.6920833333333334,2400
cancellation_100,21048,net_sd_scaled_legacy_style,0.10663393152173552,0.971768023255742,0.7020220402223843,0.9710564399421129,0.9729166666666667,0.7304166666666667,640.9664768087255,691,0.6920833333333334,2400
cancellation_100,21049,fixed_0.2,0.2,0.9394730696696973,0.44756419581288975,0.9427753934191703,0.92375,0.49875,644.88292523816,699,0.68875,2400
cancellation_100,21049,fixed_0.35,0.35,0.8387149731958614,0.22488363751325247,0.844062947067239,0.8195833333333333,0.25458333333333333,644.88292523816,699,0.68875,2400
cancellation_100,21049,fixed_0.5,0.5,0.7139334050698998,0.07074008317559476,0.7195994277539342,0.695,0.09958333333333333,644.88292523816,699,0.68875,2400
cancellation_100,21049,net_sd_scaled_legacy_style,0.10543143349122854,0.9842733124695333,0.7066018956567351,0.9856938483547926,0.975,0.7208333333333333,644.88292523816,699,0.68875,2400
cancellation_100,21050,fixed_0.2,0.2,0.9086272759198659,0.489657360440789,0.905848787446505,0.925,0.5041666666666667,653.3732117560371,701,0.69125,2400
cancellation_100,21050,fixed_0.35,0.35,0.8213738263566602,0.21346622310927965,0.8202567760342369,0.8166666666666667,0.23666666666666666,653.3732117560371,701,0.69125,2400
cancellation_100,21050,fixed_0.5,0.5,0.7080723262667544,0.08636448964620234,0.7047075606276747,0.7083333333333334,0.09083333333333334,653.3732117560371,701,0.69125,2400
cancellation_100,21050,net_sd_scaled_legacy_style,0.10344171696252827,0.9720880678844473,0.7114973673933603,0.9714693295292439,0.9791666666666666,0.7270833333333333,653.3732117560371,701,0.69125,2400
cancellation_100,21051,fixed_0.2,0.2,0.9228160811345727,0.4780192313984777,0.9215406562054208,0.9308333333333333,0.49916666666666665,646.3984556818065,701,0.6954166666666667,2400
cancellation_100,21051,fixed_0.35,0.35,0.7929090418065227,0.22799278168352283,0.7888730385164051,0.815,0.245,646.3984556818065,701,0.6954166666666667,2400
cancellation_100,21051,fixed_0.5,0.5,0.7104224128836666,0.07703573101749055,0.7104136947218259,0.71625,0.0925,646.3984556818065,701,0.6954166666666667,2400
cancellation_100,21051,net_sd_scaled_legacy_style,0.10432874076595931,0.9738789924091781,0.7226358750369519,0.9728958630527818,0.9770833333333333,0.7175,646.3984556818065,701,0.6954166666666667,2400
cancellation_100,21052,fixed_0.2,0.2,0.9130947931780021,0.4798974900025943,0.9139941690962099,0.9241666666666667,0.5129166666666667,637.177878908984,686,0.69875,2400
cancellation_100,21052,fixed_0.35,0.35,0.7909449305089804,0.187978325500257,0.793002915451895,0.8045833333333333,0.24291666666666667,637.177878908984,686,0.69875,2400
cancellation_100,21052,fixed_0.5,0.5,0.672745151738171,0.06888293864503706,0.673469387755102,0.6858333333333333,0.09416666666666666,637.177878908984,686,0.69875,2400
cancellation_100,21052,net_sd_scaled_legacy_style,0.10470497721712917,0.9756843273445971,0.7096922120041352,0.9752186588921283,0.9775,0.7325,637.177878908984,686,0.69875,2400
cancellation_100,21053,fixed_0.2,0.2,0.9043501677508917,0.4727343339095577,0.9041297935103245,0.92625,0.5016666666666667,626.3107521486878,678,0.6891666666666667,2400
cancellation_100,21053,fixed_0.35,0.35,0.8008023355416318,0.19619781953057597,0.799410029498525,0.8170833333333334,0.23666666666666666,626.3107521486878,678,0.6891666666666667,2400
cancellation_100,21053,fixed_0.5,0.5,0.683137435951294,0.0634186568775155,0.6814159292035398,0.7079166666666666,0.09333333333333334,626.3107521486878,678,0.6891666666666667,2400
cancellation_100,21053,net_sd_scaled_legacy_style,0.10346427702098628,0.9679992494460326,0.7260700739903311,0.967551622418879,0.975,0.735,626.3107521486878,678,0.6891666666666667,2400
cancellation_100,21054,fixed_0.2,0.2,0.9287417625939978,0.4550225436156208,0.9296987087517934,0.9354166666666667,0.49041666666666667,648.6213682079947,697,0.6891666666666667,2400
cancellation_100,21054,fixed_0.35,0.35,0.8113638161902529,0.1825385779146307,0.812051649928264,0.8195833333333333,0.22541666666666665,648.6213682079947,697,0.6891666666666667,2400
cancellation_100,21054,fixed_0.5,0.5,0.7059855468188733,0.06254884941012813,0.7058823529411765,0.7083333333333334,0.09583333333333334,648.6213682079947,697,0.6891666666666667,2400
cancellation_100,21054,net_sd_scaled_legacy_style,0.10257357042357361,0.9764789730586971,0.7051059053062638,0.9770444763271162,0.9795833333333334,0.7166666666666667,648.6213682079947,697,0.6891666666666667,2400
cancellation_100,21055,fixed_0.2,0.2,0.9231202454272583,0.4916657604345712,0.9232995658465991,0.9175,0.50875,640.7373218702533,691,0.6875,2400
cancellation_100,21055,fixed_0.35,0.35,0.8181694804394269,0.1957684509701426,0.8176555716353111,0.8020833333333334,0.2375,640.7373218702533,691,0.6875,2400
cancellation_100,21055,fixed_0.5,0.5,0.6888326759020331,0.06981401773375533,0.6903039073806078,0.6979166666666666,0.08791666666666667,640.7373218702533,691,0.6875,2400
cancellation_100,21055,net_sd_scaled_legacy_style,0.10264640714657695,0.9837132596333426,0.7199663239173008,0.9826338639652678,0.97375,0.74125,640.7373218702533,691,0.6875,2400
cancellation_100,21056,fixed_0.2,0.2,0.9175290582355315,0.48130204570044766,0.9175108538350217,0.92625,0.5029166666666667,643.4786104469058,691,0.6841666666666667,2400
cancellation_100,21056,fixed_0.35,0.35,0.822494467608122,0.20317415562794186,0.8205499276410999,0.8133333333333334,0.25083333333333335,643.4786104469058,691,0.6841666666666667,2400
cancellation_100,21056,fixed_0.5,0.5,0.70174428500538,0.07911908827290723,0.6975397973950795,0.7004166666666667,0.10333333333333333,643.4786104469058,691,0.6841666666666667,2400
cancellation_100,21056,net_sd_scaled_legacy_style,0.10611706473786092,0.9730808664531231,0.7084049351032781,0.9725036179450073,0.9804166666666667,0.72625,643.4786104469058,691,0.6841666666666667,2400
cancellation_100,21057,fixed_0.2,0.2,0.9150054204312261,0.5102150342085011,0.9188811188811189,0.9241666666666667,0.5075,659.2772162989586,715,0.7020833333333333,2400
cancellation_100,21057,fixed_0.35,0.35,0.8026631855714751,0.21527372598483885,0.806993006993007,0.8170833333333334,0.24458333333333335,659.2772162989586,715,0.7020833333333333,2400
cancellation_100,21057,fixed_0.5,0.5,0.705273058523966,0.06884797008817276,0.7104895104895105,0.7075,0.09541666666666666,659.2772162989586,715,0.7020833333333333,2400
cancellation_100,21057,net_sd_scaled_legacy_style,0.10505607242293305,0.982702832316858,0.7283725128518767,0.9832167832167832,0.97875,0.7204166666666667,659.2772162989586,715,0.7020833333333333,2400
cancellation_100,21058,fixed_0.2,0.2,0.9131418188178445,0.4870317759458019,0.9134078212290503,0.91875,0.5079166666666667,662.9277569684484,716,0.6925,2400
cancellation_100,21058,fixed_0.35,0.35,0.7975221548378157,0.20016384482309224,0.7960893854748603,0.8091666666666667,0.22958333333333333,662.9277569684484,716,0.6925,2400
cancellation_100,21058,fixed_0.5,0.5,0.7047528751799318,0.07660399905820311,0.7011173184357542,0.6983333333333334,0.08541666666666667,662.9277569684484,716,0.6925,2400
cancellation_100,21058,net_sd_scaled_legacy_style,0.10368468964910808,0.973088534031087,0.7345501227904251,0.9748603351955307,0.9741666666666666,0.7445833333333334,662.9277569684484,716,0.6925,2400
cancellation_100,21059,fixed_0.2,0.2,0.9337380901347846,0.4718470826848084,0.9366715758468336,0.9345833333333333,0.4995833333333333,632.6655477403855,679,0.6891666666666667,2400
cancellation_100,21059,fixed_0.35,0.35,0.8105076337620836,0.2142340517798976,0.812960235640648,0.8229166666666666,0.24291666666666667,632.6655477403855,679,0.6891666666666667,2400
cancellation_100,21059,fixed_0.5,0.5,0.6728464599588987,0.07771297501339061,0.6730486008836525,0.7004166666666667,0.09583333333333334,632.6655477403855,679,0.6891666666666667,2400
cancellation_100,21059,net_sd_scaled_legacy_style,0.10518613416265597,0.9797517940344531,0.7053564993020505,0.979381443298969,0.9795833333333334,0.7183333333333334,632.6655477403855,679,0.6891666666666667,2400
cancellation_100,21060,fixed_0.2,0.2,0.9091195290309934,0.4656434224435149,0.9143258426966292,0.9166666666666666,0.5004166666666666,655.5832827761394,712,0.7033333333333334,2400
cancellation_100,21060,fixed_0.35,0.35,0.8144605233504525,0.19847715937912025,0.8202247191011236,0.8229166666666666,0.24083333333333334,655.5832827761394,712,0.7033333333333334,2400
cancellation_100,21060,fixed_0.5,0.5,0.7046313562814356,0.06322509430145386,0.7078651685393258,0.7070833333333333,0.09958333333333333,655.5832827761394,712,0.7033333333333334,2400
cancellation_100,21060,net_sd_scaled_legacy_style,0.10615368589244198,0.9695095446816796,0.6942314113694282,0.9719101123595506,0.9725,0.71875,655.5832827761394,712,0.7033333333333334,2400
cancellation_100,21061,fixed_0.2,0.2,0.9209406875436595,0.4935785431140808,0.9237057220708447,0.9233333333333333,0.5179166666666667,670.4223587217089,734,0.7066666666666667,2400
cancellation_100,21061,fixed_0.35,0.35,0.8189597745841868,0.2220262107520088,0.8215258855585831,0.8175,0.24833333333333332,670.4223587217089,734,0.7066666666666667,2400
cancellation_100,21061,fixed_0.5,0.5,0.7011456149802952,0.06574284642734385,0.7043596730245232,0.6991666666666667,0.09708333333333333,670.4223587217089,734,0.7066666666666667,2400
cancellation_100,21061,net_sd_scaled_legacy_style,0.10638607181068957,0.9727320059363589,0.7097506054285676,0.9713896457765667,0.9779166666666667,0.7254166666666667,670.4223587217089,734,0.7066666666666667,2400
cancellation_100,21062,fixed_0.2,0.2,0.9373984177457235,0.4665556857513746,0.9366906474820144,0.92875,0.5133333333333333,645.1648042330723,695,0.6908333333333333,2400
cancellation_100,21062,fixed_0.35,0.35,0.8309508584032069,0.2278068119644783,0.8287769784172662,0.825,0.27375,645.1648042330723,695,0.6908333333333333,2400
cancellation_100,21062,fixed_0.5,0.5,0.7074153908498768,0.07320485279037421,0.702158273381295,0.70375,0.10125,645.1648042330723,695,0.6908333333333333,2400
cancellation_100,21062,net_sd_scaled_legacy_style,0.10794339486612349,0.9794559860440363,0.678370733861935,0.9798561151079137,0.9758333333333333,0.72,645.1648042330723,695,0.6908333333333333,2400
cancellation_100,21063,fixed_0.2,0.2,0.8974981644203432,0.44287138882736793,0.8986975397973951,0.9225,0.4995833333333333,640.0191428571927,691,0.69125,2400
cancellation_100,21063,fixed_0.35,0.35,0.7855123153977904,0.171068922033226,0.7901591895803184,0.8058333333333333,0.23583333333333334,640.0191428571927,691,0.69125,2400
cancellation_100,21063,fixed_0.5,0.5,0.6879061426327574,0.0822579947324681,0.6917510853835022,0.7020833333333333,0.09333333333333334,640.0191428571927,691,0.69125,2400
cancellation_100,21063,net_sd_scaled_legacy_style,0.10486062229831504,0.9797452987781587,0.7145336903757462,0.9811866859623734,0.97875,0.7333333333333333,640.0191428571927,691,0.69125,2400
cancellation_100,21064,fixed_0.2,0.2,0.9203511782120805,0.4637346529524697,0.9195402298850575,0.915,0.4845833333333333,644.6230768590071,696,0.6841666666666667,2400
cancellation_100,21064,fixed_0.35,0.35,0.8066229862124659,0.21060192023756608,0.8045977011494253,0.8066666666666666,0.23333333333333334,644.6230768590071,696,0.6841666666666667,2400
cancellation_100,21064,fixed_0.5,0.5,0.7051119314864769,0.07965706824327543,0.7011494252873564,0.6991666666666667,0.09208333333333334,644.6230768590071,696,0.6841666666666667,2400
cancellation_100,21064,net_sd_scaled_legacy_style,0.10292932639318203,0.9672442116112921,0.7063654719447593,0.9669540229885057,0.9679166666666666,0.7175,644.6230768590071,696,0.6841666666666667,2400
cancellation_100,21065,fixed_0.2,0.2,0.9181002666864087,0.46367554899764424,0.9157458563535912,0.9220833333333334,0.49875,666.880090296776,724,0.7008333333333333,2400
cancellation_100,21065,fixed_0.35,0.35,0.8098961031499032,0.2022268210038256,0.8080110497237569,0.82375,0.24541666666666667,666.880090296776,724,0.7008333333333333,2400
cancellation_100,21065,fixed_0.5,0.5,0.7177308350188933,0.07536060843326332,0.7140883977900553,0.7208333333333333,0.09916666666666667,666.880090296776,724,0.7008333333333333,2400
cancellation_100,21065,net_sd_scaled_legacy_style,0.10629984107264819,0.9785036170005854,0.672399034796751,0.9779005524861878,0.9758333333333333,0.7229166666666667,666.880090296776,724,0.7008333333333333,2400
cancellation_100,21066,fixed_0.2,0.2,0.922159317404332,0.5051153408267735,0.92,0.9241666666666667,0.5029166666666667,641.3995122918188,700,0.6891666666666667,2400
cancellation_100,21066,fixed_0.35,0.35,0.7981389109330319,0.2242778637646271,0.8028571428571428,0.8158333333333333,0.24458333333333335,641.3995122918188,700,0.6891666666666667,2400
cancellation_100,21066,fixed_0.5,0.5,0.6914038685707137,0.06575929485033195,0.6957142857142857,0.70375,0.09541666666666666,641.3995122918188,700,0.6891666666666667,2400
cancellation_100,21066,net_sd_scaled_legacy_style,0.10561092846028597,0.9768343340347487,0.7110946228601233,0.9771428571428571,0.9758333333333333,0.72,641.3995122918188,700,0.6891666666666667,2400
cancellation_100,21067,fixed_0.2,0.2,0.9139449310779507,0.47559578268460556,0.9131693198263386,0.9233333333333333,0.5016666666666667,641.4757952707055,691,0.68875,2400
cancellation_100,21067,fixed_0.35,0.35,0.8023160144888781,0.20608304374377004,0.8002894356005789,0.8025,0.23333333333333334,641.4757952707055,691,0.68875,2400
cancellation_100,21067,fixed_0.5,0.5,0.6817580696486821,0.06541063000296814,0.6772793053545586,0.6879166666666666,0.08583333333333333,641.4757952707055,691,0.68875,2400
cancellation_100,21067,net_sd_scaled_legacy_style,0.10234930649201363,0.9690674352012614,0.6983231321354895,0.9696092619392185,0.97875,0.7308333333333333,641.4757952707055,691,0.68875,2400
cancellation_100,21068,fixed_0.2,0.2,0.9048906426321903,0.49437863395754955,0.9046283309957924,0.9166666666666666,0.5104166666666666,661.6659810197277,713,0.6916666666666667,2400
cancellation_100,21068,fixed_0.35,0.35,0.7780200167022032,0.20181235041736822,0.7784011220196353,0.805,0.24625,661.6659810197277,713,0.6916666666666667,2400
cancellation_100,21068,fixed_0.5,0.5,0.6648049914093153,0.0636484915878168,0.664796633941094,0.69125,0.0875,661.6659810197277,713,0.6916666666666667,2400
cancellation_100,21068,net_sd_scaled_legacy_style,0.10404202340483074,0.9772090780826657,0.7268206875925909,0.9775596072931276,0.9695833333333334,0.7304166666666667,661.6659810197277,713,0.6916666666666667,2400
cancellation_100,21069,fixed_0.2,0.2,0.9332426030119626,0.4572648900403617,0.9340974212034384,0.93,0.5104166666666666,653.3610819083116,698,0.6975,2400
cancellation_100,21069,fixed_0.35,0.35,0.8145355067143245,0.19878834230099157,0.8151862464183381,0.8133333333333334,0.24458333333333335,653.3610819083116,698,0.6975,2400
cancellation_100,21069,fixed_0.5,0.5,0.6995543016305923,0.07679544414363386,0.6991404011461319,0.6958333333333333,0.10791666666666666,653.3610819083116,698,0.6975,2400
cancellation_100,21069,net_sd_scaled_legacy_style,0.10656146148843249,0.981397098614384,0.7009560651089907,0.9813753581661891,0.9845833333333334,0.7308333333333333,653.3610819083116,698,0.6975,2400
cancellation_100,21070,fixed_0.2,0.2,0.9367554189985453,0.5024195339710168,0.9361393323657474,0.9258333333333333,0.5054166666666666,640.9354222108527,689,0.6879166666666666,2400
cancellation_100,21070,fixed_0.35,0.35,0.8168305525456196,0.2403008903975546,0.8171262699564587,0.8095833333333333,0.25,640.9354222108527,689,0.6879166666666666,2400
cancellation_100,21070,fixed_0.5,0.5,0.7114808701323844,0.0867006809157734,0.714078374455733,0.6991666666666667,0.10208333333333333,640.9354222108527,689,0.6879166666666666,2400
cancellation_100,21070,net_sd_scaled_legacy_style,0.1060596623392879,0.9873908900393706,0.7236936253477513,0.9869375907111756,0.98125,0.7225,640.9354222108527,689,0.6879166666666666,2400
cancellation_100,21071,fixed_0.2,0.2,0.9129131215602637,0.4576599197378572,0.9153005464480874,0.9179166666666667,0.49583333333333335,676.879180241478,732,0.7095833333333333,2400
cancellation_100,21071,fixed_0.35,0.35,0.8013974685899933,0.18206207703280866,0.8032786885245902,0.7975,0.23416666666666666,676.879180241478,732,0.7095833333333333,2400
cancellation_100,21071,fixed_0.5,0.5,0.6880663972799458,0.07949781340749139,0.6898907103825137,0.6991666666666667,0.08875,676.879180241478,732,0.7095833333333333,2400
cancellation_100,21071,net_sd_scaled_legacy_style,0.10379804281442054,0.9739086289594127,0.7093992706149452,0.9754098360655737,0.9779166666666667,0.73125,676.879180241478,732,0.7095833333333333,2400
cancellation_100,21072,fixed_0.2,0.2,0.9144105138704236,0.4666105748036828,0.9140401146131805,0.9229166666666667,0.4925,644.6558109733672,698,0.68875,2400
cancellation_100,21072,fixed_0.35,0.35,0.8084110765775503,0.22145559588281963,0.8080229226361032,0.8133333333333334,0.25375,644.6558109733672,698,0.68875,2400
cancellation_100,21072,fixed_0.5,0.5,0.6915247310855113,0.06364152682467993,0.6891117478510028,0.6966666666666667,0.09666666666666666,644.6558109733672,698,0.68875,2400
cancellation_100,21072,net_sd_scaled_legacy_style,0.10571204782183088,0.968117471077104,0.6914468519754141,0.9670487106017192,0.9704166666666667,0.70875,644.6558109733672,698,0.68875,2400
cancellation_100,21073,fixed_0.2,0.2,0.9018774489007082,0.4875213696538963,0.9018232819074333,0.9233333333333333,0.5304166666666666,653.2777564696607,713,0.6958333333333333,2400
cancellation_100,21073,fixed_0.35,0.35,0.816300895519329,0.22408582170751593,0.8106591865357644,0.8229166666666666,0.25875,653.2777564696607,713,0.6958333333333333,2400
cancellation_100,21073,fixed_0.5,0.5,0.7172401872030665,0.07944464921255084,0.7152875175315568,0.7075,0.11041666666666666,653.2777564696607,713,0.6958333333333333,2400
cancellation_100,21073,net_sd_scaled_legacy_style,0.10750846275437961,0.9720817227844726,0.6947683752863066,0.9719495091164095,0.9779166666666667,0.7295833333333334,653.2777564696607,713,0.6958333333333333,2400
cancellation_100,21074,fixed_0.2,0.2,0.9170331645857174,0.49251592586162074,0.9157142857142857,0.92875,0.5183333333333333,647.3336998812847,700,0.68125,2400
cancellation_100,21074,fixed_0.35,0.35,0.7916922130881605,0.20799315264763912,0.7885714285714286,0.81375,0.2504166666666667,647.3336998812847,700,0.68125,2400
cancellation_100,21074,fixed_0.5,0.5,0.680558703542071,0.0726862431788851,0.6785714285714286,0.69375,0.09958333333333333,647.3336998812847,700,0.68125,2400
cancellation_100,21074,net_sd_scaled_legacy_style,0.10535739808009521,0.967769022937622,0.7398585635569954,0.9671428571428572,0.975,0.74375,647.3336998812847,700,0.68125,2400
cancellation_100,21075,fixed_0.2,0.2,0.9179295785564386,0.48833417395669354,0.9143258426966292,0.925,0.49583333333333335,657.6743929237382,712,0.6975,2400
cancellation_100,21075,fixed_0.35,0.35,0.8130309788514706,0.22338489423429986,0.8132022471910112,0.8179166666666666,0.24083333333333334,657.6743929237382,712,0.6975,2400
cancellation_100,21075,fixed_0.5,0.5,0.6858396309853588,0.06877526477206605,0.6882022471910112,0.7054166666666667,0.08875,657.6743929237382,712,0.6975,2400
cancellation_100,21075,net_sd_scaled_legacy_style,0.10452819205315528,0.9793432502333104,0.7313776093301032,0.9775280898876404,0.9808333333333333,0.735,657.6743929237382,712,0.6975,2400
cancellation_100,21076,fixed_0.2,0.2,0.9295979603776342,0.4965754797861898,0.9300998573466477,0.9254166666666667,0.5041666666666667,648.0878069862031,701,0.7033333333333334,2400
cancellation_100,21076,fixed_0.35,0.35,0.8036441169196737,0.18763744621754821,0.8031383737517832,0.8183333333333334,0.24125,648.0878069862031,701,0.7033333333333334,2400
cancellation_100,21076,fixed_0.5,0.5,0.7055280432550995,0.06410625857651953,0.7075606276747504,0.71375,0.09833333333333333,648.0878069862031,701,0.7033333333333334,2400
cancellation_100,21076,net_sd_scaled_legacy_style,0.10559228927151769,0.9867430647120178,0.7286794555809047,0.985734664764622,0.9808333333333333,0.7245833333333334,648.0878069862031,701,0.7033333333333334,2400
cancellation_100,21077,fixed_0.2,0.2,0.9181011195723796,0.44903867560912264,0.9161849710982659,0.9241666666666667,0.4920833333333333,633.8711370701378,692,0.6975,2400
cancellation_100,21077,fixed_0.35,0.35,0.8087831375720825,0.227706964020061,0.8063583815028902,0.8195833333333333,0.24791666666666667,633.8711370701378,692,0.6975,2400
cancellation_100,21077,fixed_0.5,0.5,0.6928437560014247,0.08201100133816366,0.6965317919075145,0.7041666666666667,0.09666666666666666,633.8711370701378,692,0.6975,2400
cancellation_100,21077,net_sd_scaled_legacy_style,0.10409520657544238,0.9760729882382617,0.7103809240293251,0.9754335260115607,0.9816666666666667,0.7216666666666667,633.8711370701378,692,0.6975,2400
cancellation_100,21078,fixed_0.2,0.2,0.9237443631800988,0.4767219662503066,0.920656634746922,0.9308333333333333,0.51,678.2929189148525,731,0.7075,2400
cancellation_100,21078,fixed_0.35,0.35,0.7937568885060446,0.21703766016977294,0.7920656634746922,0.81375,0.25333333333333335,678.2929189148525,731,0.7075,2400
cancellation_100,21078,fixed_0.5,0.5,0.6889240739715896,0.06791421965943285,0.6867305061559508,0.7120833333333333,0.09791666666666667,678.2929189148525,731,0.7075,2400
cancellation_100,21078,net_sd_scaled_legacy_style,0.10582105530857853,0.9752710299597587,0.7028359772841981,0.9740082079343365,0.9791666666666666,0.72,678.2929189148525,731,0.7075,2400
cancellation_100,21079,fixed_0.2,0.2,0.918649736712498,0.44638765681028764,0.9229691876750701,0.9325,0.5116666666666667,656.0487164145054,714,0.695,2400
cancellation_100,21079,fixed_0.35,0.35,0.8038621167855607,0.22034233326367295,0.8109243697478992,0.825,0.25166666666666665,656.0487164145054,714,0.695,2400
cancellation_100,21079,fixed_0.5,0.5,0.6928179714156871,0.08540110239107654,0.6988795518207283,0.71,0.09916666666666667,656.0487164145054,714,0.695,2400
cancellation_100,21079,net_sd_scaled_legacy_style,0.10631294423212644,0.9768147297519029,0.6957653721692483,0.9775910364145658,0.9825,0.7466666666666667,656.0487164145054,714,0.695,2400
cancellation_100,21080,fixed_0.2,0.2,0.9251381040421637,0.45852134396562627,0.9237170596393898,0.92875,0.5025,664.3656195604881,721,0.69875,2400
cancellation_100,21080,fixed_0.35,0.35,0.8005192773005577,0.2006242382320153,0.8016643550624133,0.81125,0.24916666666666668,664.3656195604881,721,0.69875,2400
cancellation_100,21080,fixed_0.5,0.5,0.675536109950762,0.07716613204531257,0.6754507628294036,0.6979166666666666,0.09541666666666666,664.3656195604881,721,0.69875,2400
cancellation_100,21080,net_sd_scaled_legacy_style,0.10512226962806295,0.9813310440008343,0.7054857281328162,0.9819694868238558,0.9804166666666667,0.7204166666666667,664.3656195604881,721,0.69875,2400
cancellation_100,21081,fixed_0.2,0.2,0.9328993524753338,0.48644457064548696,0.9326500732064422,0.9375,0.49916666666666665,629.3053465405367,683,0.68125,2400
cancellation_100,21081,fixed_0.35,0.35,0.8142000381435084,0.21054088372579624,0.8140556368960469,0.8341666666666666,0.23625,629.3053465405367,683,0.68125,2400
cancellation_100,21081,fixed_0.5,0.5,0.7080989147488295,0.06461859303179236,0.7115666178623719,0.715,0.08125,629.3053465405367,683,0.68125,2400
cancellation_100,21081,net_sd_scaled_legacy_style,0.10215509146546335,0.9740852308331929,0.7300137916964612,0.9736456808199122,0.98375,0.7354166666666667,629.3053465405367,683,0.68125,2400
cancellation_100,21082,fixed_0.2,0.2,0.9081091314436253,0.46855745623532313,0.906030855539972,0.9166666666666666,0.5066666666666667,661.0985460047872,713,0.7020833333333333,2400
cancellation_100,21082,fixed_0.35,0.35,0.8172526765537876,0.1923542470755319,0.8162692847124825,0.8245833333333333,0.2425,661.0985460047872,713,0.7020833333333333,2400
cancellation_100,21082,fixed_0.5,0.5,0.6990305261740533,0.07777450289499525,0.697054698457223,0.7083333333333334,0.10458333333333333,661.0985460047872,713,0.7020833333333333,2400
cancellation_100,21082,net_sd_scaled_legacy_style,0.10541738867428886,0.9753756323638476,0.7132285097689771,0.9747545582047685,0.9804166666666667,0.73375,661.0985460047872,713,0.7020833333333333,2400
cancellation_100,21083,fixed_0.2,0.2,0.92132575477436,0.48195069880067176,0.9241379310344827,0.9254166666666667,0.51125,667.2211965040576,725,0.6983333333333334,2400
cancellation_100,21083,fixed_0.35,0.35,0.8001765504745533,0.2148953276684568,0.7986206896551724,0.8145833333333333,0.2425,667.2211965040576,725,0.6983333333333334,2400
cancellation_100,21083,fixed_0.5,0.5,0.6914692475530866,0.06424951287761435,0.6896551724137931,0.7029166666666666,0.08583333333333333,667.2211965040576,725,0.6983333333333334,2400
cancellation_100,21083,net_sd_scaled_legacy_style,0.10447003032323983,0.9763866620151997,0.7188070002585718,0.976551724137931,0.9779166666666667,0.735,667.2211965040576,725,0.6983333333333334,2400
cancellation_100,21084,fixed_0.2,0.2,0.9343607447262633,0.4702692739067435,0.9343575418994413,0.9283333333333333,0.4875,661.6696050568655,716,0.7008333333333333,2400
cancellation_100,21084,fixed_0.35,0.35,0.8253559933699528,0.20038668994091405,0.8296089385474861,0.8241666666666667,0.23291666666666666,661.6696050568655,716,0.7008333333333333,2400
cancellation_100,21084,fixed_0.5,0.5,0.7126028074785848,0.0706625866159641,0.7136871508379888,0.7183333333333334,0.09,661.6696050568655,716,0.7008333333333333,2400
cancellation_100,21084,net_sd_scaled_legacy_style,0.10296893564901502,0.9837057138257854,0.7132854605053782,0.9832402234636871,0.98,0.7270833333333333,661.6696050568655,716,0.7008333333333333,2400
cancellation_100,21085,fixed_0.2,0.2,0.9046822015410506,0.44463195284642626,0.9049645390070922,0.92375,0.49125,649.9723715025159,705,0.6991666666666667,2400
cancellation_100,21085,fixed_0.35,0.35,0.808551681257347,0.1966184512640125,0.8127659574468085,0.81125,0.23375,649.9723715025159,705,0.6991666666666667,2400
cancellation_100,21085,fixed_0.5,0.5,0.7118572209687771,0.05701681609469746,0.7148936170212766,0.6933333333333334,0.08541666666666667,649.9723715025159,705,0.6991666666666667,2400
cancellation_100,21085,net_sd_scaled_legacy_style,0.10256825853608675,0.9725415615578494,0.7201976533306573,0.9744680851063829,0.9754166666666667,0.73125,649.9723715025159,705,0.6991666666666667,2400
cancellation_100,21086,fixed_0.2,0.2,0.9215427578399628,0.48081920251447513,0.9220430107526881,0.93,0.5008333333333334,678.4038759130897,744,0.70125,2400
cancellation_100,21086,fixed_0.35,0.35,0.8057625006399974,0.22132596595461188,0.8064516129032258,0.8179166666666666,0.2504166666666667,678.4038759130897,744,0.70125,2400
cancellation_100,21086,fixed_0.5,0.5,0.6740979779246671,0.0824251103482218,0.6760752688172043,0.7029166666666666,0.09625,678.4038759130897,744,0.70125,2400
cancellation_100,21086,net_sd_scaled_legacy_style,0.1046348955597438,0.9784046676851907,0.69319620758708,0.978494623655914,0.9808333333333333,0.7120833333333333,678.4038759130897,744,0.70125,2400
cancellation_100,21087,fixed_0.2,0.2,0.9140719428770623,0.4588927227583287,0.9148629148629148,0.92375,0.49125,648.612636283018,693,0.6933333333333334,2400
cancellation_100,21087,fixed_0.35,0.35,0.7980429485126318,0.19634512649886154,0.7965367965367965,0.8208333333333333,0.23958333333333334,648.612636283018,693,0.6933333333333334,2400
cancellation_100,21087,fixed_0.5,0.5,0.6829441074423651,0.07808150238727535,0.6796536796536796,0.7075,0.10125,648.612636283018,693,0.6933333333333334,2400
cancellation_100,21087,net_sd_scaled_legacy_style,0.10471187387356434,0.9834069214862877,0.7202580180500062,0.9841269841269841,0.9808333333333333,0.7225,648.612636283018,693,0.6933333333333334,2400
cancellation_100,21088,fixed_0.2,0.2,0.9260573941936163,0.4832613816502124,0.9253112033195021,0.9325,0.5133333333333333,664.5299596548658,723,0.7008333333333333,2400
cancellation_100,21088,fixed_0.35,0.35,0.8212042441518796,0.2192869878859862,0.8188105117565698,0.8333333333333334,0.24166666666666667,664.5299596548658,723,0.7008333333333333,2400
cancellation_100,21088,fixed_0.5,0.5,0.7002744381088105,0.09232626977006261,0.6998616874135546,0.7133333333333334,0.1,664.5299596548658,723,0.7008333333333333,2400
cancellation_100,21088,net_sd_scaled_legacy_style,0.10581825931084395,0.9756896630663427,0.7071384703390272,0.975103734439834,0.97875,0.7383333333333333,664.5299596548658,723,0.7008333333333333,2400
cancellation_100,21089,fixed_0.2,0.2,0.9266983153519561,0.4890080333099294,0.9251040221914009,0.92375,0.5208333333333334,666.6019095422648,721,0.6991666666666667,2400
cancellation_100,21089,fixed_0.35,0.35,0.8004004966439264,0.22430152943950674,0.8002773925104022,0.8158333333333333,0.25333333333333335,666.6019095422648,721,0.6991666666666667,2400
cancellation_100,21089,fixed_0.5,0.5,0.6819497693687937,0.06517068081526695,0.6851595006934813,0.70375,0.09583333333333334,666.6019095422648,721,0.6991666666666667,2400
cancellation_100,21089,net_sd_scaled_legacy_style,0.10647242094252068,0.9763349823618164,0.7165452431721551,0.9750346740638003,0.97625,0.7404166666666666,666.6019095422648,721,0.6991666666666667,2400
cancellation_100,21090,fixed_0.2,0.2,0.9178109818885112,0.4405506498027629,0.9146853146853147,0.9220833333333334,0.4875,664.5199010809591,715,0.7058333333333333,2400
cancellation_100,21090,fixed_0.35,0.35,0.7974145978617007,0.191330103018079,0.7916083916083916,0.815,0.24,664.5199010809591,715,0.7058333333333333,2400
cancellation_100,21090,fixed_0.5,0.5,0.6987572468476079,0.07801443215030432,0.6923076923076923,0.7158333333333333,0.09708333333333333,664.5199010809591,715,0.7058333333333333,2400
cancellation_100,21090,net_sd_scaled_legacy_style,0.10430710489607814,0.9732048314706768,0.6866689944085801,0.9734265734265735,0.9729166666666667,0.7275,664.5199010809591,715,0.7058333333333333,2400
cancellation_100,21091,fixed_0.2,0.2,0.926147512752592,0.5046659296814631,0.9276595744680851,0.93375,0.51875,644.3292353837147,705,0.69,2400
cancellation_100,21091,fixed_0.35,0.35,0.8055412092424222,0.2027889821823258,0.8099290780141843,0.8229166666666666,0.2475,644.3292353837147,705,0.69,2400
cancellation_100,21091,fixed_0.5,0.5,0.6864186484760436,0.07003928311956244,0.6879432624113475,0.7025,0.10166666666666667,644.3292353837147,705,0.69,2400
cancellation_100,21091,net_sd_scaled_legacy_style,0.10541865521399199,0.9807510243292866,0.731678653650511,0.9815602836879432,0.9825,0.7391666666666666,644.3292353837147,705,0.69,2400
cancellation_100,21092,fixed_0.2,0.2,0.9332029399119612,0.46920315122384587,0.9322533136966127,0.9266666666666666,0.5108333333333334,639.0500788435124,679,0.69625,2400
cancellation_100,21092,fixed_0.35,0.35,0.8323635897522141,0.19028906035855694,0.8291605301914581,0.8225,0.23583333333333334,639.0500788435124,679,0.69625,2400
cancellation_100,21092,fixed_0.5,0.5,0.7203407125004849,0.059121824397984836,0.7157584683357879,0.7183333333333334,0.09083333333333334,639.0500788435124,679,0.69625,2400
cancellation_100,21092,net_sd_scaled_legacy_style,0.10454465173389725,0.9824008434463473,0.6885452784952377,0.9823269513991163,0.9783333333333334,0.7229166666666667,639.0500788435124,679,0.69625,2400
cancellation_100,21093,fixed_0.2,0.2,0.9326331833787679,0.45429627331297595,0.9303977272727273,0.9304166666666667,0.5104166666666666,650.0609252426658,704,0.6925,2400
cancellation_100,21093,fixed_0.35,0.35,0.8144677257810069,0.2080668189178981,0.8096590909090909,0.81875,0.24166666666666667,650.0609252426658,704,0.6925,2400
cancellation_100,21093,fixed_0.5,0.5,0.6940446827658892,0.07040769956491304,0.6889204545454546,0.70125,0.08791666666666667,650.0609252426658,704,0.6925,2400
cancellation_100,21093,net_sd_scaled_legacy_style,0.10350508224939754,0.9792865161658801,0.7220017875738329,0.9786931818181818,0.9758333333333333,0.7308333333333333,650.0609252426658,704,0.6925,2400
cancellation_100,21094,fixed_0.2,0.2,0.9127598646180207,0.48145307402824317,0.9140518417462483,0.925,0.50875,674.0034169816656,733,0.6970833333333334,2400
cancellation_100,21094,fixed_0.35,0.35,0.8072017068960876,0.20319329497539088,0.8049113233287858,0.8116666666666666,0.24291666666666667,674.0034169816656,733,0.6970833333333334,2400
cancellation_100,21094,fixed_0.5,0.5,0.6914717449333868,0.06151859048313909,0.6903137789904502,0.6941666666666667,0.09958333333333333,674.0034169816656,733,0.6970833333333334,2400
cancellation_100,21094,net_sd_scaled_legacy_style,0.1065940396620648,0.9695561375893256,0.7115327375124136,0.9699863574351978,0.9770833333333333,0.7216666666666667,674.0034169816656,733,0.6970833333333334,2400
cancellation_100,21095,fixed_0.2,0.2,0.9263310991607003,0.47584821273540573,0.9261447562776958,0.9291666666666667,0.5275,631.4379406450089,677,0.68875,2400
cancellation_100,21095,fixed_0.35,0.35,0.822509090182789,0.20843829008441214,0.8197932053175776,0.8204166666666667,0.24583333333333332,631.4379406450089,677,0.68875,2400
cancellation_100,21095,fixed_0.5,0.5,0.7004409963204993,0.07284925128871986,0.7016248153618907,0.71875,0.10083333333333333,631.4379406450089,677,0.68875,2400
cancellation_100,21095,net_sd_scaled_legacy_style,0.10658281628879247,0.9791605068593919,0.7163781466129466,0.9793205317577548,0.9791666666666666,0.7429166666666667,631.4379406450089,677,0.68875,2400
cancellation_100,21096,fixed_0.2,0.2,0.9322105597299354,0.48723830325263223,0.932761087267525,0.93125,0.5079166666666667,643.825391552392,699,0.6833333333333333,2400
cancellation_100,21096,fixed_0.35,0.35,0.8247832300842803,0.21342071838087298,0.8283261802575107,0.8158333333333333,0.25166666666666665,643.825391552392,699,0.6833333333333333,2400
cancellation_100,21096,fixed_0.5,0.5,0.6860111136058417,0.06287395100514107,0.6852646638054364,0.6916666666666667,0.095,643.825391552392,699,0.6833333333333333,2400
cancellation_100,21096,net_sd_scaled_legacy_style,0.10554517473361796,0.9683308940894165,0.7123830721896571,0.9685264663805436,0.9729166666666667,0.7270833333333333,643.825391552392,699,0.6833333333333333,2400
cancellation_100,21097,fixed_0.2,0.2,0.9275317037548492,0.4650774118547952,0.9273504273504274,0.92,0.4875,645.8829041456775,702,0.69,2400
cancellation_100,21097,fixed_0.35,0.35,0.8329661582483462,0.21180484211875703,0.8361823361823362,0.815,0.2275,645.8829041456775,702,0.69,2400
cancellation_100,21097,fixed_0.5,0.5,0.7283604311278171,0.09221444645889797,0.7364672364672364,0.6991666666666667,0.09958333333333333,645.8829041456775,702,0.69,2400
cancellation_100,21097,net_sd_scaled_legacy_style,0.10364819751831061,0.9812872742763751,0.7249741545700991,0.98005698005698,0.9704166666666667,0.7279166666666667,645.8829041456775,702,0.69,2400
cancellation_100,21098,fixed_0.2,0.2,0.925045951196845,0.5009789302837553,0.9220246238030095,0.9308333333333333,0.515,677.6334684728001,731,0.71125,2400
cancellation_100,21098,fixed_0.35,0.35,0.8243468537812753,0.21621028654717855,0.8221614227086184,0.8220833333333334,0.23791666666666667,677.6334684728001,731,0.71125,2400
cancellation_100,21098,fixed_0.5,0.5,0.7175584446829055,0.0767510276486322,0.7168262653898769,0.7133333333333334,0.0975,677.6334684728001,731,0.71125,2400
cancellation_100,21098,net_sd_scaled_legacy_style,0.10499162145135851,0.9763943166040473,0.7279767644264242,0.9753761969904241,0.9791666666666666,0.7275,677.6334684728001,731,0.71125,2400
cancellation_100,21099,fixed_0.2,0.2,0.9171797809202632,0.46409793144389283,0.9147727272727273,0.9304166666666667,0.49416666666666664,650.0441154496383,704,0.69375,2400
cancellation_100,21099,fixed_0.35,0.35,0.8194891937945442,0.20078765000883808,0.8167613636363636,0.8304166666666667,0.24375,650.0441154496383,704,0.69375,2400
cancellation_100,21099,fixed_0.5,0.5,0.68594131581024,0.06309591436569444,0.6846590909090909,0.7104166666666667,0.08875,650.0441154496383,704,0.69375,2400
cancellation_100,21099,net_sd_scaled_legacy_style,0.10406999456590212,0.9771484215986361,0.7281200798137178,0.9772727272727273,0.9791666666666666,0.73625,650.0441154496383,704,0.69375,2400
cancellation_100,21100,fixed_0.2,0.2,0.9358683147729924,0.45495259466387955,0.9345403899721448,0.9241666666666667,0.49625,662.5161103724005,718,0.695,2400
cancellation_100,21100,fixed_0.35,0.35,0.8231042826208567,0.20797140009076623,0.8217270194986073,0.81375,0.24166666666666667,662.5161103724005,718,0.695,2400
cancellation_100,21100,fixed_0.5,0.5,0.7203424288877271,0.07606229796290968,0.7158774373259053,0.6995833333333333,0.09666666666666666,662.5161103724005,718,0.695,2400
cancellation_100,21100,net_sd_scaled_legacy_style,0.10413043680411399,0.9761813720186815,0.6781749681041326,0.9735376044568245,0.9745833333333334,0.705,662.5161103724005,718,0.695,2400
anticipation,21001,fixed_0.2,0.2,0.8435272078290212,0.8435272078290212,0.842998585572843,0.84,0.84,652.1297763208656,707,0.70125,2400
anticipation,21001,fixed_0.35,0.35,0.735060257463779,0.735060257463779,0.7383309759547383,0.7220833333333333,0.7220833333333333,652.1297763208656,707,0.70125,2400
anticipation,21001,fixed_0.5,0.5,0.6054006778100807,0.6054006778100807,0.611032531824611,0.6108333333333333,0.6108333333333333,652.1297763208656,707,0.70125,2400
anticipation,21001,net_sd_scaled_legacy_style,0.3400132905915498,0.74200395225003,0.74200395225003,0.7454031117397454,0.7283333333333334,0.7283333333333334,652.1297763208656,707,0.70125,2400
anticipation,21002,fixed_0.2,0.2,0.8339599918696265,0.8339599918696265,0.8338068181818182,0.8408333333333333,0.8408333333333333,653.4055483129403,704,0.6945833333333333,2400
anticipation,21002,fixed_0.35,0.35,0.7240560526151824,0.7240560526151824,0.7230113636363636,0.7208333333333333,0.7208333333333333,653.4055483129403,704,0.6945833333333333,2400
anticipation,21002,fixed_0.5,0.5,0.6271163342512213,0.6271163342512213,0.6278409090909091,0.6170833333333333,0.6170833333333333,653.4055483129403,704,0.6945833333333333,2400
anticipation,21002,net_sd_scaled_legacy_style,0.34847044151752465,0.7240560526151824,0.7240560526151824,0.7230113636363636,0.7220833333333333,0.7220833333333333,653.4055483129403,704,0.6945833333333333,2400
anticipation,21003,fixed_0.2,0.2,0.8267509320867115,0.8267509320867115,0.8249299719887955,0.8404166666666667,0.8404166666666667,653.4404770090387,714,0.6891666666666667,2400
anticipation,21003,fixed_0.35,0.35,0.7178938858695861,0.7178938858695861,0.7170868347338936,0.73625,0.73625,653.4404770090387,714,0.6891666666666667,2400
anticipation,21003,fixed_0.5,0.5,0.621928839299763,0.621928839299763,0.623249299719888,0.6354166666666666,0.6354166666666666,653.4404770090387,714,0.6891666666666667,2400
anticipation,21003,net_sd_scaled_legacy_style,0.34434952087953635,0.723364263732262,0.723364263732262,0.7226890756302521,0.74125,0.74125,653.4404770090387,714,0.6891666666666667,2400
anticipation,21004,fixed_0.2,0.2,0.8588979762635726,0.8588979762635726,0.8591352859135286,0.8475,0.8475,658.7380476343661,717,0.7025,2400
anticipation,21004,fixed_0.35,0.35,0.7393179648865132,0.7393179648865132,0.7350069735006973,0.74,0.74,658.7380476343661,717,0.7025,2400
anticipation,21004,fixed_0.5,0.5,0.6028829858332564,0.6028829858332564,0.596931659693166,0.62,0.62,658.7380476343661,717,0.7025,2400
anticipation,21004,net_sd_scaled_legacy_style,0.35359237271021743,0.7370220678505459,0.7370220678505459,0.7322175732217573,0.7379166666666667,0.7379166666666667,658.7380476343661,717,0.7025,2400
anticipation,21005,fixed_0.2,0.2,0.8545372599295372,0.8545372599295372,0.850415512465374,0.8391666666666666,0.8391666666666666,661.6223411896108,722,0.6954166666666667,2400
anticipation,21005,fixed_0.35,0.35,0.7417079747346829,0.7417079747346829,0.739612188365651,0.72625,0.72625,661.6223411896108,722,0.6954166666666667,2400
anticipation,21005,fixed_0.5,0.5,0.6128672283477045,0.6128672283477045,0.6163434903047091,0.6158333333333333,0.6158333333333333,661.6223411896108,722,0.6954166666666667,2400
anticipation,21005,net_sd_scaled_legacy_style,0.3534949369198842,0.7414719175689005,0.7414719175689005,0.739612188365651,0.725,0.725,661.6223411896108,722,0.6954166666666667,2400
anticipation,21006,fixed_0.2,0.2,0.8565839733515774,0.8565839733515774,0.8577405857740585,0.8416666666666667,0.8416666666666667,656.2499102471775,717,0.6895833333333333,2400
anticipation,21006,fixed_0.35,0.35,0.7155546544606104,0.7155546544606104,0.7140864714086471,0.7170833333333333,0.7170833333333333,656.2499102471775,717,0.6895833333333333,2400
anticipation,21006,fixed_0.5,0.5,0.5646463666750452,0.5646463666750452,0.5648535564853556,0.6033333333333334,0.6033333333333334,656.2499102471775,717,0.6895833333333333,2400
anticipation,21006,net_sd_scaled_legacy_style,0.34106762893143366,0.7225828893135847,0.7225828893135847,0.7224546722454672,0.7254166666666667,0.7254166666666667,656.2499102471775,717,0.6895833333333333,2400
anticipation,21007,fixed_0.2,0.2,0.8586775742931425,0.8586775742931425,0.8569405099150141,0.84875,0.84875,646.216375152117,706,0.69,2400
anticipation,21007,fixed_0.35,0.35,0.7239530453693339,0.7239530453693339,0.7209631728045326,0.73375,0.73375,646.216375152117,706,0.69,2400
anticipation,21007,fixed_0.5,0.5,0.5750806920615679,0.5750806920615679,0.5679886685552408,0.615,0.615,646.216375152117,706,0.69,2400
anticipation,21007,net_sd_scaled_legacy_style,0.3513891925922507,0.7239530453693339,0.7239530453693339,0.7209631728045326,0.7329166666666667,0.7329166666666667,646.216375152117,706,0.69,2400
anticipation,21008,fixed_0.2,0.2,0.8211215724628446,0.8211215724628446,0.8222222222222222,0.8366666666666667,0.8366666666666667,671.194372052077,720,0.70375,2400
anticipation,21008,fixed_0.35,0.35,0.6974334704058475,0.6974334704058475,0.7,0.72125,0.72125,671.194372052077,720,0.70375,2400
anticipation,21008,fixed_0.5,0.5,0.583164417843948,0.583164417843948,0.5875,0.6141666666666666,0.6141666666666666,671.194372052077,720,0.70375,2400
anticipation,21008,net_sd_scaled_legacy_style,0.3513132807796702,0.6974334704058475,0.6974334704058475,0.7,0.7195833333333334,0.7195833333333334,671.194372052077,720,0.70375,2400
anticipation,21009,fixed_0.2,0.2,0.8284425079863735,0.8284425079863735,0.8271954674220963,0.83625,0.83625,647.1281264599929,706,0.6875,2400
anticipation,21009,fixed_0.35,0.35,0.693819912199385,0.693819912199385,0.6926345609065155,0.7133333333333334,0.7133333333333334,647.1281264599929,706,0.6875,2400
anticipation,21009,fixed_0.5,0.5,0.5727350658264481,0.5727350658264481,0.5750708215297451,0.6108333333333333,0.6108333333333333,647.1281264599929,706,0.6875,2400
anticipation,21009,net_sd_scaled_legacy_style,0.3461403630277474,0.6953652012373849,0.6953652012373849,0.6940509915014165,0.715,0.715,647.1281264599929,706,0.6875,2400
anticipation,21010,fixed_0.2,0.2,0.8420035796213957,0.8420035796213957,0.8398876404494382,0.8354166666666667,0.8354166666666667,650.9563836336201,712,0.6925,2400
anticipation,21010,fixed_0.35,0.35,0.7227661331296124,0.7227661331296124,0.7162921348314607,0.7241666666666666,0.7241666666666666,650.9563836336201,712,0.6925,2400
anticipation,21010,fixed_0.5,0.5,0.6046324437136531,0.6046324437136531,0.6053370786516854,0.6129166666666667,0.6129166666666667,650.9563836336201,712,0.6925,2400
anticipation,21010,net_sd_scaled_legacy_style,0.3504850097168154,0.7214303212545469,0.7214303212545469,0.7148876404494382,0.72375,0.72375,650.9563836336201,712,0.6925,2400
anticipation,21011,fixed_0.2,0.2,0.8346755916813373,0.8346755916813373,0.8371428571428572,0.8308333333333333,0.8308333333333333,649.5792419206348,700,0.6866666666666666,2400
anticipation,21011,fixed_0.35,0.35,0.7192108997815108,0.7192108997815108,0.7214285714285714,0.7275,0.7275,649.5792419206348,700,0.6866666666666666,2400
anticipation,21011,fixed_0.5,0.5,0.6049893165112352,0.6049893165112352,0.6057142857142858,0.62875,0.62875,649.5792419206348,700,0.6866666666666666,2400
anticipation,21011,net_sd_scaled_legacy_style,0.3503674391058393,0.7192108997815108,0.7192108997815108,0.7214285714285714,0.7270833333333333,0.7270833333333333,649.5792419206348,700,0.6866666666666666,2400
anticipation,21012,fixed_0.2,0.2,0.8520579209085464,0.8520579209085464,0.853021978021978,0.8425,0.8425,667.9621974887518,728,0.6975,2400
anticipation,21012,fixed_0.35,0.35,0.7440244478094514,0.7440244478094514,0.7403846153846154,0.7329166666666667,0.7329166666666667,667.9621974887518,728,0.6975,2400
anticipation,21012,fixed_0.5,0.5,0.6008791455773309,0.6008791455773309,0.5975274725274725,0.6191666666666666,0.6191666666666666,667.9621974887518,728,0.6975,2400
anticipation,21012,net_sd_scaled_legacy_style,0.35040045263242325,0.7440244478094514,0.7440244478094514,0.7403846153846154,0.7329166666666667,0.7329166666666667,667.9621974887518,728,0.6975,2400
anticipation,21013,fixed_0.2,0.2,0.8306327989530581,0.8306327989530581,0.8287769784172662,0.8329166666666666,0.8329166666666666,643.6906983236453,695,0.6841666666666667,2400
anticipation,21013,fixed_0.35,0.35,0.7266112425582957,0.7266112425582957,0.7266187050359713,0.7291666666666666,0.7291666666666666,643.6906983236453,695,0.6841666666666667,2400
anticipation,21013,fixed_0.5,0.5,0.5866565467872141,0.5866565467872141,0.5856115107913669,0.6154166666666666,0.6154166666666666,643.6906983236453,695,0.6841666666666667,2400
anticipation,21013,net_sd_scaled_legacy_style,0.3459722004631885,0.7311995898390432,0.7311995898390432,0.7309352517985611,0.7320833333333333,0.7320833333333333,643.6906983236453,695,0.6841666666666667,2400
anticipation,21014,fixed_0.2,0.2,0.8397911918296556,0.8397911918296556,0.8414285714285714,0.8333333333333334,0.8333333333333334,654.8128029712534,700,0.6904166666666667,2400
anticipation,21014,fixed_0.35,0.35,0.714215798369243,0.714215798369243,0.7142857142857143,0.7116666666666667,0.7116666666666667,654.8128029712534,700,0.6904166666666667,2400
anticipation,21014,fixed_0.5,0.5,0.5949560164394369,0.5949560164394369,0.5971428571428572,0.60875,0.60875,654.8128029712534,700,0.6904166666666667,2400
anticipation,21014,net_sd_scaled_legacy_style,0.338310643276003,0.7248513591610629,0.7248513591610629,0.7257142857142858,0.7225,0.7225,654.8128029712534,700,0.6904166666666667,2400
anticipation,21015,fixed_0.2,0.2,0.8414502806214906,0.8414502806214906,0.8396624472573839,0.8366666666666667,0.8366666666666667,661.6955796873408,711,0.7054166666666667,2400
anticipation,21015,fixed_0.35,0.35,0.7007182813228797,0.7007182813228797,0.6919831223628692,0.7195833333333334,0.7195833333333334,661.6955796873408,711,0.7054166666666667,2400
anticipation,21015,fixed_0.5,0.5,0.5926086591840688,0.5926086591840688,0.5850914205344585,0.6095833333333334,0.6095833333333334,661.6955796873408,711,0.7054166666666667,2400
anticipation,21015,net_sd_scaled_legacy_style,0.3411099237890063,0.7097389731495916,0.7097389731495916,0.7018284106891702,0.7266666666666667,0.7266666666666667,661.6955796873408,711,0.7054166666666667,2400
anticipation,21016,fixed_0.2,0.2,0.8358062892996854,0.8358062892996854,0.836441893830703,0.8466666666666667,0.8466666666666667,636.8984722708385,697,0.6875,2400
anticipation,21016,fixed_0.35,0.35,0.7214106308355354,0.7214106308355354,0.7216642754662841,0.74125,0.74125,636.8984722708385,697,0.6875,2400
anticipation,21016,fixed_0.5,0.5,0.5729857036834943,0.5729857036834943,0.5724533715925395,0.6295833333333334,0.6295833333333334,636.8984722708385,697,0.6875,2400
anticipation,21016,net_sd_scaled_legacy_style,0.34977791764481353,0.7214106308355354,0.7214106308355354,0.7216642754662841,0.74125,0.74125,636.8984722708385,697,0.6875,2400
anticipation,21017,fixed_0.2,0.2,0.8526037798022968,0.8526037798022968,0.8493353028064993,0.84375,0.84375,633.4121295190818,677,0.6845833333333333,2400
anticipation,21017,fixed_0.35,0.35,0.7391399967606704,0.7391399967606704,0.7355982274741507,0.7254166666666667,0.7254166666666667,633.4121295190818,677,0.6845833333333333,2400
anticipation,21017,fixed_0.5,0.5,0.6084941332210477,0.6084941332210477,0.6026587887740029,0.61875,0.61875,633.4121295190818,677,0.6845833333333333,2400
anticipation,21017,net_sd_scaled_legacy_style,0.3521979698810497,0.7391399967606704,0.7391399967606704,0.7355982274741507,0.725,0.725,633.4121295190818,677,0.6845833333333333,2400
anticipation,21018,fixed_0.2,0.2,0.8651012857527004,0.8651012857527004,0.8667601683029453,0.8354166666666667,0.8354166666666667,661.2497905476362,713,0.6933333333333334,2400
anticipation,21018,fixed_0.35,0.35,0.7283971917514894,0.7283971917514894,0.729312762973352,0.7183333333333334,0.7183333333333334,661.2497905476362,713,0.6933333333333334,2400
anticipation,21018,fixed_0.5,0.5,0.6164007497382304,0.6164007497382304,0.6115007012622721,0.6079166666666667,0.6079166666666667,661.2497905476362,713,0.6933333333333334,2400
anticipation,21018,net_sd_scaled_legacy_style,0.3544679298079946,0.7229584828178262,0.7229584828178262,0.7237026647966339,0.715,0.715,661.2497905476362,713,0.6933333333333334,2400
anticipation,21019,fixed_0.2,0.2,0.8544073770872985,0.8544073770872985,0.8491083676268861,0.8429166666666666,0.8429166666666666,667.7749324913857,729,0.6983333333333334,2400
anticipation,21019,fixed_0.35,0.35,0.7405687919247838,0.7405687919247838,0.7379972565157751,0.735,0.735,667.7749324913857,729,0.6983333333333334,2400
anticipation,21019,fixed_0.5,0.5,0.6043841137977622,0.6043841137977622,0.5994513031550068,0.6158333333333333,0.6158333333333333,667.7749324913857,729,0.6983333333333334,2400
anticipation,21019,net_sd_scaled_legacy_style,0.34619558899565167,0.7418734926387429,0.7418734926387429,0.7393689986282579,0.73625,0.73625,667.7749324913857,729,0.6983333333333334,2400
anticipation,21020,fixed_0.2,0.2,0.8327580816370195,0.8327580816370195,0.8359046283309958,0.8470833333333333,0.8470833333333333,658.5696016941482,713,0.70125,2400
anticipation,21020,fixed_0.35,0.35,0.7076004169977734,0.7076004169977734,0.7068723702664796,0.7258333333333333,0.7258333333333333,658.5696016941482,713,0.70125,2400
anticipation,21020,fixed_0.5,0.5,0.574390260357128,0.574390260357128,0.5680224403927069,0.6120833333333333,0.6120833333333333,658.5696016941482,713,0.70125,2400
anticipation,21020,net_sd_scaled_legacy_style,0.34552061833090053,0.7129623495406263,0.7129623495406263,0.7124824684431977,0.73125,0.73125,658.5696016941482,713,0.70125,2400
anticipation,21021,fixed_0.2,0.2,0.8423425331403243,0.8423425331403243,0.8410689170182841,0.8358333333333333,0.8358333333333333,651.8603339690274,711,0.69,2400
anticipation,21021,fixed_0.35,0.35,0.7255896958620386,0.7255896958620386,0.7257383966244726,0.7283333333333334,0.7283333333333334,651.8603339690274,711,0.69,2400
anticipation,21021,fixed_0.5,0.5,0.5930107968145546,0.5930107968145546,0.5949367088607594,0.6229166666666667,0.6229166666666667,651.8603339690274,711,0.69,2400
anticipation,21021,net_sd_scaled_legacy_style,0.3503783511055657,0.7255896958620386,0.7255896958620386,0.7257383966244726,0.7279166666666667,0.7279166666666667,651.8603339690274,711,0.69,2400
anticipation,21022,fixed_0.2,0.2,0.8371760138569017,0.8371760138569017,0.8356741573033708,0.83375,0.83375,655.7038573194218,712,0.6908333333333333,2400
anticipation,21022,fixed_0.35,0.35,0.7105267052342403,0.7105267052342403,0.7050561797752809,0.72375,0.72375,655.7038573194218,712,0.6908333333333333,2400
anticipation,21022,fixed_0.5,0.5,0.5630476802722674,0.5630476802722674,0.5575842696629213,0.6108333333333333,0.6108333333333333,655.7038573194218,712,0.6908333333333333,2400
anticipation,21022,net_sd_scaled_legacy_style,0.34929197575255844,0.7119072941282082,0.7119072941282082,0.7064606741573034,0.7245833333333334,0.7245833333333334,655.7038573194218,712,0.6908333333333333,2400
anticipation,21023,fixed_0.2,0.2,0.827073481276851,0.827073481276851,0.8288159771754636,0.8395833333333333,0.8395833333333333,649.9868255900985,701,0.6945833333333333,2400
anticipation,21023,fixed_0.35,0.35,0.7159455574582807,0.7159455574582807,0.7146932952924394,0.74125,0.74125,649.9868255900985,701,0.6945833333333333,2400
anticipation,21023,fixed_0.5,0.5,0.6013034243118154,0.6013034243118154,0.6005706134094151,0.6308333333333334,0.6308333333333334,649.9868255900985,701,0.6945833333333333,2400
anticipation,21023,net_sd_scaled_legacy_style,0.35447196509987383,0.7125347601367638,0.7125347601367638,0.7118402282453637,0.7391666666666666,0.7391666666666666,649.9868255900985,701,0.6945833333333333,2400
anticipation,21024,fixed_0.2,0.2,0.8398318907093579,0.8398318907093579,0.8411347517730496,0.8383333333333334,0.8383333333333334,653.2962597075555,705,0.6983333333333334,2400
anticipation,21024,fixed_0.35,0.35,0.7346477011020959,0.7346477011020959,0.7347517730496453,0.7308333333333333,0.7308333333333333,653.2962597075555,705,0.6983333333333334,2400
anticipation,21024,fixed_0.5,0.5,0.5996298734778247,0.5996298734778247,0.5971631205673759,0.6233333333333333,0.6233333333333333,653.2962597075555,705,0.6983333333333334,2400
anticipation,21024,net_sd_scaled_legacy_style,0.3499562811765886,0.7346477011020959,0.7346477011020959,0.7347517730496453,0.7308333333333333,0.7308333333333333,653.2962597075555,705,0.6983333333333334,2400
anticipation,21025,fixed_0.2,0.2,0.844430864080647,0.844430864080647,0.847672778561354,0.8395833333333333,0.8395833333333333,655.7925165672239,709,0.6979166666666666,2400
anticipation,21025,fixed_0.35,0.35,0.732826900476163,0.732826900476163,0.7362482369534555,0.7291666666666666,0.7291666666666666,655.7925165672239,709,0.6979166666666666,2400
anticipation,21025,fixed_0.5,0.5,0.6107369504203485,0.6107369504203485,0.614950634696756,0.6233333333333333,0.6233333333333333,655.7925165672239,709,0.6979166666666666,2400
anticipation,21025,net_sd_scaled_legacy_style,0.3510555635294674,0.732826900476163,0.732826900476163,0.7362482369534555,0.7283333333333334,0.7283333333333334,655.7925165672239,709,0.6979166666666666,2400
anticipation,21026,fixed_0.2,0.2,0.8208126559822394,0.8208126559822394,0.8253094910591472,0.8320833333333333,0.8320833333333333,670.736746663996,727,0.7008333333333333,2400
anticipation,21026,fixed_0.35,0.35,0.6922797515937652,0.6922797515937652,0.6973865199449794,0.7120833333333333,0.7120833333333333,670.736746663996,727,0.7008333333333333,2400
anticipation,21026,fixed_0.5,0.5,0.5728668003691356,0.5728668003691356,0.579092159559835,0.6079166666666667,0.6079166666666667,670.736746663996,727,0.7008333333333333,2400
anticipation,21026,net_sd_scaled_legacy_style,0.35361621615155453,0.6883117659779818,0.6883117659779818,0.6932599724896836,0.7095833333333333,0.7095833333333333,670.736746663996,727,0.7008333333333333,2400
anticipation,21027,fixed_0.2,0.2,0.8290183607215073,0.8290183607215073,0.8319444444444445,0.8391666666666666,0.8391666666666666,660.1876333468643,720,0.69625,2400
anticipation,21027,fixed_0.35,0.35,0.7147885401483285,0.7147885401483285,0.7194444444444444,0.72875,0.72875,660.1876333468643,720,0.69625,2400
anticipation,21027,fixed_0.5,0.5,0.5972452752067327,0.5972452752067327,0.6,0.6225,0.6225,660.1876333468643,720,0.69625,2400
anticipation,21027,net_sd_scaled_legacy_style,0.3519045915480266,0.7147885401483285,0.7147885401483285,0.7194444444444444,0.7266666666666667,0.7266666666666667,660.1876333468643,720,0.69625,2400
anticipation,21028,fixed_0.2,0.2,0.8409079490713179,0.8409079490713179,0.8379501385041551,0.84125,0.84125,663.5490823118471,722,0.7025,2400
anticipation,21028,fixed_0.35,0.35,0.7090137713015638,0.7090137713015638,0.7077562326869806,0.7216666666666667,0.7216666666666667,663.5490823118471,722,0.7025,2400
anticipation,21028,fixed_0.5,0.5,0.5825946927875124,0.5825946927875124,0.5775623268698061,0.6104166666666667,0.6104166666666667,663.5490823118471,722,0.7025,2400
anticipation,21028,net_sd_scaled_legacy_style,0.34810110520386794,0.7107333663605455,0.7107333663605455,0.7091412742382271,0.7229166666666667,0.7229166666666667,663.5490823118471,722,0.7025,2400
anticipation,21029,fixed_0.2,0.2,0.8446880012003192,0.8446880012003192,0.8384831460674157,0.845,0.845,661.0214506669222,712,0.7058333333333333,2400
anticipation,21029,fixed_0.35,0.35,0.72003630723737,0.72003630723737,0.7162921348314607,0.7270833333333333,0.7270833333333333,661.0214506669222,712,0.7058333333333333,2400
anticipation,21029,fixed_0.5,0.5,0.6000143583849523,0.6000143583849523,0.5997191011235955,0.6204166666666666,0.6204166666666666,661.0214506669222,712,0.7058333333333333,2400
anticipation,21029,net_sd_scaled_legacy_style,0.35401702581216277,0.7125791609954464,0.7125791609954464,0.7078651685393258,0.7233333333333334,0.7233333333333334,661.0214506669222,712,0.7058333333333333,2400
anticipation,21030,fixed_0.2,0.2,0.8356830393322907,0.8356830393322907,0.8337912087912088,0.84125,0.84125,674.7005898858658,728,0.7004166666666667,2400
anticipation,21030,fixed_0.35,0.35,0.7269521366255062,0.7269521366255062,0.7239010989010989,0.7333333333333333,0.7333333333333333,674.7005898858658,728,0.7004166666666667,2400
anticipation,21030,fixed_0.5,0.5,0.6114263397682618,0.6114263397682618,0.6071428571428571,0.6275,0.6275,674.7005898858658,728,0.7004166666666667,2400
anticipation,21030,net_sd_scaled_legacy_style,0.3495477627760434,0.7283290978408823,0.7283290978408823,0.7252747252747253,0.7345833333333334,0.7345833333333334,674.7005898858658,728,0.7004166666666667,2400
anticipation,21031,fixed_0.2,0.2,0.8237910295276448,0.8237910295276448,0.8184357541899442,0.8420833333333333,0.8420833333333333,663.0514022446566,716,0.6904166666666667,2400
anticipation,21031,fixed_0.35,0.35,0.7054910707220126,0.7054910707220126,0.6983240223463687,0.7358333333333333,0.7358333333333333,663.0514022446566,716,0.6904166666666667,2400
anticipation,21031,fixed_0.5,0.5,0.5807185800040785,0.5807185800040785,0.5712290502793296,0.62625,0.62625,663.0514022446566,716,0.6904166666666667,2400
anticipation,21031,net_sd_scaled_legacy_style,0.3568142048811728,0.6966169921645269,0.6966169921645269,0.6899441340782123,0.72875,0.72875,663.0514022446566,716,0.6904166666666667,2400
anticipation,21032,fixed_0.2,0.2,0.8264173570320633,0.8264173570320633,0.8267605633802817,0.8404166666666667,0.8404166666666667,655.1788140609619,710,0.69125,2400
anticipation,21032,fixed_0.35,0.35,0.7059620924917401,0.7059620924917401,0.7056338028169014,0.7283333333333334,0.7283333333333334,655.1788140609619,710,0.69125,2400
anticipation,21032,fixed_0.5,0.5,0.5879723884729985,0.5879723884729985,0.5887323943661972,0.6195833333333334,0.6195833333333334,655.1788140609619,710,0.69125,2400
anticipation,21032,net_sd_scaled_legacy_style,0.3518712854783173,0.7046645556431603,0.7046645556431603,0.704225352112676,0.72625,0.72625,655.1788140609619,710,0.69125,2400
anticipation,21033,fixed_0.2,0.2,0.8384915496276494,0.8384915496276494,0.8338068181818182,0.8404166666666667,0.8404166666666667,653.8833773670722,704,0.6991666666666667,2400
anticipation,21033,fixed_0.35,0.35,0.6987097710011966,0.6987097710011966,0.6946022727272727,0.71125,0.71125,653.8833773670722,704,0.6991666666666667,2400
anticipation,21033,fixed_0.5,0.5,0.5985837482560167,0.5985837482560167,0.5951704545454546,0.6058333333333333,0.6058333333333333,653.8833773670722,704,0.6991666666666667,2400
anticipation,21033,net_sd_scaled_legacy_style,0.3492168068947471,0.6987097710011966,0.6987097710011966,0.6946022727272727,0.7116666666666667,0.7116666666666667,653.8833773670722,704,0.6991666666666667,2400
anticipation,21034,fixed_0.2,0.2,0.8312000869409836,0.8312000869409836,0.8315649867374005,0.8370833333333333,0.8370833333333333,692.5018469422769,754,0.7083333333333334,2400
anticipation,21034,fixed_0.35,0.35,0.719086591320514,0.719086591320514,0.7188328912466844,0.71875,0.71875,692.5018469422769,754,0.7083333333333334,2400
anticipation,21034,fixed_0.5,0.5,0.6074320009332035,0.6074320009332035,0.610079575596817,0.6170833333333333,0.6170833333333333,692.5018469422769,754,0.7083333333333334,2400
anticipation,21034,net_sd_scaled_legacy_style,0.3464273220494907,0.725614466901464,0.725614466901464,0.7254641909814323,0.7233333333333334,0.7233333333333334,692.5018469422769,754,0.7083333333333334,2400
anticipation,21035,fixed_0.2,0.2,0.8358901660318809,0.8358901660318809,0.8354792560801144,0.8458333333333333,0.8458333333333333,638.537922918166,699,0.6866666666666666,2400
anticipation,21035,fixed_0.35,0.35,0.6962627297054654,0.6962627297054654,0.698140200286123,0.725,0.725,638.537922918166,699,0.6866666666666666,2400
anticipation,21035,fixed_0.5,0.5,0.5842640091756927,0.5842640091756927,0.586552217453505,0.6125,0.6125,638.537922918166,699,0.6866666666666666,2400
anticipation,21035,net_sd_scaled_legacy_style,0.35573883953567903,0.6873922893419169,0.6873922893419169,0.6895565092989986,0.71875,0.71875,638.537922918166,699,0.6866666666666666,2400
anticipation,21036,fixed_0.2,0.2,0.8278117945583778,0.8278117945583778,0.823953823953824,0.8329166666666666,0.8329166666666666,645.4593311004621,693,0.6954166666666667,2400
anticipation,21036,fixed_0.35,0.35,0.720003387479617,0.720003387479617,0.7142857142857143,0.72625,0.72625,645.4593311004621,693,0.6954166666666667,2400
anticipation,21036,fixed_0.5,0.5,0.5915669927560417,0.5915669927560417,0.5858585858585859,0.6154166666666666,0.6154166666666666,645.4593311004621,693,0.6954166666666667,2400
anticipation,21036,net_sd_scaled_legacy_style,0.3568760465877107,0.7137150269694094,0.7137150269694094,0.7085137085137085,0.7204166666666667,0.7204166666666667,645.4593311004621,693,0.6954166666666667,2400
anticipation,21037,fixed_0.2,0.2,0.8433772885084257,0.8433772885084257,0.8473389355742297,0.84875,0.84875,650.1425042432202,714,0.695,2400
anticipation,21037,fixed_0.35,0.35,0.70997984090203,0.70997984090203,0.7142857142857143,0.73625,0.73625,650.1425042432202,714,0.695,2400
anticipation,21037,fixed_0.5,0.5,0.5974330488255856,0.5974330488255856,0.5994397759103641,0.6270833333333333,0.6270833333333333,650.1425042432202,714,0.695,2400
anticipation,21037,net_sd_scaled_legacy_style,0.3404535647964277,0.7168845725260793,0.7168845725260793,0.7212885154061625,0.7433333333333333,0.7433333333333333,650.1425042432202,714,0.695,2400
anticipation,21038,fixed_0.2,0.2,0.8217958799174336,0.8217958799174336,0.8218978102189781,0.8379166666666666,0.8379166666666666,644.6840206204541,685,0.6954166666666667,2400
anticipation,21038,fixed_0.35,0.35,0.7006542933742519,0.7006542933742519,0.6963503649635037,0.7191666666666666,0.7191666666666666,644.6840206204541,685,0.6954166666666667,2400
anticipation,21038,fixed_0.5,0.5,0.5653176553371106,0.5653176553371106,0.5576642335766423,0.6095833333333334,0.6095833333333334,644.6840206204541,685,0.6954166666666667,2400
anticipation,21038,net_sd_scaled_legacy_style,0.3501517823474711,0.7006542933742519,0.7006542933742519,0.6963503649635037,0.7191666666666666,0.7191666666666666,644.6840206204541,685,0.6954166666666667,2400
anticipation,21039,fixed_0.2,0.2,0.8372711242994866,0.8372711242994866,0.8382559774964838,0.8433333333333334,0.8433333333333334,655.584293292833,711,0.70125,2400
anticipation,21039,fixed_0.35,0.35,0.7049825210118498,0.7049825210118498,0.7074542897327707,0.7191666666666666,0.7191666666666666,655.584293292833,711,0.70125,2400
anticipation,21039,fixed_0.5,0.5,0.5755362740738807,0.5755362740738807,0.5766526019690577,0.6116666666666667,0.6116666666666667,655.584293292833,711,0.70125,2400
anticipation,21039,net_sd_scaled_legacy_style,0.35001309444354584,0.7049825210118498,0.7049825210118498,0.7074542897327707,0.7191666666666666,0.7191666666666666,655.584293292833,711,0.70125,2400
anticipation,21040,fixed_0.2,0.2,0.8458295060980898,0.8458295060980898,0.8470906630581867,0.84,0.84,681.7082022019204,739,0.7045833333333333,2400
anticipation,21040,fixed_0.35,0.35,0.7252966692447943,0.7252966692447943,0.7239512855209743,0.7254166666666667,0.7254166666666667,681.7082022019204,739,0.7045833333333333,2400
anticipation,21040,fixed_0.5,0.5,0.6105582922459976,0.6105582922459976,0.6075778078484438,0.6258333333333334,0.6258333333333334,681.7082022019204,739,0.7045833333333333,2400
anticipation,21040,net_sd_scaled_legacy_style,0.34863304023556724,0.7254544386215158,0.7254544386215158,0.7239512855209743,0.7258333333333333,0.7258333333333333,681.7082022019204,739,0.7045833333333333,2400
anticipation,21041,fixed_0.2,0.2,0.8193988212658707,0.8193988212658707,0.8159420289855073,0.8429166666666666,0.8429166666666666,640.4911222257547,690,0.6954166666666667,2400
anticipation,21041,fixed_0.35,0.35,0.6925888045241574,0.6925888045241574,0.6884057971014492,0.72,0.72,640.4911222257547,690,0.6954166666666667,2400
anticipation,21041,fixed_0.5,0.5,0.5699503225162623,0.5699503225162623,0.563768115942029,0.6095833333333334,0.6095833333333334,640.4911222257547,690,0.6954166666666667,2400
anticipation,21041,net_sd_scaled_legacy_style,0.3454707904226564,0.6991738842434709,0.6991738842434709,0.6956521739130435,0.7245833333333334,0.7245833333333334,640.4911222257547,690,0.6954166666666667,2400
anticipation,21042,fixed_0.2,0.2,0.8590926158734589,0.8590926158734589,0.8573508005822417,0.8454166666666667,0.8454166666666667,639.5473371887482,687,0.6879166666666666,2400
anticipation,21042,fixed_0.35,0.35,0.7328323610998878,0.7328323610998878,0.7292576419213974,0.7295833333333334,0.7295833333333334,639.5473371887482,687,0.6879166666666666,2400
anticipation,21042,fixed_0.5,0.5,0.6013106103167979,0.6013106103167979,0.6011644832605532,0.6195833333333334,0.6195833333333334,639.5473371887482,687,0.6879166666666666,2400
anticipation,21042,net_sd_scaled_legacy_style,0.3544986823098907,0.7297051492678577,0.7297051492678577,0.7263464337700145,0.7266666666666667,0.7266666666666667,639.5473371887482,687,0.6879166666666666,2400
anticipation,21043,fixed_0.2,0.2,0.8446997844134361,0.8446997844134361,0.847887323943662,0.84125,0.84125,660.6051556710358,710,0.7058333333333333,2400
anticipation,21043,fixed_0.35,0.35,0.7092494821269889,0.7092494821269889,0.7154929577464789,0.7229166666666667,0.7229166666666667,660.6051556710358,710,0.7058333333333333,2400
anticipation,21043,fixed_0.5,0.5,0.5896646158666193,0.5896646158666193,0.5915492957746479,0.6129166666666667,0.6129166666666667,660.6051556710358,710,0.7058333333333333,2400
anticipation,21043,net_sd_scaled_legacy_style,0.34205073458124435,0.7195734350879502,0.7195734350879502,0.7253521126760564,0.7329166666666667,0.7329166666666667,660.6051556710358,710,0.7058333333333333,2400
anticipation,21044,fixed_0.2,0.2,0.8489007174155266,0.8489007174155266,0.8431372549019608,0.8429166666666666,0.8429166666666666,662.1401593641806,714,0.7041666666666667,2400
anticipation,21044,fixed_0.35,0.35,0.7200987039561253,0.7200987039561253,0.7128851540616247,0.7329166666666667,0.7329166666666667,662.1401593641806,714,0.7041666666666667,2400
anticipation,21044,fixed_0.5,0.5,0.5865414157903214,0.5865414157903214,0.5784313725490197,0.6154166666666666,0.6154166666666666,662.1401593641806,714,0.7041666666666667,2400
anticipation,21044,net_sd_scaled_legacy_style,0.3487052415880868,0.7230989919119973,0.7230989919119973,0.7156862745098039,0.73375,0.73375,662.1401593641806,714,0.7041666666666667,2400
anticipation,21045,fixed_0.2,0.2,0.839115616577829,0.839115616577829,0.8376534788540245,0.8320833333333333,0.8320833333333333,681.955299067651,733,0.7120833333333333,2400
anticipation,21045,fixed_0.35,0.35,0.710222510222062,0.710222510222062,0.7080491132332879,0.7125,0.7125,681.955299067651,733,0.7120833333333333,2400
anticipation,21045,fixed_0.5,0.5,0.5924877285825064,0.5924877285825064,0.592087312414734,0.6125,0.6125,681.955299067651,733,0.7120833333333333,2400
anticipation,21045,net_sd_scaled_legacy_style,0.34643307287826386,0.7116864617331021,0.7116864617331021,0.7094133697135061,0.7141666666666666,0.7141666666666666,681.955299067651,733,0.7120833333333333,2400
anticipation,21046,fixed_0.2,0.2,0.8386821116124582,0.8386821116124582,0.8398876404494382,0.8354166666666667,0.8354166666666667,658.5148640686243,712,0.69375,2400
anticipation,21046,fixed_0.35,0.35,0.7066269622839658,0.7066269622839658,0.7036516853932584,0.7270833333333333,0.7270833333333333,658.5148640686243,712,0.69375,2400
anticipation,21046,fixed_0.5,0.5,0.5727625741463266,0.5727625741463266,0.5688202247191011,0.62,0.62,658.5148640686243,712,0.69375,2400
anticipation,21046,net_sd_scaled_legacy_style,0.3460119866819904,0.7097967800205417,0.7097967800205417,0.7064606741573034,0.7295833333333334,0.7295833333333334,658.5148640686243,712,0.69375,2400
anticipation,21047,fixed_0.2,0.2,0.8563655506047437,0.8563655506047437,0.8563134978229318,0.8458333333333333,0.8458333333333333,639.6118540833613,689,0.6883333333333334,2400
anticipation,21047,fixed_0.35,0.35,0.7210462058251189,0.7210462058251189,0.7227866473149492,0.7345833333333334,0.7345833333333334,639.6118540833613,689,0.6883333333333334,2400
anticipation,21047,fixed_0.5,0.5,0.5929270053205785,0.5929270053205785,0.5950653120464441,0.635,0.635,639.6118540833613,689,0.6883333333333334,2400
anticipation,21047,net_sd_scaled_legacy_style,0.3551950625387689,0.7174305576743196,0.7174305576743196,0.7184325108853411,0.73125,0.73125,639.6118540833613,689,0.6883333333333334,2400
anticipation,21048,fixed_0.2,0.2,0.835313024998217,0.835313024998217,0.8328611898016998,0.84875,0.84875,660.8668673254342,706,0.6958333333333333,2400
anticipation,21048,fixed_0.35,0.35,0.7119264226607226,0.7119264226607226,0.7067988668555241,0.7325,0.7325,660.8668673254342,706,0.6958333333333333,2400
anticipation,21048,fixed_0.5,0.5,0.6000477918970507,0.6000477918970507,0.5949008498583569,0.62625,0.62625,660.8668673254342,706,0.6958333333333333,2400
anticipation,21048,net_sd_scaled_legacy_style,0.348929755514399,0.7144343389946611,0.7144343389946611,0.7096317280453258,0.7341666666666666,0.7341666666666666,660.8668673254342,706,0.6958333333333333,2400
anticipation,21049,fixed_0.2,0.2,0.8352434019476438,0.8352434019476438,0.8289473684210527,0.8358333333333333,0.8358333333333333,635.6448359484187,684,0.69,2400
anticipation,21049,fixed_0.35,0.35,0.7024652765254848,0.7024652765254848,0.695906432748538,0.7158333333333333,0.7158333333333333,635.6448359484187,684,0.69,2400
anticipation,21049,fixed_0.5,0.5,0.5775286437394677,0.5775286437394677,0.5745614035087719,0.6033333333333334,0.6033333333333334,635.6448359484187,684,0.69,2400
anticipation,21049,net_sd_scaled_legacy_style,0.3449557102264729,0.7062773224848254,0.7062773224848254,0.7002923976608187,0.7175,0.7175,635.6448359484187,684,0.69,2400
anticipation,21050,fixed_0.2,0.2,0.8445312027485492,0.8445312027485492,0.8424855491329479,0.83625,0.83625,641.8065815422525,692,0.6916666666666667,2400
anticipation,21050,fixed_0.35,0.35,0.7261859545205482,0.7261859545205482,0.726878612716763,0.7183333333333334,0.7183333333333334,641.8065815422525,692,0.6916666666666667,2400
anticipation,21050,fixed_0.5,0.5,0.6085582216851326,0.6085582216851326,0.6083815028901735,0.61875,0.61875,641.8065815422525,692,0.6916666666666667,2400
anticipation,21050,net_sd_scaled_legacy_style,0.3466487848002904,0.7294258469275328,0.7294258469275328,0.7297687861271677,0.7216666666666667,0.7216666666666667,641.8065815422525,692,0.6916666666666667,2400
anticipation,21051,fixed_0.2,0.2,0.8277362743822633,0.8277362743822633,0.8263305322128851,0.83625,0.83625,662.9079669123444,714,0.7083333333333334,2400
anticipation,21051,fixed_0.35,0.35,0.694113982213629,0.694113982213629,0.6932773109243697,0.72375,0.72375,662.9079669123444,714,0.7083333333333334,2400
anticipation,21051,fixed_0.5,0.5,0.5900289925257708,0.5900289925257708,0.5896358543417367,0.6270833333333333,0.6270833333333333,662.9079669123444,714,0.7083333333333334,2400
anticipation,21051,net_sd_scaled_legacy_style,0.34916135642072144,0.6971309922660431,0.6971309922660431,0.696078431372549,0.725,0.725,662.9079669123444,714,0.7083333333333334,2400
anticipation,21052,fixed_0.2,0.2,0.840434013021027,0.840434013021027,0.8406827880512091,0.845,0.845,654.6505040855682,703,0.6991666666666667,2400
anticipation,21052,fixed_0.35,0.35,0.7089429675279659,0.7089429675279659,0.7098150782361309,0.72625,0.72625,654.6505040855682,703,0.6991666666666667,2400
anticipation,21052,fixed_0.5,0.5,0.5699089161791567,0.5699089161791567,0.5689900426742532,0.6033333333333334,0.6033333333333334,654.6505040855682,703,0.6991666666666667,2400
anticipation,21052,net_sd_scaled_legacy_style,0.34498519075846884,0.7099807352051059,0.7099807352051059,0.7112375533428165,0.7308333333333333,0.7308333333333333,654.6505040855682,703,0.6991666666666667,2400
anticipation,21053,fixed_0.2,0.2,0.8430560438573401,0.8430560438573401,0.8405594405594405,0.8458333333333333,0.8458333333333333,656.1227946424335,715,0.6858333333333333,2400
anticipation,21053,fixed_0.35,0.35,0.7050186764550544,0.7050186764550544,0.7048951048951049,0.725,0.725,656.1227946424335,715,0.6858333333333333,2400
anticipation,21053,fixed_0.5,0.5,0.578160970489504,0.578160970489504,0.5734265734265734,0.6158333333333333,0.6158333333333333,656.1227946424335,715,0.6858333333333333,2400
anticipation,21053,net_sd_scaled_legacy_style,0.3483081913936642,0.7080668863577297,0.7080668863577297,0.7076923076923077,0.72625,0.72625,656.1227946424335,715,0.6858333333333333,2400
anticipation,21054,fixed_0.2,0.2,0.8532913781671064,0.8532913781671064,0.8584905660377359,0.85,0.85,680.2177952480891,742,0.7029166666666666,2400
anticipation,21054,fixed_0.35,0.35,0.710446956951051,0.710446956951051,0.7129380053908356,0.73625,0.73625,680.2177952480891,742,0.7029166666666666,2400
anticipation,21054,fixed_0.5,0.5,0.58312251855404,0.58312251855404,0.5835579514824798,0.6291666666666667,0.6291666666666667,680.2177952480891,742,0.7029166666666666,2400
anticipation,21054,net_sd_scaled_legacy_style,0.3613988524012787,0.6968807166251456,0.6968807166251456,0.6981132075471698,0.7283333333333334,0.7283333333333334,680.2177952480891,742,0.7029166666666666,2400
anticipation,21055,fixed_0.2,0.2,0.8445004382228725,0.8445004382228725,0.8421052631578947,0.83875,0.83875,656.2878298260551,703,0.7041666666666667,2400
anticipation,21055,fixed_0.35,0.35,0.7249747960454781,0.7249747960454781,0.7240398293029872,0.71875,0.71875,656.2878298260551,703,0.7041666666666667,2400
anticipation,21055,fixed_0.5,0.5,0.5848088855708005,0.5848088855708005,0.5846372688477952,0.6104166666666667,0.6104166666666667,656.2878298260551,703,0.7041666666666667,2400
anticipation,21055,net_sd_scaled_legacy_style,0.354732290409741,0.7203109895700085,0.7203109895700085,0.7197724039829303,0.71625,0.71625,656.2878298260551,703,0.7041666666666667,2400
anticipation,21056,fixed_0.2,0.2,0.8434157778980225,0.8434157778980225,0.844574780058651,0.8404166666666667,0.8404166666666667,630.4730863931306,682,0.6804166666666667,2400
anticipation,21056,fixed_0.35,0.35,0.7199635411953276,0.7199635411953276,0.7243401759530792,0.7145833333333333,0.7145833333333333,630.4730863931306,682,0.6804166666666667,2400
anticipation,21056,fixed_0.5,0.5,0.5794955016796447,0.5794955016796447,0.5806451612903226,0.6008333333333333,0.6008333333333333,630.4730863931306,682,0.6804166666666667,2400
anticipation,21056,net_sd_scaled_legacy_style,0.34430959004374034,0.7265307867116612,0.7265307867116612,0.7316715542521994,0.7208333333333333,0.7208333333333333,630.4730863931306,682,0.6804166666666667,2400
anticipation,21057,fixed_0.2,0.2,0.8181822050306348,0.8181822050306348,0.8181818181818182,0.83125,0.83125,645.0299091138518,693,0.6945833333333333,2400
anticipation,21057,fixed_0.35,0.35,0.6905123075732422,0.6905123075732422,0.6911976911976911,0.71625,0.71625,645.0299091138518,693,0.6945833333333333,2400
anticipation,21057,fixed_0.5,0.5,0.5809386058334534,0.5809386058334534,0.5800865800865801,0.6120833333333333,0.6120833333333333,645.0299091138518,693,0.6945833333333333,2400
anticipation,21057,net_sd_scaled_legacy_style,0.34789533571102965,0.6905123075732422,0.6905123075732422,0.6911976911976911,0.7166666666666667,0.7166666666666667,645.0299091138518,693,0.6945833333333333,2400
anticipation,21058,fixed_0.2,0.2,0.838585598575403,0.838585598575403,0.8382147838214784,0.8333333333333334,0.8333333333333334,656.6795750986271,717,0.69875,2400
anticipation,21058,fixed_0.35,0.35,0.7188009360632845,0.7188009360632845,0.7196652719665272,0.7154166666666667,0.7154166666666667,656.6795750986271,717,0.69875,2400
anticipation,21058,fixed_0.5,0.5,0.6105279896389623,0.6105279896389623,0.606694560669456,0.6141666666666666,0.6141666666666666,656.6795750986271,717,0.69875,2400
anticipation,21058,net_sd_scaled_legacy_style,0.3474088568852015,0.718903121806788,0.718903121806788,0.7196652719665272,0.7179166666666666,0.7179166666666666,656.6795750986271,717,0.69875,2400
anticipation,21059,fixed_0.2,0.2,0.8644475015680926,0.8644475015680926,0.8622589531680441,0.8525,0.8525,670.8981162053179,726,0.7045833333333333,2400
anticipation,21059,fixed_0.35,0.35,0.717839982819688,0.717839982819688,0.7148760330578512,0.725,0.725,670.8981162053179,726,0.7045833333333333,2400
anticipation,21059,fixed_0.5,0.5,0.5872465453919897,0.5872465453919897,0.5867768595041323,0.6083333333333333,0.6083333333333333,670.8981162053179,726,0.7045833333333333,2400
anticipation,21059,net_sd_scaled_legacy_style,0.3444405935657284,0.7301167853121154,0.7301167853121154,0.7272727272727273,0.7329166666666667,0.7329166666666667,670.8981162053179,726,0.7045833333333333,2400
anticipation,21060,fixed_0.2,0.2,0.8370246068679169,0.8370246068679169,0.8342776203966006,0.8279166666666666,0.8279166666666666,654.7813800796616,706,0.6916666666666667,2400
anticipation,21060,fixed_0.35,0.35,0.741629620036729,0.741629620036729,0.7379603399433428,0.7245833333333334,0.7245833333333334,654.7813800796616,706,0.6916666666666667,2400
anticipation,21060,fixed_0.5,0.5,0.6165948893863311,0.6165948893863311,0.6147308781869688,0.6154166666666666,0.6154166666666666,654.7813800796616,706,0.6916666666666667,2400
anticipation,21060,net_sd_scaled_legacy_style,0.3450443121237909,0.7431568473379672,0.7431568473379672,0.7393767705382436,0.7283333333333334,0.7283333333333334,654.7813800796616,706,0.6916666666666667,2400
anticipation,21061,fixed_0.2,0.2,0.8402847437477355,0.8402847437477355,0.8402877697841726,0.8383333333333334,0.8383333333333334,644.9762366982749,695,0.6866666666666666,2400
anticipation,21061,fixed_0.35,0.35,0.7094088942869357,0.7094088942869357,0.7064748201438849,0.72,0.72,644.9762366982749,695,0.6866666666666666,2400
anticipation,21061,fixed_0.5,0.5,0.5709630194139595,0.5709630194139595,0.5654676258992806,0.59625,0.59625,644.9762366982749,695,0.6866666666666666,2400
anticipation,21061,net_sd_scaled_legacy_style,0.34382997479639915,0.7140023142424804,0.7140023142424804,0.7107913669064748,0.7233333333333334,0.7233333333333334,644.9762366982749,695,0.6866666666666666,2400
anticipation,21062,fixed_0.2,0.2,0.8449669308799916,0.8449669308799916,0.8479196556671449,0.8441666666666666,0.8441666666666666,644.6220851979433,697,0.6941666666666667,2400
anticipation,21062,fixed_0.35,0.35,0.7130552312833248,0.7130552312833248,0.7173601147776184,0.7241666666666666,0.7241666666666666,644.6220851979433,697,0.6941666666666667,2400
anticipation,21062,fixed_0.5,0.5,0.5860301743283264,0.5860301743283264,0.5882352941176471,0.6133333333333333,0.6133333333333333,644.6220851979433,697,0.6941666666666667,2400
anticipation,21062,net_sd_scaled_legacy_style,0.3493577053024097,0.716157824331135,0.716157824331135,0.7202295552367288,0.7254166666666667,0.7254166666666667,644.6220851979433,697,0.6941666666666667,2400
anticipation,21063,fixed_0.2,0.2,0.8201458128930701,0.8201458128930701,0.8211267605633803,0.8383333333333334,0.8383333333333334,658.0021293450397,710,0.7041666666666667,2400
anticipation,21063,fixed_0.35,0.35,0.7057527453989427,0.7057527453989427,0.7070422535211267,0.7216666666666667,0.7216666666666667,658.0021293450397,710,0.7041666666666667,2400
anticipation,21063,fixed_0.5,0.5,0.5866781675580744,0.5866781675580744,0.5873239436619718,0.60875,0.60875,658.0021293450397,710,0.7041666666666667,2400
anticipation,21063,net_sd_scaled_legacy_style,0.3473599150921122,0.7071927040835627,0.7071927040835627,0.7084507042253522,0.7225,0.7225,658.0021293450397,710,0.7041666666666667,2400
anticipation,21064,fixed_0.2,0.2,0.8438551862067605,0.8438551862067605,0.8444444444444444,0.8395833333333333,0.8395833333333333,628.6238086629224,675,0.6775,2400
anticipation,21064,fixed_0.35,0.35,0.7113229716354776,0.7113229716354776,0.7111111111111111,0.7166666666666667,0.7166666666666667,628.6238086629224,675,0.6775,2400
anticipation,21064,fixed_0.5,0.5,0.6024200674515389,0.6024200674515389,0.597037037037037,0.6158333333333333,0.6158333333333333,628.6238086629224,675,0.6775,2400
anticipation,21064,net_sd_scaled_legacy_style,0.350566082031123,0.7113229716354776,0.7113229716354776,0.7111111111111111,0.7166666666666667,0.7166666666666667,628.6238086629224,675,0.6775,2400
anticipation,21065,fixed_0.2,0.2,0.8541932231627614,0.8541932231627614,0.8546195652173914,0.8458333333333333,0.8458333333333333,677.4103926287298,736,0.69875,2400
anticipation,21065,fixed_0.35,0.35,0.7449524970238948,0.7449524970238948,0.7432065217391305,0.7358333333333333,0.7358333333333333,677.4103926287298,736,0.69875,2400
anticipation,21065,fixed_0.5,0.5,0.6333289405476192,0.6333289405476192,0.6304347826086957,0.6316666666666667,0.6316666666666667,677.4103926287298,736,0.69875,2400
anticipation,21065,net_sd_scaled_legacy_style,0.3483520370053146,0.7479049170365829,0.7479049170365829,0.7459239130434783,0.7375,0.7375,677.4103926287298,736,0.69875,2400
anticipation,21066,fixed_0.2,0.2,0.8354545164304641,0.8354545164304641,0.8313953488372093,0.8375,0.8375,643.8957108104123,688,0.69625,2400
anticipation,21066,fixed_0.35,0.35,0.7075043695564718,0.7075043695564718,0.7020348837209303,0.7179166666666666,0.7179166666666666,643.8957108104123,688,0.69625,2400
anticipation,21066,fixed_0.5,0.5,0.5920639277308426,0.5920639277308426,0.5930232558139535,0.6229166666666667,0.6229166666666667,643.8957108104123,688,0.69625,2400
anticipation,21066,net_sd_scaled_legacy_style,0.3506279012774462,0.7075043695564718,0.7075043695564718,0.7020348837209303,0.7175,0.7175,643.8957108104123,688,0.69625,2400
anticipation,21067,fixed_0.2,0.2,0.813234334289465,0.813234334289465,0.8116147308781869,0.8320833333333333,0.8320833333333333,648.311800181498,706,0.7008333333333333,2400
anticipation,21067,fixed_0.35,0.35,0.6824814934935998,0.6824814934935998,0.6770538243626062,0.70875,0.70875,648.311800181498,706,0.7008333333333333,2400
anticipation,21067,fixed_0.5,0.5,0.5631887495648834,0.5631887495648834,0.5580736543909348,0.6058333333333333,0.6058333333333333,648.311800181498,706,0.7008333333333333,2400
anticipation,21067,net_sd_scaled_legacy_style,0.35339352560861875,0.6780494627443527,0.6780494627443527,0.6728045325779037,0.7054166666666667,0.7054166666666667,648.311800181498,706,0.7008333333333333,2400
anticipation,21068,fixed_0.2,0.2,0.8258395469788282,0.8258395469788282,0.8244897959183674,0.8179166666666666,0.8179166666666666,680.3507366674085,735,0.7054166666666667,2400
anticipation,21068,fixed_0.35,0.35,0.7126712512137566,0.7126712512137566,0.710204081632653,0.715,0.715,680.3507366674085,735,0.7054166666666667,2400
anticipation,21068,fixed_0.5,0.5,0.5761528287450793,0.5761528287450793,0.5741496598639456,0.5979166666666667,0.5979166666666667,680.3507366674085,735,0.7054166666666667,2400
anticipation,21068,net_sd_scaled_legacy_style,0.33891856987648256,0.7223440113724987,0.7223440113724987,0.7197278911564626,0.72375,0.72375,680.3507366674085,735,0.7054166666666667,2400
anticipation,21069,fixed_0.2,0.2,0.8513862528179665,0.8513862528179665,0.8537604456824512,0.8395833333333333,0.8395833333333333,655.2073477015001,718,0.6958333333333333,2400
anticipation,21069,fixed_0.35,0.35,0.6978512470875224,0.6978512470875224,0.6935933147632312,0.7125,0.7125,655.2073477015001,718,0.6958333333333333,2400
anticipation,21069,fixed_0.5,0.5,0.5575792909087043,0.5575792909087043,0.5557103064066853,0.5941666666666666,0.5941666666666666,655.2073477015001,718,0.6958333333333333,2400
anticipation,21069,net_sd_scaled_legacy_style,0.34389374285612506,0.701584573223748,0.701584573223748,0.6977715877437326,0.7166666666666667,0.7166666666666667,655.2073477015001,718,0.6958333333333333,2400
anticipation,21070,fixed_0.2,0.2,0.8187535424735468,0.8187535424735468,0.8196948682385575,0.8416666666666667,0.8416666666666667,659.4193562233403,721,0.695,2400
anticipation,21070,fixed_0.35,0.35,0.7052835975285846,0.7052835975285846,0.7018030513176144,0.7175,0.7175,659.4193562233403,721,0.695,2400
anticipation,21070,fixed_0.5,0.5,0.5948857675937766,0.5948857675937766,0.5936199722607489,0.6079166666666667,0.6079166666666667,659.4193562233403,721,0.695,2400
anticipation,21070,net_sd_scaled_legacy_style,0.3460922091275532,0.7094360647321056,0.7094360647321056,0.7059639389736477,0.72,0.72,659.4193562233403,721,0.695,2400
anticipation,21071,fixed_0.2,0.2,0.8572485862604569,0.8572485862604569,0.8619246861924686,0.8304166666666667,0.8304166666666667,662.7732054635704,717,0.70625,2400
anticipation,21071,fixed_0.35,0.35,0.7240438295066124,0.7240438295066124,0.7266387726638772,0.71125,0.71125,662.7732054635704,717,0.70625,2400
anticipation,21071,fixed_0.5,0.5,0.6031544688686031,0.6031544688686031,0.6080892608089261,0.6154166666666666,0.6154166666666666,662.7732054635704,717,0.70625,2400
anticipation,21071,net_sd_scaled_legacy_style,0.34994045998852497,0.7240438295066124,0.7240438295066124,0.7266387726638772,0.71125,0.71125,662.7732054635704,717,0.70625,2400
anticipation,21072,fixed_0.2,0.2,0.8308423532354184,0.8308423532354184,0.8305084745762712,0.8354166666666667,0.8354166666666667,645.5156028845906,708,0.6920833333333334,2400
anticipation,21072,fixed_0.35,0.35,0.7015540180069748,0.7015540180069748,0.7019774011299436,0.7204166666666667,0.7204166666666667,645.5156028845906,708,0.6920833333333334,2400
anticipation,21072,fixed_0.5,0.5,0.5752813903372609,0.5752813903372609,0.5720338983050848,0.6133333333333333,0.6133333333333333,645.5156028845906,708,0.6920833333333334,2400
anticipation,21072,net_sd_scaled_legacy_style,0.35526604774310283,0.7002057845235424,0.7002057845235424,0.7005649717514124,0.7170833333333333,0.7170833333333333,645.5156028845906,708,0.6920833333333334,2400
anticipation,21073,fixed_0.2,0.2,0.826837142489424,0.826837142489424,0.827247191011236,0.8258333333333333,0.8258333333333333,658.6952357234977,712,0.6991666666666667,2400
anticipation,21073,fixed_0.35,0.35,0.7465160262567927,0.7465160262567927,0.7471910112359551,0.7254166666666667,0.7254166666666667,658.6952357234977,712,0.6991666666666667,2400
anticipation,21073,fixed_0.5,0.5,0.6151598535054912,0.6151598535054912,0.6207865168539326,0.6041666666666666,0.6041666666666666,658.6952357234977,712,0.6991666666666667,2400
anticipation,21073,net_sd_scaled_legacy_style,0.3471178171908205,0.7480341790318035,0.7480341790318035,0.7485955056179775,0.7266666666666667,0.7266666666666667,658.6952357234977,712,0.6991666666666667,2400
anticipation,21074,fixed_0.2,0.2,0.8271988010750798,0.8271988010750798,0.8315068493150685,0.8454166666666667,0.8454166666666667,674.7308838166362,730,0.7008333333333333,2400
anticipation,21074,fixed_0.35,0.35,0.6953139339746195,0.6953139339746195,0.6958904109589041,0.7204166666666667,0.7204166666666667,674.7308838166362,730,0.7008333333333333,2400
anticipation,21074,fixed_0.5,0.5,0.5780458566468946,0.5780458566468946,0.5780821917808219,0.6145833333333334,0.6145833333333334,674.7308838166362,730,0.7008333333333333,2400
anticipation,21074,net_sd_scaled_legacy_style,0.3537460279696589,0.6952489629282684,0.6952489629282684,0.6958904109589041,0.7183333333333334,0.7183333333333334,674.7308838166362,730,0.7008333333333333,2400
anticipation,21075,fixed_0.2,0.2,0.8416445818216727,0.8416445818216727,0.8368983957219251,0.8425,0.8425,684.6261736197205,748,0.71875,2400
anticipation,21075,fixed_0.35,0.35,0.712829829203167,0.712829829203167,0.7085561497326203,0.7233333333333334,0.7233333333333334,684.6261736197205,748,0.71875,2400
anticipation,21075,fixed_0.5,0.5,0.57301301510013,0.57301301510013,0.5681818181818182,0.6108333333333333,0.6108333333333333,684.6261736197205,748,0.71875,2400
anticipation,21075,net_sd_scaled_legacy_style,0.34553554080838245,0.7173366504565676,0.7173366504565676,0.7125668449197861,0.7283333333333334,0.7283333333333334,684.6261736197205,748,0.71875,2400
anticipation,21076,fixed_0.2,0.2,0.8377191590072274,0.8377191590072274,0.8345642540620384,0.8445833333333334,0.8445833333333334,633.1465345445829,677,0.68,2400
anticipation,21076,fixed_0.35,0.35,0.696829752270013,0.696829752270013,0.6942392909896603,0.7229166666666667,0.7229166666666667,633.1465345445829,677,0.68,2400
anticipation,21076,fixed_0.5,0.5,0.5726875410168566,0.5726875410168566,0.5745937961595273,0.6220833333333333,0.6220833333333333,633.1465345445829,677,0.68,2400
anticipation,21076,net_sd_scaled_legacy_style,0.35542423834058967,0.6922980093967537,0.6922980093967537,0.689807976366322,0.71875,0.71875,633.1465345445829,677,0.68,2400
anticipation,21077,fixed_0.2,0.2,0.8495689794155648,0.8495689794155648,0.8505079825834543,0.84,0.84,634.6564871211943,689,0.6941666666666667,2400
anticipation,21077,fixed_0.35,0.35,0.7152445109708162,0.7152445109708162,0.7169811320754716,0.72875,0.72875,634.6564871211943,689,0.6941666666666667,2400
anticipation,21077,fixed_0.5,0.5,0.5802223825084963,0.5802223825084963,0.5849056603773585,0.6170833333333333,0.6170833333333333,634.6564871211943,689,0.6941666666666667,2400
anticipation,21077,net_sd_scaled_legacy_style,0.3511480751103637,0.7134728260009345,0.7134728260009345,0.7155297532656023,0.7279166666666667,0.7279166666666667,634.6564871211943,689,0.6941666666666667,2400
anticipation,21078,fixed_0.2,0.2,0.8395535140924083,0.8395535140924083,0.8389261744966443,0.8525,0.8525,680.0570230814535,745,0.6983333333333334,2400
anticipation,21078,fixed_0.35,0.35,0.6961659735573582,0.6961659735573582,0.6953020134228188,0.7266666666666667,0.7266666666666667,680.0570230814535,745,0.6983333333333334,2400
anticipation,21078,fixed_0.5,0.5,0.5797200050243562,0.5797200050243562,0.5785234899328859,0.6266666666666667,0.6266666666666667,680.0570230814535,745,0.6983333333333334,2400
anticipation,21078,net_sd_scaled_legacy_style,0.34660236732197724,0.6961659735573582,0.6961659735573582,0.6953020134228188,0.7283333333333334,0.7283333333333334,680.0570230814535,745,0.6983333333333334,2400
anticipation,21079,fixed_0.2,0.2,0.8413450177379933,0.8413450177379933,0.8393854748603352,0.8425,0.8425,656.0671118153557,716,0.6891666666666667,2400
anticipation,21079,fixed_0.35,0.35,0.7213104322105524,0.7213104322105524,0.7164804469273743,0.7275,0.7275,656.0671118153557,716,0.6891666666666667,2400
anticipation,21079,fixed_0.5,0.5,0.5997261883440559,0.5997261883440559,0.5977653631284916,0.6216666666666667,0.6216666666666667,656.0671118153557,716,0.6891666666666667,2400
anticipation,21079,net_sd_scaled_legacy_style,0.3557186394523304,0.7209575841971064,0.7209575841971064,0.7164804469273743,0.72375,0.72375,656.0671118153557,716,0.6891666666666667,2400
anticipation,21080,fixed_0.2,0.2,0.8250236653282164,0.8250236653282164,0.8268156424581006,0.8370833333333333,0.8370833333333333,660.4938925533042,716,0.6995833333333333,2400
anticipation,21080,fixed_0.35,0.35,0.6855007454163767,0.6855007454163767,0.6871508379888268,0.7129166666666666,0.7129166666666666,660.4938925533042,716,0.6995833333333333,2400
anticipation,21080,fixed_0.5,0.5,0.5628279151707191,0.5628279151707191,0.5656424581005587,0.60625,0.60625,660.4938925533042,716,0.6995833333333333,2400
anticipation,21080,net_sd_scaled_legacy_style,0.34273040986530123,0.6905921440823339,0.6905921440823339,0.6913407821229051,0.7204166666666667,0.7204166666666667,660.4938925533042,716,0.6995833333333333,2400
anticipation,21081,fixed_0.2,0.2,0.8709899067878878,0.8709899067878878,0.8672086720867209,0.8579166666666667,0.8579166666666667,677.8199033588182,738,0.7066666666666667,2400
anticipation,21081,fixed_0.35,0.35,0.7243134701863646,0.7243134701863646,0.7222222222222222,0.7395833333333334,0.7395833333333334,677.8199033588182,738,0.7066666666666667,2400
anticipation,21081,fixed_0.5,0.5,0.5950473598651471,0.5950473598651471,0.5853658536585366,0.62125,0.62125,677.8199033588182,738,0.7066666666666667,2400
anticipation,21081,net_sd_scaled_legacy_style,0.35042293840724165,0.7243134701863646,0.7243134701863646,0.7222222222222222,0.7395833333333334,0.7395833333333334,677.8199033588182,738,0.7066666666666667,2400
anticipation,21082,fixed_0.2,0.2,0.8351034051073246,0.8351034051073246,0.8373408769448374,0.83625,0.83625,660.9462471371821,707,0.7004166666666667,2400
anticipation,21082,fixed_0.35,0.35,0.70696249838826,0.70696249838826,0.7057991513437057,0.7320833333333333,0.7320833333333333,660.9462471371821,707,0.7004166666666667,2400
anticipation,21082,fixed_0.5,0.5,0.5828686185096851,0.5828686185096851,0.5827439886845828,0.62125,0.62125,660.9462471371821,707,0.7004166666666667,2400
anticipation,21082,net_sd_scaled_legacy_style,0.3567938073254714,0.7013270193098254,0.7013270193098254,0.7001414427157001,0.7270833333333333,0.7270833333333333,660.9462471371821,707,0.7004166666666667,2400
anticipation,21083,fixed_0.2,0.2,0.8474591984221131,0.8474591984221131,0.8498583569405099,0.8425,0.8425,660.9057347913013,706,0.7004166666666667,2400
anticipation,21083,fixed_0.35,0.35,0.7184143559673705,0.7184143559673705,0.7237960339943342,0.7208333333333333,0.7208333333333333,660.9057347913013,706,0.7004166666666667,2400
anticipation,21083,fixed_0.5,0.5,0.6075297780843383,0.6075297780843383,0.6118980169971672,0.6133333333333333,0.6133333333333333,660.9057347913013,706,0.7004166666666667,2400
anticipation,21083,net_sd_scaled_legacy_style,0.3429849808296373,0.7285338245515233,0.7285338245515233,0.7337110481586402,0.7283333333333334,0.7283333333333334,660.9057347913013,706,0.7004166666666667,2400
anticipation,21084,fixed_0.2,0.2,0.8345712334755759,0.8345712334755759,0.8337912087912088,0.845,0.845,672.4768758748276,728,0.70875,2400
anticipation,21084,fixed_0.35,0.35,0.7219842255248666,0.7219842255248666,0.7197802197802198,0.7333333333333333,0.7333333333333333,672.4768758748276,728,0.70875,2400
anticipation,21084,fixed_0.5,0.5,0.590962260227449,0.590962260227449,0.592032967032967,0.62875,0.62875,672.4768758748276,728,0.70875,2400
anticipation,21084,net_sd_scaled_legacy_style,0.35661497012982524,0.7150092191100342,0.7150092191100342,0.7129120879120879,0.7275,0.7275,672.4768758748276,728,0.70875,2400
anticipation,21085,fixed_0.2,0.2,0.8411558471172289,0.8411558471172289,0.8423357664233576,0.8416666666666667,0.8416666666666667,632.1398827154974,685,0.6866666666666666,2400
anticipation,21085,fixed_0.35,0.35,0.7290485462349565,0.7290485462349565,0.7299270072992701,0.7166666666666667,0.7166666666666667,632.1398827154974,685,0.6866666666666666,2400
anticipation,21085,fixed_0.5,0.5,0.6094295431733802,0.6094295431733802,0.6116788321167883,0.6054166666666667,0.6054166666666667,632.1398827154974,685,0.6866666666666666,2400
anticipation,21085,net_sd_scaled_legacy_style,0.33993886664594336,0.7382877317661461,0.7382877317661461,0.7401459854014598,0.725,0.725,632.1398827154974,685,0.6866666666666666,2400
anticipation,21086,fixed_0.2,0.2,0.8452481709273518,0.8452481709273518,0.8497913769123783,0.8508333333333333,0.8508333333333333,661.7146760286565,719,0.70125,2400
anticipation,21086,fixed_0.35,0.35,0.7185194687687694,0.7185194687687694,0.7204450625869263,0.7358333333333333,0.7358333333333333,661.7146760286565,719,0.70125,2400
anticipation,21086,fixed_0.5,0.5,0.5746872085566773,0.5746872085566773,0.5757997218358831,0.6145833333333334,0.6145833333333334,661.7146760286565,719,0.70125,2400
anticipation,21086,net_sd_scaled_legacy_style,0.3486090096721048,0.7185194687687694,0.7185194687687694,0.7204450625869263,0.7366666666666667,0.7366666666666667,661.7146760286565,719,0.70125,2400
anticipation,21087,fixed_0.2,0.2,0.8273672993639408,0.8273672993639408,0.8228730822873083,0.8333333333333334,0.8333333333333334,658.2506352156674,717,0.6954166666666667,2400
anticipation,21087,fixed_0.35,0.35,0.7068463698941132,0.7068463698941132,0.701534170153417,0.73875,0.73875,658.2506352156674,717,0.6954166666666667,2400
anticipation,21087,fixed_0.5,0.5,0.6007001653411653,0.6007001653411653,0.599721059972106,0.625,0.625,658.2506352156674,717,0.6954166666666667,2400
anticipation,21087,net_sd_scaled_legacy_style,0.3482530690908415,0.7068463698941132,0.7068463698941132,0.701534170153417,0.7395833333333334,0.7395833333333334,658.2506352156674,717,0.6954166666666667,2400
anticipation,21088,fixed_0.2,0.2,0.8505450262792489,0.8505450262792489,0.8486932599724897,0.85125,0.85125,674.4031448057694,727,0.7029166666666666,2400
anticipation,21088,fixed_0.35,0.35,0.724155726362209,0.724155726362209,0.7235213204951857,0.7329166666666667,0.7329166666666667,674.4031448057694,727,0.7029166666666666,2400
anticipation,21088,fixed_0.5,0.5,0.6023364416932572,0.6023364416932572,0.5983493810178817,0.62,0.62,674.4031448057694,727,0.7029166666666666,2400
anticipation,21088,net_sd_scaled_legacy_style,0.34417627261627043,0.7282232192396517,0.7282232192396517,0.7276478679504814,0.7370833333333333,0.7370833333333333,674.4031448057694,727,0.7029166666666666,2400
anticipation,21089,fixed_0.2,0.2,0.8200437583265006,0.8200437583265006,0.8165517241379311,0.8416666666666667,0.8416666666666667,674.82687561336,725,0.7104166666666667,2400
anticipation,21089,fixed_0.35,0.35,0.6895376707249042,0.6895376707249042,0.6841379310344827,0.7258333333333333,0.7258333333333333,674.82687561336,725,0.7104166666666667,2400
anticipation,21089,fixed_0.5,0.5,0.5651514486562565,0.5651514486562565,0.5641379310344827,0.6154166666666666,0.6154166666666666,674.82687561336,725,0.7104166666666667,2400
anticipation,21089,net_sd_scaled_legacy_style,0.3484434410337342,0.6895376707249042,0.6895376707249042,0.6841379310344827,0.7266666666666667,0.7266666666666667,674.82687561336,725,0.7104166666666667,2400
anticipation,21090,fixed_0.2,0.2,0.8536852200647419,0.8536852200647419,0.8532608695652174,0.8470833333333333,0.8470833333333333,675.4928512251968,736,0.70625,2400
anticipation,21090,fixed_0.35,0.35,0.710924254762624,0.710924254762624,0.7119565217391305,0.72625,0.72625,675.4928512251968,736,0.70625,2400
anticipation,21090,fixed_0.5,0.5,0.5948359323904269,0.5948359323904269,0.595108695652174,0.6229166666666667,0.6229166666666667,675.4928512251968,736,0.70625,2400
anticipation,21090,net_sd_scaled_legacy_style,0.3563430928228926,0.7076180659376289,0.7076180659376289,0.7092391304347826,0.7216666666666667,0.7216666666666667,675.4928512251968,736,0.70625,2400
anticipation,21091,fixed_0.2,0.2,0.847623592108163,0.847623592108163,0.8460508701472557,0.8475,0.8475,692.3462169308393,747,0.7225,2400
anticipation,21091,fixed_0.35,0.35,0.7330928383580044,0.7330928383580044,0.7309236947791165,0.7395833333333334,0.7395833333333334,692.3462169308393,747,0.7225,2400
anticipation,21091,fixed_0.5,0.5,0.590612919777025,0.590612919777025,0.5876840696117804,0.6220833333333333,0.6220833333333333,692.3462169308393,747,0.7225,2400
anticipation,21091,net_sd_scaled_legacy_style,0.3573761542801549,0.7297999231293743,0.7297999231293743,0.7282463186077643,0.7325,0.7325,692.3462169308393,747,0.7225,2400
anticipation,21092,fixed_0.2,0.2,0.8445586838060998,0.8445586838060998,0.8481375358166189,0.8325,0.8325,654.5184221206672,698,0.7004166666666667,2400
anticipation,21092,fixed_0.35,0.35,0.7164470218268587,0.7164470218268587,0.7206303724928367,0.71875,0.71875,654.5184221206672,698,0.7004166666666667,2400
anticipation,21092,fixed_0.5,0.5,0.6148628479664129,0.6148628479664129,0.6174785100286533,0.6216666666666667,0.6216666666666667,654.5184221206672,698,0.7004166666666667,2400
anticipation,21092,net_sd_scaled_legacy_style,0.35064541059374654,0.7164470218268587,0.7164470218268587,0.7206303724928367,0.71875,0.71875,654.5184221206672,698,0.7004166666666667,2400
anticipation,21093,fixed_0.2,0.2,0.8658166963322608,0.8658166963322608,0.8624113475177305,0.8483333333333334,0.8483333333333334,656.7672744589408,705,0.6979166666666666,2400
anticipation,21093,fixed_0.35,0.35,0.7405394639356274,0.7405394639356274,0.7361702127659574,0.7279166666666667,0.7279166666666667,656.7672744589408,705,0.6979166666666666,2400
anticipation,21093,fixed_0.5,0.5,0.6059191787041068,0.6059191787041068,0.6028368794326241,0.6166666666666667,0.6166666666666667,656.7672744589408,705,0.6979166666666666,2400
anticipation,21093,net_sd_scaled_legacy_style,0.34447335401747303,0.7474297280164162,0.7474297280164162,0.7432624113475177,0.73625,0.73625,656.7672744589408,705,0.6979166666666666,2400
anticipation,21094,fixed_0.2,0.2,0.8243564892799655,0.8243564892799655,0.8295454545454546,0.8329166666666666,0.8329166666666666,658.4772220913378,704,0.6979166666666666,2400
anticipation,21094,fixed_0.35,0.35,0.697679632874557,0.697679632874557,0.7002840909090909,0.7133333333333334,0.7133333333333334,658.4772220913378,704,0.6979166666666666,2400
anticipation,21094,fixed_0.5,0.5,0.5782664734604571,0.5782664734604571,0.5795454545454546,0.6083333333333333,0.6083333333333333,658.4772220913378,704,0.6979166666666666,2400
anticipation,21094,net_sd_scaled_legacy_style,0.34606416706954013,0.7007169437076455,0.7007169437076455,0.703125,0.7158333333333333,0.7158333333333333,658.4772220913378,704,0.6979166666666666,2400
anticipation,21095,fixed_0.2,0.2,0.8523162233285573,0.8523162233285573,0.8528974739970282,0.8470833333333333,0.8470833333333333,628.3946973708215,673,0.6858333333333333,2400
anticipation,21095,fixed_0.35,0.35,0.7227029045534821,0.7227029045534821,0.725111441307578,0.73625,0.73625,628.3946973708215,673,0.6858333333333333,2400
anticipation,21095,fixed_0.5,0.5,0.5962587755115973,0.5962587755115973,0.5973254086181278,0.6283333333333333,0.6283333333333333,628.3946973708215,673,0.6858333333333333,2400
anticipation,21095,net_sd_scaled_legacy_style,0.3599890758922629,0.7094857362271332,0.7094857362271332,0.7102526002971769,0.7258333333333333,0.7258333333333333,628.3946973708215,673,0.6858333333333333,2400
anticipation,21096,fixed_0.2,0.2,0.8462642984609543,0.8462642984609543,0.841642228739003,0.8370833333333333,0.8370833333333333,634.4207090712451,682,0.68875,2400
anticipation,21096,fixed_0.35,0.35,0.7158850622812625,0.7158850622812625,0.7140762463343109,0.7220833333333333,0.7220833333333333,634.4207090712451,682,0.68875,2400
anticipation,21096,fixed_0.5,0.5,0.5812787793025441,0.5812787793025441,0.5777126099706745,0.6033333333333334,0.6033333333333334,634.4207090712451,682,0.68875,2400
anticipation,21096,net_sd_scaled_legacy_style,0.3451698114633887,0.7238201522387049,0.7238201522387049,0.7214076246334311,0.7275,0.7275,634.4207090712451,682,0.68875,2400
anticipation,21097,fixed_0.2,0.2,0.8610463561533371,0.8610463561533371,0.8609077598828697,0.8404166666666667,0.8404166666666667,629.1844064921343,683,0.6908333333333333,2400
anticipation,21097,fixed_0.35,0.35,0.721436345135507,0.721436345135507,0.718887262079063,0.7141666666666666,0.7141666666666666,629.1844064921343,683,0.6908333333333333,2400
anticipation,21097,fixed_0.5,0.5,0.6218351376681294,0.6218351376681294,0.6222547584187409,0.6170833333333333,0.6170833333333333,629.1844064921343,683,0.6908333333333333,2400
anticipation,21097,net_sd_scaled_legacy_style,0.33890945916686244,0.727541543536299,0.727541543536299,0.7247437774524158,0.7195833333333334,0.7195833333333334,629.1844064921343,683,0.6908333333333333,2400
anticipation,21098,fixed_0.2,0.2,0.8519099938108846,0.8519099938108846,0.8485714285714285,0.8504166666666667,0.8504166666666667,647.0485412253895,700,0.6883333333333334,2400
anticipation,21098,fixed_0.35,0.35,0.7304576252743651,0.7304576252743651,0.7271428571428571,0.7329166666666667,0.7329166666666667,647.0485412253895,700,0.6883333333333334,2400
anticipation,21098,fixed_0.5,0.5,0.5982692249865337,0.5982692249865337,0.5928571428571429,0.6195833333333334,0.6195833333333334,647.0485412253895,700,0.6883333333333334,2400
anticipation,21098,net_sd_scaled_legacy_style,0.3524676358527838,0.7304576252743651,0.7304576252743651,0.7271428571428571,0.7316666666666667,0.7316666666666667,647.0485412253895,700,0.6883333333333334,2400
anticipation,21099,fixed_0.2,0.2,0.8316277154098216,0.8316277154098216,0.8301630434782609,0.8491666666666666,0.8491666666666666,678.6618966331979,736,0.7066666666666667,2400
anticipation,21099,fixed_0.35,0.35,0.7193312254263134,0.7193312254263134,0.717391304347826,0.7358333333333333,0.7358333333333333,678.6618966331979,736,0.7066666666666667,2400
anticipation,21099,fixed_0.5,0.5,0.5944509626404727,0.5944509626404727,0.595108695652174,0.6270833333333333,0.6270833333333333,678.6618966331979,736,0.7066666666666667,2400
anticipation,21099,net_sd_scaled_legacy_style,0.35302346488422515,0.7167360365862998,0.7167360365862998,0.7146739130434783,0.73375,0.73375,678.6618966331979,736,0.7066666666666667,2400
anticipation,21100,fixed_0.2,0.2,0.8520169068997014,0.8520169068997014,0.8536931818181818,0.84375,0.84375,657.1213195395735,704,0.7,2400
anticipation,21100,fixed_0.35,0.35,0.730048083988437,0.730048083988437,0.7315340909090909,0.7204166666666667,0.7204166666666667,657.1213195395735,704,0.7,2400
anticipation,21100,fixed_0.5,0.5,0.6164304260269591,0.6164304260269591,0.6178977272727273,0.6216666666666667,0.6216666666666667,657.1213195395735,704,0.7,2400
anticipation,21100,net_sd_scaled_legacy_style,0.3453214889314846,0.7339336126062426,0.7339336126062426,0.7357954545454546,0.72375,0.72375,657.1213195395735,704,0.7,2400
stale_price,21001,fixed_0.2,0.2,0.8106205968935949,0.8106205968935949,0.8049490538573508,0.84,0.84,644.7445359712518,687,0.68875,2400
stale_price,21001,fixed_0.35,0.35,0.6703830577575555,0.6703830577575555,0.6637554585152838,0.7220833333333333,0.7220833333333333,644.7445359712518,687,0.68875,2400
stale_price,21001,fixed_0.5,0.5,0.5483840670740621,0.5483840670740621,0.5414847161572053,0.6108333333333333,0.6108333333333333,644.7445359712518,687,0.68875,2400
stale_price,21001,net_sd_scaled_legacy_style,0.3400132905915498,0.6778331365514656,0.6778331365514656,0.6710334788937409,0.7283333333333334,0.7283333333333334,644.7445359712518,687,0.68875,2400
stale_price,21002,fixed_0.2,0.2,0.7958178356246688,0.7958178356246688,0.800818553888131,0.8408333333333333,0.8408333333333333,687.4514918078576,733,0.6995833333333333,2400
stale_price,21002,fixed_0.35,0.35,0.6747635621773801,0.6747635621773801,0.6739427012278308,0.7208333333333333,0.7208333333333333,687.4514918078576,733,0.6995833333333333,2400
stale_price,21002,fixed_0.5,0.5,0.5598433387163954,0.5598433387163954,0.5525238744884038,0.6170833333333333,0.6170833333333333,687.4514918078576,733,0.6995833333333333,2400
stale_price,21002,net_sd_scaled_legacy_style,0.34847044151752465,0.6747635621773801,0.6747635621773801,0.6739427012278308,0.7220833333333333,0.7220833333333333,687.4514918078576,733,0.6995833333333333,2400
stale_price,21003,fixed_0.2,0.2,0.8297223467564497,0.8297223467564497,0.8259668508287292,0.8404166666666667,0.8404166666666667,683.9255135005992,724,0.7158333333333333,2400
stale_price,21003,fixed_0.35,0.35,0.704550032221094,0.704550032221094,0.6933701657458563,0.73625,0.73625,683.9255135005992,724,0.7158333333333333,2400
stale_price,21003,fixed_0.5,0.5,0.601075043088645,0.601075043088645,0.5897790055248618,0.6354166666666666,0.6354166666666666,683.9255135005992,724,0.7158333333333333,2400
stale_price,21003,net_sd_scaled_legacy_style,0.34434952087953635,0.7111706880379104,0.7111706880379104,0.7002762430939227,0.74125,0.74125,683.9255135005992,724,0.7158333333333333,2400
stale_price,21004,fixed_0.2,0.2,0.8462798473440246,0.8462798473440246,0.844,0.8475,0.8475,698.5773521684428,750,0.7070833333333333,2400
stale_price,21004,fixed_0.35,0.35,0.7171334099806391,0.7171334099806391,0.7106666666666667,0.74,0.74,698.5773521684428,750,0.7070833333333333,2400
stale_price,21004,fixed_0.5,0.5,0.5693757746510602,0.5693757746510602,0.5573333333333333,0.62,0.62,698.5773521684428,750,0.7070833333333333,2400
stale_price,21004,net_sd_scaled_legacy_style,0.35359237271021743,0.7114750446134106,0.7114750446134106,0.7053333333333334,0.7379166666666667,0.7379166666666667,698.5773521684428,750,0.7070833333333333,2400
stale_price,21005,fixed_0.2,0.2,0.8211405274761366,0.8211405274761366,0.8186813186813187,0.8391666666666666,0.8391666666666666,681.245934762539,728,0.7016666666666667,2400
stale_price,21005,fixed_0.35,0.35,0.6741675523634603,0.6741675523634603,0.6703296703296703,0.72625,0.72625,681.245934762539,728,0.7016666666666667,2400
stale_price,21005,fixed_0.5,0.5,0.527285617750863,0.527285617750863,0.521978021978022,0.6158333333333333,0.6158333333333333,681.245934762539,728,0.7016666666666667,2400
stale_price,21005,net_sd_scaled_legacy_style,0.3534949369198842,0.6714596160518697,0.6714596160518697,0.6675824175824175,0.725,0.725,681.245934762539,728,0.7016666666666667,2400
stale_price,21006,fixed_0.2,0.2,0.8236782245171117,0.8236782245171117,0.8201342281879195,0.8416666666666667,0.8416666666666667,693.1084087706131,745,0.7175,2400
stale_price,21006,fixed_0.35,0.35,0.6853553652599517,0.6853553652599517,0.6751677852348993,0.7170833333333333,0.7170833333333333,693.1084087706131,745,0.7175,2400
stale_price,21006,fixed_0.5,0.5,0.533624030925683,0.533624030925683,0.5194630872483221,0.6033333333333334,0.6033333333333334,693.1084087706131,745,0.7175,2400
stale_price,21006,net_sd_scaled_legacy_style,0.34106762893143366,0.6921482195497773,0.6921482195497773,0.6818791946308724,0.7254166666666667,0.7254166666666667,693.1084087706131,745,0.7175,2400
stale_price,21007,fixed_0.2,0.2,0.8124646463415449,0.8124646463415449,0.8075313807531381,0.84875,0.84875,674.9235902896357,717,0.6966666666666667,2400
stale_price,21007,fixed_0.35,0.35,0.6752655068592938,0.6752655068592938,0.6610878661087866,0.73375,0.73375,674.9235902896357,717,0.6966666666666667,2400
stale_price,21007,fixed_0.5,0.5,0.5186872300567812,0.5186872300567812,0.5034867503486751,0.615,0.615,674.9235902896357,717,0.6966666666666667,2400
stale_price,21007,net_sd_scaled_legacy_style,0.3513891925922507,0.6749657625924398,0.6749657625924398,0.6610878661087866,0.7329166666666667,0.7329166666666667,674.9235902896357,717,0.6966666666666667,2400
stale_price,21008,fixed_0.2,0.2,0.8273580979767705,0.8273580979767705,0.8212290502793296,0.8366666666666667,0.8366666666666667,664.8649868530083,716,0.6979166666666666,2400
stale_price,21008,fixed_0.35,0.35,0.7027519294498131,0.7027519294498131,0.6955307262569832,0.72125,0.72125,664.8649868530083,716,0.6979166666666666,2400
stale_price,21008,fixed_0.5,0.5,0.5645287295105919,0.5645287295105919,0.5572625698324022,0.6141666666666666,0.6141666666666666,664.8649868530083,716,0.6979166666666666,2400
stale_price,21008,net_sd_scaled_legacy_style,0.3513132807796702,0.701253835674467,0.701253835674467,0.6941340782122905,0.7195833333333334,0.7195833333333334,664.8649868530083,716,0.6979166666666666,2400
stale_price,21009,fixed_0.2,0.2,0.8079906576353295,0.8079906576353295,0.7980769230769231,0.83625,0.83625,677.3983235934384,728,0.6970833333333334,2400
stale_price,21009,fixed_0.35,0.35,0.6555187421356571,0.6555187421356571,0.6442307692307693,0.7133333333333334,0.7133333333333334,677.3983235934384,728,0.6970833333333334,2400
stale_price,21009,fixed_0.5,0.5,0.522361581890418,0.522361581890418,0.5137362637362637,0.6108333333333333,0.6108333333333333,677.3983235934384,728,0.6970833333333334,2400
stale_price,21009,net_sd_scaled_legacy_style,0.3461403630277474,0.6568242768919399,0.6568242768919399,0.6456043956043956,0.715,0.715,677.3983235934384,728,0.6970833333333334,2400
stale_price,21010,fixed_0.2,0.2,0.8237159347671513,0.8237159347671513,0.8227513227513228,0.8354166666666667,0.8354166666666667,707.3920513821466,756,0.7120833333333333,2400
stale_price,21010,fixed_0.35,0.35,0.684749128412764,0.684749128412764,0.6838624338624338,0.7241666666666666,0.7241666666666666,707.3920513821466,756,0.7120833333333333,2400
stale_price,21010,fixed_0.5,0.5,0.5513960546390833,0.5513960546390833,0.548941798941799,0.6129166666666667,0.6129166666666667,707.3920513821466,756,0.7120833333333333,2400
stale_price,21010,net_sd_scaled_legacy_style,0.3504850097168154,0.684749128412764,0.684749128412764,0.6838624338624338,0.72375,0.72375,707.3920513821466,756,0.7120833333333333,2400
stale_price,21011,fixed_0.2,0.2,0.8162593926719172,0.8162593926719172,0.8109919571045576,0.8308333333333333,0.8308333333333333,694.7792927516878,746,0.7108333333333333,2400
stale_price,21011,fixed_0.35,0.35,0.6823884324031938,0.6823884324031938,0.6729222520107239,0.7275,0.7275,694.7792927516878,746,0.7108333333333333,2400
stale_price,21011,fixed_0.5,0.5,0.5630481512255642,0.5630481512255642,0.5495978552278821,0.62875,0.62875,694.7792927516878,746,0.7108333333333333,2400
stale_price,21011,net_sd_scaled_legacy_style,0.3503674391058393,0.6809491264100064,0.6809491264100064,0.6715817694369973,0.7270833333333333,0.7270833333333333,694.7792927516878,746,0.7108333333333333,2400
stale_price,21012,fixed_0.2,0.2,0.8375432139623675,0.8375432139623675,0.8335607094133697,0.8425,0.8425,685.2926933329586,733,0.6995833333333333,2400
stale_price,21012,fixed_0.35,0.35,0.7093799975817786,0.7093799975817786,0.7012278308321964,0.7329166666666667,0.7329166666666667,685.2926933329586,733,0.6995833333333333,2400
stale_price,21012,fixed_0.5,0.5,0.5739911198300486,0.5739911198300486,0.5607094133697135,0.6191666666666666,0.6191666666666666,685.2926933329586,733,0.6995833333333333,2400
stale_price,21012,net_sd_scaled_legacy_style,0.35040045263242325,0.7093799975817786,0.7093799975817786,0.7012278308321964,0.7329166666666667,0.7329166666666667,685.2926933329586,733,0.6995833333333333,2400
stale_price,21013,fixed_0.2,0.2,0.801060252471704,0.801060252471704,0.7969613259668509,0.8329166666666666,0.8329166666666666,674.0854002851561,724,0.7020833333333333,2400
stale_price,21013,fixed_0.35,0.35,0.6850937600193394,0.6850937600193394,0.6795580110497238,0.7291666666666666,0.7291666666666666,674.0854002851561,724,0.7020833333333333,2400
stale_price,21013,fixed_0.5,0.5,0.5540555890660603,0.5540555890660603,0.5455801104972375,0.6154166666666666,0.6154166666666666,674.0854002851561,724,0.7020833333333333,2400
stale_price,21013,net_sd_scaled_legacy_style,0.3459722004631885,0.6898984128890141,0.6898984128890141,0.6850828729281768,0.7320833333333333,0.7320833333333333,674.0854002851561,724,0.7020833333333333,2400
stale_price,21014,fixed_0.2,0.2,0.8497823172566503,0.8497823172566503,0.8466947960618847,0.8333333333333334,0.8333333333333334,664.0531011737307,711,0.6945833333333333,2400
stale_price,21014,fixed_0.35,0.35,0.7153646830605371,0.7153646830605371,0.710267229254571,0.7116666666666667,0.7116666666666667,664.0531011737307,711,0.6945833333333333,2400
stale_price,21014,fixed_0.5,0.5,0.5954365069994191,0.5954365069994191,0.5864978902953587,0.60875,0.60875,664.0531011737307,711,0.6945833333333333,2400
stale_price,21014,net_sd_scaled_legacy_style,0.338310643276003,0.7238683033998402,0.7238683033998402,0.7187060478199718,0.7225,0.7225,664.0531011737307,711,0.6945833333333333,2400
stale_price,21015,fixed_0.2,0.2,0.8042187849671951,0.8042187849671951,0.8027027027027027,0.8366666666666667,0.8366666666666667,685.3015012179321,740,0.6995833333333333,2400
stale_price,21015,fixed_0.35,0.35,0.6814436645023916,0.6814436645023916,0.672972972972973,0.7195833333333334,0.7195833333333334,685.3015012179321,740,0.6995833333333333,2400
stale_price,21015,fixed_0.5,0.5,0.5481097682633632,0.5481097682633632,0.5391891891891892,0.6095833333333334,0.6095833333333334,685.3015012179321,740,0.6995833333333333,2400
stale_price,21015,net_sd_scaled_legacy_style,0.3411099237890063,0.6892828188034971,0.6892828188034971,0.6810810810810811,0.7266666666666667,0.7266666666666667,685.3015012179321,740,0.6995833333333333,2400
stale_price,21016,fixed_0.2,0.2,0.8219705500829114,0.8219705500829114,0.8165517241379311,0.8466666666666667,0.8466666666666667,678.5488391220171,725,0.6945833333333333,2400
stale_price,21016,fixed_0.35,0.35,0.6917304434983472,0.6917304434983472,0.6855172413793104,0.74125,0.74125,678.5488391220171,725,0.6945833333333333,2400
stale_price,21016,fixed_0.5,0.5,0.5361867906888526,0.5361867906888526,0.5296551724137931,0.6295833333333334,0.6295833333333334,678.5488391220171,725,0.6945833333333333,2400
stale_price,21016,net_sd_scaled_legacy_style,0.34977791764481353,0.6917304434983472,0.6917304434983472,0.6855172413793104,0.74125,0.74125,678.5488391220171,725,0.6945833333333333,2400
stale_price,21017,fixed_0.2,0.2,0.8373369174592061,0.8373369174592061,0.8379501385041551,0.84375,0.84375,675.205180497958,722,0.705,2400
stale_price,21017,fixed_0.35,0.35,0.6963889253939006,0.6963889253939006,0.6966759002770083,0.7254166666666667,0.7254166666666667,675.205180497958,722,0.705,2400
stale_price,21017,fixed_0.5,0.5,0.5576042155204707,0.5576042155204707,0.5526315789473685,0.61875,0.61875,675.205180497958,722,0.705,2400
stale_price,21017,net_sd_scaled_legacy_style,0.3521979698810497,0.6963889253939006,0.6963889253939006,0.6966759002770083,0.725,0.725,675.205180497958,722,0.705,2400
stale_price,21018,fixed_0.2,0.2,0.8388901347364284,0.8388901347364284,0.8385826771653543,0.8354166666666667,0.8354166666666667,707.664009594777,762,0.71,2400
stale_price,21018,fixed_0.35,0.35,0.6919535835178857,0.6919535835178857,0.6863517060367454,0.7183333333333334,0.7183333333333334,707.664009594777,762,0.71,2400
stale_price,21018,fixed_0.5,0.5,0.547226791630783,0.547226791630783,0.5354330708661418,0.6079166666666667,0.6079166666666667,707.664009594777,762,0.71,2400
stale_price,21018,net_sd_scaled_legacy_style,0.3544679298079946,0.686921793544076,0.686921793544076,0.6811023622047244,0.715,0.715,707.664009594777,762,0.71,2400
stale_price,21019,fixed_0.2,0.2,0.8445865264761946,0.8445865264761946,0.8346666666666667,0.8429166666666666,0.8429166666666666,697.655631217254,750,0.6995833333333333,2400
stale_price,21019,fixed_0.35,0.35,0.7194265376054633,0.7194265376054633,0.712,0.735,0.735,697.655631217254,750,0.6995833333333333,2400
stale_price,21019,fixed_0.5,0.5,0.5766269757085098,0.5766269757085098,0.568,0.6158333333333333,0.6158333333333333,697.655631217254,750,0.6995833333333333,2400
stale_price,21019,net_sd_scaled_legacy_style,0.34619558899565167,0.722293281469496,0.722293281469496,0.7146666666666667,0.73625,0.73625,697.655631217254,750,0.6995833333333333,2400
stale_price,21020,fixed_0.2,0.2,0.8156440321200984,0.8156440321200984,0.8123287671232877,0.8470833333333333,0.8470833333333333,677.5908155336593,730,0.7075,2400
stale_price,21020,fixed_0.35,0.35,0.6613548725263025,0.6613548725263025,0.6561643835616439,0.7258333333333333,0.7258333333333333,677.5908155336593,730,0.7075,2400
stale_price,21020,fixed_0.5,0.5,0.5188098708025323,0.5188098708025323,0.5095890410958904,0.6120833333333333,0.6120833333333333,677.5908155336593,730,0.7075,2400
stale_price,21020,net_sd_scaled_legacy_style,0.34552061833090053,0.6673801516611864,0.6673801516611864,0.663013698630137,0.73125,0.73125,677.5908155336593,730,0.7075,2400
stale_price,21021,fixed_0.2,0.2,0.8105265662679884,0.8105265662679884,0.8097222222222222,0.8358333333333333,0.8358333333333333,669.9530284333514,720,0.6891666666666667,2400
stale_price,21021,fixed_0.35,0.35,0.6768131505209447,0.6768131505209447,0.6708333333333333,0.7283333333333334,0.7283333333333334,669.9530284333514,720,0.6891666666666667,2400
stale_price,21021,fixed_0.5,0.5,0.5383792815641163,0.5383792815641163,0.525,0.6229166666666667,0.6229166666666667,669.9530284333514,720,0.6891666666666667,2400
stale_price,21021,net_sd_scaled_legacy_style,0.3503783511055657,0.6768131505209447,0.6768131505209447,0.6708333333333333,0.7279166666666667,0.7279166666666667,669.9530284333514,720,0.6891666666666667,2400
stale_price,21022,fixed_0.2,0.2,0.8391851704107685,0.8391851704107685,0.8366800535475234,0.83375,0.83375,696.4074847351446,747,0.70625,2400
stale_price,21022,fixed_0.35,0.35,0.702241172919937,0.702241172919937,0.6961178045515395,0.72375,0.72375,696.4074847351446,747,0.70625,2400
stale_price,21022,fixed_0.5,0.5,0.586439327882585,0.586439327882585,0.5769745649263721,0.6108333333333333,0.6108333333333333,696.4074847351446,747,0.70625,2400
stale_price,21022,net_sd_scaled_legacy_style,0.34929197575255844,0.7038795970158405,0.7038795970158405,0.6974564926372155,0.7245833333333334,0.7245833333333334,696.4074847351446,747,0.70625,2400
stale_price,21023,fixed_0.2,0.2,0.8230084065096447,0.8230084065096447,0.8170563961485557,0.8395833333333333,0.8395833333333333,679.7731967470052,727,0.7070833333333333,2400
stale_price,21023,fixed_0.35,0.35,0.700181916170572,0.700181916170572,0.6918844566712518,0.74125,0.74125,679.7731967470052,727,0.7070833333333333,2400
stale_price,21023,fixed_0.5,0.5,0.5713972012826894,0.5713972012826894,0.5653370013755158,0.6308333333333334,0.6308333333333334,679.7731967470052,727,0.7070833333333333,2400
stale_price,21023,net_sd_scaled_legacy_style,0.35447196509987383,0.6971632389129034,0.6971632389129034,0.6891334250343879,0.7391666666666666,0.7391666666666666,679.7731967470052,727,0.7070833333333333,2400
stale_price,21024,fixed_0.2,0.2,0.8096038710731782,0.8096038710731782,0.8019390581717452,0.8383333333333334,0.8383333333333334,671.9323347223313,722,0.6916666666666667,2400
stale_price,21024,fixed_0.35,0.35,0.6989068947035779,0.6989068947035779,0.6925207756232687,0.7308333333333333,0.7308333333333333,671.9323347223313,722,0.6916666666666667,2400
stale_price,21024,fixed_0.5,0.5,0.565048211231061,0.565048211231061,0.5581717451523546,0.6233333333333333,0.6233333333333333,671.9323347223313,722,0.6916666666666667,2400
stale_price,21024,net_sd_scaled_legacy_style,0.3499562811765886,0.6989068947035779,0.6989068947035779,0.6925207756232687,0.7308333333333333,0.7308333333333333,671.9323347223313,722,0.6916666666666667,2400
stale_price,21025,fixed_0.2,0.2,0.8309853245926718,0.8309853245926718,0.8274932614555256,0.8395833333333333,0.8395833333333333,690.8770280559429,742,0.69875,2400
stale_price,21025,fixed_0.35,0.35,0.6948413188223029,0.6948413188223029,0.6886792452830188,0.7291666666666666,0.7291666666666666,690.8770280559429,742,0.69875,2400
stale_price,21025,fixed_0.5,0.5,0.56080309892991,0.56080309892991,0.5498652291105122,0.6233333333333333,0.6233333333333333,690.8770280559429,742,0.69875,2400
stale_price,21025,net_sd_scaled_legacy_style,0.3510555635294674,0.693485043636129,0.693485043636129,0.6873315363881402,0.7283333333333334,0.7283333333333334,690.8770280559429,742,0.69875,2400
stale_price,21026,fixed_0.2,0.2,0.8225239398510557,0.8225239398510557,0.8204081632653061,0.8320833333333333,0.8320833333333333,683.3615944343165,735,0.70375,2400
stale_price,21026,fixed_0.35,0.35,0.6638292899596585,0.6638292899596585,0.6598639455782312,0.7120833333333333,0.7120833333333333,683.3615944343165,735,0.70375,2400
stale_price,21026,fixed_0.5,0.5,0.5367290720669727,0.5367290720669727,0.5292517006802722,0.6079166666666667,0.6079166666666667,683.3615944343165,735,0.70375,2400
stale_price,21026,net_sd_scaled_legacy_style,0.35361621615155453,0.6621963395783534,0.6621963395783534,0.6585034013605442,0.7095833333333333,0.7095833333333333,683.3615944343165,735,0.70375,2400
stale_price,21027,fixed_0.2,0.2,0.8132532088106527,0.8132532088106527,0.8099062918340026,0.8391666666666666,0.8391666666666666,694.708843913133,747,0.7095833333333333,2400
stale_price,21027,fixed_0.35,0.35,0.6868953576497977,0.6868953576497977,0.6827309236947792,0.72875,0.72875,694.708843913133,747,0.7095833333333333,2400
stale_price,21027,fixed_0.5,0.5,0.560695040169682,0.560695040169682,0.5502008032128514,0.6225,0.6225,694.708843913133,747,0.7095833333333333,2400
stale_price,21027,net_sd_scaled_legacy_style,0.3519045915480266,0.6846012603951824,0.6846012603951824,0.6800535475234271,0.7266666666666667,0.7266666666666667,694.708843913133,747,0.7095833333333333,2400
stale_price,21028,fixed_0.2,0.2,0.8291418103233757,0.8291418103233757,0.8278145695364238,0.84125,0.84125,702.0411081015338,755,0.7133333333333334,2400
stale_price,21028,fixed_0.35,0.35,0.6975546217418289,0.6975546217418289,0.6887417218543046,0.7216666666666667,0.7216666666666667,702.0411081015338,755,0.7133333333333334,2400
stale_price,21028,fixed_0.5,0.5,0.5629173156091185,0.5629173156091185,0.5536423841059602,0.6104166666666667,0.6104166666666667,702.0411081015338,755,0.7133333333333334,2400
stale_price,21028,net_sd_scaled_legacy_style,0.34810110520386794,0.6992957971870536,0.6992957971870536,0.6900662251655629,0.7229166666666667,0.7229166666666667,702.0411081015338,755,0.7133333333333334,2400
stale_price,21029,fixed_0.2,0.2,0.807246982800945,0.807246982800945,0.8049113233287858,0.845,0.845,683.8376313909135,733,0.7054166666666667,2400
stale_price,21029,fixed_0.35,0.35,0.6614413400117986,0.6614413400117986,0.654843110504775,0.7270833333333333,0.7270833333333333,683.8376313909135,733,0.7054166666666667,2400
stale_price,21029,fixed_0.5,0.5,0.5290767930264533,0.5290767930264533,0.5184174624829468,0.6204166666666666,0.6204166666666666,683.8376313909135,733,0.7054166666666667,2400
stale_price,21029,net_sd_scaled_legacy_style,0.35401702581216277,0.6569948238432558,0.6569948238432558,0.6493860845839018,0.7233333333333334,0.7233333333333334,683.8376313909135,733,0.7054166666666667,2400
stale_price,21030,fixed_0.2,0.2,0.8106276537496168,0.8106276537496168,0.8044328552803129,0.84125,0.84125,707.7124629336587,767,0.7029166666666666,2400
stale_price,21030,fixed_0.35,0.35,0.6933377613725025,0.6933377613725025,0.6870925684485006,0.7333333333333333,0.7333333333333333,707.7124629336587,767,0.7029166666666666,2400
stale_price,21030,fixed_0.5,0.5,0.5629343550106435,0.5629343550106435,0.5528031290743155,0.6275,0.6275,707.7124629336587,767,0.7029166666666666,2400
stale_price,21030,net_sd_scaled_legacy_style,0.3495477627760434,0.6960002388442592,0.6960002388442592,0.6897001303780965,0.7345833333333334,0.7345833333333334,707.7124629336587,767,0.7029166666666666,2400
stale_price,21031,fixed_0.2,0.2,0.7990499731776018,0.7990499731776018,0.7892670157068062,0.8420833333333333,0.8420833333333333,708.0763299954768,764,0.71375,2400
stale_price,21031,fixed_0.35,0.35,0.6752380707006911,0.6752380707006911,0.6609947643979057,0.7358333333333333,0.7358333333333333,708.0763299954768,764,0.71375,2400
stale_price,21031,fixed_0.5,0.5,0.5415616739023824,0.5415616739023824,0.5261780104712042,0.62625,0.62625,708.0763299954768,764,0.71375,2400
stale_price,21031,net_sd_scaled_legacy_style,0.3568142048811728,0.6695048505403876,0.6695048505403876,0.6557591623036649,0.72875,0.72875,708.0763299954768,764,0.71375,2400
stale_price,21032,fixed_0.2,0.2,0.8117848249055942,0.8117848249055942,0.8036410923276983,0.8404166666666667,0.8404166666666667,709.1882705248842,769,0.7166666666666667,2400
stale_price,21032,fixed_0.35,0.35,0.6745865702935522,0.6745865702935522,0.6671001300390117,0.7283333333333334,0.7283333333333334,709.1882705248842,769,0.7166666666666667,2400
stale_price,21032,fixed_0.5,0.5,0.5283263701801367,0.5283263701801367,0.5188556566970091,0.6195833333333334,0.6195833333333334,709.1882705248842,769,0.7166666666666667,2400
stale_price,21032,net_sd_scaled_legacy_style,0.3518712854783173,0.6724465302943933,0.6724465302943933,0.6644993498049415,0.72625,0.72625,709.1882705248842,769,0.7166666666666667,2400
stale_price,21033,fixed_0.2,0.2,0.8277159028660901,0.8277159028660901,0.8261474269819193,0.8404166666666667,0.8404166666666667,667.8331735662321,719,0.70125,2400
stale_price,21033,fixed_0.35,0.35,0.6715649862326375,0.6715649862326375,0.6675938803894298,0.71125,0.71125,667.8331735662321,719,0.70125,2400
stale_price,21033,fixed_0.5,0.5,0.5483162140115364,0.5483162140115364,0.541029207232267,0.6058333333333333,0.6058333333333333,667.8331735662321,719,0.70125,2400
stale_price,21033,net_sd_scaled_legacy_style,0.3492168068947471,0.6717916929080677,0.6717916929080677,0.6675938803894298,0.7116666666666667,0.7116666666666667,667.8331735662321,719,0.70125,2400
stale_price,21034,fixed_0.2,0.2,0.8123636782789992,0.8123636782789992,0.8061911170928667,0.8370833333333333,0.8370833333333333,684.7448692136174,743,0.70125,2400
stale_price,21034,fixed_0.35,0.35,0.6771671990801477,0.6771671990801477,0.6675639300134589,0.71875,0.71875,684.7448692136174,743,0.70125,2400
stale_price,21034,fixed_0.5,0.5,0.5636391398894155,0.5636391398894155,0.5531628532974427,0.6170833333333333,0.6170833333333333,684.7448692136174,743,0.70125,2400
stale_price,21034,net_sd_scaled_legacy_style,0.3464273220494907,0.6839523560352233,0.6839523560352233,0.6756393001345895,0.7233333333333334,0.7233333333333334,684.7448692136174,743,0.70125,2400
stale_price,21035,fixed_0.2,0.2,0.829865723525043,0.829865723525043,0.8213802435723951,0.8458333333333333,0.8458333333333333,689.4046842891513,739,0.7083333333333334,2400
stale_price,21035,fixed_0.35,0.35,0.6918478215860431,0.6918478215860431,0.6792963464140731,0.725,0.725,689.4046842891513,739,0.7083333333333334,2400
stale_price,21035,fixed_0.5,0.5,0.5493180960570608,0.5493180960570608,0.5317997293640054,0.6125,0.6125,689.4046842891513,739,0.7083333333333334,2400
stale_price,21035,net_sd_scaled_legacy_style,0.35573883953567903,0.68374329963212,0.68374329963212,0.6698240866035182,0.71875,0.71875,689.4046842891513,739,0.7083333333333334,2400
stale_price,21036,fixed_0.2,0.2,0.8260929398674661,0.8260929398674661,0.8181818181818182,0.8329166666666666,0.8329166666666666,674.2030873494236,737,0.6979166666666666,2400
stale_price,21036,fixed_0.35,0.35,0.677083970045682,0.677083970045682,0.6621438263229308,0.72625,0.72625,674.2030873494236,737,0.6979166666666666,2400
stale_price,21036,fixed_0.5,0.5,0.544272287432285,0.544272287432285,0.5237449118046132,0.6154166666666666,0.6154166666666666,674.2030873494236,737,0.6979166666666666,2400
stale_price,21036,net_sd_scaled_legacy_style,0.3568760465877107,0.6713348425139033,0.6713348425139033,0.655359565807327,0.7204166666666667,0.7204166666666667,674.2030873494236,737,0.6979166666666666,2400
stale_price,21037,fixed_0.2,0.2,0.8281962975021515,0.8281962975021515,0.8278236914600551,0.84875,0.84875,680.2228901895662,726,0.70375,2400
stale_price,21037,fixed_0.35,0.35,0.6851393607640462,0.6851393607640462,0.6831955922865014,0.73625,0.73625,680.2228901895662,726,0.70375,2400
stale_price,21037,fixed_0.5,0.5,0.5613504028482553,0.5613504028482553,0.5578512396694215,0.6270833333333333,0.6270833333333333,680.2228901895662,726,0.70375,2400
stale_price,21037,net_sd_scaled_legacy_style,0.3404535647964277,0.6933705908786847,0.6933705908786847,0.6914600550964187,0.7433333333333333,0.7433333333333333,680.2228901895662,726,0.70375,2400
stale_price,21038,fixed_0.2,0.2,0.8168647348794665,0.8168647348794665,0.8090185676392573,0.8379166666666666,0.8379166666666666,697.1973825664635,754,0.7095833333333333,2400
stale_price,21038,fixed_0.35,0.35,0.6851412868287481,0.6851412868287481,0.6750663129973474,0.7191666666666666,0.7191666666666666,697.1973825664635,754,0.7095833333333333,2400
stale_price,21038,fixed_0.5,0.5,0.5477990957628369,0.5477990957628369,0.5384615384615384,0.6095833333333334,0.6095833333333334,697.1973825664635,754,0.7095833333333333,2400
stale_price,21038,net_sd_scaled_legacy_style,0.3501517823474711,0.6851412868287481,0.6851412868287481,0.6750663129973474,0.7191666666666666,0.7191666666666666,697.1973825664635,754,0.7095833333333333,2400
stale_price,21039,fixed_0.2,0.2,0.7989777858244174,0.7989777858244174,0.7952314165497896,0.8433333333333334,0.8433333333333334,668.9911463704162,713,0.69625,2400
stale_price,21039,fixed_0.35,0.35,0.6456991132139732,0.6456991132139732,0.6339410939691444,0.7191666666666666,0.7191666666666666,668.9911463704162,713,0.69625,2400
stale_price,21039,fixed_0.5,0.5,0.5267739519130445,0.5267739519130445,0.5105189340813464,0.6116666666666667,0.6116666666666667,668.9911463704162,713,0.69625,2400
stale_price,21039,net_sd_scaled_legacy_style,0.35001309444354584,0.6456991132139732,0.6456991132139732,0.6339410939691444,0.7191666666666666,0.7191666666666666,668.9911463704162,713,0.69625,2400
stale_price,21040,fixed_0.2,0.2,0.8344849476757433,0.8344849476757433,0.8315068493150685,0.84,0.84,684.2183778802382,730,0.7045833333333333,2400
stale_price,21040,fixed_0.35,0.35,0.6943868899725665,0.6943868899725665,0.689041095890411,0.7254166666666667,0.7254166666666667,684.2183778802382,730,0.7045833333333333,2400
stale_price,21040,fixed_0.5,0.5,0.5653657294285641,0.5653657294285641,0.5602739726027397,0.6258333333333334,0.6258333333333334,684.2183778802382,730,0.7045833333333333,2400
stale_price,21040,net_sd_scaled_legacy_style,0.34863304023556724,0.6958484116626124,0.6958484116626124,0.6904109589041096,0.7258333333333333,0.7258333333333333,684.2183778802382,730,0.7045833333333333,2400
stale_price,21041,fixed_0.2,0.2,0.8183609174134021,0.8183609174134021,0.8151595744680851,0.8429166666666666,0.8429166666666666,699.9076567467393,752,0.7145833333333333,2400
stale_price,21041,fixed_0.35,0.35,0.6768096841487697,0.6768096841487697,0.6702127659574468,0.72,0.72,699.9076567467393,752,0.7145833333333333,2400
stale_price,21041,fixed_0.5,0.5,0.5408401963102403,0.5408401963102403,0.5292553191489362,0.6095833333333334,0.6095833333333334,699.9076567467393,752,0.7145833333333333,2400
stale_price,21041,net_sd_scaled_legacy_style,0.3454707904226564,0.6858089357870959,0.6858089357870959,0.6795212765957447,0.7245833333333334,0.7245833333333334,699.9076567467393,752,0.7145833333333333,2400
stale_price,21042,fixed_0.2,0.2,0.8324717471450161,0.8324717471450161,0.8237597911227154,0.8454166666666667,0.8454166666666667,705.6098488787311,766,0.71375,2400
stale_price,21042,fixed_0.35,0.35,0.710343288103976,0.710343288103976,0.6984334203655352,0.7295833333333334,0.7295833333333334,705.6098488787311,766,0.71375,2400
stale_price,21042,fixed_0.5,0.5,0.5757115949137553,0.5757115949137553,0.5587467362924282,0.6195833333333334,0.6195833333333334,705.6098488787311,766,0.71375,2400
stale_price,21042,net_sd_scaled_legacy_style,0.3544986823098907,0.710343288103976,0.710343288103976,0.6984334203655352,0.7266666666666667,0.7266666666666667,705.6098488787311,766,0.71375,2400
stale_price,21043,fixed_0.2,0.2,0.8281023255679772,0.8281023255679772,0.8235294117647058,0.84125,0.84125,708.1551847076405,765,0.7125,2400
stale_price,21043,fixed_0.35,0.35,0.6785602085647742,0.6785602085647742,0.6692810457516339,0.7229166666666667,0.7229166666666667,708.1551847076405,765,0.7125,2400
stale_price,21043,fixed_0.5,0.5,0.5414710259170437,0.5414710259170437,0.5333333333333333,0.6129166666666667,0.6129166666666667,708.1551847076405,765,0.7125,2400
stale_price,21043,net_sd_scaled_legacy_style,0.34205073458124435,0.6904303585787444,0.6904303585787444,0.681045751633987,0.7329166666666667,0.7329166666666667,708.1551847076405,765,0.7125,2400
stale_price,21044,fixed_0.2,0.2,0.8230872336175279,0.8230872336175279,0.8191780821917808,0.8429166666666666,0.8429166666666666,681.9856410044513,730,0.6958333333333333,2400
stale_price,21044,fixed_0.35,0.35,0.6845218235764793,0.6845218235764793,0.6794520547945205,0.7329166666666667,0.7329166666666667,681.9856410044513,730,0.6958333333333333,2400
stale_price,21044,fixed_0.5,0.5,0.549753012432435,0.549753012432435,0.5424657534246575,0.6154166666666666,0.6154166666666666,681.9856410044513,730,0.6958333333333333,2400
stale_price,21044,net_sd_scaled_legacy_style,0.3487052415880868,0.6857624913476764,0.6857624913476764,0.6808219178082192,0.73375,0.73375,681.9856410044513,730,0.6958333333333333,2400
stale_price,21045,fixed_0.2,0.2,0.7883523234123955,0.7883523234123955,0.7848443843031123,0.8320833333333333,0.8320833333333333,684.207985037865,739,0.7,2400
stale_price,21045,fixed_0.35,0.35,0.64312791466823,0.64312791466823,0.6373477672530447,0.7125,0.7125,684.207985037865,739,0.7,2400
stale_price,21045,fixed_0.5,0.5,0.5421152132485804,0.5421152132485804,0.5331529093369418,0.6125,0.6125,684.207985037865,739,0.7,2400
stale_price,21045,net_sd_scaled_legacy_style,0.34643307287826386,0.6460510024481677,0.6460510024481677,0.6400541271989174,0.7141666666666666,0.7141666666666666,684.207985037865,739,0.7,2400
stale_price,21046,fixed_0.2,0.2,0.8335859578751619,0.8335859578751619,0.829105473965287,0.8354166666666667,0.8354166666666667,694.9028805185014,749,0.7079166666666666,2400
stale_price,21046,fixed_0.35,0.35,0.7116389610944595,0.7116389610944595,0.7076101468624834,0.7270833333333333,0.7270833333333333,694.9028805185014,749,0.7079166666666666,2400
stale_price,21046,fixed_0.5,0.5,0.5784764534570411,0.5784764534570411,0.5700934579439252,0.62,0.62,694.9028805185014,749,0.7079166666666666,2400
stale_price,21046,net_sd_scaled_legacy_style,0.3460119866819904,0.7150129767451797,0.7150129767451797,0.7116154873164219,0.7295833333333334,0.7295833333333334,694.9028805185014,749,0.7079166666666666,2400
stale_price,21047,fixed_0.2,0.2,0.8104270629424276,0.8104270629424276,0.8085991678224688,0.8458333333333333,0.8458333333333333,674.2468875485006,721,0.70875,2400
stale_price,21047,fixed_0.35,0.35,0.6725624377612506,0.6725624377612506,0.665742024965326,0.7345833333333334,0.7345833333333334,674.2468875485006,721,0.70875,2400
stale_price,21047,fixed_0.5,0.5,0.5538001987842318,0.5538001987842318,0.5436893203883495,0.635,0.635,674.2468875485006,721,0.70875,2400
stale_price,21047,net_sd_scaled_legacy_style,0.3551950625387689,0.668765332994368,0.668765332994368,0.6615811373092927,0.73125,0.73125,674.2468875485006,721,0.70875,2400
stale_price,21048,fixed_0.2,0.2,0.8212102080369902,0.8212102080369902,0.8159340659340659,0.84875,0.84875,675.7288741687621,728,0.6995833333333333,2400
stale_price,21048,fixed_0.35,0.35,0.6825109913691874,0.6825109913691874,0.6771978021978022,0.7325,0.7325,675.7288741687621,728,0.6995833333333333,2400
stale_price,21048,fixed_0.5,0.5,0.547886574135604,0.547886574135604,0.5398351648351648,0.62625,0.62625,675.7288741687621,728,0.6995833333333333,2400
stale_price,21048,net_sd_scaled_legacy_style,0.348929755514399,0.6854707583355765,0.6854707583355765,0.679945054945055,0.7341666666666666,0.7341666666666666,675.7288741687621,728,0.6995833333333333,2400
stale_price,21049,fixed_0.2,0.2,0.820290164109731,0.820290164109731,0.8156808803301238,0.8358333333333333,0.8358333333333333,681.2267571190237,727,0.7045833333333333,2400
stale_price,21049,fixed_0.35,0.35,0.675313888696916,0.675313888696916,0.6698762035763411,0.7158333333333333,0.7158333333333333,681.2267571190237,727,0.7045833333333333,2400
stale_price,21049,fixed_0.5,0.5,0.5468486524559687,0.5468486524559687,0.5405777166437414,0.6033333333333334,0.6033333333333334,681.2267571190237,727,0.7045833333333333,2400
stale_price,21049,net_sd_scaled_legacy_style,0.3449557102264729,0.6767818286883354,0.6767818286883354,0.671251719394773,0.7175,0.7175,681.2267571190237,727,0.7045833333333333,2400
stale_price,21050,fixed_0.2,0.2,0.8162716667738708,0.8162716667738708,0.8126801152737753,0.83625,0.83625,653.0783895350644,694,0.6858333333333333,2400
stale_price,21050,fixed_0.35,0.35,0.6882570993906316,0.6882570993906316,0.6801152737752162,0.7183333333333334,0.7183333333333334,653.0783895350644,694,0.6858333333333333,2400
stale_price,21050,fixed_0.5,0.5,0.5766216828724816,0.5766216828724816,0.5706051873198847,0.61875,0.61875,653.0783895350644,694,0.6858333333333333,2400
stale_price,21050,net_sd_scaled_legacy_style,0.3466487848002904,0.6929321509975023,0.6929321509975023,0.6844380403458213,0.7216666666666667,0.7216666666666667,653.0783895350644,694,0.6858333333333333,2400
stale_price,21051,fixed_0.2,0.2,0.8080037721497533,0.8080037721497533,0.8059299191374663,0.83625,0.83625,693.6668037742533,742,0.7054166666666667,2400
stale_price,21051,fixed_0.35,0.35,0.6871574654363544,0.6871574654363544,0.6752021563342318,0.72375,0.72375,693.6668037742533,742,0.7054166666666667,2400
stale_price,21051,fixed_0.5,0.5,0.5808401436395404,0.5808401436395404,0.5673854447439353,0.6270833333333333,0.6270833333333333,693.6668037742533,742,0.7054166666666667,2400
stale_price,21051,net_sd_scaled_legacy_style,0.34916135642072144,0.6898048893320303,0.6898048893320303,0.6778975741239892,0.725,0.725,693.6668037742533,742,0.7054166666666667,2400
stale_price,21052,fixed_0.2,0.2,0.8174288319230156,0.8174288319230156,0.8194444444444444,0.845,0.845,669.0012110414368,720,0.6925,2400
stale_price,21052,fixed_0.35,0.35,0.6735075060277348,0.6735075060277348,0.6680555555555555,0.72625,0.72625,669.0012110414368,720,0.6925,2400
stale_price,21052,fixed_0.5,0.5,0.5444457353083261,0.5444457353083261,0.5388888888888889,0.6033333333333334,0.6033333333333334,669.0012110414368,720,0.6925,2400
stale_price,21052,net_sd_scaled_legacy_style,0.34498519075846884,0.6807571292751879,0.6807571292751879,0.6763888888888889,0.7308333333333333,0.7308333333333333,669.0012110414368,720,0.6925,2400
stale_price,21053,fixed_0.2,0.2,0.8478488085570701,0.8478488085570701,0.8406374501992032,0.8458333333333333,0.8458333333333333,701.0386724256691,753,0.7091666666666666,2400
stale_price,21053,fixed_0.35,0.35,0.6937838109603623,0.6937838109603623,0.6852589641434262,0.725,0.725,701.0386724256691,753,0.7091666666666666,2400
stale_price,21053,fixed_0.5,0.5,0.5520606366833144,0.5520606366833144,0.5391766268260292,0.6158333333333333,0.6158333333333333,701.0386724256691,753,0.7091666666666666,2400
stale_price,21053,net_sd_scaled_legacy_style,0.3483081913936642,0.6945526605716885,0.6945526605716885,0.6865869853917662,0.72625,0.72625,701.0386724256691,753,0.7091666666666666,2400
stale_price,21054,fixed_0.2,0.2,0.8385362987423655,0.8385362987423655,0.8375838926174497,0.85,0.85,700.8319317141616,745,0.7095833333333333,2400
stale_price,21054,fixed_0.35,0.35,0.7150257681943328,0.7150257681943328,0.7100671140939597,0.73625,0.73625,700.8319317141616,745,0.7095833333333333,2400
stale_price,21054,fixed_0.5,0.5,0.5888987458908508,0.5888987458908508,0.5812080536912752,0.6291666666666667,0.6291666666666667,700.8319317141616,745,0.7095833333333333,2400
stale_price,21054,net_sd_scaled_legacy_style,0.3613988524012787,0.7033868787976513,0.7033868787976513,0.697986577181208,0.7283333333333334,0.7283333333333334,700.8319317141616,745,0.7095833333333333,2400
stale_price,21055,fixed_0.2,0.2,0.7921893469092227,0.7921893469092227,0.782258064516129,0.83875,0.83875,686.6480787045502,744,0.7075,2400
stale_price,21055,fixed_0.35,0.35,0.6470089471045417,0.6470089471045417,0.6330645161290323,0.71875,0.71875,686.6480787045502,744,0.7075,2400
stale_price,21055,fixed_0.5,0.5,0.5171857282670687,0.5171857282670687,0.5013440860215054,0.6104166666666667,0.6104166666666667,686.6480787045502,744,0.7075,2400
stale_price,21055,net_sd_scaled_legacy_style,0.354732290409741,0.6454310227132005,0.6454310227132005,0.6317204301075269,0.71625,0.71625,686.6480787045502,744,0.7075,2400
stale_price,21056,fixed_0.2,0.2,0.8099997305062239,0.8099997305062239,0.8019125683060109,0.8404166666666667,0.8404166666666667,687.2310241700416,732,0.71375,2400
stale_price,21056,fixed_0.35,0.35,0.6651319644025353,0.6651319644025353,0.6557377049180327,0.7145833333333333,0.7145833333333333,687.2310241700416,732,0.71375,2400
stale_price,21056,fixed_0.5,0.5,0.551692033076415,0.551692033076415,0.5423497267759563,0.6008333333333333,0.6008333333333333,687.2310241700416,732,0.71375,2400
stale_price,21056,net_sd_scaled_legacy_style,0.34430959004374034,0.6727516661917224,0.6727516661917224,0.6639344262295082,0.7208333333333333,0.7208333333333333,687.2310241700416,732,0.71375,2400
stale_price,21057,fixed_0.2,0.2,0.814849443340018,0.814849443340018,0.8097826086956522,0.83125,0.83125,685.9201819641145,736,0.7058333333333333,2400
stale_price,21057,fixed_0.35,0.35,0.6819191687740078,0.6819191687740078,0.6766304347826086,0.71625,0.71625,685.9201819641145,736,0.7058333333333333,2400
stale_price,21057,fixed_0.5,0.5,0.5485930220922892,0.5485930220922892,0.5394021739130435,0.6120833333333333,0.6120833333333333,685.9201819641145,736,0.7058333333333333,2400
stale_price,21057,net_sd_scaled_legacy_style,0.34789533571102965,0.6833770643517943,0.6833770643517943,0.6779891304347826,0.7166666666666667,0.7166666666666667,685.9201819641145,736,0.7058333333333333,2400
stale_price,21058,fixed_0.2,0.2,0.8190696441928801,0.8190696441928801,0.811217510259918,0.8333333333333334,0.8333333333333334,679.3263445027671,731,0.7041666666666667,2400
stale_price,21058,fixed_0.35,0.35,0.6710768515206496,0.6710768515206496,0.6607387140902873,0.7154166666666667,0.7154166666666667,679.3263445027671,731,0.7041666666666667,2400
stale_price,21058,fixed_0.5,0.5,0.5509997682631048,0.5509997682631048,0.5430916552667578,0.6141666666666666,0.6141666666666666,679.3263445027671,731,0.7041666666666667,2400
stale_price,21058,net_sd_scaled_legacy_style,0.3474088568852015,0.674714202839553,0.674714202839553,0.66484268125855,0.7179166666666666,0.7179166666666666,679.3263445027671,731,0.7041666666666667,2400
stale_price,21059,fixed_0.2,0.2,0.8438887625825814,0.8438887625825814,0.8431372549019608,0.8525,0.8525,671.310665997491,714,0.7004166666666667,2400
stale_price,21059,fixed_0.35,0.35,0.6992781722466005,0.6992781722466005,0.6946778711484594,0.725,0.725,671.310665997491,714,0.7004166666666667,2400
stale_price,21059,fixed_0.5,0.5,0.5462585173042309,0.5462585173042309,0.5392156862745098,0.6083333333333333,0.6083333333333333,671.310665997491,714,0.7004166666666667,2400
stale_price,21059,net_sd_scaled_legacy_style,0.3444405935657284,0.7085444209878873,0.7085444209878873,0.7044817927170869,0.7329166666666667,0.7329166666666667,671.310665997491,714,0.7004166666666667,2400
stale_price,21060,fixed_0.2,0.2,0.8051969989660845,0.8051969989660845,0.8029689608636977,0.8279166666666666,0.8279166666666666,694.162545533135,741,0.7004166666666667,2400
stale_price,21060,fixed_0.35,0.35,0.6827442862570601,0.6827442862570601,0.680161943319838,0.7245833333333334,0.7245833333333334,694.162545533135,741,0.7004166666666667,2400
stale_price,21060,fixed_0.5,0.5,0.5446796850703326,0.5446796850703326,0.5411605937921727,0.6154166666666666,0.6154166666666666,694.162545533135,741,0.7004166666666667,2400
stale_price,21060,net_sd_scaled_legacy_style,0.3450443121237909,0.6886954737229016,0.6886954737229016,0.6855600539811066,0.7283333333333334,0.7283333333333334,694.162545533135,741,0.7004166666666667,2400
stale_price,21061,fixed_0.2,0.2,0.8039427443779689,0.8039427443779689,0.8021534320323015,0.8383333333333334,0.8383333333333334,694.7779741721315,743,0.6966666666666667,2400
stale_price,21061,fixed_0.35,0.35,0.6556024854531799,0.6556024854531799,0.6473755047106325,0.72,0.72,694.7779741721315,743,0.6966666666666667,2400
stale_price,21061,fixed_0.5,0.5,0.5138699059153524,0.5138699059153524,0.5033647375504711,0.59625,0.59625,694.7779741721315,743,0.6966666666666667,2400
stale_price,21061,net_sd_scaled_legacy_style,0.34382997479639915,0.6593699919558528,0.6593699919558528,0.6514131897711979,0.7233333333333334,0.7233333333333334,694.7779741721315,743,0.6966666666666667,2400
stale_price,21062,fixed_0.2,0.2,0.8324819082473819,0.8324819082473819,0.8251748251748252,0.8441666666666666,0.8441666666666666,667.0973973236196,715,0.69125,2400
stale_price,21062,fixed_0.35,0.35,0.6833487323641282,0.6833487323641282,0.676923076923077,0.7241666666666666,0.7241666666666666,667.0973973236196,715,0.69125,2400
stale_price,21062,fixed_0.5,0.5,0.5387723365353375,0.5387723365353375,0.5328671328671328,0.6133333333333333,0.6133333333333333,667.0973973236196,715,0.69125,2400
stale_price,21062,net_sd_scaled_legacy_style,0.3493577053024097,0.686288721526413,0.686288721526413,0.6797202797202797,0.7254166666666667,0.7254166666666667,667.0973973236196,715,0.69125,2400
stale_price,21063,fixed_0.2,0.2,0.7971321430478135,0.7971321430478135,0.7900403768506057,0.8383333333333334,0.8383333333333334,689.9358082790244,743,0.7091666666666666,2400
stale_price,21063,fixed_0.35,0.35,0.6694266864137163,0.6694266864137163,0.6648721399730821,0.7216666666666667,0.7216666666666667,689.9358082790244,743,0.7091666666666666,2400
stale_price,21063,fixed_0.5,0.5,0.5324297322765968,0.5324297322765968,0.5235531628532974,0.60875,0.60875,689.9358082790244,743,0.7091666666666666,2400
stale_price,21063,net_sd_scaled_legacy_style,0.3473599150921122,0.6694266864137163,0.6694266864137163,0.6648721399730821,0.7225,0.7225,689.9358082790244,743,0.7091666666666666,2400
stale_price,21064,fixed_0.2,0.2,0.8162110966134686,0.8162110966134686,0.8100407055630936,0.8395833333333333,0.8395833333333333,682.4795732960998,737,0.70625,2400
stale_price,21064,fixed_0.35,0.35,0.6684432637365597,0.6684432637365597,0.6580732700135685,0.7166666666666667,0.7166666666666667,682.4795732960998,737,0.70625,2400
stale_price,21064,fixed_0.5,0.5,0.5536545602798542,0.5536545602798542,0.5440976933514247,0.6158333333333333,0.6158333333333333,682.4795732960998,737,0.70625,2400
stale_price,21064,net_sd_scaled_legacy_style,0.350566082031123,0.6684432637365597,0.6684432637365597,0.6580732700135685,0.7166666666666667,0.7166666666666667,682.4795732960998,737,0.70625,2400
stale_price,21065,fixed_0.2,0.2,0.8085756631449541,0.8085756631449541,0.8056265984654731,0.8458333333333333,0.8458333333333333,723.641785817161,782,0.7158333333333333,2400
stale_price,21065,fixed_0.35,0.35,0.6720570489339469,0.6720570489339469,0.6636828644501279,0.7358333333333333,0.7358333333333333,723.641785817161,782,0.7158333333333333,2400
stale_price,21065,fixed_0.5,0.5,0.5582168345374172,0.5582168345374172,0.5498721227621484,0.6316666666666667,0.6316666666666667,723.641785817161,782,0.7158333333333333,2400
stale_price,21065,net_sd_scaled_legacy_style,0.3483520370053146,0.6741232103816934,0.6741232103816934,0.6662404092071611,0.7375,0.7375,723.641785817161,782,0.7158333333333333,2400
stale_price,21066,fixed_0.2,0.2,0.812493426299861,0.812493426299861,0.8058252427184466,0.8375,0.8375,667.0997136375768,721,0.6883333333333334,2400
stale_price,21066,fixed_0.35,0.35,0.655769586559634,0.655769586559634,0.6490984743411928,0.7179166666666666,0.7179166666666666,667.0997136375768,721,0.6883333333333334,2400
stale_price,21066,fixed_0.5,0.5,0.5585267906113512,0.5585267906113512,0.5478502080443828,0.6229166666666667,0.6229166666666667,667.0997136375768,721,0.6883333333333334,2400
stale_price,21066,net_sd_scaled_legacy_style,0.3506279012774462,0.655769586559634,0.655769586559634,0.6490984743411928,0.7175,0.7175,667.0997136375768,721,0.6883333333333334,2400
stale_price,21067,fixed_0.2,0.2,0.8108840682903992,0.8108840682903992,0.8075916230366492,0.8320833333333333,0.8320833333333333,704.7055637847018,764,0.7125,2400
stale_price,21067,fixed_0.35,0.35,0.6781371842143437,0.6781371842143437,0.6740837696335078,0.70875,0.70875,704.7055637847018,764,0.7125,2400
stale_price,21067,fixed_0.5,0.5,0.5508801373555459,0.5508801373555459,0.5431937172774869,0.6058333333333333,0.6058333333333333,704.7055637847018,764,0.7125,2400
stale_price,21067,net_sd_scaled_legacy_style,0.35339352560861875,0.6757864464263583,0.6757864464263583,0.6714659685863874,0.7054166666666667,0.7054166666666667,704.7055637847018,764,0.7125,2400
stale_price,21068,fixed_0.2,0.2,0.7830056022789058,0.7830056022789058,0.7750677506775068,0.8179166666666666,0.8179166666666666,689.19145231018,738,0.7079166666666666,2400
stale_price,21068,fixed_0.35,0.35,0.6753508628050092,0.6753508628050092,0.6626016260162602,0.715,0.715,689.19145231018,738,0.7079166666666666,2400
stale_price,21068,fixed_0.5,0.5,0.5477617184440169,0.5477617184440169,0.5338753387533876,0.5979166666666667,0.5979166666666667,689.19145231018,738,0.7079166666666666,2400
stale_price,21068,net_sd_scaled_legacy_style,0.33891856987648256,0.6869190607885651,0.6869190607885651,0.6734417344173442,0.72375,0.72375,689.19145231018,738,0.7079166666666666,2400
stale_price,21069,fixed_0.2,0.2,0.82209587204536,0.82209587204536,0.8174386920980926,0.8395833333333333,0.8395833333333333,690.640744674004,734,0.7125,2400
stale_price,21069,fixed_0.35,0.35,0.6742068380124817,0.6742068380124817,0.6662125340599455,0.7125,0.7125,690.640744674004,734,0.7125,2400
stale_price,21069,fixed_0.5,0.5,0.5218807577104604,0.5218807577104604,0.5149863760217984,0.5941666666666666,0.5941666666666666,690.640744674004,734,0.7125,2400
stale_price,21069,net_sd_scaled_legacy_style,0.34389374285612506,0.6812234817037705,0.6812234817037705,0.6730245231607629,0.7166666666666667,0.7166666666666667,690.640744674004,734,0.7125,2400
stale_price,21070,fixed_0.2,0.2,0.8207829708378163,0.8207829708378163,0.8139825218476904,0.8416666666666667,0.8416666666666667,734.5292302056712,801,0.7225,2400
stale_price,21070,fixed_0.35,0.35,0.686379231443118,0.686379231443118,0.6741573033707865,0.7175,0.7175,734.5292302056712,801,0.7225,2400
stale_price,21070,fixed_0.5,0.5,0.5522911307239113,0.5522911307239113,0.5405742821473158,0.6079166666666667,0.6079166666666667,734.5292302056712,801,0.7225,2400
stale_price,21070,net_sd_scaled_legacy_style,0.3460922091275532,0.6877406476521366,0.6877406476521366,0.6754057428214731,0.72,0.72,734.5292302056712,801,0.7225,2400
stale_price,21071,fixed_0.2,0.2,0.7885029024884938,0.7885029024884938,0.7851239669421488,0.8304166666666667,0.8304166666666667,678.1705372471631,726,0.7066666666666667,2400
stale_price,21071,fixed_0.35,0.35,0.6525226010842625,0.6525226010842625,0.640495867768595,0.71125,0.71125,678.1705372471631,726,0.7066666666666667,2400
stale_price,21071,fixed_0.5,0.5,0.5438104034305559,0.5438104034305559,0.5316804407713499,0.6154166666666666,0.6154166666666666,678.1705372471631,726,0.7066666666666667,2400
stale_price,21071,net_sd_scaled_legacy_style,0.34994045998852497,0.6525226010842625,0.6525226010842625,0.640495867768595,0.71125,0.71125,678.1705372471631,726,0.7066666666666667,2400
stale_price,21072,fixed_0.2,0.2,0.8098166864769866,0.8098166864769866,0.8044077134986226,0.8354166666666667,0.8354166666666667,674.6005379548135,726,0.7,2400
stale_price,21072,fixed_0.35,0.35,0.6690118745883001,0.6690118745883001,0.6597796143250688,0.7204166666666667,0.7204166666666667,674.6005379548135,726,0.7,2400
stale_price,21072,fixed_0.5,0.5,0.5389857705435379,0.5389857705435379,0.5275482093663911,0.6133333333333333,0.6133333333333333,674.6005379548135,726,0.7,2400
stale_price,21072,net_sd_scaled_legacy_style,0.35526604774310283,0.6645888619796192,0.6645888619796192,0.6542699724517906,0.7170833333333333,0.7170833333333333,674.6005379548135,726,0.7,2400
stale_price,21073,fixed_0.2,0.2,0.7799778518569315,0.7799778518569315,0.7765205091937766,0.8258333333333333,0.8258333333333333,657.7106829547429,707,0.6845833333333333,2400
stale_price,21073,fixed_0.35,0.35,0.6715848003132201,0.6715848003132201,0.669024045261669,0.7254166666666667,0.7254166666666667,657.7106829547429,707,0.6845833333333333,2400
stale_price,21073,fixed_0.5,0.5,0.5237840379934686,0.5237840379934686,0.5205091937765205,0.6041666666666666,0.6041666666666666,657.7106829547429,707,0.6845833333333333,2400
stale_price,21073,net_sd_scaled_legacy_style,0.3471178171908205,0.6718949885277279,0.6718949885277279,0.669024045261669,0.7266666666666667,0.7266666666666667,657.7106829547429,707,0.6845833333333333,2400
stale_price,21074,fixed_0.2,0.2,0.8229287603785376,0.8229287603785376,0.8180574555403557,0.8454166666666667,0.8454166666666667,677.5673005352799,731,0.69625,2400
stale_price,21074,fixed_0.35,0.35,0.6841907871614856,0.6841907871614856,0.6757865937072504,0.7204166666666667,0.7204166666666667,677.5673005352799,731,0.69625,2400
stale_price,21074,fixed_0.5,0.5,0.5555494508803738,0.5555494508803738,0.5471956224350205,0.6145833333333334,0.6145833333333334,677.5673005352799,731,0.69625,2400
stale_price,21074,net_sd_scaled_legacy_style,0.3537460279696589,0.6784905880711036,0.6784905880711036,0.6703146374829001,0.7183333333333334,0.7183333333333334,677.5673005352799,731,0.69625,2400
stale_price,21075,fixed_0.2,0.2,0.8214122706247473,0.8214122706247473,0.8141112618724559,0.8425,0.8425,684.2699665909391,737,0.7016666666666667,2400
stale_price,21075,fixed_0.35,0.35,0.6908186780053001,0.6908186780053001,0.683853459972863,0.7233333333333334,0.7233333333333334,684.2699665909391,737,0.7016666666666667,2400
stale_price,21075,fixed_0.5,0.5,0.5476270221726075,0.5476270221726075,0.5386702849389416,0.6108333333333333,0.6108333333333333,684.2699665909391,737,0.7016666666666667,2400
stale_price,21075,net_sd_scaled_legacy_style,0.34553554080838245,0.6963908464248366,0.6963908464248366,0.689280868385346,0.7283333333333334,0.7283333333333334,684.2699665909391,737,0.7016666666666667,2400
stale_price,21076,fixed_0.2,0.2,0.8291334321627035,0.8291334321627035,0.8270777479892761,0.8445833333333334,0.8445833333333334,692.9036036863589,746,0.7083333333333334,2400
stale_price,21076,fixed_0.35,0.35,0.6867900569277464,0.6867900569277464,0.6809651474530831,0.7229166666666667,0.7229166666666667,692.9036036863589,746,0.7083333333333334,2400
stale_price,21076,fixed_0.5,0.5,0.5699312025251908,0.5699312025251908,0.564343163538874,0.6220833333333333,0.6220833333333333,692.9036036863589,746,0.7083333333333334,2400
stale_price,21076,net_sd_scaled_legacy_style,0.35542423834058967,0.6820247733465922,0.6820247733465922,0.675603217158177,0.71875,0.71875,692.9036036863589,746,0.7083333333333334,2400
stale_price,21077,fixed_0.2,0.2,0.8277356460352971,0.8277356460352971,0.8267929634641408,0.84,0.84,682.166599741937,739,0.6991666666666667,2400
stale_price,21077,fixed_0.35,0.35,0.6932132035174243,0.6932132035174243,0.6914749661705006,0.72875,0.72875,682.166599741937,739,0.6991666666666667,2400
stale_price,21077,fixed_0.5,0.5,0.5421914153977234,0.5421914153977234,0.5358592692828146,0.6170833333333333,0.6170833333333333,682.166599741937,739,0.6991666666666667,2400
stale_price,21077,net_sd_scaled_legacy_style,0.3511480751103637,0.6932132035174243,0.6932132035174243,0.6914749661705006,0.7279166666666667,0.7279166666666667,682.166599741937,739,0.6991666666666667,2400
stale_price,21078,fixed_0.2,0.2,0.8391914785306311,0.8391914785306311,0.8307493540051679,0.8525,0.8525,711.2749485702575,774,0.7183333333333334,2400
stale_price,21078,fixed_0.35,0.35,0.6901241072565338,0.6901241072565338,0.6782945736434108,0.7266666666666667,0.7266666666666667,711.2749485702575,774,0.7183333333333334,2400
stale_price,21078,fixed_0.5,0.5,0.5668055506092633,0.5668055506092633,0.5516795865633075,0.6266666666666667,0.6266666666666667,711.2749485702575,774,0.7183333333333334,2400
stale_price,21078,net_sd_scaled_legacy_style,0.34660236732197724,0.693034147365459,0.693034147365459,0.6808785529715762,0.7283333333333334,0.7283333333333334,711.2749485702575,774,0.7183333333333334,2400
stale_price,21079,fixed_0.2,0.2,0.8105193595137639,0.8105193595137639,0.8086838534599728,0.8425,0.8425,688.2206155166814,737,0.6995833333333333,2400
stale_price,21079,fixed_0.35,0.35,0.7041971885968877,0.7041971885968877,0.6974219810040706,0.7275,0.7275,688.2206155166814,737,0.6995833333333333,2400
stale_price,21079,fixed_0.5,0.5,0.5816290752719488,0.5816290752719488,0.5739484396200815,0.6216666666666667,0.6216666666666667,688.2206155166814,737,0.6995833333333333,2400
stale_price,21079,net_sd_scaled_legacy_style,0.3557186394523304,0.6998383080482632,0.6998383080482632,0.6933514246947082,0.72375,0.72375,688.2206155166814,737,0.6995833333333333,2400
stale_price,21080,fixed_0.2,0.2,0.811860331964209,0.811860331964209,0.8024691358024691,0.8370833333333333,0.8370833333333333,675.2270572215281,729,0.6995833333333333,2400
stale_price,21080,fixed_0.35,0.35,0.6829957352947433,0.6829957352947433,0.6721536351165981,0.7129166666666666,0.7129166666666666,675.2270572215281,729,0.6995833333333333,2400
stale_price,21080,fixed_0.5,0.5,0.5717265594982593,0.5717265594982593,0.5624142661179699,0.60625,0.60625,675.2270572215281,729,0.6995833333333333,2400
stale_price,21080,net_sd_scaled_legacy_style,0.34273040986530123,0.6888149979361428,0.6888149979361428,0.6776406035665294,0.7204166666666667,0.7204166666666667,675.2270572215281,729,0.6995833333333333,2400
stale_price,21081,fixed_0.2,0.2,0.8442461887747122,0.8442461887747122,0.8432732316227461,0.8579166666666667,0.8579166666666667,674.1840085674328,721,0.6958333333333333,2400
stale_price,21081,fixed_0.35,0.35,0.6917293723882136,0.6917293723882136,0.6879334257975035,0.7395833333333334,0.7395833333333334,674.1840085674328,721,0.6958333333333333,2400
stale_price,21081,fixed_0.5,0.5,0.5614074201957898,0.5614074201957898,0.5589459084604715,0.62125,0.62125,674.1840085674328,721,0.6958333333333333,2400
stale_price,21081,net_sd_scaled_legacy_style,0.35042293840724165,0.6917293723882136,0.6917293723882136,0.6879334257975035,0.7395833333333334,0.7395833333333334,674.1840085674328,721,0.6958333333333333,2400
stale_price,21082,fixed_0.2,0.2,0.8218873933355572,0.8218873933355572,0.8181818181818182,0.83625,0.83625,690.5678938532798,737,0.7016666666666667,2400
stale_price,21082,fixed_0.35,0.35,0.6957334733815959,0.6957334733815959,0.6879240162822252,0.7320833333333333,0.7320833333333333,690.5678938532798,737,0.7016666666666667,2400
stale_price,21082,fixed_0.5,0.5,0.5609748699436562,0.5609748699436562,0.5549525101763908,0.62125,0.62125,690.5678938532798,737,0.7016666666666667,2400
stale_price,21082,net_sd_scaled_legacy_style,0.3567938073254714,0.69288635885309,0.69288635885309,0.683853459972863,0.7270833333333333,0.7270833333333333,690.5678938532798,737,0.7016666666666667,2400
stale_price,21083,fixed_0.2,0.2,0.8050088736081216,0.8050088736081216,0.8008415147265077,0.8425,0.8425,665.3426094019073,713,0.695,2400
stale_price,21083,fixed_0.35,0.35,0.6422911390584164,0.6422911390584164,0.6325385694249649,0.7208333333333333,0.7208333333333333,665.3426094019073,713,0.695,2400
stale_price,21083,fixed_0.5,0.5,0.53333903684649,0.53333903684649,0.5259467040673211,0.6133333333333333,0.6133333333333333,665.3426094019073,713,0.695,2400
stale_price,21083,net_sd_scaled_legacy_style,0.3429849808296373,0.649376150584531,0.649376150584531,0.6395511921458625,0.7283333333333334,0.7283333333333334,665.3426094019073,713,0.695,2400
stale_price,21084,fixed_0.2,0.2,0.7963046351827933,0.7963046351827933,0.7918918918918919,0.845,0.845,683.649298165234,740,0.7141666666666666,2400
stale_price,21084,fixed_0.35,0.35,0.6733159165956698,0.6733159165956698,0.668918918918919,0.7333333333333333,0.7333333333333333,683.649298165234,740,0.7141666666666666,2400
stale_price,21084,fixed_0.5,0.5,0.566468257598519,0.566468257598519,0.5608108108108109,0.62875,0.62875,683.649298165234,740,0.7141666666666666,2400
stale_price,21084,net_sd_scaled_legacy_style,0.35661497012982524,0.6658903527565939,0.6658903527565939,0.6621621621621622,0.7275,0.7275,683.649298165234,740,0.7141666666666666,2400
stale_price,21085,fixed_0.2,0.2,0.8204493463117976,0.8204493463117976,0.816,0.8416666666666667,0.8416666666666667,693.9609050882775,750,0.7066666666666667,2400
stale_price,21085,fixed_0.35,0.35,0.6839830772878022,0.6839830772878022,0.6786666666666666,0.7166666666666667,0.7166666666666667,693.9609050882775,750,0.7066666666666667,2400
stale_price,21085,fixed_0.5,0.5,0.5382574032301938,0.5382574032301938,0.5293333333333333,0.6054166666666667,0.6054166666666667,693.9609050882775,750,0.7066666666666667,2400
stale_price,21085,net_sd_scaled_legacy_style,0.33993886664594336,0.6942380444022482,0.6942380444022482,0.6893333333333334,0.725,0.725,693.9609050882775,750,0.7066666666666667,2400
stale_price,21086,fixed_0.2,0.2,0.8185849820915945,0.8185849820915945,0.8140495867768595,0.8508333333333333,0.8508333333333333,680.8741446675399,726,0.7041666666666667,2400
stale_price,21086,fixed_0.35,0.35,0.7003300360118824,0.7003300360118824,0.6928374655647382,0.7358333333333333,0.7358333333333333,680.8741446675399,726,0.7041666666666667,2400
stale_price,21086,fixed_0.5,0.5,0.5597601061636372,0.5597601061636372,0.5523415977961432,0.6145833333333334,0.6145833333333334,680.8741446675399,726,0.7041666666666667,2400
stale_price,21086,net_sd_scaled_legacy_style,0.3486090096721048,0.7024730252638262,0.7024730252638262,0.6955922865013774,0.7366666666666667,0.7366666666666667,680.8741446675399,726,0.7041666666666667,2400
stale_price,21087,fixed_0.2,0.2,0.8265325769158162,0.8265325769158162,0.8226221079691517,0.8333333333333334,0.8333333333333334,715.1885089005906,778,0.7125,2400
stale_price,21087,fixed_0.35,0.35,0.7102204344529608,0.7102204344529608,0.699228791773779,0.73875,0.73875,715.1885089005906,778,0.7125,2400
stale_price,21087,fixed_0.5,0.5,0.5655525154504722,0.5655525154504722,0.5539845758354756,0.625,0.625,715.1885089005906,778,0.7125,2400
stale_price,21087,net_sd_scaled_legacy_style,0.3482530690908415,0.7102204344529608,0.7102204344529608,0.699228791773779,0.7395833333333334,0.7395833333333334,715.1885089005906,778,0.7125,2400
stale_price,21088,fixed_0.2,0.2,0.8222867399291139,0.8222867399291139,0.811443433029909,0.85125,0.85125,702.068207163823,769,0.70625,2400
stale_price,21088,fixed_0.35,0.35,0.6890907478926109,0.6890907478926109,0.6801040312093628,0.7329166666666667,0.7329166666666667,702.068207163823,769,0.70625,2400
stale_price,21088,fixed_0.5,0.5,0.5527715243256189,0.5527715243256189,0.5487646293888166,0.62,0.62,702.068207163823,769,0.70625,2400
stale_price,21088,net_sd_scaled_legacy_style,0.34417627261627043,0.6905489057681867,0.6905489057681867,0.6814044213263979,0.7370833333333333,0.7370833333333333,702.068207163823,769,0.70625,2400
stale_price,21089,fixed_0.2,0.2,0.8075798641094034,0.8075798641094034,0.8061617458279846,0.8416666666666667,0.8416666666666667,717.4986960663113,779,0.7054166666666667,2400
stale_price,21089,fixed_0.35,0.35,0.6807409208171937,0.6807409208171937,0.6726572528883183,0.7258333333333333,0.7258333333333333,717.4986960663113,779,0.7054166666666667,2400
stale_price,21089,fixed_0.5,0.5,0.5512466398057411,0.5512466398057411,0.5430038510911425,0.6154166666666666,0.6154166666666666,717.4986960663113,779,0.7054166666666667,2400
stale_price,21089,net_sd_scaled_legacy_style,0.3484434410337342,0.6807409208171937,0.6807409208171937,0.6726572528883183,0.7266666666666667,0.7266666666666667,717.4986960663113,779,0.7054166666666667,2400
stale_price,21090,fixed_0.2,0.2,0.8145888293779548,0.8145888293779548,0.8143631436314364,0.8470833333333333,0.8470833333333333,685.7475520505706,738,0.71,2400
stale_price,21090,fixed_0.35,0.35,0.6877242686712989,0.6877242686712989,0.6815718157181572,0.72625,0.72625,685.7475520505706,738,0.71,2400
stale_price,21090,fixed_0.5,0.5,0.5497119519618192,0.5497119519618192,0.5433604336043361,0.6229166666666667,0.6229166666666667,685.7475520505706,738,0.71,2400
stale_price,21090,net_sd_scaled_legacy_style,0.3563430928228926,0.6812840536438126,0.6812840536438126,0.6747967479674797,0.7216666666666667,0.7216666666666667,685.7475520505706,738,0.71,2400
stale_price,21091,fixed_0.2,0.2,0.8094327054270197,0.8094327054270197,0.8054123711340206,0.8475,0.8475,719.8651714013413,776,0.7216666666666667,2400
stale_price,21091,fixed_0.35,0.35,0.6829747840892331,0.6829747840892331,0.6765463917525774,0.7395833333333334,0.7395833333333334,719.8651714013413,776,0.7216666666666667,2400
stale_price,21091,fixed_0.5,0.5,0.5435761733874648,0.5435761733874648,0.5347938144329897,0.6220833333333333,0.6220833333333333,719.8651714013413,776,0.7216666666666667,2400
stale_price,21091,net_sd_scaled_legacy_style,0.3573761542801549,0.6733492159315732,0.6733492159315732,0.6675257731958762,0.7325,0.7325,719.8651714013413,776,0.7216666666666667,2400
stale_price,21092,fixed_0.2,0.2,0.8122095605676121,0.8122095605676121,0.8105849582172702,0.8325,0.8325,666.0068035383911,718,0.6975,2400
stale_price,21092,fixed_0.35,0.35,0.6798461681190909,0.6798461681190909,0.6740947075208914,0.71875,0.71875,666.0068035383911,718,0.6975,2400
stale_price,21092,fixed_0.5,0.5,0.5644000037634507,0.5644000037634507,0.5598885793871866,0.6216666666666667,0.6216666666666667,666.0068035383911,718,0.6975,2400
stale_price,21092,net_sd_scaled_legacy_style,0.35064541059374654,0.6798461681190909,0.6798461681190909,0.6740947075208914,0.71875,0.71875,666.0068035383911,718,0.6975,2400
stale_price,21093,fixed_0.2,0.2,0.8462962770732516,0.8462962770732516,0.8455392809587217,0.8483333333333334,0.8483333333333334,696.9741172360419,751,0.7145833333333333,2400
stale_price,21093,fixed_0.35,0.35,0.7020310058823389,0.7020310058823389,0.7003994673768309,0.7279166666666667,0.7279166666666667,696.9741172360419,751,0.7145833333333333,2400
stale_price,21093,fixed_0.5,0.5,0.5678716306546251,0.5678716306546251,0.5672436750998668,0.6166666666666667,0.6166666666666667,696.9741172360419,751,0.7145833333333333,2400
stale_price,21093,net_sd_scaled_legacy_style,0.34447335401747303,0.7150914881765266,0.7150914881765266,0.7137150466045273,0.73625,0.73625,696.9741172360419,751,0.7145833333333333,2400
stale_price,21094,fixed_0.2,0.2,0.7961679940466219,0.7961679940466219,0.7907894736842105,0.8329166666666666,0.8329166666666666,703.0039763690388,760,0.7066666666666667,2400
stale_price,21094,fixed_0.35,0.35,0.6602447741270369,0.6602447741270369,0.6513157894736842,0.7133333333333334,0.7133333333333334,703.0039763690388,760,0.7066666666666667,2400
stale_price,21094,fixed_0.5,0.5,0.5307437340393857,0.5307437340393857,0.5157894736842106,0.6083333333333333,0.6083333333333333,703.0039763690388,760,0.7066666666666667,2400
stale_price,21094,net_sd_scaled_legacy_style,0.34606416706954013,0.6612954612423674,0.6612954612423674,0.6526315789473685,0.7158333333333333,0.7158333333333333,703.0039763690388,760,0.7066666666666667,2400
stale_price,21095,fixed_0.2,0.2,0.804821724500082,0.804821724500082,0.8035961272475796,0.8470833333333333,0.8470833333333333,676.4586377008343,723,0.69875,2400
stale_price,21095,fixed_0.35,0.35,0.6799412847308564,0.6799412847308564,0.6749654218533887,0.73625,0.73625,676.4586377008343,723,0.69875,2400
stale_price,21095,fixed_0.5,0.5,0.5546026522259198,0.5546026522259198,0.5463347164591977,0.6283333333333333,0.6283333333333333,676.4586377008343,723,0.69875,2400
stale_price,21095,net_sd_scaled_legacy_style,0.3599890758922629,0.6689501717822206,0.6689501717822206,0.6625172890733056,0.7258333333333333,0.7258333333333333,676.4586377008343,723,0.69875,2400
stale_price,21096,fixed_0.2,0.2,0.8157441723305475,0.8157441723305475,0.8078541374474053,0.8370833333333333,0.8370833333333333,664.437260879556,713,0.6925,2400
stale_price,21096,fixed_0.35,0.35,0.691762374491396,0.691762374491396,0.6844319775596073,0.7220833333333333,0.7220833333333333,664.437260879556,713,0.6925,2400
stale_price,21096,fixed_0.5,0.5,0.5451585647044889,0.5451585647044889,0.5371669004207573,0.6033333333333334,0.6033333333333334,664.437260879556,713,0.6925,2400
stale_price,21096,net_sd_scaled_legacy_style,0.3451698114633887,0.6992280841974365,0.6992280841974365,0.6914446002805049,0.7275,0.7275,664.437260879556,713,0.6925,2400
stale_price,21097,fixed_0.2,0.2,0.8198604001605856,0.8198604001605856,0.8191780821917808,0.8404166666666667,0.8404166666666667,677.9123821527135,730,0.7041666666666667,2400
stale_price,21097,fixed_0.35,0.35,0.6614459497639754,0.6614459497639754,0.6575342465753424,0.7141666666666666,0.7141666666666666,677.9123821527135,730,0.7041666666666667,2400
stale_price,21097,fixed_0.5,0.5,0.5420546782162067,0.5420546782162067,0.5356164383561643,0.6170833333333333,0.6170833333333333,677.9123821527135,730,0.7041666666666667,2400
stale_price,21097,net_sd_scaled_legacy_style,0.33890945916686244,0.6693524408071163,0.6693524408071163,0.6657534246575343,0.7195833333333334,0.7195833333333334,677.9123821527135,730,0.7041666666666667,2400
stale_price,21098,fixed_0.2,0.2,0.8379474682514896,0.8379474682514896,0.8355978260869565,0.8504166666666667,0.8504166666666667,685.6834766546297,736,0.7075,2400
stale_price,21098,fixed_0.35,0.35,0.6806307273014601,0.6806307273014601,0.6739130434782609,0.7329166666666667,0.7329166666666667,685.6834766546297,736,0.7075,2400
stale_price,21098,fixed_0.5,0.5,0.5434168330505209,0.5434168330505209,0.5339673913043478,0.6195833333333334,0.6195833333333334,685.6834766546297,736,0.7075,2400
stale_price,21098,net_sd_scaled_legacy_style,0.3524676358527838,0.6806307273014601,0.6806307273014601,0.6739130434782609,0.7316666666666667,0.7316666666666667,685.6834766546297,736,0.7075,2400
stale_price,21099,fixed_0.2,0.2,0.8272567108131459,0.8272567108131459,0.8178137651821862,0.8491666666666666,0.8491666666666666,687.8718408305518,741,0.7058333333333333,2400
stale_price,21099,fixed_0.35,0.35,0.6917253111552967,0.6917253111552967,0.680161943319838,0.7358333333333333,0.7358333333333333,687.8718408305518,741,0.7058333333333333,2400
stale_price,21099,fixed_0.5,0.5,0.55349766007487,0.55349766007487,0.5411605937921727,0.6270833333333333,0.6270833333333333,687.8718408305518,741,0.7058333333333333,2400
stale_price,21099,net_sd_scaled_legacy_style,0.35302346488422515,0.687364033629562,0.687364033629562,0.6761133603238867,0.73375,0.73375,687.8718408305518,741,0.7058333333333333,2400
stale_price,21100,fixed_0.2,0.2,0.8252662591248621,0.8252662591248621,0.8257887517146777,0.84375,0.84375,675.3734414580601,729,0.7079166666666666,2400
stale_price,21100,fixed_0.35,0.35,0.6794897786782449,0.6794897786782449,0.6790123456790124,0.7204166666666667,0.7204166666666667,675.3734414580601,729,0.7079166666666666,2400
stale_price,21100,fixed_0.5,0.5,0.5570146857410094,0.5570146857410094,0.551440329218107,0.6216666666666667,0.6216666666666667,675.3734414580601,729,0.7079166666666666,2400
stale_price,21100,net_sd_scaled_legacy_style,0.3453214889314846,0.6839017803290469,0.6839017803290469,0.6831275720164609,0.72375,0.72375,675.3734414580601,729,0.7079166666666666,2400
informative_missing,21001,fixed_0.2,0.2,0.7266477263023927,0.7266477263023927,0.7208791208791209,0.7957559681697612,0.7957559681697612,418.07233867574814,455,0.6909814323607427,1508
informative_missing,21001,fixed_0.35,0.35,0.5604785816595341,0.5604785816595341,0.5582417582417583,0.6478779840848806,0.6478779840848806,418.07233867574814,455,0.6909814323607427,1508
informative_missing,21001,fixed_0.5,0.5,0.3818236284369507,0.3818236284369507,0.3824175824175824,0.519893899204244,0.519893899204244,418.07233867574814,455,0.6909814323607427,1508
informative_missing,21001,net_sd_scaled_legacy_style,0.3400132905915498,0.5700463038692122,0.5700463038692122,0.567032967032967,0.6571618037135278,0.6571618037135278,418.07233867574814,455,0.6909814323607427,1508
informative_missing,21002,fixed_0.2,0.2,0.7311416565735624,0.7311416565735624,0.7268722466960352,0.7986928104575164,0.7986928104575164,422.75957383141184,454,0.6986928104575163,1530
informative_missing,21002,fixed_0.35,0.35,0.557769172919442,0.557769172919442,0.5594713656387665,0.6588235294117647,0.6588235294117647,422.75957383141184,454,0.6986928104575163,1530
informative_missing,21002,fixed_0.5,0.5,0.4055696059788803,0.4055696059788803,0.4052863436123348,0.5372549019607843,0.5372549019607843,422.75957383141184,454,0.6986928104575163,1530
informative_missing,21002,net_sd_scaled_legacy_style,0.34847044151752465,0.5577713407367056,0.5577713407367056,0.5594713656387665,0.6601307189542484,0.6601307189542484,422.75957383141184,454,0.6986928104575163,1530
informative_missing,21003,fixed_0.2,0.2,0.7264790071498881,0.7264790071498881,0.722972972972973,0.8103448275862069,0.8103448275862069,414.63316473725376,444,0.7049071618037135,1508
informative_missing,21003,fixed_0.35,0.35,0.5361977942805377,0.5361977942805377,0.5337837837837838,0.6797082228116711,0.6797082228116711,414.63316473725376,444,0.7049071618037135,1508
informative_missing,21003,fixed_0.5,0.5,0.3874342368401155,0.3874342368401155,0.3783783783783784,0.5590185676392573,0.5590185676392573,414.63316473725376,444,0.7049071618037135,1508
informative_missing,21003,net_sd_scaled_legacy_style,0.34434952087953635,0.5437560452049225,0.5437560452049225,0.5405405405405406,0.6870026525198939,0.6870026525198939,414.63316473725376,444,0.7049071618037135,1508
informative_missing,21004,fixed_0.2,0.2,0.7436457672759356,0.7436457672759356,0.7440347071583514,0.8109552438209753,0.8109552438209753,425.38364456924796,461,0.7187708750835003,1497
informative_missing,21004,fixed_0.35,0.35,0.5686343997232326,0.5686343997232326,0.5639913232104121,0.6780227120908484,0.6780227120908484,425.38364456924796,461,0.7187708750835003,1497
informative_missing,21004,fixed_0.5,0.5,0.3768788250636491,0.3768788250636491,0.3752711496746204,0.5424181696726786,0.5424181696726786,425.38364456924796,461,0.7187708750835003,1497
informative_missing,21004,net_sd_scaled_legacy_style,0.35359237271021743,0.5617612573111884,0.5617612573111884,0.5574837310195228,0.6760187040748163,0.6760187040748163,425.38364456924796,461,0.7187708750835003,1497
informative_missing,21005,fixed_0.2,0.2,0.7533842473958797,0.7533842473958797,0.7532188841201717,0.7925636007827789,0.7925636007827789,432.41909376718223,466,0.7071102413568167,1533
informative_missing,21005,fixed_0.35,0.35,0.5630679371025107,0.5630679371025107,0.5579399141630901,0.6581865622961514,0.6581865622961514,432.41909376718223,466,0.7071102413568167,1533
informative_missing,21005,fixed_0.5,0.5,0.3878547909584932,0.3878547909584932,0.38197424892703863,0.5277234181343771,0.5277234181343771,432.41909376718223,466,0.7071102413568167,1533
informative_missing,21005,net_sd_scaled_legacy_style,0.3534949369198842,0.5613059676937628,0.5613059676937628,0.555793991416309,0.6562296151337247,0.6562296151337247,432.41909376718223,466,0.7071102413568167,1533
informative_missing,21006,fixed_0.2,0.2,0.7811709163118908,0.7811709163118908,0.7727272727272727,0.8122555410691004,0.8122555410691004,430.1946692908296,462,0.7092568448500652,1534
informative_missing,21006,fixed_0.35,0.35,0.5691340716985035,0.5691340716985035,0.5606060606060606,0.6649282920469362,0.6649282920469362,430.1946692908296,462,0.7092568448500652,1534
informative_missing,21006,fixed_0.5,0.5,0.37561525160426695,0.37561525160426695,0.36363636363636365,0.5391134289439374,0.5391134289439374,430.1946692908296,462,0.7092568448500652,1534
informative_missing,21006,net_sd_scaled_legacy_style,0.34106762893143366,0.5777245062067969,0.5777245062067969,0.5692640692640693,0.6734028683181226,0.6734028683181226,430.1946692908296,462,0.7092568448500652,1534
informative_missing,21007,fixed_0.2,0.2,0.7587838917653229,0.7587838917653229,0.7510917030567685,0.8189712758851035,0.8189712758851035,424.474076274487,458,0.7040748162992652,1497
informative_missing,21007,fixed_0.35,0.35,0.5421951382080549,0.5421951382080549,0.537117903930131,0.676686706746827,0.676686706746827,424.474076274487,458,0.7040748162992652,1497
informative_missing,21007,fixed_0.5,0.5,0.3483614473106952,0.3483614473106952,0.3384279475982533,0.5357381429525718,0.5357381429525718,424.474076274487,458,0.7040748162992652,1497
informative_missing,21007,net_sd_scaled_legacy_style,0.3513891925922507,0.5421951382080549,0.5421951382080549,0.537117903930131,0.6760187040748163,0.6760187040748163,424.474076274487,458,0.7040748162992652,1497
informative_missing,21008,fixed_0.2,0.2,0.7269926284002111,0.7269926284002111,0.7242888402625821,0.7973333333333333,0.7973333333333333,423.37616193351414,457,0.706,1500
informative_missing,21008,fixed_0.35,0.35,0.5568150101790434,0.5568150101790434,0.5492341356673961,0.6613333333333333,0.6613333333333333,423.37616193351414,457,0.706,1500
informative_missing,21008,fixed_0.5,0.5,0.3896861555080534,0.3896861555080534,0.3851203501094092,0.5333333333333333,0.5333333333333333,423.37616193351414,457,0.706,1500
informative_missing,21008,net_sd_scaled_legacy_style,0.3513132807796702,0.5544530444145254,0.5544530444145254,0.5470459518599562,0.6586666666666666,0.6586666666666666,423.37616193351414,457,0.706,1500
informative_missing,21009,fixed_0.2,0.2,0.7306635140459289,0.7306635140459289,0.7252066115702479,0.7965766951942067,0.7965766951942067,444.5508775855652,484,0.7123107307439105,1519
informative_missing,21009,fixed_0.35,0.35,0.5228962207355063,0.5228962207355063,0.512396694214876,0.6524028966425279,0.6524028966425279,444.5508775855652,484,0.7123107307439105,1519
informative_missing,21009,fixed_0.5,0.5,0.38330408602153715,0.38330408602153715,0.371900826446281,0.5404871626069783,0.5404871626069783,444.5508775855652,484,0.7123107307439105,1519
informative_missing,21009,net_sd_scaled_legacy_style,0.3461403630277474,0.527395143357957,0.527395143357957,0.5165289256198347,0.6543778801843319,0.6543778801843319,444.5508775855652,484,0.7123107307439105,1519
informative_missing,21010,fixed_0.2,0.2,0.7211233159524485,0.7211233159524485,0.7243589743589743,0.7962362102530824,0.7962362102530824,431.3635941252122,468,0.7131732641142116,1541
informative_missing,21010,fixed_0.35,0.35,0.5572319800188258,0.5572319800188258,0.561965811965812,0.6612589227774173,0.6612589227774173,431.3635941252122,468,0.7131732641142116,1541
informative_missing,21010,fixed_0.5,0.5,0.381196097090964,0.381196097090964,0.38247863247863245,0.5379623621025308,0.5379623621025308,431.3635941252122,468,0.7131732641142116,1541
informative_missing,21010,net_sd_scaled_legacy_style,0.3504850097168154,0.555353033706371,0.555353033706371,0.5598290598290598,0.6606099935107074,0.6606099935107074,431.3635941252122,468,0.7131732641142116,1541
informative_missing,21011,fixed_0.2,0.2,0.715915290964122,0.715915290964122,0.7198275862068966,0.7842105263157895,0.7842105263157895,428.6842334284786,464,0.7046052631578947,1520
informative_missing,21011,fixed_0.35,0.35,0.5524678162505956,0.5524678162505956,0.5581896551724138,0.6664473684210527,0.6664473684210527,428.6842334284786,464,0.7046052631578947,1520
informative_missing,21011,fixed_0.5,0.5,0.4036321854649609,0.4036321854649609,0.4051724137931034,0.5592105263157895,0.5592105263157895,428.6842334284786,464,0.7046052631578947,1520
informative_missing,21011,net_sd_scaled_legacy_style,0.3503674391058393,0.5524678162505956,0.5524678162505956,0.5581896551724138,0.6664473684210527,0.6664473684210527,428.6842334284786,464,0.7046052631578947,1520
informative_missing,21012,fixed_0.2,0.2,0.7279267729810585,0.7279267729810585,0.728110599078341,0.8036314727639543,0.8036314727639543,398.5550897896194,434,0.6946872898453261,1487
informative_missing,21012,fixed_0.35,0.35,0.546594077411888,0.546594077411888,0.5483870967741935,0.6664425016812374,0.6664425016812374,398.5550897896194,434,0.6946872898453261,1487
informative_missing,21012,fixed_0.5,0.5,0.38184366048032414,0.38184366048032414,0.3778801843317972,0.5420309347679892,0.5420309347679892,398.5550897896194,434,0.6946872898453261,1487
informative_missing,21012,net_sd_scaled_legacy_style,0.35040045263242325,0.546594077411888,0.546594077411888,0.5483870967741935,0.6664425016812374,0.6664425016812374,398.5550897896194,434,0.6946872898453261,1487
informative_missing,21013,fixed_0.2,0.2,0.6981346598600179,0.6981346598600179,0.690677966101695,0.7802631578947369,0.7802631578947369,434.83612477895053,472,0.7059210526315789,1520
informative_missing,21013,fixed_0.35,0.35,0.5468766628330759,0.5468766628330759,0.5360169491525424,0.6644736842105263,0.6644736842105263,434.83612477895053,472,0.7059210526315789,1520
informative_missing,21013,fixed_0.5,0.5,0.40027145072217346,0.40027145072217346,0.3898305084745763,0.5427631578947368,0.5427631578947368,434.83612477895053,472,0.7059210526315789,1520
informative_missing,21013,net_sd_scaled_legacy_style,0.3459722004631885,0.5523644040344177,0.5523644040344177,0.5423728813559322,0.6684210526315789,0.6684210526315789,434.83612477895053,472,0.7059210526315789,1520
informative_missing,21014,fixed_0.2,0.2,0.7219993485881748,0.7219993485881748,0.7235421166306696,0.7898782831518257,0.7898782831518257,426.6437443668891,463,0.6822549647661755,1561
informative_missing,21014,fixed_0.35,0.35,0.5491356817891708,0.5491356817891708,0.550755939524838,0.6489429852658553,0.6489429852658553,426.6437443668891,463,0.6822549647661755,1561
informative_missing,21014,fixed_0.5,0.5,0.38105453062277145,0.38105453062277145,0.38228941684665224,0.5265855221012171,0.5265855221012171,426.6437443668891,463,0.6822549647661755,1561
informative_missing,21014,net_sd_scaled_legacy_style,0.338310643276003,0.5621380652820498,0.5621380652820498,0.5637149028077754,0.6598334401024984,0.6598334401024984,426.6437443668891,463,0.6822549647661755,1561
informative_missing,21015,fixed_0.2,0.2,0.7411045706714894,0.7411045706714894,0.7450980392156863,0.7914402173913043,0.7914402173913043,422.8795254137855,459,0.6963315217391305,1472
informative_missing,21015,fixed_0.35,0.35,0.534262946863335,0.534262946863335,0.5381263616557734,0.6494565217391305,0.6494565217391305,422.8795254137855,459,0.6963315217391305,1472
informative_missing,21015,fixed_0.5,0.5,0.3866624616379064,0.3866624616379064,0.3877995642701525,0.5264945652173914,0.5264945652173914,422.8795254137855,459,0.6963315217391305,1472
informative_missing,21015,net_sd_scaled_legacy_style,0.3411099237890063,0.5468152410562059,0.5468152410562059,0.55119825708061,0.6569293478260869,0.6569293478260869,422.8795254137855,459,0.6963315217391305,1472
informative_missing,21016,fixed_0.2,0.2,0.7249698131956657,0.7249698131956657,0.7257019438444925,0.8142576847612819,0.8142576847612819,431.9694280441136,463,0.7069980379332897,1529
informative_missing,21016,fixed_0.35,0.35,0.5447605091870523,0.5447605091870523,0.5442764578833693,0.684107259646828,0.684107259646828,431.9694280441136,463,0.7069980379332897,1529
informative_missing,21016,fixed_0.5,0.5,0.37004658396220047,0.37004658396220047,0.367170626349892,0.5533028122956181,0.5533028122956181,431.9694280441136,463,0.7069980379332897,1529
informative_missing,21016,net_sd_scaled_legacy_style,0.34977791764481353,0.5447605091870523,0.5447605091870523,0.5442764578833693,0.684107259646828,0.684107259646828,431.9694280441136,463,0.7069980379332897,1529
informative_missing,21017,fixed_0.2,0.2,0.7591572697032384,0.7591572697032384,0.7583892617449665,0.8091755319148937,0.8091755319148937,416.3648338918588,447,0.7027925531914894,1504
informative_missing,21017,fixed_0.35,0.35,0.5741305409112601,0.5741305409112601,0.5727069351230425,0.6688829787234043,0.6688829787234043,416.3648338918588,447,0.7027925531914894,1504
informative_missing,21017,fixed_0.5,0.5,0.40431141397187415,0.40431141397187415,0.4004474272930649,0.5458776595744681,0.5458776595744681,416.3648338918588,447,0.7027925531914894,1504
informative_missing,21017,net_sd_scaled_legacy_style,0.3521979698810497,0.5741305409112601,0.5741305409112601,0.5727069351230425,0.6688829787234043,0.6688829787234043,416.3648338918588,447,0.7027925531914894,1504
informative_missing,21018,fixed_0.2,0.2,0.7372647226282034,0.7372647226282034,0.737527114967462,0.7913100724160632,0.7913100724160632,429.46690387007203,461,0.7129690585911784,1519
informative_missing,21018,fixed_0.35,0.35,0.5247023816438086,0.5247023816438086,0.5292841648590022,0.6570111915734036,0.6570111915734036,429.46690387007203,461,0.7129690585911784,1519
informative_missing,21018,fixed_0.5,0.5,0.3753892884659573,0.3753892884659573,0.3796095444685466,0.5378538512179065,0.5378538512179065,429.46690387007203,461,0.7129690585911784,1519
informative_missing,21018,net_sd_scaled_legacy_style,0.3544679298079946,0.5183752564723478,0.5183752564723478,0.5227765726681128,0.6524028966425279,0.6524028966425279,429.46690387007203,461,0.7129690585911784,1519
informative_missing,21019,fixed_0.2,0.2,0.7381155959221425,0.7381155959221425,0.7358078602620087,0.8052805280528053,0.8052805280528053,421.16430928277646,458,0.6976897689768977,1515
informative_missing,21019,fixed_0.35,0.35,0.5577055772848337,0.5577055772848337,0.5567685589519651,0.6778877887788779,0.6778877887788779,421.16430928277646,458,0.6976897689768977,1515
informative_missing,21019,fixed_0.5,0.5,0.3862132889414133,0.3862132889414133,0.388646288209607,0.5405940594059406,0.5405940594059406,421.16430928277646,458,0.6976897689768977,1515
informative_missing,21019,net_sd_scaled_legacy_style,0.34619558899565167,0.5594986241246488,0.5594986241246488,0.5589519650655022,0.6798679867986799,0.6798679867986799,421.16430928277646,458,0.6976897689768977,1515
informative_missing,21020,fixed_0.2,0.2,0.7271960646055129,0.7271960646055129,0.7288888888888889,0.8111615833874107,0.8111615833874107,415.77040371810153,450,0.6898118105126542,1541
informative_missing,21020,fixed_0.35,0.35,0.5382726488000501,0.5382726488000501,0.54,0.663854639844257,0.663854639844257,415.77040371810153,450,0.6898118105126542,1541
informative_missing,21020,fixed_0.5,0.5,0.3621037117969147,0.3621037117969147,0.35777777777777775,0.5392602206359507,0.5392602206359507,415.77040371810153,450,0.6898118105126542,1541
informative_missing,21020,net_sd_scaled_legacy_style,0.34552061833090053,0.5472823040451825,0.5472823040451825,0.5488888888888889,0.6716417910447762,0.6716417910447762,415.77040371810153,450,0.6898118105126542,1541
informative_missing,21021,fixed_0.2,0.2,0.7371724682234821,0.7371724682234821,0.7297872340425532,0.8010369410239793,0.8010369410239793,436.92103585956283,470,0.7064160725858717,1543
informative_missing,21021,fixed_0.35,0.35,0.5581703069134855,0.5581703069134855,0.551063829787234,0.6785482825664291,0.6785482825664291,436.92103585956283,470,0.7064160725858717,1543
informative_missing,21021,fixed_0.5,0.5,0.3797888113030602,0.3797888113030602,0.37872340425531914,0.55800388852884,0.55800388852884,436.92103585956283,470,0.7064160725858717,1543
informative_missing,21021,net_sd_scaled_legacy_style,0.3503783511055657,0.5581703069134855,0.5581703069134855,0.551063829787234,0.677900194426442,0.677900194426442,436.92103585956283,470,0.7064160725858717,1543
informative_missing,21022,fixed_0.2,0.2,0.7480546331202568,0.7480546331202568,0.7460674157303371,0.7965194109772423,0.7965194109772423,412.2560003090067,445,0.7061579651941098,1494
informative_missing,21022,fixed_0.35,0.35,0.558220424409105,0.558220424409105,0.5528089887640449,0.6619812583668006,0.6619812583668006,412.2560003090067,445,0.7061579651941098,1494
informative_missing,21022,fixed_0.5,0.5,0.3767435276868634,0.3767435276868634,0.3685393258426966,0.5314591700133868,0.5314591700133868,412.2560003090067,445,0.7061579651941098,1494
informative_missing,21022,net_sd_scaled_legacy_style,0.34929197575255844,0.5606461016563747,0.5606461016563747,0.5550561797752809,0.6633199464524766,0.6633199464524766,412.2560003090067,445,0.7061579651941098,1494
informative_missing,21023,fixed_0.2,0.2,0.7243517858271445,0.7243517858271445,0.7236286919831224,0.8005181347150259,0.8005181347150259,437.25477607848586,474,0.6949481865284974,1544
informative_missing,21023,fixed_0.35,0.35,0.5534698085646502,0.5534698085646502,0.5421940928270043,0.6768134715025906,0.6768134715025906,437.25477607848586,474,0.6949481865284974,1544
informative_missing,21023,fixed_0.5,0.5,0.41112467110482265,0.41112467110482265,0.4008438818565401,0.5569948186528497,0.5569948186528497,437.25477607848586,474,0.6949481865284974,1544
informative_missing,21023,net_sd_scaled_legacy_style,0.35447196509987383,0.5530034927642661,0.5530034927642661,0.5421940928270043,0.6755181347150259,0.6755181347150259,437.25477607848586,474,0.6949481865284974,1544
informative_missing,21024,fixed_0.2,0.2,0.747596944593302,0.747596944593302,0.7511111111111111,0.8018679119412941,0.8018679119412941,415.5355559869327,450,0.7111407605070047,1499
informative_missing,21024,fixed_0.35,0.35,0.5674888581801176,0.5674888581801176,0.5688888888888889,0.6744496330887259,0.6744496330887259,415.5355559869327,450,0.7111407605070047,1499
informative_missing,21024,fixed_0.5,0.5,0.4158811729948739,0.4158811729948739,0.4111111111111111,0.5583722481654436,0.5583722481654436,415.5355559869327,450,0.7111407605070047,1499
informative_missing,21024,net_sd_scaled_legacy_style,0.3499562811765886,0.5674888581801176,0.5674888581801176,0.5688888888888889,0.6744496330887259,0.6744496330887259,415.5355559869327,450,0.7111407605070047,1499
informative_missing,21025,fixed_0.2,0.2,0.7386753847040113,0.7386753847040113,0.734020618556701,0.7978436657681941,0.7978436657681941,441.9747169881008,485,0.7129380053908356,1484
informative_missing,21025,fixed_0.35,0.35,0.5367172064332395,0.5367172064332395,0.534020618556701,0.6563342318059299,0.6563342318059299,441.9747169881008,485,0.7129380053908356,1484
informative_missing,21025,fixed_0.5,0.5,0.3903263723885439,0.3903263723885439,0.38762886597938145,0.5390835579514824,0.5390835579514824,441.9747169881008,485,0.7129380053908356,1484
informative_missing,21025,net_sd_scaled_legacy_style,0.3510555635294674,0.5367172064332395,0.5367172064332395,0.534020618556701,0.6549865229110512,0.6549865229110512,441.9747169881008,485,0.7129380053908356,1484
informative_missing,21026,fixed_0.2,0.2,0.7179464717641417,0.7179464717641417,0.72,0.7921239509360878,0.7921239509360878,437.1097635005872,475,0.7030342156229825,1549
informative_missing,21026,fixed_0.35,0.35,0.5237515093663498,0.5237515093663498,0.52,0.6513879922530665,0.6513879922530665,437.1097635005872,475,0.7030342156229825,1549
informative_missing,21026,fixed_0.5,0.5,0.3747936168001616,0.3747936168001616,0.37473684210526315,0.5326016785022595,0.5326016785022595,437.1097635005872,475,0.7030342156229825,1549
informative_missing,21026,net_sd_scaled_legacy_style,0.35361621615155453,0.5214637544738681,0.5214637544738681,0.5178947368421053,0.6494512588766946,0.6494512588766946,437.1097635005872,475,0.7030342156229825,1549
informative_missing,21027,fixed_0.2,0.2,0.7026855235002113,0.7026855235002113,0.7006369426751592,0.7917485265225933,0.7917485265225933,432.4112948047713,471,0.7072691552062869,1527
informative_missing,21027,fixed_0.35,0.35,0.5153600342637057,0.5153600342637057,0.5159235668789809,0.6666666666666666,0.6666666666666666,432.4112948047713,471,0.7072691552062869,1527
informative_missing,21027,fixed_0.5,0.5,0.36200838065940616,0.36200838065940616,0.3524416135881104,0.5428945645055665,0.5428945645055665,432.4112948047713,471,0.7072691552062869,1527
informative_missing,21027,net_sd_scaled_legacy_style,0.3519045915480266,0.5153600342637057,0.5153600342637057,0.5159235668789809,0.6640471512770137,0.6640471512770137,432.4112948047713,471,0.7072691552062869,1527
informative_missing,21028,fixed_0.2,0.2,0.731526809874809,0.731526809874809,0.7304347826086957,0.7981345769487008,0.7981345769487008,424.99965938432365,460,0.7135243171219188,1501
informative_missing,21028,fixed_0.35,0.35,0.5366000158932849,0.5366000158932849,0.5347826086956522,0.6562291805463024,0.6562291805463024,424.99965938432365,460,0.7135243171219188,1501
informative_missing,21028,fixed_0.5,0.5,0.37017902018121995,0.37017902018121995,0.3695652173913043,0.5269820119920053,0.5269820119920053,424.99965938432365,460,0.7135243171219188,1501
informative_missing,21028,net_sd_scaled_legacy_style,0.34810110520386794,0.5390198102743038,0.5390198102743038,0.5369565217391304,0.6575616255829447,0.6575616255829447,424.99965938432365,460,0.7135243171219188,1501
informative_missing,21029,fixed_0.2,0.2,0.7497717438974724,0.7497717438974724,0.7527352297592997,0.808,0.808,420.74416399549693,457,0.6966666666666667,1500
informative_missing,21029,fixed_0.35,0.35,0.5610121398376589,0.5610121398376589,0.5601750547045952,0.666,0.666,420.74416399549693,457,0.6966666666666667,1500
informative_missing,21029,fixed_0.5,0.5,0.37667406605900705,0.37667406605900705,0.3741794310722101,0.5326666666666666,0.5326666666666666,420.74416399549693,457,0.6966666666666667,1500
informative_missing,21029,net_sd_scaled_legacy_style,0.35401702581216277,0.550761827111251,0.550761827111251,0.5492341356673961,0.6613333333333333,0.6613333333333333,420.74416399549693,457,0.6966666666666667,1500
informative_missing,21030,fixed_0.2,0.2,0.7329091485653169,0.7329091485653169,0.7285067873303167,0.8087837837837838,0.8087837837837838,409.4657169233996,442,0.7006756756756757,1480
informative_missing,21030,fixed_0.35,0.35,0.5648042772473671,0.5648042772473671,0.5588235294117647,0.6783783783783783,0.6783783783783783,409.4657169233996,442,0.7006756756756757,1480
informative_missing,21030,fixed_0.5,0.5,0.40631485668038736,0.40631485668038736,0.40497737556561086,0.5574324324324325,0.5574324324324325,409.4657169233996,442,0.7006756756756757,1480
informative_missing,21030,net_sd_scaled_legacy_style,0.3495477627760434,0.565035390054503,0.565035390054503,0.5588235294117647,0.6797297297297298,0.6797297297297298,409.4657169233996,442,0.7006756756756757,1480
informative_missing,21031,fixed_0.2,0.2,0.7149159079892775,0.7149159079892775,0.7197452229299363,0.8063241106719368,0.8063241106719368,431.428739147247,471,0.696969696969697,1518
informative_missing,21031,fixed_0.35,0.35,0.5382292722906945,0.5382292722906945,0.5435244161358811,0.6818181818181818,0.6818181818181818,431.428739147247,471,0.696969696969697,1518
informative_missing,21031,fixed_0.5,0.5,0.3574115776264542,0.3574115776264542,0.3673036093418259,0.5546772068511199,0.5546772068511199,431.428739147247,471,0.696969696969697,1518
informative_missing,21031,net_sd_scaled_legacy_style,0.3568142048811728,0.5222132021157654,0.5222132021157654,0.5286624203821656,0.6725955204216074,0.6725955204216074,431.428739147247,471,0.696969696969697,1518
informative_missing,21032,fixed_0.2,0.2,0.7294658518920644,0.7294658518920644,0.7290167865707434,0.8049932523616734,0.8049932523616734,388.7349066763416,417,0.6889338731443995,1482
informative_missing,21032,fixed_0.35,0.35,0.5229396123911713,0.5229396123911713,0.5179856115107914,0.6686909581646424,0.6686909581646424,388.7349066763416,417,0.6889338731443995,1482
informative_missing,21032,fixed_0.5,0.5,0.3640031312427494,0.3640031312427494,0.3645083932853717,0.5479082321187584,0.5479082321187584,388.7349066763416,417,0.6889338731443995,1482
informative_missing,21032,net_sd_scaled_legacy_style,0.3518712854783173,0.5203671652483357,0.5203671652483357,0.5155875299760192,0.6666666666666666,0.6666666666666666,388.7349066763416,417,0.6889338731443995,1482
informative_missing,21033,fixed_0.2,0.2,0.7521314060706629,0.7521314060706629,0.7532751091703057,0.8027079303675049,0.8027079303675049,422.12705952324177,458,0.6950354609929078,1551
informative_missing,21033,fixed_0.35,0.35,0.5454536901951953,0.5454536901951953,0.5502183406113537,0.6518375241779497,0.6518375241779497,422.12705952324177,458,0.6950354609929078,1551
informative_missing,21033,fixed_0.5,0.5,0.4226182962114413,0.4226182962114413,0.43013100436681223,0.5325596389426177,0.5325596389426177,422.12705952324177,458,0.6950354609929078,1551
informative_missing,21033,net_sd_scaled_legacy_style,0.3492168068947471,0.5454536901951953,0.5454536901951953,0.5502183406113537,0.6524822695035462,0.6524822695035462,422.12705952324177,458,0.6950354609929078,1551
informative_missing,21034,fixed_0.2,0.2,0.7225520952770761,0.7225520952770761,0.7176724137931034,0.7980263157894737,0.7980263157894737,429.8043450895713,464,0.7138157894736842,1520
informative_missing,21034,fixed_0.35,0.35,0.5537361974063842,0.5537361974063842,0.5517241379310345,0.6572368421052631,0.6572368421052631,429.8043450895713,464,0.7138157894736842,1520
informative_missing,21034,fixed_0.5,0.5,0.3913645704581476,0.3913645704581476,0.3900862068965517,0.5394736842105263,0.5394736842105263,429.8043450895713,464,0.7138157894736842,1520
informative_missing,21034,net_sd_scaled_legacy_style,0.3464273220494907,0.5619704412987787,0.5619704412987787,0.5603448275862069,0.6631578947368421,0.6631578947368421,429.8043450895713,464,0.7138157894736842,1520
informative_missing,21035,fixed_0.2,0.2,0.7081189907114908,0.7081189907114908,0.7038724373576309,0.7977378576180971,0.7977378576180971,406.0857988070052,439,0.7012641383898869,1503
informative_missing,21035,fixed_0.35,0.35,0.5175023665448085,0.5175023665448085,0.5079726651480638,0.6580172987358616,0.6580172987358616,406.0857988070052,439,0.7012641383898869,1503
informative_missing,21035,fixed_0.5,0.5,0.3436998618306032,0.3436998618306032,0.33712984054669703,0.5236194278110445,0.5236194278110445,406.0857988070052,439,0.7012641383898869,1503
informative_missing,21035,net_sd_scaled_legacy_style,0.35573883953567903,0.5031933399359071,0.5031933399359071,0.49430523917995445,0.6493679308050565,0.6493679308050565,406.0857988070052,439,0.7012641383898869,1503
informative_missing,21036,fixed_0.2,0.2,0.6996523764846596,0.6996523764846596,0.6967032967032967,0.7912234042553191,0.7912234042553191,424.8216499002774,455,0.7001329787234043,1504
informative_missing,21036,fixed_0.35,0.35,0.5425908029506437,0.5425908029506437,0.5406593406593406,0.6662234042553191,0.6662234042553191,424.8216499002774,455,0.7001329787234043,1504
informative_missing,21036,fixed_0.5,0.5,0.38129399273842585,0.38129399273842585,0.38461538461538464,0.5445478723404256,0.5445478723404256,424.8216499002774,455,0.7001329787234043,1504
informative_missing,21036,net_sd_scaled_legacy_style,0.3568760465877107,0.5310394106721028,0.5310394106721028,0.5296703296703297,0.6582446808510638,0.6582446808510638,424.8216499002774,455,0.7001329787234043,1504
informative_missing,21037,fixed_0.2,0.2,0.7617364911504211,0.7617364911504211,0.7634408602150538,0.8140604467805519,0.8140604467805519,425.2351031176875,465,0.7082785808147175,1522
informative_missing,21037,fixed_0.35,0.35,0.5478377114006652,0.5478377114006652,0.5548387096774193,0.6721419185282523,0.6721419185282523,425.2351031176875,465,0.7082785808147175,1522
informative_missing,21037,fixed_0.5,0.5,0.40317381058962504,0.40317381058962504,0.4064516129032258,0.5519053876478318,0.5519053876478318,425.2351031176875,465,0.7082785808147175,1522
informative_missing,21037,net_sd_scaled_legacy_style,0.3404535647964277,0.5568849495336254,0.5568849495336254,0.5634408602150538,0.6806833114323259,0.6806833114323259,425.2351031176875,465,0.7082785808147175,1522
informative_missing,21038,fixed_0.2,0.2,0.7212505777455568,0.7212505777455568,0.7250554323725056,0.8028350515463918,0.8028350515463918,420.7383465292056,451,0.6958762886597938,1552
informative_missing,21038,fixed_0.35,0.35,0.5371610010842975,0.5371610010842975,0.5343680709534369,0.6643041237113402,0.6643041237113402,420.7383465292056,451,0.6958762886597938,1552
informative_missing,21038,fixed_0.5,0.5,0.36181458845329867,0.36181458845329867,0.35920177383592017,0.5347938144329897,0.5347938144329897,420.7383465292056,451,0.6958762886597938,1552
informative_missing,21038,net_sd_scaled_legacy_style,0.3501517823474711,0.5371610010842975,0.5371610010842975,0.5343680709534369,0.6643041237113402,0.6643041237113402,420.7383465292056,451,0.6958762886597938,1552
informative_missing,21039,fixed_0.2,0.2,0.7241536195338336,0.7241536195338336,0.7252252252252253,0.7938356164383562,0.7938356164383562,410.67542990304753,444,0.7082191780821918,1460
informative_missing,21039,fixed_0.35,0.35,0.5333878381047598,0.5333878381047598,0.5337837837837838,0.6547945205479452,0.6547945205479452,410.67542990304753,444,0.7082191780821918,1460
informative_missing,21039,fixed_0.5,0.5,0.37063251677792447,0.37063251677792447,0.36711711711711714,0.5321917808219178,0.5321917808219178,410.67542990304753,444,0.7082191780821918,1460
informative_missing,21039,net_sd_scaled_legacy_style,0.35001309444354584,0.5333878381047598,0.5333878381047598,0.5337837837837838,0.6547945205479452,0.6547945205479452,410.67542990304753,444,0.7082191780821918,1460
informative_missing,21040,fixed_0.2,0.2,0.7116475345336343,0.7116475345336343,0.7057522123893806,0.7991967871485943,0.7991967871485943,420.9174052836029,452,0.7028112449799196,1494
informative_missing,21040,fixed_0.35,0.35,0.5133910896237236,0.5133910896237236,0.5110619469026548,0.6572958500669344,0.6572958500669344,420.9174052836029,452,0.7028112449799196,1494
informative_missing,21040,fixed_0.5,0.5,0.37477661101688237,0.37477661101688237,0.37389380530973454,0.5481927710843374,0.5481927710843374,420.9174052836029,452,0.7028112449799196,1494
informative_missing,21040,net_sd_scaled_legacy_style,0.34863304023556724,0.5153459589309597,0.5153459589309597,0.5132743362831859,0.6579651941097724,0.6579651941097724,420.9174052836029,452,0.7028112449799196,1494
informative_missing,21041,fixed_0.2,0.2,0.7181093433858377,0.7181093433858377,0.7182203389830508,0.8062375580623756,0.8062375580623756,434.71800968277745,472,0.7060384870603849,1507
informative_missing,21041,fixed_0.35,0.35,0.5042198911442678,0.5042198911442678,0.5021186440677966,0.6562707365627074,0.6562707365627074,434.71800968277745,472,0.7060384870603849,1507
informative_missing,21041,fixed_0.5,0.5,0.3688100835900023,0.3688100835900023,0.3601694915254237,0.5388188453881885,0.5388188453881885,434.71800968277745,472,0.7060384870603849,1507
informative_missing,21041,net_sd_scaled_legacy_style,0.3454707904226564,0.5118295383431705,0.5118295383431705,0.510593220338983,0.6622428666224287,0.6622428666224287,434.71800968277745,472,0.7060384870603849,1507
informative_missing,21042,fixed_0.2,0.2,0.7556967372585687,0.7556967372585687,0.7483870967741936,0.8057179987004548,0.8057179987004548,429.7827457847611,465,0.7043534762833008,1539
informative_missing,21042,fixed_0.35,0.35,0.5703836490228678,0.5703836490228678,0.5612903225806452,0.6686159844054581,0.6686159844054581,429.7827457847611,465,0.7043534762833008,1539
informative_missing,21042,fixed_0.5,0.5,0.3853908517990113,0.3853908517990113,0.37849462365591396,0.5451591942820013,0.5451591942820013,429.7827457847611,465,0.7043534762833008,1539
informative_missing,21042,net_sd_scaled_legacy_style,0.3544986823098907,0.5661996911440437,0.5661996911440437,0.556989247311828,0.6647173489278753,0.6647173489278753,429.7827457847611,465,0.7043534762833008,1539
informative_missing,21043,fixed_0.2,0.2,0.7473337930622901,0.7473337930622901,0.7484662576687117,0.8053559764859569,0.8053559764859569,448.74623460751263,489,0.720444154147616,1531
informative_missing,21043,fixed_0.35,0.35,0.5437909733544644,0.5437909733544644,0.5460122699386503,0.6623122142390594,0.6623122142390594,448.74623460751263,489,0.720444154147616,1531
informative_missing,21043,fixed_0.5,0.5,0.4128782506904261,0.4128782506904261,0.4171779141104294,0.5401698236446767,0.5401698236446767,448.74623460751263,489,0.720444154147616,1531
informative_missing,21043,net_sd_scaled_legacy_style,0.34205073458124435,0.559357469198698,0.559357469198698,0.5623721881390593,0.6727629000653168,0.6727629000653168,448.74623460751263,489,0.720444154147616,1531
informative_missing,21044,fixed_0.2,0.2,0.731707666563245,0.731707666563245,0.7247311827956989,0.8048780487804879,0.8048780487804879,432.3588312925028,465,0.7034659820282413,1558
informative_missing,21044,fixed_0.35,0.35,0.549314043947008,0.549314043947008,0.5483870967741935,0.6681643132220796,0.6681643132220796,432.3588312925028,465,0.7034659820282413,1558
informative_missing,21044,fixed_0.5,0.5,0.3788000596098597,0.3788000596098597,0.3720430107526882,0.5378690629011553,0.5378690629011553,432.3588312925028,465,0.7034659820282413,1558
informative_missing,21044,net_sd_scaled_legacy_style,0.3487052415880868,0.5535717690960837,0.5535717690960837,0.5526881720430108,0.6694480102695763,0.6694480102695763,432.3588312925028,465,0.7034659820282413,1558
informative_missing,21045,fixed_0.2,0.2,0.7424891928203501,0.7424891928203501,0.7409766454352441,0.7947882736156352,0.7947882736156352,433.8067141085734,471,0.7107491856677525,1535
informative_missing,21045,fixed_0.35,0.35,0.5488747595492792,0.5488747595492792,0.5414012738853503,0.6586319218241042,0.6586319218241042,433.8067141085734,471,0.7107491856677525,1535
informative_missing,21045,fixed_0.5,0.5,0.3902969111051729,0.3902969111051729,0.3821656050955414,0.5446254071661237,0.5446254071661237,433.8067141085734,471,0.7107491856677525,1535
informative_missing,21045,net_sd_scaled_legacy_style,0.34643307287826386,0.5527310382773484,0.5527310382773484,0.5456475583864119,0.6605863192182411,0.6605863192182411,433.8067141085734,471,0.7107491856677525,1535
informative_missing,21046,fixed_0.2,0.2,0.7416078895438111,0.7416078895438111,0.7365010799136069,0.7926509186351706,0.7926509186351706,431.3884929280208,463,0.7158792650918635,1524
informative_missing,21046,fixed_0.35,0.35,0.5783489888008702,0.5783489888008702,0.5680345572354212,0.6686351706036745,0.6686351706036745,431.3884929280208,463,0.7158792650918635,1524
informative_missing,21046,fixed_0.5,0.5,0.39954273417997294,0.39954273417997294,0.3930885529157667,0.5413385826771654,0.5413385826771654,431.3884929280208,463,0.7158792650918635,1524
informative_missing,21046,net_sd_scaled_legacy_style,0.3460119866819904,0.582651922711085,0.582651922711085,0.572354211663067,0.6712598425196851,0.6712598425196851,431.3884929280208,463,0.7158792650918635,1524
informative_missing,21047,fixed_0.2,0.2,0.7561985140542437,0.7561985140542437,0.754424778761062,0.8012008005336891,0.8012008005336891,423.4938265442972,452,0.704469646430954,1499
informative_missing,21047,fixed_0.35,0.35,0.5535040262444242,0.5535040262444242,0.5508849557522124,0.6637758505670447,0.6637758505670447,423.4938265442972,452,0.704469646430954,1499
informative_missing,21047,fixed_0.5,0.5,0.37869333151157125,0.37869333151157125,0.37610619469026546,0.5443629086057371,0.5443629086057371,423.4938265442972,452,0.704469646430954,1499
informative_missing,21047,net_sd_scaled_legacy_style,0.3551950625387689,0.5490339944351099,0.5490339944351099,0.5464601769911505,0.6604402935290193,0.6604402935290193,423.4938265442972,452,0.704469646430954,1499
informative_missing,21048,fixed_0.2,0.2,0.7317228621801295,0.7317228621801295,0.7274725274725274,0.8079514824797843,0.8079514824797843,418.67679004236106,455,0.7095687331536388,1484
informative_missing,21048,fixed_0.35,0.35,0.5611081941887435,0.5611081941887435,0.5538461538461539,0.6725067385444744,0.6725067385444744,418.67679004236106,455,0.7095687331536388,1484
informative_missing,21048,fixed_0.5,0.5,0.3836699714440028,0.3836699714440028,0.37142857142857144,0.543800539083558,0.543800539083558,418.67679004236106,455,0.7095687331536388,1484
informative_missing,21048,net_sd_scaled_legacy_style,0.348929755514399,0.5636609326017592,0.5636609326017592,0.5560439560439561,0.6738544474393531,0.6738544474393531,418.67679004236106,455,0.7095687331536388,1484
informative_missing,21049,fixed_0.2,0.2,0.7455357301270844,0.7455357301270844,0.7428571428571429,0.8006600660066007,0.8006600660066007,425.8418871639602,455,0.7029702970297029,1515
informative_missing,21049,fixed_0.35,0.35,0.5520695684360493,0.5520695684360493,0.5494505494505495,0.6481848184818482,0.6481848184818482,425.8418871639602,455,0.7029702970297029,1515
informative_missing,21049,fixed_0.5,0.5,0.37708489455820315,0.37708489455820315,0.37142857142857144,0.5221122112211221,0.5221122112211221,425.8418871639602,455,0.7029702970297029,1515
informative_missing,21049,net_sd_scaled_legacy_style,0.3449557102264729,0.5565126086760923,0.5565126086760923,0.5538461538461539,0.6495049504950495,0.6495049504950495,425.8418871639602,455,0.7029702970297029,1515
informative_missing,21050,fixed_0.2,0.2,0.7363669627896803,0.7363669627896803,0.731404958677686,0.8002552648372687,0.8002552648372687,445.3242197288588,484,0.6994256541161455,1567
informative_missing,21050,fixed_0.35,0.35,0.5448922934810915,0.5448922934810915,0.5330578512396694,0.6585832801531589,0.6585832801531589,445.3242197288588,484,0.6994256541161455,1567
informative_missing,21050,fixed_0.5,0.5,0.3888701401788791,0.3888701401788791,0.38016528925619836,0.5481812380344607,0.5481812380344607,445.3242197288588,484,0.6994256541161455,1567
informative_missing,21050,net_sd_scaled_legacy_style,0.3466487848002904,0.5452240150236607,0.5452240150236607,0.5330578512396694,0.6624122527121888,0.6624122527121888,445.3242197288588,484,0.6994256541161455,1567
informative_missing,21051,fixed_0.2,0.2,0.7024103973852306,0.7024103973852306,0.6963123644251626,0.7936297279362973,0.7936297279362973,427.67933473889,461,0.7120106171201062,1507
informative_missing,21051,fixed_0.35,0.35,0.5050306394370296,0.5050306394370296,0.5032537960954447,0.6595885865958858,0.6595885865958858,427.67933473889,461,0.7120106171201062,1507
informative_missing,21051,fixed_0.5,0.5,0.3773433751775072,0.3773433751775072,0.3796095444685466,0.5514266755142667,0.5514266755142667,427.67933473889,461,0.7120106171201062,1507
informative_missing,21051,net_sd_scaled_legacy_style,0.34916135642072144,0.5097067925170521,0.5097067925170521,0.5075921908893709,0.6609157266091573,0.6609157266091573,427.67933473889,461,0.7120106171201062,1507
informative_missing,21052,fixed_0.2,0.2,0.7373075131096708,0.7373075131096708,0.7340425531914894,0.8094302554027505,0.8094302554027505,431.6370407171706,470,0.7053045186640472,1527
informative_missing,21052,fixed_0.35,0.35,0.5486117106643345,0.5486117106643345,0.5425531914893617,0.6719056974459725,0.6719056974459725,431.6370407171706,470,0.7053045186640472,1527
informative_missing,21052,fixed_0.5,0.5,0.35389962713548817,0.35389962713548817,0.35106382978723405,0.5297969875573019,0.5297969875573019,431.6370407171706,470,0.7053045186640472,1527
informative_missing,21052,net_sd_scaled_legacy_style,0.34498519075846884,0.5545418370210671,0.5545418370210671,0.548936170212766,0.6771447282252783,0.6771447282252783,431.6370407171706,470,0.7053045186640472,1527
informative_missing,21053,fixed_0.2,0.2,0.7682335878963789,0.7682335878963789,0.7662921348314606,0.8142762723066754,0.8142762723066754,411.20788235962243,445,0.6886979510905485,1513
informative_missing,21053,fixed_0.35,0.35,0.5386502622376458,0.5386502622376458,0.5280898876404494,0.666226040978189,0.666226040978189,411.20788235962243,445,0.6886979510905485,1513
informative_missing,21053,fixed_0.5,0.5,0.36992258951777923,0.36992258951777923,0.3595505617977528,0.5426305353602116,0.5426305353602116,411.20788235962243,445,0.6886979510905485,1513
informative_missing,21053,net_sd_scaled_legacy_style,0.3483081913936642,0.5386502622376458,0.5386502622376458,0.5280898876404494,0.666226040978189,0.666226040978189,411.20788235962243,445,0.6886979510905485,1513
informative_missing,21054,fixed_0.2,0.2,0.7294976323568574,0.7294976323568574,0.7308488612836439,0.8051075268817204,0.8051075268817204,439.52938385135735,483,0.7103494623655914,1488
informative_missing,21054,fixed_0.35,0.35,0.5322139219204809,0.5322139219204809,0.5403726708074534,0.6747311827956989,0.6747311827956989,439.52938385135735,483,0.7103494623655914,1488
informative_missing,21054,fixed_0.5,0.5,0.3721155777128005,0.3721155777128005,0.3747412008281574,0.5584677419354839,0.5584677419354839,439.52938385135735,483,0.7103494623655914,1488
informative_missing,21054,net_sd_scaled_legacy_style,0.3613988524012787,0.5112945061753053,0.5112945061753053,0.5196687370600414,0.6646505376344086,0.6646505376344086,439.52938385135735,483,0.7103494623655914,1488
informative_missing,21055,fixed_0.2,0.2,0.7412986171977662,0.7412986171977662,0.7354838709677419,0.7959866220735786,0.7959866220735786,429.3161087811791,465,0.7197324414715719,1495
informative_missing,21055,fixed_0.35,0.35,0.5670154288532107,0.5670154288532107,0.5591397849462365,0.6548494983277592,0.6548494983277592,429.3161087811791,465,0.7197324414715719,1495
informative_missing,21055,fixed_0.5,0.5,0.39625370858197506,0.39625370858197506,0.3870967741935484,0.5317725752508361,0.5317725752508361,429.3161087811791,465,0.7197324414715719,1495
informative_missing,21055,net_sd_scaled_legacy_style,0.354732290409741,0.5665986784288473,0.5665986784288473,0.5591397849462365,0.6528428093645485,0.6528428093645485,429.3161087811791,465,0.7197324414715719,1495
informative_missing,21056,fixed_0.2,0.2,0.7454854658126984,0.7454854658126984,0.7380952380952381,0.8055739880557399,0.8055739880557399,428.9943850159483,462,0.7106834771068348,1507
informative_missing,21056,fixed_0.35,0.35,0.5582084880815956,0.5582084880815956,0.551948051948052,0.656934306569343,0.656934306569343,428.9943850159483,462,0.7106834771068348,1507
informative_missing,21056,fixed_0.5,0.5,0.387423781074866,0.387423781074866,0.38095238095238093,0.5315195753151958,0.5315195753151958,428.9943850159483,462,0.7106834771068348,1507
informative_missing,21056,net_sd_scaled_legacy_style,0.34430959004374034,0.5666424610992596,0.5666424610992596,0.5606060606060606,0.6629064366290643,0.6629064366290643,428.9943850159483,462,0.7106834771068348,1507
informative_missing,21057,fixed_0.2,0.2,0.70635771864795,0.70635771864795,0.6936170212765957,0.7956919060052219,0.7956919060052219,434.2226077629051,470,0.706266318537859,1532
informative_missing,21057,fixed_0.35,0.35,0.5317342201826927,0.5317342201826927,0.5148936170212766,0.6546997389033943,0.6546997389033943,434.2226077629051,470,0.706266318537859,1532
informative_missing,21057,fixed_0.5,0.5,0.37174748558857934,0.37174748558857934,0.3553191489361702,0.5372062663185379,0.5372062663185379,434.2226077629051,470,0.706266318537859,1532
informative_missing,21057,net_sd_scaled_legacy_style,0.34789533571102965,0.5318695540764755,0.5318695540764755,0.5148936170212766,0.6553524804177546,0.6553524804177546,434.2226077629051,470,0.706266318537859,1532
informative_missing,21058,fixed_0.2,0.2,0.6987584854558613,0.6987584854558613,0.6990950226244343,0.7876397107166337,0.7876397107166337,413.04269542912994,442,0.6896778435239974,1521
informative_missing,21058,fixed_0.35,0.35,0.49765848861536677,0.49765848861536677,0.497737556561086,0.6469428007889546,0.6469428007889546,413.04269542912994,442,0.6896778435239974,1521
informative_missing,21058,fixed_0.5,0.5,0.3495756402287471,0.3495756402287471,0.34841628959276016,0.5312294543063774,0.5312294543063774,413.04269542912994,442,0.6896778435239974,1521
informative_missing,21058,net_sd_scaled_legacy_style,0.3474088568852015,0.5006379540408878,0.5006379540408878,0.5,0.6495726495726496,0.6495726495726496,413.04269542912994,442,0.6896778435239974,1521
informative_missing,21059,fixed_0.2,0.2,0.7755457138653195,0.7755457138653195,0.7761194029850746,0.8178829717291256,0.8178829717291256,433.2199940391049,469,0.7021696252465484,1521
informative_missing,21059,fixed_0.35,0.35,0.5545463968973988,0.5545463968973988,0.5607675906183369,0.6692965154503616,0.6692965154503616,433.2199940391049,469,0.7021696252465484,1521
informative_missing,21059,fixed_0.5,0.5,0.3871284434631046,0.3871284434631046,0.39658848614072495,0.5384615384615384,0.5384615384615384,433.2199940391049,469,0.7021696252465484,1521
informative_missing,21059,net_sd_scaled_legacy_style,0.3444405935657284,0.5722943808775681,0.5722943808775681,0.5778251599147122,0.6785009861932939,0.6785009861932939,433.2199940391049,469,0.7021696252465484,1521
informative_missing,21060,fixed_0.2,0.2,0.7266437097010796,0.7266437097010796,0.7237687366167024,0.7785855915399867,0.7785855915399867,427.3638900345179,467,0.7058823529411765,1513
informative_missing,21060,fixed_0.35,0.35,0.5675866433621439,0.5675866433621439,0.5653104925053534,0.6549900859220092,0.6549900859220092,427.3638900345179,467,0.7058823529411765,1513
informative_missing,21060,fixed_0.5,0.5,0.38710664206906026,0.38710664206906026,0.3875802997858672,0.5300727032385988,0.5300727032385988,427.3638900345179,467,0.7058823529411765,1513
informative_missing,21060,net_sd_scaled_legacy_style,0.3450443121237909,0.5740135814362065,0.5740135814362065,0.5717344753747323,0.6596166556510245,0.6596166556510245,427.3638900345179,467,0.7058823529411765,1513
informative_missing,21061,fixed_0.2,0.2,0.7408169938274385,0.7408169938274385,0.7398373983739838,0.8006349206349206,0.8006349206349206,446.2751050247622,492,0.7111111111111111,1575
informative_missing,21061,fixed_0.35,0.35,0.5581073947105252,0.5581073947105252,0.5609756097560976,0.660952380952381,0.660952380952381,446.2751050247622,492,0.7111111111111111,1575
informative_missing,21061,fixed_0.5,0.5,0.376257980995098,0.376257980995098,0.3800813008130081,0.5257142857142857,0.5257142857142857,446.2751050247622,492,0.7111111111111111,1575
informative_missing,21061,net_sd_scaled_legacy_style,0.34382997479639915,0.5634504302907352,0.5634504302907352,0.5670731707317073,0.6653968253968254,0.6653968253968254,446.2751050247622,492,0.7111111111111111,1575
informative_missing,21062,fixed_0.2,0.2,0.7588371892610932,0.7588371892610932,0.7574468085106383,0.8079427083333334,0.8079427083333334,431.9179753086683,470,0.693359375,1536
informative_missing,21062,fixed_0.35,0.35,0.5494970140967642,0.5494970140967642,0.551063829787234,0.6627604166666666,0.6627604166666666,431.9179753086683,470,0.693359375,1536
informative_missing,21062,fixed_0.5,0.5,0.35135889305727513,0.35135889305727513,0.35319148936170214,0.529296875,0.529296875,431.9179753086683,470,0.693359375,1536
informative_missing,21062,net_sd_scaled_legacy_style,0.3493577053024097,0.5564427773469648,0.5564427773469648,0.5574468085106383,0.6647135416666666,0.6647135416666666,431.9179753086683,470,0.693359375,1536
informative_missing,21063,fixed_0.2,0.2,0.7064959600579587,0.7064959600579587,0.7,0.8016139878950908,0.8016139878950908,434.0124895499713,470,0.7162071284465367,1487
informative_missing,21063,fixed_0.35,0.35,0.5336157038555737,0.5336157038555737,0.5297872340425532,0.6637525218560861,0.6637525218560861,434.0124895499713,470,0.7162071284465367,1487
informative_missing,21063,fixed_0.5,0.5,0.3604551118742139,0.3604551118742139,0.3553191489361702,0.5238735709482178,0.5238735709482178,434.0124895499713,470,0.7162071284465367,1487
informative_missing,21063,net_sd_scaled_legacy_style,0.3473599150921122,0.5359197850147055,0.5359197850147055,0.5319148936170213,0.6644250168123739,0.6644250168123739,434.0124895499713,470,0.7162071284465367,1487
informative_missing,21064,fixed_0.2,0.2,0.7317354370235329,0.7317354370235329,0.7303921568627451,0.7977675640183848,0.7977675640183848,383.33576686223626,408,0.6743269862114248,1523
informative_missing,21064,fixed_0.35,0.35,0.5242798986499954,0.5242798986499954,0.5269607843137255,0.6520026263952725,0.6520026263952725,383.33576686223626,408,0.6743269862114248,1523
informative_missing,21064,fixed_0.5,0.5,0.3891214611958438,0.3891214611958438,0.3897058823529412,0.5377544320420223,0.5377544320420223,383.33576686223626,408,0.6743269862114248,1523
informative_missing,21064,net_sd_scaled_legacy_style,0.350566082031123,0.5242798986499954,0.5242798986499954,0.5269607843137255,0.6520026263952725,0.6520026263952725,383.33576686223626,408,0.6743269862114248,1523
informative_missing,21065,fixed_0.2,0.2,0.7525704762373868,0.7525704762373868,0.7526652452025586,0.8119205298013245,0.8119205298013245,434.47539281820514,469,0.7119205298013245,1510
informative_missing,21065,fixed_0.35,0.35,0.564325626668537,0.564325626668537,0.5607675906183369,0.6754966887417219,0.6754966887417219,434.47539281820514,469,0.7119205298013245,1510
informative_missing,21065,fixed_0.5,0.5,0.40209120280664934,0.40209120280664934,0.39658848614072495,0.5543046357615894,0.5543046357615894,434.47539281820514,469,0.7119205298013245,1510
informative_missing,21065,net_sd_scaled_legacy_style,0.3483520370053146,0.5666272529896815,0.5666272529896815,0.5628997867803838,0.6768211920529801,0.6768211920529801,434.47539281820514,469,0.7119205298013245,1510
informative_missing,21066,fixed_0.2,0.2,0.7331231222791073,0.7331231222791073,0.7266811279826464,0.8040677966101695,0.8040677966101695,427.15496703069175,461,0.7152542372881356,1475
informative_missing,21066,fixed_0.35,0.35,0.5393863923287208,0.5393863923287208,0.5357917570498916,0.6610169491525424,0.6610169491525424,427.15496703069175,461,0.7152542372881356,1475
informative_missing,21066,fixed_0.5,0.5,0.37665000596872933,0.37665000596872933,0.3774403470715835,0.5498305084745763,0.5498305084745763,427.15496703069175,461,0.7152542372881356,1475
informative_missing,21066,net_sd_scaled_legacy_style,0.3506279012774462,0.5393863923287208,0.5393863923287208,0.5357917570498916,0.6603389830508475,0.6603389830508475,427.15496703069175,461,0.7152542372881356,1475
informative_missing,21067,fixed_0.2,0.2,0.7123801421072398,0.7123801421072398,0.7159090909090909,0.7919896640826873,0.7919896640826873,410.42738670341066,440,0.6937984496124031,1548
informative_missing,21067,fixed_0.35,0.35,0.5178161464528569,0.5178161464528569,0.5204545454545455,0.6395348837209303,0.6395348837209303,410.42738670341066,440,0.6937984496124031,1548
informative_missing,21067,fixed_0.5,0.5,0.36298172560876096,0.36298172560876096,0.3613636363636364,0.5219638242894057,0.5219638242894057,410.42738670341066,440,0.6937984496124031,1548
informative_missing,21067,net_sd_scaled_legacy_style,0.35339352560861875,0.513830391919868,0.513830391919868,0.5159090909090909,0.6350129198966409,0.6350129198966409,410.42738670341066,440,0.6937984496124031,1548
informative_missing,21068,fixed_0.2,0.2,0.7090360977908565,0.7090360977908565,0.7037815126050421,0.7741721854304636,0.7741721854304636,440.4226444456251,476,0.704635761589404,1510
informative_missing,21068,fixed_0.35,0.35,0.5489851807708989,0.5489851807708989,0.542016806722689,0.6582781456953642,0.6582781456953642,440.4226444456251,476,0.704635761589404,1510
informative_missing,21068,fixed_0.5,0.5,0.38069888535491403,0.38069888535491403,0.3739495798319328,0.523841059602649,0.523841059602649,440.4226444456251,476,0.704635761589404,1510
informative_missing,21068,net_sd_scaled_legacy_style,0.33891856987648256,0.5631601126937594,0.5631601126937594,0.5567226890756303,0.6682119205298013,0.6682119205298013,440.4226444456251,476,0.704635761589404,1510
informative_missing,21069,fixed_0.2,0.2,0.7395402848466391,0.7395402848466391,0.7365010799136069,0.7984189723320159,0.7984189723320159,424.82863804552323,463,0.7028985507246377,1518
informative_missing,21069,fixed_0.35,0.35,0.5151787583110866,0.5151787583110866,0.5118790496760259,0.642292490118577,0.642292490118577,424.82863804552323,463,0.7028985507246377,1518
informative_missing,21069,fixed_0.5,0.5,0.35150100862990036,0.35150100862990036,0.34773218142548595,0.5092226613965745,0.5092226613965745,424.82863804552323,463,0.7028985507246377,1518
informative_missing,21069,net_sd_scaled_legacy_style,0.34389374285612506,0.5203562228100214,0.5203562228100214,0.5183585313174947,0.6462450592885376,0.6462450592885376,424.82863804552323,463,0.7028985507246377,1518
informative_missing,21070,fixed_0.2,0.2,0.7285592692019162,0.7285592692019162,0.7307692307692307,0.8017184401850628,0.8017184401850628,427.9526465290894,468,0.7045604758757436,1513
informative_missing,21070,fixed_0.35,0.35,0.5597336226133597,0.5597336226133597,0.5576923076923077,0.6629213483146067,0.6629213483146067,427.9526465290894,468,0.7045604758757436,1513
informative_missing,21070,fixed_0.5,0.5,0.41129522737037355,0.41129522737037355,0.41025641025641024,0.541969596827495,0.541969596827495,427.9526465290894,468,0.7045604758757436,1513
informative_missing,21070,net_sd_scaled_legacy_style,0.3460922091275532,0.5632957002795417,0.5632957002795417,0.561965811965812,0.666226040978189,0.666226040978189,427.9526465290894,468,0.7045604758757436,1513
informative_missing,21071,fixed_0.2,0.2,0.7334483305661966,0.7334483305661966,0.7280701754385965,0.7942143326758712,0.7942143326758712,422.23779929195956,456,0.7061143984220908,1521
informative_missing,21071,fixed_0.35,0.35,0.5318184327760417,0.5318184327760417,0.5241228070175439,0.6502301117685733,0.6502301117685733,422.23779929195956,456,0.7061143984220908,1521
informative_missing,21071,fixed_0.5,0.5,0.37713343873843036,0.37713343873843036,0.37280701754385964,0.5417488494411571,0.5417488494411571,422.23779929195956,456,0.7061143984220908,1521
informative_missing,21071,net_sd_scaled_legacy_style,0.34994045998852497,0.5318184327760417,0.5318184327760417,0.5241228070175439,0.6502301117685733,0.6502301117685733,422.23779929195956,456,0.7061143984220908,1521
informative_missing,21072,fixed_0.2,0.2,0.7138265767113919,0.7138265767113919,0.7130242825607064,0.8007915567282322,0.8007915567282322,417.0611523894852,453,0.6985488126649076,1516
informative_missing,21072,fixed_0.35,0.35,0.5496787005641816,0.5496787005641816,0.5496688741721855,0.6734828496042217,0.6734828496042217,417.0611523894852,453,0.6985488126649076,1516
informative_missing,21072,fixed_0.5,0.5,0.39761646871374395,0.39761646871374395,0.39293598233995586,0.5448548812664907,0.5448548812664907,417.0611523894852,453,0.6985488126649076,1516
informative_missing,21072,net_sd_scaled_legacy_style,0.35526604774310283,0.5480832506780694,0.5480832506780694,0.5474613686534217,0.6688654353562006,0.6688654353562006,417.0611523894852,453,0.6985488126649076,1516
informative_missing,21073,fixed_0.2,0.2,0.7026695211601877,0.7026695211601877,0.7083333333333334,0.7792378449408672,0.7792378449408672,415.51752592909844,456,0.6971090670170828,1522
informative_missing,21073,fixed_0.35,0.35,0.565035964562368,0.565035964562368,0.5701754385964912,0.6629434954007885,0.6629434954007885,415.51752592909844,456,0.6971090670170828,1522
informative_missing,21073,fixed_0.5,0.5,0.3961529958318059,0.3961529958318059,0.40131578947368424,0.5236530880420499,0.5236530880420499,415.51752592909844,456,0.6971090670170828,1522
informative_missing,21073,net_sd_scaled_legacy_style,0.3471178171908205,0.565035964562368,0.565035964562368,0.5701754385964912,0.664257555847569,0.664257555847569,415.51752592909844,456,0.6971090670170828,1522
informative_missing,21074,fixed_0.2,0.2,0.7264213916398552,0.7264213916398552,0.7303609341825902,0.8099337748344371,0.8099337748344371,429.36134469568174,471,0.7019867549668874,1510
informative_missing,21074,fixed_0.35,0.35,0.527177183530104,0.527177183530104,0.5286624203821656,0.6635761589403973,0.6635761589403973,429.36134469568174,471,0.7019867549668874,1510
informative_missing,21074,fixed_0.5,0.5,0.3827704716966871,0.3827704716966871,0.3821656050955414,0.5456953642384106,0.5456953642384106,429.36134469568174,471,0.7019867549668874,1510
informative_missing,21074,net_sd_scaled_legacy_style,0.3537460279696589,0.526844598135415,0.526844598135415,0.5286624203821656,0.6609271523178808,0.6609271523178808,429.36134469568174,471,0.7019867549668874,1510
informative_missing,21075,fixed_0.2,0.2,0.7548484348859195,0.7548484348859195,0.7526427061310782,0.8090909090909091,0.8090909090909091,437.93761872942775,473,0.7123376623376624,1540
informative_missing,21075,fixed_0.35,0.35,0.5795787748869594,0.5795787748869594,0.5750528541226215,0.6714285714285714,0.6714285714285714,437.93761872942775,473,0.7123376623376624,1540
informative_missing,21075,fixed_0.5,0.5,0.40178686402528935,0.40178686402528935,0.39957716701902746,0.5383116883116883,0.5383116883116883,437.93761872942775,473,0.7123376623376624,1540
informative_missing,21075,net_sd_scaled_legacy_style,0.34553554080838245,0.5882761033455459,0.5882761033455459,0.5835095137420718,0.6785714285714286,0.6785714285714286,437.93761872942775,473,0.7123376623376624,1540
informative_missing,21076,fixed_0.2,0.2,0.7563272817682289,0.7563272817682289,0.7510917030567685,0.8115284974093264,0.8115284974093264,424.04000632381553,458,0.6949481865284974,1544
informative_missing,21076,fixed_0.35,0.35,0.5520590576013662,0.5520590576013662,0.5502183406113537,0.6658031088082902,0.6658031088082902,424.04000632381553,458,0.6949481865284974,1544
informative_missing,21076,fixed_0.5,0.5,0.3974345391001645,0.3974345391001645,0.3951965065502183,0.5440414507772021,0.5440414507772021,424.04000632381553,458,0.6949481865284974,1544
informative_missing,21076,net_sd_scaled_legacy_style,0.35542423834058967,0.5445414318872659,0.5445414318872659,0.5436681222707423,0.6599740932642487,0.6599740932642487,424.04000632381553,458,0.6949481865284974,1544
informative_missing,21077,fixed_0.2,0.2,0.7356732620959252,0.7356732620959252,0.7339246119733924,0.8011889035667107,0.8011889035667107,417.16802546303575,451,0.7087186261558784,1514
informative_missing,21077,fixed_0.35,0.35,0.5523093343354785,0.5523093343354785,0.549889135254989,0.6697490092470277,0.6697490092470277,417.16802546303575,451,0.7087186261558784,1514
informative_missing,21077,fixed_0.5,0.5,0.3626439736841828,0.3626439736841828,0.35476718403547675,0.5363276089828269,0.5363276089828269,417.16802546303575,451,0.7087186261558784,1514
informative_missing,21077,net_sd_scaled_legacy_style,0.3511480751103637,0.5499122186915121,0.5499122186915121,0.5476718403547672,0.6690885072655218,0.6690885072655218,417.16802546303575,451,0.7087186261558784,1514
informative_missing,21078,fixed_0.2,0.2,0.7477674618843072,0.7477674618843072,0.7484008528784648,0.8134377038486628,0.8134377038486628,435.4757531775049,469,0.7123287671232876,1533
informative_missing,21078,fixed_0.35,0.35,0.5262657061262966,0.5262657061262966,0.5245202558635395,0.6607958251793868,0.6607958251793868,435.4757531775049,469,0.7123287671232876,1533
informative_missing,21078,fixed_0.5,0.5,0.35796753363117795,0.35796753363117795,0.35181236673773986,0.5466405740378343,0.5466405740378343,435.4757531775049,469,0.7123287671232876,1533
informative_missing,21078,net_sd_scaled_legacy_style,0.34660236732197724,0.5267408899897328,0.5267408899897328,0.5245202558635395,0.6621004566210046,0.6621004566210046,435.4757531775049,469,0.7123287671232876,1533
informative_missing,21079,fixed_0.2,0.2,0.7201685260845373,0.7201685260845373,0.7239263803680982,0.801967213114754,0.801967213114754,448.053673028008,489,0.7160655737704918,1525
informative_missing,21079,fixed_0.35,0.35,0.5157657634361293,0.5157657634361293,0.5173824130879345,0.6557377049180327,0.6557377049180327,448.053673028008,489,0.7160655737704918,1525
informative_missing,21079,fixed_0.5,0.5,0.36601713155320714,0.36601713155320714,0.3619631901840491,0.5422950819672131,0.5422950819672131,448.053673028008,489,0.7160655737704918,1525
informative_missing,21079,net_sd_scaled_legacy_style,0.3557186394523304,0.5138641086201816,0.5138641086201816,0.5153374233128835,0.6531147540983606,0.6531147540983606,448.053673028008,489,0.7160655737704918,1525
informative_missing,21080,fixed_0.2,0.2,0.7250879082167935,0.7250879082167935,0.7282157676348547,0.7969250480461243,0.7969250480461243,443.5075744088049,482,0.7142857142857143,1561
informative_missing,21080,fixed_0.35,0.35,0.5128926479986768,0.5128926479986768,0.5124481327800829,0.6463805253042921,0.6463805253042921,443.5075744088049,482,0.7142857142857143,1561
informative_missing,21080,fixed_0.5,0.5,0.38075764103994947,0.38075764103994947,0.3796680497925311,0.529788597053171,0.529788597053171,443.5075744088049,482,0.7142857142857143,1561
informative_missing,21080,net_sd_scaled_legacy_style,0.34273040986530123,0.5329526200479867,0.5329526200479867,0.5311203319502075,0.6559897501601537,0.6559897501601537,443.5075744088049,482,0.7142857142857143,1561
informative_missing,21081,fixed_0.2,0.2,0.7751924196264373,0.7751924196264373,0.7669683257918553,0.8172043010752689,0.8172043010752689,404.2479274773268,442,0.6888440860215054,1488
informative_missing,21081,fixed_0.35,0.35,0.5448161829835316,0.5448161829835316,0.5407239819004525,0.6720430107526881,0.6720430107526881,404.2479274773268,442,0.6888440860215054,1488
informative_missing,21081,fixed_0.5,0.5,0.38769766087175034,0.38769766087175034,0.3733031674208145,0.5436827956989247,0.5436827956989247,404.2479274773268,442,0.6888440860215054,1488
informative_missing,21081,net_sd_scaled_legacy_style,0.35042293840724165,0.5448161829835316,0.5448161829835316,0.5407239819004525,0.6720430107526881,0.6720430107526881,404.2479274773268,442,0.6888440860215054,1488
informative_missing,21082,fixed_0.2,0.2,0.7281195342459394,0.7281195342459394,0.7316017316017316,0.7935989549314174,0.7935989549314174,430.1433736583843,462,0.6995427824951013,1531
informative_missing,21082,fixed_0.35,0.35,0.5513864002556418,0.5513864002556418,0.5541125541125541,0.6649248856956238,0.6649248856956238,430.1433736583843,462,0.6995427824951013,1531
informative_missing,21082,fixed_0.5,0.5,0.37789089612017224,0.37789089612017224,0.37445887445887444,0.5401698236446767,0.5401698236446767,430.1433736583843,462,0.6995427824951013,1531
informative_missing,21082,net_sd_scaled_legacy_style,0.3567938073254714,0.5400573616152097,0.5400573616152097,0.5432900432900433,0.6583932070542129,0.6583932070542129,430.1433736583843,462,0.6995427824951013,1531
informative_missing,21083,fixed_0.2,0.2,0.7447780877720258,0.7447780877720258,0.7426160337552743,0.8081395348837209,0.8081395348837209,445.00277568356046,474,0.7118863049095607,1548
informative_missing,21083,fixed_0.35,0.35,0.5691482834517471,0.5691482834517471,0.5675105485232067,0.6666666666666666,0.6666666666666666,445.00277568356046,474,0.7118863049095607,1548
informative_missing,21083,fixed_0.5,0.5,0.41976442656651286,0.41976442656651286,0.4177215189873418,0.5484496124031008,0.5484496124031008,445.00277568356046,474,0.7118863049095607,1548
informative_missing,21083,net_sd_scaled_legacy_style,0.3429849808296373,0.5813123947781106,0.5813123947781106,0.580168776371308,0.6757105943152455,0.6757105943152455,445.00277568356046,474,0.7118863049095607,1548
informative_missing,21084,fixed_0.2,0.2,0.7244444392453665,0.7244444392453665,0.7261146496815286,0.8083333333333333,0.8083333333333333,438.4908269322251,471,0.708974358974359,1560
informative_missing,21084,fixed_0.35,0.35,0.5740393840562239,0.5740393840562239,0.5732484076433121,0.6775641025641026,0.6775641025641026,438.4908269322251,471,0.708974358974359,1560
informative_missing,21084,fixed_0.5,0.5,0.39260330142616356,0.39260330142616356,0.39065817409766457,0.5570512820512821,0.5570512820512821,438.4908269322251,471,0.708974358974359,1560
informative_missing,21084,net_sd_scaled_legacy_style,0.35661497012982524,0.5632157421455729,0.5632157421455729,0.5626326963906582,0.6705128205128205,0.6705128205128205,438.4908269322251,471,0.708974358974359,1560
informative_missing,21085,fixed_0.2,0.2,0.7243618434207971,0.7243618434207971,0.7227272727272728,0.8055555555555556,0.8055555555555556,405.47081448812133,440,0.6795865633074936,1548
informative_missing,21085,fixed_0.35,0.35,0.5715305399346775,0.5715305399346775,0.5681818181818182,0.6692506459948321,0.6692506459948321,405.47081448812133,440,0.6795865633074936,1548
informative_missing,21085,fixed_0.5,0.5,0.41100842583354097,0.41100842583354097,0.40454545454545454,0.5432816537467701,0.5432816537467701,405.47081448812133,440,0.6795865633074936,1548
informative_missing,21085,net_sd_scaled_legacy_style,0.33993886664594336,0.5814567206256462,0.5814567206256462,0.5795454545454546,0.6782945736434108,0.6782945736434108,405.47081448812133,440,0.6795865633074936,1548
informative_missing,21086,fixed_0.2,0.2,0.7564240738047011,0.7564240738047011,0.7548387096774194,0.8146692861820564,0.8146692861820564,427.8545629668671,465,0.7007203667321545,1527
informative_missing,21086,fixed_0.35,0.35,0.5759039164177052,0.5759039164177052,0.5655913978494623,0.6797642436149313,0.6797642436149313,427.8545629668671,465,0.7007203667321545,1527
informative_missing,21086,fixed_0.5,0.5,0.3911275680093672,0.3911275680093672,0.3849462365591398,0.5422396856581533,0.5422396856581533,427.8545629668671,465,0.7007203667321545,1527
informative_missing,21086,net_sd_scaled_legacy_style,0.3486090096721048,0.5759039164177052,0.5759039164177052,0.5655913978494623,0.6810740013097577,0.6810740013097577,427.8545629668671,465,0.7007203667321545,1527
informative_missing,21087,fixed_0.2,0.2,0.7076599133340815,0.7076599133340815,0.7094736842105264,0.7866220735785954,0.7866220735785954,435.83785994178015,475,0.7250836120401338,1495
informative_missing,21087,fixed_0.35,0.35,0.530232584705537,0.530232584705537,0.5242105263157895,0.6729096989966555,0.6729096989966555,435.83785994178015,475,0.7250836120401338,1495
informative_missing,21087,fixed_0.5,0.5,0.38168782443321486,0.38168782443321486,0.3705263157894737,0.539799331103679,0.539799331103679,435.83785994178015,475,0.7250836120401338,1495
informative_missing,21087,net_sd_scaled_legacy_style,0.3482530690908415,0.5313583177160458,0.5313583177160458,0.5263157894736842,0.6742474916387959,0.6742474916387959,435.83785994178015,475,0.7250836120401338,1495
informative_missing,21088,fixed_0.2,0.2,0.7558200765886673,0.7558200765886673,0.7622950819672131,0.8170572916666666,0.8170572916666666,445.40825115043185,488,0.7102864583333334,1536
informative_missing,21088,fixed_0.35,0.35,0.5621676024307748,0.5621676024307748,0.569672131147541,0.6712239583333334,0.6712239583333334,445.40825115043185,488,0.7102864583333334,1536
informative_missing,21088,fixed_0.5,0.5,0.4103959160754357,0.4103959160754357,0.41188524590163933,0.5475260416666666,0.5475260416666666,445.40825115043185,488,0.7102864583333334,1536
informative_missing,21088,net_sd_scaled_legacy_style,0.34417627261627043,0.5669211290897436,0.5669211290897436,0.5737704918032787,0.6764322916666666,0.6764322916666666,445.40825115043185,488,0.7102864583333334,1536
informative_missing,21089,fixed_0.2,0.2,0.7154603166545789,0.7154603166545789,0.7114228456913828,0.8052117263843648,0.8052117263843648,459.34315012202745,499,0.7387622149837133,1535
informative_missing,21089,fixed_0.35,0.35,0.5073028893622828,0.5073028893622828,0.501002004008016,0.6638436482084691,0.6638436482084691,459.34315012202745,499,0.7387622149837133,1535
informative_missing,21089,fixed_0.5,0.5,0.3570656757618986,0.3570656757618986,0.35671342685370744,0.5439739413680782,0.5439739413680782,459.34315012202745,499,0.7387622149837133,1535
informative_missing,21089,net_sd_scaled_legacy_style,0.3484434410337342,0.5073028893622828,0.5073028893622828,0.501002004008016,0.6651465798045603,0.6651465798045603,459.34315012202745,499,0.7387622149837133,1535
informative_missing,21090,fixed_0.2,0.2,0.732027044066746,0.732027044066746,0.7280701754385965,0.8030403172504957,0.8030403172504957,422.9243845331961,456,0.6959682749504296,1513
informative_missing,21090,fixed_0.35,0.35,0.5442324216506961,0.5442324216506961,0.5394736842105263,0.6695307336417713,0.6695307336417713,422.9243845331961,456,0.6959682749504296,1513
informative_missing,21090,fixed_0.5,0.5,0.39757050187555537,0.39757050187555537,0.3969298245614035,0.5551883674818242,0.5551883674818242,422.9243845331961,456,0.6959682749504296,1513
informative_missing,21090,net_sd_scaled_legacy_style,0.3563430928228926,0.534093043613266,0.534093043613266,0.5307017543859649,0.6629213483146067,0.6629213483146067,422.9243845331961,456,0.6959682749504296,1513
informative_missing,21091,fixed_0.2,0.2,0.730763940728636,0.730763940728636,0.732739420935412,0.806,0.806,416.71040181012734,449,0.7046666666666667,1500
informative_missing,21091,fixed_0.35,0.35,0.5667172511562679,0.5667172511562679,0.5723830734966593,0.68,0.68,416.71040181012734,449,0.7046666666666667,1500
informative_missing,21091,fixed_0.5,0.5,0.38410041631984027,0.38410041631984027,0.38530066815144765,0.558,0.558,416.71040181012734,449,0.7046666666666667,1500
informative_missing,21091,net_sd_scaled_legacy_style,0.3573761542801549,0.5586794557641703,0.5586794557641703,0.5634743875278396,0.6733333333333333,0.6733333333333333,416.71040181012734,449,0.7046666666666667,1500
informative_missing,21092,fixed_0.2,0.2,0.7311897384928729,0.7311897384928729,0.720620842572062,0.7893700787401575,0.7893700787401575,424.38785459377976,451,0.6988188976377953,1524
informative_missing,21092,fixed_0.35,0.35,0.5472240477462421,0.5472240477462421,0.5388026607538803,0.6620734908136483,0.6620734908136483,424.38785459377976,451,0.6988188976377953,1524
informative_missing,21092,fixed_0.5,0.5,0.41949247690386016,0.41949247690386016,0.4079822616407982,0.5465879265091863,0.5465879265091863,424.38785459377976,451,0.6988188976377953,1524
informative_missing,21092,net_sd_scaled_legacy_style,0.35064541059374654,0.5472240477462421,0.5472240477462421,0.5388026607538803,0.6620734908136483,0.6620734908136483,424.38785459377976,451,0.6988188976377953,1524
informative_missing,21093,fixed_0.2,0.2,0.7626044388291414,0.7626044388291414,0.7563805104408353,0.8097789685197588,0.8097789685197588,404.15673630586144,431,0.6972538513060951,1493
informative_missing,21093,fixed_0.35,0.35,0.5701679349578749,0.5701679349578749,0.568445475638051,0.6617548559946417,0.6617548559946417,404.15673630586144,431,0.6972538513060951,1493
informative_missing,21093,fixed_0.5,0.5,0.40421384524520465,0.40421384524520465,0.4013921113689095,0.5338245144005358,0.5338245144005358,404.15673630586144,431,0.6972538513060951,1493
informative_missing,21093,net_sd_scaled_legacy_style,0.34447335401747303,0.5729508367001608,0.5729508367001608,0.5707656612529002,0.6697923643670463,0.6697923643670463,404.15673630586144,431,0.6972538513060951,1493
informative_missing,21094,fixed_0.2,0.2,0.7074818370192466,0.7074818370192466,0.7052631578947368,0.7851511169513797,0.7851511169513797,438.97944928663435,475,0.7174770039421814,1522
informative_missing,21094,fixed_0.35,0.35,0.5043226998891653,0.5043226998891653,0.5010526315789474,0.6360052562417872,0.6360052562417872,438.97944928663435,475,0.7174770039421814,1522
informative_missing,21094,fixed_0.5,0.5,0.3377951516860511,0.3377951516860511,0.3368421052631579,0.5131406044678055,0.5131406044678055,438.97944928663435,475,0.7174770039421814,1522
informative_missing,21094,net_sd_scaled_legacy_style,0.34606416706954013,0.5066007108567062,0.5066007108567062,0.5031578947368421,0.6379763469119579,0.6379763469119579,438.97944928663435,475,0.7174770039421814,1522
informative_missing,21095,fixed_0.2,0.2,0.7499200621773807,0.7499200621773807,0.7420042643923241,0.8085245901639344,0.8085245901639344,431.0968613442329,469,0.7042622950819672,1525
informative_missing,21095,fixed_0.35,0.35,0.5479451680071596,0.5479451680071596,0.5415778251599147,0.6721311475409836,0.6721311475409836,431.0968613442329,469,0.7042622950819672,1525
informative_missing,21095,fixed_0.5,0.5,0.3953962849886332,0.3953962849886332,0.39232409381663114,0.5501639344262295,0.5501639344262295,431.0968613442329,469,0.7042622950819672,1525
informative_missing,21095,net_sd_scaled_legacy_style,0.3599890758922629,0.5299223873740898,0.5299223873740898,0.5223880597014925,0.659672131147541,0.659672131147541,431.0968613442329,469,0.7042622950819672,1525
informative_missing,21096,fixed_0.2,0.2,0.7271270951413558,0.7271270951413558,0.7260579064587973,0.790058862001308,0.790058862001308,416.5094115593191,449,0.7024198822759974,1529
informative_missing,21096,fixed_0.35,0.35,0.5542945671212789,0.5542945671212789,0.5545657015590201,0.6540222367560498,0.6540222367560498,416.5094115593191,449,0.7024198822759974,1529
informative_missing,21096,fixed_0.5,0.5,0.38795883830046324,0.38795883830046324,0.38752783964365256,0.52648790058862,0.52648790058862,416.5094115593191,449,0.7024198822759974,1529
informative_missing,21096,net_sd_scaled_legacy_style,0.3451698114633887,0.5635857304961199,0.5635857304961199,0.5634743875278396,0.6612164813603663,0.6612164813603663,416.5094115593191,449,0.7024198822759974,1529
informative_missing,21097,fixed_0.2,0.2,0.7286781565729546,0.7286781565729546,0.7193347193347194,0.7961741424802111,0.7961741424802111,441.2867582705147,481,0.7071240105540897,1516
informative_missing,21097,fixed_0.35,0.35,0.5134152422889572,0.5134152422889572,0.5093555093555093,0.645778364116095,0.645778364116095,441.2867582705147,481,0.7071240105540897,1516
informative_missing,21097,fixed_0.5,0.5,0.36814101174657715,0.36814101174657715,0.36174636174636177,0.5395778364116095,0.5395778364116095,441.2867582705147,481,0.7071240105540897,1516
informative_missing,21097,net_sd_scaled_legacy_style,0.33890945916686244,0.5201878622726646,0.5201878622726646,0.5155925155925156,0.6503957783641161,0.6503957783641161,441.2867582705147,481,0.7071240105540897,1516
informative_missing,21098,fixed_0.2,0.2,0.7487266619217527,0.7487266619217527,0.7477678571428571,0.8135026737967914,0.8135026737967914,415.68850302691254,448,0.7118983957219251,1496
informative_missing,21098,fixed_0.35,0.35,0.5381939184932689,0.5381939184932689,0.5379464285714286,0.6711229946524064,0.6711229946524064,415.68850302691254,448,0.7118983957219251,1496
informative_missing,21098,fixed_0.5,0.5,0.353316766518542,0.353316766518542,0.35044642857142855,0.5427807486631016,0.5427807486631016,415.68850302691254,448,0.7118983957219251,1496
informative_missing,21098,net_sd_scaled_legacy_style,0.3524676358527838,0.5381939184932689,0.5381939184932689,0.5379464285714286,0.6697860962566845,0.6697860962566845,415.68850302691254,448,0.7118983957219251,1496
informative_missing,21099,fixed_0.2,0.2,0.7488565794329095,0.7488565794329095,0.7536231884057971,0.8138780804150454,0.8138780804150454,444.1408534497788,483,0.7068741893644618,1542
informative_missing,21099,fixed_0.35,0.35,0.5702685245202495,0.5702685245202495,0.5734989648033126,0.6776913099870299,0.6776913099870299,444.1408534497788,483,0.7068741893644618,1542
informative_missing,21099,fixed_0.5,0.5,0.37503271182870096,0.37503271182870096,0.37681159420289856,0.5440985732814526,0.5440985732814526,444.1408534497788,483,0.7068741893644618,1542
informative_missing,21099,net_sd_scaled_legacy_style,0.35302346488422515,0.569114210458181,0.569114210458181,0.5714285714285714,0.6763942931258107,0.6763942931258107,444.1408534497788,483,0.7068741893644618,1542
informative_missing,21100,fixed_0.2,0.2,0.7548077800565859,0.7548077800565859,0.7566371681415929,0.8037135278514589,0.8037135278514589,416.9831395177955,452,0.7015915119363395,1508
informative_missing,21100,fixed_0.35,0.35,0.5508755251668984,0.5508755251668984,0.5508849557522124,0.6478779840848806,0.6478779840848806,416.9831395177955,452,0.7015915119363395,1508
informative_missing,21100,fixed_0.5,0.5,0.40481842156558023,0.40481842156558023,0.40707964601769914,0.5377984084880637,0.5377984084880637,416.9831395177955,452,0.7015915119363395,1508
informative_missing,21100,net_sd_scaled_legacy_style,0.3453214889314846,0.5577851394145276,0.5577851394145276,0.5575221238938053,0.6511936339522546,0.6511936339522546,416.9831395177955,452,0.7015915119363395,1508
regime_shift,21001,fixed_0.2,0.2,0.769436046121569,0.769436046121569,0.7647058823529411,0.84,0.84,657.334313360958,714,0.69625,2400
regime_shift,21001,fixed_0.35,0.35,0.6208371634696424,0.6208371634696424,0.6148459383753502,0.7220833333333333,0.7220833333333333,657.334313360958,714,0.69625,2400
regime_shift,21001,fixed_0.5,0.5,0.4574523173426623,0.4574523173426623,0.45098039215686275,0.6108333333333333,0.6108333333333333,657.334313360958,714,0.69625,2400
regime_shift,21001,net_sd_scaled_legacy_style,0.3400132905915498,0.629348833820274,0.629348833820274,0.623249299719888,0.7283333333333334,0.7283333333333334,657.334313360958,714,0.69625,2400
regime_shift,21002,fixed_0.2,0.2,0.7743417516540162,0.7743417516540162,0.7724039829302988,0.8408333333333333,0.8408333333333333,653.296572600546,703,0.7008333333333333,2400
regime_shift,21002,fixed_0.35,0.35,0.6116725991634397,0.6116725991634397,0.6102418207681366,0.7208333333333333,0.7208333333333333,653.296572600546,703,0.7008333333333333,2400
regime_shift,21002,fixed_0.5,0.5,0.46604507935925565,0.46604507935925565,0.46372688477951635,0.6170833333333333,0.6170833333333333,653.296572600546,703,0.7008333333333333,2400
regime_shift,21002,net_sd_scaled_legacy_style,0.34847044151752465,0.611877908194266,0.611877908194266,0.6102418207681366,0.7220833333333333,0.7220833333333333,653.296572600546,703,0.7008333333333333,2400
regime_shift,21003,fixed_0.2,0.2,0.7548042251914325,0.7548042251914325,0.7535410764872521,0.8404166666666667,0.8404166666666667,657.0066122267629,706,0.6854166666666667,2400
regime_shift,21003,fixed_0.35,0.35,0.5980178567114052,0.5980178567114052,0.5991501416430595,0.73625,0.73625,657.0066122267629,706,0.6854166666666667,2400
regime_shift,21003,fixed_0.5,0.5,0.4549005450251552,0.4549005450251552,0.4546742209631728,0.6354166666666666,0.6354166666666666,657.0066122267629,706,0.6854166666666667,2400
regime_shift,21003,net_sd_scaled_legacy_style,0.34434952087953635,0.6040557238250759,0.6040557238250759,0.6048158640226629,0.74125,0.74125,657.0066122267629,706,0.6854166666666667,2400
regime_shift,21004,fixed_0.2,0.2,0.7983930983914261,0.7983930983914261,0.7954220314735336,0.8475,0.8475,648.882262187971,699,0.69875,2400
regime_shift,21004,fixed_0.35,0.35,0.6350939428445876,0.6350939428445876,0.6280400572246065,0.74,0.74,648.882262187971,699,0.69875,2400
regime_shift,21004,fixed_0.5,0.5,0.45684405617775653,0.45684405617775653,0.45064377682403434,0.62,0.62,648.882262187971,699,0.69875,2400
regime_shift,21004,net_sd_scaled_legacy_style,0.35359237271021743,0.6306578936031587,0.6306578936031587,0.6237482117310443,0.7379166666666667,0.7379166666666667,648.882262187971,699,0.69875,2400
regime_shift,21005,fixed_0.2,0.2,0.7927879176631292,0.7927879176631292,0.7936726272352133,0.8391666666666666,0.8391666666666666,668.7400244114351,727,0.7004166666666667,2400
regime_shift,21005,fixed_0.35,0.35,0.6256157262760421,0.6256157262760421,0.6203576341127923,0.72625,0.72625,668.7400244114351,727,0.7004166666666667,2400
regime_shift,21005,fixed_0.5,0.5,0.4620673482743105,0.4620673482743105,0.45529573590096284,0.6158333333333333,0.6158333333333333,668.7400244114351,727,0.7004166666666667,2400
regime_shift,21005,net_sd_scaled_legacy_style,0.3534949369198842,0.6256157262760421,0.6256157262760421,0.6203576341127923,0.725,0.725,668.7400244114351,727,0.7004166666666667,2400
regime_shift,21006,fixed_0.2,0.2,0.7948345215153122,0.7948345215153122,0.7940761636107193,0.8416666666666667,0.8416666666666667,660.42560929522,709,0.6908333333333333,2400
regime_shift,21006,fixed_0.35,0.35,0.6048409659231262,0.6048409659231262,0.5980253878702397,0.7170833333333333,0.7170833333333333,660.42560929522,709,0.6908333333333333,2400
regime_shift,21006,fixed_0.5,0.5,0.42244608333087996,0.42244608333087996,0.4146685472496474,0.6033333333333334,0.6033333333333334,660.42560929522,709,0.6908333333333333,2400
regime_shift,21006,net_sd_scaled_legacy_style,0.34106762893143366,0.6150399131397657,0.6150399131397657,0.609308885754584,0.7254166666666667,0.7254166666666667,660.42560929522,709,0.6908333333333333,2400
regime_shift,21007,fixed_0.2,0.2,0.784248206757256,0.784248206757256,0.7774647887323943,0.84875,0.84875,658.0918563750442,710,0.70375,2400
regime_shift,21007,fixed_0.35,0.35,0.5979436528550417,0.5979436528550417,0.5915492957746479,0.73375,0.73375,658.0918563750442,710,0.70375,2400
regime_shift,21007,fixed_0.5,0.5,0.4167722877180548,0.4167722877180548,0.4056338028169014,0.615,0.615,658.0918563750442,710,0.70375,2400
regime_shift,21007,net_sd_scaled_legacy_style,0.3513891925922507,0.5979436528550417,0.5979436528550417,0.5915492957746479,0.7329166666666667,0.7329166666666667,658.0918563750442,710,0.70375,2400
regime_shift,21008,fixed_0.2,0.2,0.7662887969792411,0.7662887969792411,0.7675033025099075,0.8366666666666667,0.8366666666666667,700.6305361591569,757,0.72,2400
regime_shift,21008,fixed_0.35,0.35,0.6027716772765461,0.6027716772765461,0.5997357992073976,0.72125,0.72125,700.6305361591569,757,0.72,2400
regime_shift,21008,fixed_0.5,0.5,0.44971708216728384,0.44971708216728384,0.44517833553500663,0.6141666666666666,0.6141666666666666,700.6305361591569,757,0.72,2400
regime_shift,21008,net_sd_scaled_legacy_style,0.3513132807796702,0.6011667074554444,0.6011667074554444,0.5984147952443857,0.7195833333333334,0.7195833333333334,700.6305361591569,757,0.72,2400
regime_shift,21009,fixed_0.2,0.2,0.7643542599616168,0.7643542599616168,0.7617135207496654,0.83625,0.83625,699.3499434434722,747,0.7125,2400
regime_shift,21009,fixed_0.35,0.35,0.5777681726403954,0.5777681726403954,0.570281124497992,0.7133333333333334,0.7133333333333334,699.3499434434722,747,0.7125,2400
regime_shift,21009,fixed_0.5,0.5,0.438855565275743,0.438855565275743,0.43105756358768405,0.6108333333333333,0.6108333333333333,699.3499434434722,747,0.7125,2400
regime_shift,21009,net_sd_scaled_legacy_style,0.3461403630277474,0.5806279712558816,0.5806279712558816,0.5729585006693441,0.715,0.715,699.3499434434722,747,0.7125,2400
regime_shift,21010,fixed_0.2,0.2,0.783627043374035,0.783627043374035,0.7817679558011049,0.8354166666666667,0.8354166666666667,669.1016062722069,724,0.7079166666666666,2400
regime_shift,21010,fixed_0.35,0.35,0.6215652647450112,0.6215652647450112,0.6146408839779005,0.7241666666666666,0.7241666666666666,669.1016062722069,724,0.7079166666666666,2400
regime_shift,21010,fixed_0.5,0.5,0.4638588697563686,0.4638588697563686,0.457182320441989,0.6129166666666667,0.6129166666666667,669.1016062722069,724,0.7079166666666666,2400
regime_shift,21010,net_sd_scaled_legacy_style,0.3504850097168154,0.6202931706195497,0.6202931706195497,0.6132596685082873,0.72375,0.72375,669.1016062722069,724,0.7079166666666666,2400
regime_shift,21011,fixed_0.2,0.2,0.7659836302693822,0.7659836302693822,0.7660738714090287,0.8308333333333333,0.8308333333333333,679.5667352974727,731,0.7058333333333333,2400
regime_shift,21011,fixed_0.35,0.35,0.6092050653615467,0.6092050653615467,0.6073871409028728,0.7275,0.7275,679.5667352974727,731,0.7058333333333333,2400
regime_shift,21011,fixed_0.5,0.5,0.4641502197043688,0.4641502197043688,0.46238030095759236,0.62875,0.62875,679.5667352974727,731,0.7058333333333333,2400
regime_shift,21011,net_sd_scaled_legacy_style,0.3503674391058393,0.6089183481953673,0.6089183481953673,0.6073871409028728,0.7270833333333333,0.7270833333333333,679.5667352974727,731,0.7058333333333333,2400
regime_shift,21012,fixed_0.2,0.2,0.7702696062082643,0.7702696062082643,0.7661064425770309,0.8425,0.8425,654.6355198418569,714,0.6891666666666667,2400
regime_shift,21012,fixed_0.35,0.35,0.6167273220465586,0.6167273220465586,0.6120448179271709,0.7329166666666667,0.7329166666666667,654.6355198418569,714,0.6891666666666667,2400
regime_shift,21012,fixed_0.5,0.5,0.4475711614612184,0.4475711614612184,0.4369747899159664,0.6191666666666666,0.6191666666666666,654.6355198418569,714,0.6891666666666667,2400
regime_shift,21012,net_sd_scaled_legacy_style,0.35040045263242325,0.6167273220465586,0.6167273220465586,0.6120448179271709,0.7329166666666667,0.7329166666666667,654.6355198418569,714,0.6891666666666667,2400
regime_shift,21013,fixed_0.2,0.2,0.7670671953400989,0.7670671953400989,0.7644683714670256,0.8329166666666666,0.8329166666666666,688.0012051766176,743,0.7125,2400
regime_shift,21013,fixed_0.35,0.35,0.6312182885483167,0.6312182885483167,0.6258411843876177,0.7291666666666666,0.7291666666666666,688.0012051766176,743,0.7125,2400
regime_shift,21013,fixed_0.5,0.5,0.47220192745369055,0.47220192745369055,0.46567967698519513,0.6154166666666666,0.6154166666666666,688.0012051766176,743,0.7125,2400
regime_shift,21013,net_sd_scaled_legacy_style,0.3459722004631885,0.6351287118406135,0.6351287118406135,0.629878869448183,0.7320833333333333,0.7320833333333333,688.0012051766176,743,0.7125,2400
regime_shift,21014,fixed_0.2,0.2,0.7704559211697772,0.7704559211697772,0.7695473251028807,0.8333333333333334,0.8333333333333334,668.6221247552917,729,0.69375,2400
regime_shift,21014,fixed_0.35,0.35,0.6165374735366929,0.6165374735366929,0.6172839506172839,0.7116666666666667,0.7116666666666667,668.6221247552917,729,0.69375,2400
regime_shift,21014,fixed_0.5,0.5,0.46023637629887904,0.46023637629887904,0.4554183813443073,0.60875,0.60875,668.6221247552917,729,0.69375,2400
regime_shift,21014,net_sd_scaled_legacy_style,0.338310643276003,0.6313405942105207,0.6313405942105207,0.6310013717421125,0.7225,0.7225,668.6221247552917,729,0.69375,2400
regime_shift,21015,fixed_0.2,0.2,0.7836424850745136,0.7836424850745136,0.7846763540290621,0.8366666666666667,0.8366666666666667,693.496345771488,757,0.7095833333333333,2400
regime_shift,21015,fixed_0.35,0.35,0.6000108714070677,0.6000108714070677,0.6023778071334214,0.7195833333333334,0.7195833333333334,693.496345771488,757,0.7095833333333333,2400
regime_shift,21015,fixed_0.5,0.5,0.4607539669498715,0.4607539669498715,0.46367239101717306,0.6095833333333334,0.6095833333333334,693.496345771488,757,0.7095833333333333,2400
regime_shift,21015,net_sd_scaled_legacy_style,0.3411099237890063,0.613667627772632,0.613667627772632,0.6155878467635403,0.7266666666666667,0.7266666666666667,693.496345771488,757,0.7095833333333333,2400
regime_shift,21016,fixed_0.2,0.2,0.7724963944002621,0.7724963944002621,0.7725381414701803,0.8466666666666667,0.8466666666666667,665.5710845632495,721,0.7045833333333333,2400
regime_shift,21016,fixed_0.35,0.35,0.6168064461993197,0.6168064461993197,0.6130374479889042,0.74125,0.74125,665.5710845632495,721,0.7045833333333333,2400
regime_shift,21016,fixed_0.5,0.5,0.44645520522065135,0.44645520522065135,0.44105409153952846,0.6295833333333334,0.6295833333333334,665.5710845632495,721,0.7045833333333333,2400
regime_shift,21016,net_sd_scaled_legacy_style,0.34977791764481353,0.6168064461993197,0.6168064461993197,0.6130374479889042,0.74125,0.74125,665.5710845632495,721,0.7045833333333333,2400
regime_shift,21017,fixed_0.2,0.2,0.7773278570525813,0.7773278570525813,0.7718309859154929,0.84375,0.84375,662.352027608666,710,0.6983333333333334,2400
regime_shift,21017,fixed_0.35,0.35,0.6176523098323089,0.6176523098323089,0.6112676056338028,0.7254166666666667,0.7254166666666667,662.352027608666,710,0.6983333333333334,2400
regime_shift,21017,fixed_0.5,0.5,0.45117523007163507,0.45117523007163507,0.44647887323943664,0.61875,0.61875,662.352027608666,710,0.6983333333333334,2400
regime_shift,21017,net_sd_scaled_legacy_style,0.3521979698810497,0.6173735762638728,0.6173735762638728,0.6112676056338028,0.725,0.725,662.352027608666,710,0.6983333333333334,2400
regime_shift,21018,fixed_0.2,0.2,0.7870414007231714,0.7870414007231714,0.7867036011080333,0.8354166666666667,0.8354166666666667,674.0462214303376,722,0.7091666666666666,2400
regime_shift,21018,fixed_0.35,0.35,0.5970822216315953,0.5970822216315953,0.5969529085872576,0.7183333333333334,0.7183333333333334,674.0462214303376,722,0.7091666666666666,2400
regime_shift,21018,fixed_0.5,0.5,0.4496627641350587,0.4496627641350587,0.45013850415512463,0.6079166666666667,0.6079166666666667,674.0462214303376,722,0.7091666666666666,2400
regime_shift,21018,net_sd_scaled_legacy_style,0.3544679298079946,0.5914376452060549,0.5914376452060549,0.5914127423822715,0.715,0.715,674.0462214303376,722,0.7091666666666666,2400
regime_shift,21019,fixed_0.2,0.2,0.7883218784358232,0.7883218784358232,0.784,0.8429166666666666,0.8429166666666666,686.344946410441,750,0.7091666666666666,2400
regime_shift,21019,fixed_0.35,0.35,0.6383188508130586,0.6383188508130586,0.636,0.735,0.735,686.344946410441,750,0.7091666666666666,2400
regime_shift,21019,fixed_0.5,0.5,0.4786745141009732,0.4786745141009732,0.47333333333333333,0.6158333333333333,0.6158333333333333,686.344946410441,750,0.7091666666666666,2400
regime_shift,21019,net_sd_scaled_legacy_style,0.34619558899565167,0.6395882510406586,0.6395882510406586,0.6373333333333333,0.73625,0.73625,686.344946410441,750,0.7091666666666666,2400
regime_shift,21020,fixed_0.2,0.2,0.7780968194614397,0.7780968194614397,0.7773109243697479,0.8470833333333333,0.8470833333333333,662.6101426780592,714,0.7091666666666666,2400
regime_shift,21020,fixed_0.35,0.35,0.6104989140989955,0.6104989140989955,0.6106442577030813,0.7258333333333333,0.7258333333333333,662.6101426780592,714,0.7091666666666666,2400
regime_shift,21020,fixed_0.5,0.5,0.43401509344436656,0.43401509344436656,0.43137254901960786,0.6120833333333333,0.6120833333333333,662.6101426780592,714,0.7091666666666666,2400
regime_shift,21020,net_sd_scaled_legacy_style,0.34552061833090053,0.6177412873583176,0.6177412873583176,0.6176470588235294,0.73125,0.73125,662.6101426780592,714,0.7091666666666666,2400
regime_shift,21021,fixed_0.2,0.2,0.7698685641772988,0.7698685641772988,0.7666666666666667,0.8358333333333333,0.8358333333333333,689.9259476562131,750,0.7125,2400
regime_shift,21021,fixed_0.35,0.35,0.6136500157866986,0.6136500157866986,0.6106666666666667,0.7283333333333334,0.7283333333333334,689.9259476562131,750,0.7125,2400
regime_shift,21021,fixed_0.5,0.5,0.44490469658331866,0.44490469658331866,0.44666666666666666,0.6229166666666667,0.6229166666666667,689.9259476562131,750,0.7125,2400
regime_shift,21021,net_sd_scaled_legacy_style,0.3503783511055657,0.6136500157866986,0.6136500157866986,0.6106666666666667,0.7279166666666667,0.7279166666666667,689.9259476562131,750,0.7125,2400
regime_shift,21022,fixed_0.2,0.2,0.7714432989597124,0.7714432989597124,0.7693389592123769,0.83375,0.83375,660.8713825437834,711,0.6983333333333334,2400
regime_shift,21022,fixed_0.35,0.35,0.6036933657356677,0.6036933657356677,0.5977496483825597,0.72375,0.72375,660.8713825437834,711,0.6983333333333334,2400
regime_shift,21022,fixed_0.5,0.5,0.427464633436824,0.427464633436824,0.42053445850914206,0.6108333333333333,0.6108333333333333,660.8713825437834,711,0.6983333333333334,2400
regime_shift,21022,net_sd_scaled_legacy_style,0.34929197575255844,0.6052065194693803,0.6052065194693803,0.5991561181434599,0.7245833333333334,0.7245833333333334,660.8713825437834,711,0.6983333333333334,2400
regime_shift,21023,fixed_0.2,0.2,0.7797871674800454,0.7797871674800454,0.7818930041152263,0.8395833333333333,0.8395833333333333,678.2238997495751,729,0.7054166666666667,2400
regime_shift,21023,fixed_0.35,0.35,0.6374768501565102,0.6374768501565102,0.6310013717421125,0.74125,0.74125,678.2238997495751,729,0.7054166666666667,2400
regime_shift,21023,fixed_0.5,0.5,0.48300955011105007,0.48300955011105007,0.4773662551440329,0.6308333333333334,0.6308333333333334,678.2238997495751,729,0.7054166666666667,2400
regime_shift,21023,net_sd_scaled_legacy_style,0.35447196509987383,0.6345279714739123,0.6345279714739123,0.6282578875171467,0.7391666666666666,0.7391666666666666,678.2238997495751,729,0.7054166666666667,2400
regime_shift,21024,fixed_0.2,0.2,0.7797178334265532,0.7797178334265532,0.7760989010989011,0.8383333333333334,0.8383333333333334,671.6706883924321,728,0.7116666666666667,2400
regime_shift,21024,fixed_0.35,0.35,0.6316950822001733,0.6316950822001733,0.6277472527472527,0.7308333333333333,0.7308333333333333,671.6706883924321,728,0.7116666666666667,2400
regime_shift,21024,fixed_0.5,0.5,0.47727785369751324,0.47727785369751324,0.47115384615384615,0.6233333333333333,0.6233333333333333,671.6706883924321,728,0.7116666666666667,2400
regime_shift,21024,net_sd_scaled_legacy_style,0.3499562811765886,0.6316950822001733,0.6316950822001733,0.6277472527472527,0.7308333333333333,0.7308333333333333,671.6706883924321,728,0.7116666666666667,2400
regime_shift,21025,fixed_0.2,0.2,0.7784209168911027,0.7784209168911027,0.772020725388601,0.8395833333333333,0.8395833333333333,707.411077173613,772,0.7120833333333333,2400
regime_shift,21025,fixed_0.35,0.35,0.6218909925949074,0.6218909925949074,0.6191709844559585,0.7291666666666666,0.7291666666666666,707.411077173613,772,0.7120833333333333,2400
regime_shift,21025,fixed_0.5,0.5,0.4774406911264614,0.4774406911264614,0.4740932642487047,0.6233333333333333,0.6233333333333333,707.411077173613,772,0.7120833333333333,2400
regime_shift,21025,net_sd_scaled_legacy_style,0.3510555635294674,0.6218909925949074,0.6218909925949074,0.6191709844559585,0.7283333333333334,0.7283333333333334,707.411077173613,772,0.7120833333333333,2400
regime_shift,21026,fixed_0.2,0.2,0.7585250196612151,0.7585250196612151,0.7604306864064603,0.8320833333333333,0.8320833333333333,687.72670062744,743,0.7029166666666666,2400
regime_shift,21026,fixed_0.35,0.35,0.5829718081432524,0.5829718081432524,0.5800807537012113,0.7120833333333333,0.7120833333333333,687.72670062744,743,0.7029166666666666,2400
regime_shift,21026,fixed_0.5,0.5,0.4340884304858857,0.4340884304858857,0.4306864064602961,0.6079166666666667,0.6079166666666667,687.72670062744,743,0.7029166666666666,2400
regime_shift,21026,net_sd_scaled_legacy_style,0.35361621615155453,0.5786096101985414,0.5786096101985414,0.576043068640646,0.7095833333333333,0.7095833333333333,687.72670062744,743,0.7029166666666666,2400
regime_shift,21027,fixed_0.2,0.2,0.7560418774482587,0.7560418774482587,0.7523939808481532,0.8391666666666666,0.8391666666666666,671.8940685360144,731,0.7091666666666666,2400
regime_shift,21027,fixed_0.35,0.35,0.5883799129780944,0.5883799129780944,0.585499316005472,0.72875,0.72875,671.8940685360144,731,0.7091666666666666,2400
regime_shift,21027,fixed_0.5,0.5,0.43819596117233506,0.43819596117233506,0.42954856361149113,0.6225,0.6225,671.8940685360144,731,0.7091666666666666,2400
regime_shift,21027,net_sd_scaled_legacy_style,0.3519045915480266,0.5883799129780944,0.5883799129780944,0.585499316005472,0.7266666666666667,0.7266666666666667,671.8940685360144,731,0.7091666666666666,2400
regime_shift,21028,fixed_0.2,0.2,0.775005397823992,0.775005397823992,0.7700534759358288,0.84125,0.84125,687.3306376181845,748,0.7091666666666666,2400
regime_shift,21028,fixed_0.35,0.35,0.6040919169322848,0.6040919169322848,0.5975935828877005,0.7216666666666667,0.7216666666666667,687.3306376181845,748,0.7091666666666666,2400
regime_shift,21028,fixed_0.5,0.5,0.44710347418147617,0.44710347418147617,0.43983957219251335,0.6104166666666667,0.6104166666666667,687.3306376181845,748,0.7091666666666666,2400
regime_shift,21028,net_sd_scaled_legacy_style,0.34810110520386794,0.6053144918660756,0.6053144918660756,0.5989304812834224,0.7229166666666667,0.7229166666666667,687.3306376181845,748,0.7091666666666666,2400
regime_shift,21029,fixed_0.2,0.2,0.7773447514370778,0.7773447514370778,0.7737127371273713,0.845,0.845,679.4025644198579,738,0.7041666666666667,2400
regime_shift,21029,fixed_0.35,0.35,0.6118984542068553,0.6118984542068553,0.6084010840108401,0.7270833333333333,0.7270833333333333,679.4025644198579,738,0.7041666666666667,2400
regime_shift,21029,fixed_0.5,0.5,0.45947391717724756,0.45947391717724756,0.45528455284552843,0.6204166666666666,0.6204166666666666,679.4025644198579,738,0.7041666666666667,2400
regime_shift,21029,net_sd_scaled_legacy_style,0.35401702581216277,0.6022873325342628,0.6022873325342628,0.5989159891598916,0.7233333333333334,0.7233333333333334,679.4025644198579,738,0.7041666666666667,2400
regime_shift,21030,fixed_0.2,0.2,0.7650624444117489,0.7650624444117489,0.7635869565217391,0.84125,0.84125,680.1904166401058,736,0.70375,2400
regime_shift,21030,fixed_0.35,0.35,0.6133421349902858,0.6133421349902858,0.6100543478260869,0.7333333333333333,0.7333333333333333,680.1904166401058,736,0.70375,2400
regime_shift,21030,fixed_0.5,0.5,0.4579725504960266,0.4579725504960266,0.45652173913043476,0.6275,0.6275,680.1904166401058,736,0.70375,2400
regime_shift,21030,net_sd_scaled_legacy_style,0.3495477627760434,0.6143734942168814,0.6143734942168814,0.6114130434782609,0.7345833333333334,0.7345833333333334,680.1904166401058,736,0.70375,2400
regime_shift,21031,fixed_0.2,0.2,0.7509443399075032,0.7509443399075032,0.75,0.8420833333333333,0.8420833333333333,676.7262242927618,732,0.71125,2400
regime_shift,21031,fixed_0.35,0.35,0.6009128176441096,0.6009128176441096,0.6024590163934426,0.7358333333333333,0.7358333333333333,676.7262242927618,732,0.71125,2400
regime_shift,21031,fixed_0.5,0.5,0.4411820136942373,0.4411820136942373,0.4453551912568306,0.62625,0.62625,676.7262242927618,732,0.71125,2400
regime_shift,21031,net_sd_scaled_legacy_style,0.3568142048811728,0.5893490480878015,0.5893490480878015,0.5915300546448088,0.72875,0.72875,676.7262242927618,732,0.71125,2400
regime_shift,21032,fixed_0.2,0.2,0.7645488190983007,0.7645488190983007,0.7651195499296765,0.8404166666666667,0.8404166666666667,655.4017777686254,711,0.6891666666666667,2400
regime_shift,21032,fixed_0.35,0.35,0.5988935593546173,0.5988935593546173,0.5963431786216596,0.7283333333333334,0.7283333333333334,655.4017777686254,711,0.6891666666666667,2400
regime_shift,21032,fixed_0.5,0.5,0.44821746791431694,0.44821746791431694,0.44585091420534456,0.6195833333333334,0.6195833333333334,655.4017777686254,711,0.6891666666666667,2400
regime_shift,21032,net_sd_scaled_legacy_style,0.3518712854783173,0.5973677777136145,0.5973677777136145,0.5949367088607594,0.72625,0.72625,655.4017777686254,711,0.6891666666666667,2400
regime_shift,21033,fixed_0.2,0.2,0.7773253111991091,0.7773253111991091,0.7786774628879892,0.8404166666666667,0.8404166666666667,687.8975415549223,741,0.7083333333333334,2400
regime_shift,21033,fixed_0.35,0.35,0.592689066959285,0.592689066959285,0.5910931174089069,0.71125,0.71125,687.8975415549223,741,0.7083333333333334,2400
regime_shift,21033,fixed_0.5,0.5,0.46871239809814563,0.46871239809814563,0.46963562753036436,0.6058333333333333,0.6058333333333333,687.8975415549223,741,0.7083333333333334,2400
regime_shift,21033,net_sd_scaled_legacy_style,0.3492168068947471,0.592689066959285,0.592689066959285,0.5910931174089069,0.7116666666666667,0.7116666666666667,687.8975415549223,741,0.7083333333333334,2400
regime_shift,21034,fixed_0.2,0.2,0.7652470468240764,0.7652470468240764,0.7635402906208718,0.8370833333333333,0.8370833333333333,695.5519315839954,757,0.7141666666666666,2400
regime_shift,21034,fixed_0.35,0.35,0.6137889553038219,0.6137889553038219,0.6089828269484808,0.71875,0.71875,695.5519315839954,757,0.7141666666666666,2400
regime_shift,21034,fixed_0.5,0.5,0.4701100911307293,0.4701100911307293,0.4663143989431968,0.6170833333333333,0.6170833333333333,695.5519315839954,757,0.7141666666666666,2400
regime_shift,21034,net_sd_scaled_legacy_style,0.3464273220494907,0.621577864115841,0.621577864115841,0.6169088507265522,0.7233333333333334,0.7233333333333334,695.5519315839954,757,0.7141666666666666,2400
regime_shift,21035,fixed_0.2,0.2,0.7710378912055025,0.7710378912055025,0.768688293370945,0.8458333333333333,0.8458333333333333,659.0860178249549,709,0.7041666666666667,2400
regime_shift,21035,fixed_0.35,0.35,0.583934527507569,0.583934527507569,0.5754583921015515,0.725,0.725,659.0860178249549,709,0.7041666666666667,2400
regime_shift,21035,fixed_0.5,0.5,0.4372178609769569,0.4372178609769569,0.4301833568406206,0.6125,0.6125,659.0860178249549,709,0.7041666666666667,2400
regime_shift,21035,net_sd_scaled_legacy_style,0.35573883953567903,0.5723066397234445,0.5723066397234445,0.5641748942172073,0.71875,0.71875,659.0860178249549,709,0.7041666666666667,2400
regime_shift,21036,fixed_0.2,0.2,0.7512549580530555,0.7512549580530555,0.7506963788300836,0.8329166666666666,0.8329166666666666,665.8376088245627,718,0.7058333333333333,2400
regime_shift,21036,fixed_0.35,0.35,0.6017608437810729,0.6017608437810729,0.6016713091922006,0.72625,0.72625,665.8376088245627,718,0.7058333333333333,2400
regime_shift,21036,fixed_0.5,0.5,0.4347701654317102,0.4347701654317102,0.43175487465181056,0.6154166666666666,0.6154166666666666,665.8376088245627,718,0.7058333333333333,2400
regime_shift,21036,net_sd_scaled_legacy_style,0.3568760465877107,0.5927861042515605,0.5927861042515605,0.5933147632311978,0.7204166666666667,0.7204166666666667,665.8376088245627,718,0.7058333333333333,2400
regime_shift,21037,fixed_0.2,0.2,0.7980428005088841,0.7980428005088841,0.796423658872077,0.84875,0.84875,672.3955608996274,727,0.7016666666666667,2400
regime_shift,21037,fixed_0.35,0.35,0.628887930755224,0.628887930755224,0.6286107290233838,0.73625,0.73625,672.3955608996274,727,0.7016666666666667,2400
regime_shift,21037,fixed_0.5,0.5,0.48494902906443726,0.48494902906443726,0.4855570839064649,0.6270833333333333,0.6270833333333333,672.3955608996274,727,0.7016666666666667,2400
regime_shift,21037,net_sd_scaled_legacy_style,0.3404535647964277,0.6368391838527749,0.6368391838527749,0.6368638239339752,0.7433333333333333,0.7433333333333333,672.3955608996274,727,0.7016666666666667,2400
regime_shift,21038,fixed_0.2,0.2,0.7682305187009584,0.7682305187009584,0.7694444444444445,0.8379166666666666,0.8379166666666666,669.0781788673551,720,0.7125,2400
regime_shift,21038,fixed_0.35,0.35,0.604702579565713,0.604702579565713,0.6041666666666666,0.7191666666666666,0.7191666666666666,669.0781788673551,720,0.7125,2400
regime_shift,21038,fixed_0.5,0.5,0.4427519798935003,0.4427519798935003,0.44166666666666665,0.6095833333333334,0.6095833333333334,669.0781788673551,720,0.7125,2400
regime_shift,21038,net_sd_scaled_legacy_style,0.3501517823474711,0.604702579565713,0.604702579565713,0.6041666666666666,0.7191666666666666,0.7191666666666666,669.0781788673551,720,0.7125,2400
regime_shift,21039,fixed_0.2,0.2,0.778068024917469,0.778068024917469,0.7764390896921017,0.8433333333333334,0.8433333333333334,684.326836821787,747,0.7079166666666666,2400
regime_shift,21039,fixed_0.35,0.35,0.595758082485397,0.595758082485397,0.5943775100401606,0.7191666666666666,0.7191666666666666,684.326836821787,747,0.7079166666666666,2400
regime_shift,21039,fixed_0.5,0.5,0.43911776425292404,0.43911776425292404,0.43775100401606426,0.6116666666666667,0.6116666666666667,684.326836821787,747,0.7079166666666666,2400
regime_shift,21039,net_sd_scaled_legacy_style,0.35001309444354584,0.595758082485397,0.595758082485397,0.5943775100401606,0.7191666666666666,0.7191666666666666,684.326836821787,747,0.7079166666666666,2400
regime_shift,21040,fixed_0.2,0.2,0.7630631333360188,0.7630631333360188,0.7628205128205128,0.84,0.84,711.2170775711577,780,0.7179166666666666,2400
regime_shift,21040,fixed_0.35,0.35,0.5913597845414087,0.5913597845414087,0.5935897435897436,0.7254166666666667,0.7254166666666667,711.2170775711577,780,0.7179166666666666,2400
regime_shift,21040,fixed_0.5,0.5,0.4489166668301207,0.4489166668301207,0.45,0.6258333333333334,0.6258333333333334,711.2170775711577,780,0.7179166666666666,2400
regime_shift,21040,net_sd_scaled_legacy_style,0.34863304023556724,0.5927658250198167,0.5927658250198167,0.5948717948717949,0.7258333333333333,0.7258333333333333,711.2170775711577,780,0.7179166666666666,2400
regime_shift,21041,fixed_0.2,0.2,0.7659909300791112,0.7659909300791112,0.7626404494382022,0.8429166666666666,0.8429166666666666,662.2146839524871,712,0.6925,2400
regime_shift,21041,fixed_0.35,0.35,0.5878541461846265,0.5878541461846265,0.5814606741573034,0.72,0.72,662.2146839524871,712,0.6925,2400
regime_shift,21041,fixed_0.5,0.5,0.43008588403274123,0.43008588403274123,0.42134831460674155,0.6095833333333334,0.6095833333333334,662.2146839524871,712,0.6925,2400
regime_shift,21041,net_sd_scaled_legacy_style,0.3454707904226564,0.5944527517029852,0.5944527517029852,0.5884831460674157,0.7245833333333334,0.7245833333333334,662.2146839524871,712,0.6925,2400
regime_shift,21042,fixed_0.2,0.2,0.7930284520720955,0.7930284520720955,0.787661406025825,0.8454166666666667,0.8454166666666667,647.0580919829047,697,0.6920833333333334,2400
regime_shift,21042,fixed_0.35,0.35,0.6206846936765644,0.6206846936765644,0.6111908177905309,0.7295833333333334,0.7295833333333334,647.0580919829047,697,0.6920833333333334,2400
regime_shift,21042,fixed_0.5,0.5,0.45366804005166445,0.45366804005166445,0.4447632711621234,0.6195833333333334,0.6195833333333334,647.0580919829047,697,0.6920833333333334,2400
regime_shift,21042,net_sd_scaled_legacy_style,0.3544986823098907,0.6175937810911565,0.6175937810911565,0.6083213773314203,0.7266666666666667,0.7266666666666667,647.0580919829047,697,0.6920833333333334,2400
regime_shift,21043,fixed_0.2,0.2,0.7860533045191842,0.7860533045191842,0.7837837837837838,0.84125,0.84125,681.5268767353458,740,0.7,2400
regime_shift,21043,fixed_0.35,0.35,0.6161882970349011,0.6161882970349011,0.6162162162162163,0.7229166666666667,0.7229166666666667,681.5268767353458,740,0.7,2400
regime_shift,21043,fixed_0.5,0.5,0.46922568778381746,0.46922568778381746,0.4689189189189189,0.6129166666666667,0.6129166666666667,681.5268767353458,740,0.7,2400
regime_shift,21043,net_sd_scaled_legacy_style,0.34205073458124435,0.6302199031325527,0.6302199031325527,0.6297297297297297,0.7329166666666667,0.7329166666666667,681.5268767353458,740,0.7,2400
regime_shift,21044,fixed_0.2,0.2,0.7690251626525978,0.7690251626525978,0.7682758620689655,0.8429166666666666,0.8429166666666666,667.5890414299756,725,0.7033333333333334,2400
regime_shift,21044,fixed_0.35,0.35,0.5997964711250399,0.5997964711250399,0.6013793103448276,0.7329166666666667,0.7329166666666667,667.5890414299756,725,0.7033333333333334,2400
regime_shift,21044,fixed_0.5,0.5,0.4408431014261913,0.4408431014261913,0.4386206896551724,0.6154166666666666,0.6154166666666666,667.5890414299756,725,0.7033333333333334,2400
regime_shift,21044,net_sd_scaled_legacy_style,0.3487052415880868,0.6027587185892869,0.6027587185892869,0.6041379310344828,0.73375,0.73375,667.5890414299756,725,0.7033333333333334,2400
regime_shift,21045,fixed_0.2,0.2,0.7786105999293331,0.7786105999293331,0.7713903743315508,0.8320833333333333,0.8320833333333333,689.8835051252016,748,0.71125,2400
regime_shift,21045,fixed_0.35,0.35,0.6002002410391537,0.6002002410391537,0.5949197860962567,0.7125,0.7125,689.8835051252016,748,0.71125,2400
regime_shift,21045,fixed_0.5,0.5,0.45840301661445465,0.45840301661445465,0.4532085561497326,0.6125,0.6125,689.8835051252016,748,0.71125,2400
regime_shift,21045,net_sd_scaled_legacy_style,0.34643307287826386,0.6028489681093108,0.6028489681093108,0.5975935828877005,0.7141666666666666,0.7141666666666666,689.8835051252016,748,0.71125,2400
regime_shift,21046,fixed_0.2,0.2,0.7828711004062173,0.7828711004062173,0.7807848443843031,0.8354166666666667,0.8354166666666667,685.453522694337,739,0.7104166666666667,2400
regime_shift,21046,fixed_0.35,0.35,0.6231079202216101,0.6231079202216101,0.618403247631935,0.7270833333333333,0.7270833333333333,685.453522694337,739,0.7104166666666667,2400
regime_shift,21046,fixed_0.5,0.5,0.4597736596274115,0.4597736596274115,0.4546684709066306,0.62,0.62,685.453522694337,739,0.7104166666666667,2400
regime_shift,21046,net_sd_scaled_legacy_style,0.3460119866819904,0.627249168691755,0.627249168691755,0.6224627875507442,0.7295833333333334,0.7295833333333334,685.453522694337,739,0.7104166666666667,2400
regime_shift,21047,fixed_0.2,0.2,0.7963560697862726,0.7963560697862726,0.7916063675832128,0.8458333333333333,0.8458333333333333,651.0635127787588,691,0.6933333333333334,2400
regime_shift,21047,fixed_0.35,0.35,0.6304969967207361,0.6304969967207361,0.6251808972503617,0.7345833333333334,0.7345833333333334,651.0635127787588,691,0.6933333333333334,2400
regime_shift,21047,fixed_0.5,0.5,0.4696961213067377,0.4696961213067377,0.4645441389290883,0.635,0.635,651.0635127787588,691,0.6933333333333334,2400
regime_shift,21047,net_sd_scaled_legacy_style,0.3551950625387689,0.6261804131184705,0.6261804131184705,0.6208393632416788,0.73125,0.73125,651.0635127787588,691,0.6933333333333334,2400
regime_shift,21048,fixed_0.2,0.2,0.7767886407198936,0.7767886407198936,0.7735334242837654,0.84875,0.84875,673.6882836386369,733,0.7095833333333333,2400
regime_shift,21048,fixed_0.35,0.35,0.614885704833132,0.614885704833132,0.6111869031377899,0.7325,0.7325,673.6882836386369,733,0.7095833333333333,2400
regime_shift,21048,fixed_0.5,0.5,0.4576855513266808,0.4576855513266808,0.451568894952251,0.62625,0.62625,673.6882836386369,733,0.7095833333333333,2400
regime_shift,21048,net_sd_scaled_legacy_style,0.348929755514399,0.6177567726587176,0.6177567726587176,0.6139154160982264,0.7341666666666666,0.7341666666666666,673.6882836386369,733,0.7095833333333333,2400
regime_shift,21049,fixed_0.2,0.2,0.7717203074675433,0.7717203074675433,0.7702127659574468,0.8358333333333333,0.8358333333333333,657.2822451737691,705,0.6966666666666667,2400
regime_shift,21049,fixed_0.35,0.35,0.5970561383733662,0.5970561383733662,0.5943262411347517,0.7158333333333333,0.7158333333333333,657.2822451737691,705,0.6966666666666667,2400
regime_shift,21049,fixed_0.5,0.5,0.4408204818281939,0.4408204818281939,0.4368794326241135,0.6033333333333334,0.6033333333333334,657.2822451737691,705,0.6966666666666667,2400
regime_shift,21049,net_sd_scaled_legacy_style,0.3449557102264729,0.5999620908263223,0.5999620908263223,0.5971631205673759,0.7175,0.7175,657.2822451737691,705,0.6966666666666667,2400
regime_shift,21050,fixed_0.2,0.2,0.7765993094496088,0.7765993094496088,0.7717086834733894,0.83625,0.83625,667.2136760659225,714,0.70125,2400
regime_shift,21050,fixed_0.35,0.35,0.621485585009787,0.621485585009787,0.6134453781512605,0.7183333333333334,0.7183333333333334,667.2136760659225,714,0.70125,2400
regime_shift,21050,fixed_0.5,0.5,0.4645236408614205,0.4645236408614205,0.4565826330532213,0.61875,0.61875,667.2136760659225,714,0.70125,2400
regime_shift,21050,net_sd_scaled_legacy_style,0.3466487848002904,0.6244510767336386,0.6244510767336386,0.6162464985994398,0.7216666666666667,0.7216666666666667,667.2136760659225,714,0.70125,2400
regime_shift,21051,fixed_0.2,0.2,0.7536439491363723,0.7536439491363723,0.7533333333333333,0.83625,0.83625,699.2249750575593,750,0.72,2400
regime_shift,21051,fixed_0.35,0.35,0.5801138486010319,0.5801138486010319,0.5773333333333334,0.72375,0.72375,699.2249750575593,750,0.72,2400
regime_shift,21051,fixed_0.5,0.5,0.44899463005285134,0.44899463005285134,0.44666666666666666,0.6270833333333333,0.6270833333333333,699.2249750575593,750,0.72,2400
regime_shift,21051,net_sd_scaled_legacy_style,0.34916135642072144,0.5829741583315808,0.5829741583315808,0.58,0.725,0.725,699.2249750575593,750,0.72,2400
regime_shift,21052,fixed_0.2,0.2,0.7865584742996456,0.7865584742996456,0.7845528455284553,0.845,0.845,686.9597694069587,738,0.71,2400
regime_shift,21052,fixed_0.35,0.35,0.6111433242277725,0.6111433242277725,0.6084010840108401,0.72625,0.72625,686.9597694069587,738,0.71,2400
regime_shift,21052,fixed_0.5,0.5,0.4366323170815852,0.4366323170815852,0.4363143631436314,0.6033333333333334,0.6033333333333334,686.9597694069587,738,0.71,2400
regime_shift,21052,net_sd_scaled_legacy_style,0.34498519075846884,0.614949586735375,0.614949586735375,0.6124661246612466,0.7308333333333333,0.7308333333333333,686.9597694069587,738,0.71,2400
regime_shift,21053,fixed_0.2,0.2,0.7812729886134392,0.7812729886134392,0.7796610169491526,0.8458333333333333,0.8458333333333333,661.7407640431725,708,0.7004166666666667,2400
regime_shift,21053,fixed_0.35,0.35,0.5905508802855837,0.5905508802855837,0.5875706214689266,0.725,0.725,661.7407640431725,708,0.7004166666666667,2400
regime_shift,21053,fixed_0.5,0.5,0.43236614284572195,0.43236614284572195,0.4265536723163842,0.6158333333333333,0.6158333333333333,661.7407640431725,708,0.7004166666666667,2400
regime_shift,21053,net_sd_scaled_legacy_style,0.3483081913936642,0.5935577560931241,0.5935577560931241,0.5903954802259888,0.72625,0.72625,661.7407640431725,708,0.7004166666666667,2400
regime_shift,21054,fixed_0.2,0.2,0.789561103217602,0.789561103217602,0.7862796833773087,0.85,0.85,695.6825027096214,758,0.7075,2400
regime_shift,21054,fixed_0.35,0.35,0.613859457530853,0.613859457530853,0.6134564643799473,0.73625,0.73625,695.6825027096214,758,0.7075,2400
regime_shift,21054,fixed_0.5,0.5,0.4530444065312339,0.4530444065312339,0.45118733509234826,0.6291666666666667,0.6291666666666667,695.6825027096214,758,0.7075,2400
regime_shift,21054,net_sd_scaled_legacy_style,0.3613988524012787,0.5960531163557627,0.5960531163557627,0.5949868073878628,0.7283333333333334,0.7283333333333334,695.6825027096214,758,0.7075,2400
regime_shift,21055,fixed_0.2,0.2,0.7762382328304104,0.7762382328304104,0.7759562841530054,0.83875,0.83875,677.5934101407504,732,0.7,2400
regime_shift,21055,fixed_0.35,0.35,0.6143820152287959,0.6143820152287959,0.610655737704918,0.71875,0.71875,677.5934101407504,732,0.7,2400
regime_shift,21055,fixed_0.5,0.5,0.4439668533635104,0.4439668533635104,0.4385245901639344,0.6104166666666667,0.6104166666666667,677.5934101407504,732,0.7,2400
regime_shift,21055,net_sd_scaled_legacy_style,0.354732290409741,0.6088629101027775,0.6088629101027775,0.605191256830601,0.71625,0.71625,677.5934101407504,732,0.7,2400
regime_shift,21056,fixed_0.2,0.2,0.7735696463391865,0.7735696463391865,0.7685060565275909,0.8404166666666667,0.8404166666666667,686.4290848246939,743,0.7075,2400
regime_shift,21056,fixed_0.35,0.35,0.6138388856859295,0.6138388856859295,0.6056527590847914,0.7145833333333333,0.7145833333333333,686.4290848246939,743,0.7075,2400
regime_shift,21056,fixed_0.5,0.5,0.44373474135168484,0.44373474135168484,0.42934051144010765,0.6008333333333333,0.6008333333333333,686.4290848246939,743,0.7075,2400
regime_shift,21056,net_sd_scaled_legacy_style,0.34430959004374034,0.6238006923481345,0.6238006923481345,0.6164199192462988,0.7208333333333333,0.7208333333333333,686.4290848246939,743,0.7075,2400
regime_shift,21057,fixed_0.2,0.2,0.748777459253657,0.748777459253657,0.7364130434782609,0.83125,0.83125,676.6816052392732,736,0.70875,2400
regime_shift,21057,fixed_0.35,0.35,0.5903030264440499,0.5903030264440499,0.5760869565217391,0.71625,0.71625,676.6816052392732,736,0.70875,2400
regime_shift,21057,fixed_0.5,0.5,0.44722845950294704,0.44722845950294704,0.43478260869565216,0.6120833333333333,0.6120833333333333,676.6816052392732,736,0.70875,2400
regime_shift,21057,net_sd_scaled_legacy_style,0.34789533571102965,0.5904831650891358,0.5904831650891358,0.5760869565217391,0.7166666666666667,0.7166666666666667,676.6816052392732,736,0.70875,2400
regime_shift,21058,fixed_0.2,0.2,0.7611406230119457,0.7611406230119457,0.7577903682719547,0.8333333333333334,0.8333333333333334,658.2631085248261,706,0.7008333333333333,2400
regime_shift,21058,fixed_0.35,0.35,0.5977627127206029,0.5977627127206029,0.5963172804532578,0.7154166666666667,0.7154166666666667,658.2631085248261,706,0.7008333333333333,2400
regime_shift,21058,fixed_0.5,0.5,0.45069891125518224,0.45069891125518224,0.4461756373937677,0.6141666666666666,0.6141666666666666,658.2631085248261,706,0.7008333333333333,2400
regime_shift,21058,net_sd_scaled_legacy_style,0.3474088568852015,0.5995387995277836,0.5995387995277836,0.5977337110481586,0.7179166666666666,0.7179166666666666,658.2631085248261,706,0.7008333333333333,2400
regime_shift,21059,fixed_0.2,0.2,0.8001221444911638,0.8001221444911638,0.8016085790884718,0.8525,0.8525,689.8537770603646,746,0.7070833333333333,2400
regime_shift,21059,fixed_0.35,0.35,0.6061055427023119,0.6061055427023119,0.6072386058981233,0.725,0.725,689.8537770603646,746,0.7070833333333333,2400
regime_shift,21059,fixed_0.5,0.5,0.4457475937495836,0.4457475937495836,0.44638069705093836,0.6083333333333333,0.6083333333333333,689.8537770603646,746,0.7070833333333333,2400
regime_shift,21059,net_sd_scaled_legacy_style,0.3444405935657284,0.620750305871611,0.620750305871611,0.6206434316353887,0.7329166666666667,0.7329166666666667,689.8537770603646,746,0.7070833333333333,2400
regime_shift,21060,fixed_0.2,0.2,0.7633476959720392,0.7633476959720392,0.7640603566529492,0.8279166666666666,0.8279166666666666,668.9920542919314,729,0.7066666666666667,2400
regime_shift,21060,fixed_0.35,0.35,0.6304211251772287,0.6304211251772287,0.6268861454046639,0.7245833333333334,0.7245833333333334,668.9920542919314,729,0.7066666666666667,2400
regime_shift,21060,fixed_0.5,0.5,0.4633371134851821,0.4633371134851821,0.46227709190672156,0.6154166666666666,0.6154166666666666,668.9920542919314,729,0.7066666666666667,2400
regime_shift,21060,net_sd_scaled_legacy_style,0.3450443121237909,0.6348879812385961,0.6348879812385961,0.6310013717421125,0.7283333333333334,0.7283333333333334,668.9920542919314,729,0.7066666666666667,2400
regime_shift,21061,fixed_0.2,0.2,0.7773703265220627,0.7773703265220627,0.7767379679144385,0.8383333333333334,0.8383333333333334,686.0272491444096,748,0.71125,2400
regime_shift,21061,fixed_0.35,0.35,0.6139256023526107,0.6139256023526107,0.6096256684491979,0.72,0.72,686.0272491444096,748,0.71125,2400
regime_shift,21061,fixed_0.5,0.5,0.4391682994387684,0.4391682994387684,0.43716577540106955,0.59625,0.59625,686.0272491444096,748,0.71125,2400
regime_shift,21061,net_sd_scaled_legacy_style,0.34382997479639915,0.6191600269457175,0.6191600269457175,0.6149732620320856,0.7233333333333334,0.7233333333333334,686.0272491444096,748,0.71125,2400
regime_shift,21062,fixed_0.2,0.2,0.7882146497804928,0.7882146497804928,0.7873799725651578,0.8441666666666666,0.8441666666666666,673.0556639201573,729,0.705,2400
regime_shift,21062,fixed_0.35,0.35,0.6170176177966572,0.6170176177966572,0.6186556927297668,0.7241666666666666,0.7241666666666666,673.0556639201573,729,0.705,2400
regime_shift,21062,fixed_0.5,0.5,0.45233082047179557,0.45233082047179557,0.4554183813443073,0.6133333333333333,0.6133333333333333,673.0556639201573,729,0.705,2400
regime_shift,21062,net_sd_scaled_legacy_style,0.3493577053024097,0.6214749014372506,0.6214749014372506,0.6227709190672154,0.7254166666666667,0.7254166666666667,673.0556639201573,729,0.705,2400
regime_shift,21063,fixed_0.2,0.2,0.7420543884549711,0.7420543884549711,0.739251040221914,0.8383333333333334,0.8383333333333334,667.792302017027,721,0.6954166666666667,2400
regime_shift,21063,fixed_0.35,0.35,0.5877213886754692,0.5877213886754692,0.5880721220527045,0.7216666666666667,0.7216666666666667,667.792302017027,721,0.6954166666666667,2400
regime_shift,21063,fixed_0.5,0.5,0.43086314711322216,0.43086314711322216,0.42995839112343964,0.60875,0.60875,667.792302017027,721,0.6954166666666667,2400
regime_shift,21063,net_sd_scaled_legacy_style,0.3473599150921122,0.5892188602650331,0.5892188602650331,0.5894590846047156,0.7225,0.7225,667.792302017027,721,0.6954166666666667,2400
regime_shift,21064,fixed_0.2,0.2,0.780707520303626,0.780707520303626,0.7817919075144508,0.8395833333333333,0.8395833333333333,639.0578385189777,692,0.695,2400
regime_shift,21064,fixed_0.35,0.35,0.5996489409464071,0.5996489409464071,0.5997109826589595,0.7166666666666667,0.7166666666666667,639.0578385189777,692,0.695,2400
regime_shift,21064,fixed_0.5,0.5,0.47065416854312037,0.47065416854312037,0.46965317919075145,0.6158333333333333,0.6158333333333333,639.0578385189777,692,0.695,2400
regime_shift,21064,net_sd_scaled_legacy_style,0.350566082031123,0.5996489409464071,0.5996489409464071,0.5997109826589595,0.7166666666666667,0.7166666666666667,639.0578385189777,692,0.695,2400
regime_shift,21065,fixed_0.2,0.2,0.7854382665803634,0.7854382665803634,0.782258064516129,0.8458333333333333,0.8458333333333333,682.8075532920868,744,0.7091666666666666,2400
regime_shift,21065,fixed_0.35,0.35,0.6280508113548199,0.6280508113548199,0.6276881720430108,0.7358333333333333,0.7358333333333333,682.8075532920868,744,0.7091666666666666,2400
regime_shift,21065,fixed_0.5,0.5,0.487232429415239,0.487232429415239,0.48655913978494625,0.6316666666666667,0.6316666666666667,682.8075532920868,744,0.7091666666666666,2400
regime_shift,21065,net_sd_scaled_legacy_style,0.3483520370053146,0.6309798943597709,0.6309798943597709,0.6303763440860215,0.7375,0.7375,682.8075532920868,744,0.7091666666666666,2400
regime_shift,21066,fixed_0.2,0.2,0.7674338998028111,0.7674338998028111,0.7664429530201342,0.8375,0.8375,691.9054738720002,745,0.715,2400
regime_shift,21066,fixed_0.35,0.35,0.591629947827523,0.591629947827523,0.5865771812080537,0.7179166666666666,0.7179166666666666,691.9054738720002,745,0.715,2400
regime_shift,21066,fixed_0.5,0.5,0.4486079782477421,0.4486079782477421,0.4469798657718121,0.6229166666666667,0.6229166666666667,691.9054738720002,745,0.715,2400
regime_shift,21066,net_sd_scaled_legacy_style,0.3506279012774462,0.591629947827523,0.591629947827523,0.5865771812080537,0.7175,0.7175,691.9054738720002,745,0.715,2400
regime_shift,21067,fixed_0.2,0.2,0.7538549191625795,0.7538549191625795,0.7545076282940361,0.8320833333333333,0.8320833333333333,667.9025426756529,721,0.7054166666666667,2400
regime_shift,21067,fixed_0.35,0.35,0.5852277809229535,0.5852277809229535,0.5825242718446602,0.70875,0.70875,667.9025426756529,721,0.7054166666666667,2400
regime_shift,21067,fixed_0.5,0.5,0.4362333099686073,0.4362333099686073,0.43273231622746183,0.6058333333333333,0.6058333333333333,667.9025426756529,721,0.7054166666666667,2400
regime_shift,21067,net_sd_scaled_legacy_style,0.35339352560861875,0.5812425758769878,0.5812425758769878,0.5783633841886269,0.7054166666666667,0.7054166666666667,667.9025426756529,721,0.7054166666666667,2400
regime_shift,21068,fixed_0.2,0.2,0.753315436840906,0.753315436840906,0.7448840381991815,0.8179166666666666,0.8179166666666666,676.2811759092169,733,0.7025,2400
regime_shift,21068,fixed_0.35,0.35,0.6029570997434772,0.6029570997434772,0.5948158253751705,0.715,0.715,676.2811759092169,733,0.7025,2400
regime_shift,21068,fixed_0.5,0.5,0.43726180555271177,0.43726180555271177,0.42837653478854026,0.5979166666666667,0.5979166666666667,676.2811759092169,733,0.7025,2400
regime_shift,21068,net_sd_scaled_legacy_style,0.33891856987648256,0.6143741199592636,0.6143741199592636,0.607094133697135,0.72375,0.72375,676.2811759092169,733,0.7025,2400
regime_shift,21069,fixed_0.2,0.2,0.780147833107683,0.780147833107683,0.7782485875706214,0.8395833333333333,0.8395833333333333,659.0891882260851,708,0.69375,2400
regime_shift,21069,fixed_0.35,0.35,0.5889765037183292,0.5889765037183292,0.5819209039548022,0.7125,0.7125,659.0891882260851,708,0.69375,2400
regime_shift,21069,fixed_0.5,0.5,0.41649449754693313,0.41649449754693313,0.4110169491525424,0.5941666666666666,0.5941666666666666,659.0891882260851,708,0.69375,2400
regime_shift,21069,net_sd_scaled_legacy_style,0.34389374285612506,0.5939634928944173,0.5939634928944173,0.5875706214689266,0.7166666666666667,0.7166666666666667,659.0891882260851,708,0.69375,2400
regime_shift,21070,fixed_0.2,0.2,0.7628592447252687,0.7628592447252687,0.7593582887700535,0.8416666666666667,0.8416666666666667,687.0875312799124,748,0.7145833333333333,2400
regime_shift,21070,fixed_0.35,0.35,0.6013795104093717,0.6013795104093717,0.5935828877005348,0.7175,0.7175,687.0875312799124,748,0.7145833333333333,2400
regime_shift,21070,fixed_0.5,0.5,0.4597596266735693,0.4597596266735693,0.4532085561497326,0.6079166666666667,0.6079166666666667,687.0875312799124,748,0.7145833333333333,2400
regime_shift,21070,net_sd_scaled_legacy_style,0.3460922091275532,0.6060670683648836,0.6060670683648836,0.5989304812834224,0.72,0.72,687.0875312799124,748,0.7145833333333333,2400
regime_shift,21071,fixed_0.2,0.2,0.7772793333499227,0.7772793333499227,0.773371104815864,0.8304166666666667,0.8304166666666667,654.9068301896531,706,0.6929166666666666,2400
regime_shift,21071,fixed_0.35,0.35,0.5971802838359431,0.5971802838359431,0.5906515580736544,0.71125,0.71125,654.9068301896531,706,0.6929166666666666,2400
regime_shift,21071,fixed_0.5,0.5,0.449957176085875,0.449957176085875,0.4461756373937677,0.6154166666666666,0.6154166666666666,654.9068301896531,706,0.6929166666666666,2400
regime_shift,21071,net_sd_scaled_legacy_style,0.34994045998852497,0.5971802838359431,0.5971802838359431,0.5906515580736544,0.71125,0.71125,654.9068301896531,706,0.6929166666666666,2400
regime_shift,21072,fixed_0.2,0.2,0.761116531592976,0.761116531592976,0.7582872928176796,0.8354166666666667,0.8354166666666667,669.2716638377703,724,0.7045833333333333,2400
regime_shift,21072,fixed_0.35,0.35,0.5970066126684954,0.5970066126684954,0.5966850828729282,0.7204166666666667,0.7204166666666667,669.2716638377703,724,0.7045833333333333,2400
regime_shift,21072,fixed_0.5,0.5,0.45048654771648966,0.45048654771648966,0.44337016574585636,0.6133333333333333,0.6133333333333333,669.2716638377703,724,0.7045833333333333,2400
regime_shift,21072,net_sd_scaled_legacy_style,0.35526604774310283,0.5944926823587198,0.5944926823587198,0.5939226519337016,0.7170833333333333,0.7170833333333333,669.2716638377703,724,0.7045833333333333,2400
regime_shift,21073,fixed_0.2,0.2,0.7534490838200523,0.7534490838200523,0.7530529172320217,0.8258333333333333,0.8258333333333333,674.1767979903268,737,0.7025,2400
regime_shift,21073,fixed_0.35,0.35,0.6210602018255267,0.6210602018255267,0.6173677069199457,0.7254166666666667,0.7254166666666667,674.1767979903268,737,0.7025,2400
regime_shift,21073,fixed_0.5,0.5,0.46470753778758045,0.46470753778758045,0.46675712347354137,0.6041666666666666,0.6041666666666666,674.1767979903268,737,0.7025,2400
regime_shift,21073,net_sd_scaled_legacy_style,0.3471178171908205,0.6225434922665222,0.6225434922665222,0.6187245590230664,0.7266666666666667,0.7266666666666667,674.1767979903268,737,0.7025,2400
regime_shift,21074,fixed_0.2,0.2,0.7649915309582621,0.7649915309582621,0.7651715039577837,0.8454166666666667,0.8454166666666667,692.0518677926209,758,0.7133333333333334,2400
regime_shift,21074,fixed_0.35,0.35,0.5792934873152055,0.5792934873152055,0.579155672823219,0.7204166666666667,0.7204166666666667,692.0518677926209,758,0.7133333333333334,2400
regime_shift,21074,fixed_0.5,0.5,0.4343459449516561,0.4343459449516561,0.4313984168865435,0.6145833333333334,0.6145833333333334,692.0518677926209,758,0.7133333333333334,2400
regime_shift,21074,net_sd_scaled_legacy_style,0.3537460279696589,0.5789923694486052,0.5789923694486052,0.579155672823219,0.7183333333333334,0.7183333333333334,692.0518677926209,758,0.7133333333333334,2400
regime_shift,21075,fixed_0.2,0.2,0.7853509588239913,0.7853509588239913,0.7794117647058824,0.8425,0.8425,694.6251725291538,748,0.7170833333333333,2400
regime_shift,21075,fixed_0.35,0.35,0.6197052564293538,0.6197052564293538,0.6122994652406417,0.7233333333333334,0.7233333333333334,694.6251725291538,748,0.7170833333333333,2400
regime_shift,21075,fixed_0.5,0.5,0.45834175593953225,0.45834175593953225,0.4505347593582888,0.6108333333333333,0.6108333333333333,694.6251725291538,748,0.7170833333333333,2400
regime_shift,21075,net_sd_scaled_legacy_style,0.34553554080838245,0.6242498531126289,0.6242498531126289,0.6163101604278075,0.7283333333333334,0.7283333333333334,694.6251725291538,748,0.7170833333333333,2400
regime_shift,21076,fixed_0.2,0.2,0.7810905376887695,0.7810905376887695,0.7772988505747126,0.8445833333333334,0.8445833333333334,648.895230623094,696,0.6966666666666667,2400
regime_shift,21076,fixed_0.35,0.35,0.6032326427622683,0.6032326427622683,0.6020114942528736,0.7229166666666667,0.7229166666666667,648.895230623094,696,0.6966666666666667,2400
regime_shift,21076,fixed_0.5,0.5,0.4647800672541696,0.4647800672541696,0.45977011494252873,0.6220833333333333,0.6220833333333333,648.895230623094,696,0.6966666666666667,2400
regime_shift,21076,net_sd_scaled_legacy_style,0.35542423834058967,0.5974685451035114,0.5974685451035114,0.5962643678160919,0.71875,0.71875,648.895230623094,696,0.6966666666666667,2400
regime_shift,21077,fixed_0.2,0.2,0.7815598518669541,0.7815598518669541,0.7752808988764045,0.84,0.84,654.7910341743958,712,0.6929166666666666,2400
regime_shift,21077,fixed_0.35,0.35,0.6142507848195151,0.6142507848195151,0.6081460674157303,0.72875,0.72875,654.7910341743958,712,0.6929166666666666,2400
regime_shift,21077,fixed_0.5,0.5,0.44112119161719227,0.44112119161719227,0.43258426966292135,0.6170833333333333,0.6170833333333333,654.7910341743958,712,0.6929166666666666,2400
regime_shift,21077,net_sd_scaled_legacy_style,0.3511480751103637,0.6112291364222467,0.6112291364222467,0.6053370786516854,0.7279166666666667,0.7279166666666667,654.7910341743958,712,0.6929166666666666,2400
regime_shift,21078,fixed_0.2,0.2,0.7888467112894783,0.7888467112894783,0.7881578947368421,0.8525,0.8525,699.8914697016733,760,0.7175,2400
regime_shift,21078,fixed_0.35,0.35,0.5948498121046757,0.5948498121046757,0.5947368421052631,0.7266666666666667,0.7266666666666667,699.8914697016733,760,0.7175,2400
regime_shift,21078,fixed_0.5,0.5,0.4477364460511846,0.4477364460511846,0.4486842105263158,0.6266666666666667,0.6266666666666667,699.8914697016733,760,0.7175,2400
regime_shift,21078,net_sd_scaled_legacy_style,0.34660236732197724,0.5951066568045292,0.5951066568045292,0.5947368421052631,0.7283333333333334,0.7283333333333334,699.8914697016733,760,0.7175,2400
regime_shift,21079,fixed_0.2,0.2,0.7679222912139055,0.7679222912139055,0.766803840877915,0.8425,0.8425,675.2602088643343,729,0.69375,2400
regime_shift,21079,fixed_0.35,0.35,0.5988090877304508,0.5988090877304508,0.5939643347050755,0.7275,0.7275,675.2602088643343,729,0.69375,2400
regime_shift,21079,fixed_0.5,0.5,0.4462715461871072,0.4462715461871072,0.438957475994513,0.6216666666666667,0.6216666666666667,675.2602088643343,729,0.69375,2400
regime_shift,21079,net_sd_scaled_legacy_style,0.3557186394523304,0.59684064469583,0.59684064469583,0.5925925925925926,0.72375,0.72375,675.2602088643343,729,0.69375,2400
regime_shift,21080,fixed_0.2,0.2,0.7603631022056868,0.7603631022056868,0.7575757575757576,0.8370833333333333,0.8370833333333333,673.9062617857057,726,0.70625,2400
regime_shift,21080,fixed_0.35,0.35,0.5679477511767113,0.5679477511767113,0.5619834710743802,0.7129166666666666,0.7129166666666666,673.9062617857057,726,0.70625,2400
regime_shift,21080,fixed_0.5,0.5,0.425884513481175,0.425884513481175,0.4201101928374656,0.60625,0.60625,673.9062617857057,726,0.70625,2400
regime_shift,21080,net_sd_scaled_legacy_style,0.34273040986530123,0.5826796002442894,0.5826796002442894,0.5757575757575758,0.7204166666666667,0.7204166666666667,673.9062617857057,726,0.70625,2400
regime_shift,21081,fixed_0.2,0.2,0.8165520145605689,0.8165520145605689,0.8132611637347767,0.8579166666666667,0.8579166666666667,679.532470165563,739,0.7045833333333333,2400
regime_shift,21081,fixed_0.35,0.35,0.6246760795682904,0.6246760795682904,0.6224627875507442,0.7395833333333334,0.7395833333333334,679.532470165563,739,0.7045833333333333,2400
regime_shift,21081,fixed_0.5,0.5,0.4637583862885273,0.4637583862885273,0.45331529093369416,0.62125,0.62125,679.532470165563,739,0.7045833333333333,2400
regime_shift,21081,net_sd_scaled_legacy_style,0.35042293840724165,0.6246760795682904,0.6246760795682904,0.6224627875507442,0.7395833333333334,0.7395833333333334,679.532470165563,739,0.7045833333333333,2400
regime_shift,21082,fixed_0.2,0.2,0.7665970546424913,0.7665970546424913,0.7671232876712328,0.83625,0.83625,672.2768820206263,730,0.7025,2400
regime_shift,21082,fixed_0.35,0.35,0.6046872684337796,0.6046872684337796,0.6041095890410959,0.7320833333333333,0.7320833333333333,672.2768820206263,730,0.7025,2400
regime_shift,21082,fixed_0.5,0.5,0.44279257076839695,0.44279257076839695,0.4410958904109589,0.62125,0.62125,672.2768820206263,730,0.7025,2400
regime_shift,21082,net_sd_scaled_legacy_style,0.3567938073254714,0.5944360072757466,0.5944360072757466,0.5945205479452055,0.7270833333333333,0.7270833333333333,672.2768820206263,730,0.7025,2400
regime_shift,21083,fixed_0.2,0.2,0.7886543304238696,0.7886543304238696,0.7851351351351351,0.8425,0.8425,686.9298951237699,740,0.70625,2400
regime_shift,21083,fixed_0.35,0.35,0.6278425987861646,0.6278425987861646,0.6256756756756757,0.7208333333333333,0.7208333333333333,686.9298951237699,740,0.70625,2400
regime_shift,21083,fixed_0.5,0.5,0.48387058083183143,0.48387058083183143,0.4797297297297297,0.6133333333333333,0.6133333333333333,686.9298951237699,740,0.70625,2400
regime_shift,21083,net_sd_scaled_legacy_style,0.3429849808296373,0.6384634004224398,0.6384634004224398,0.6364864864864865,0.7283333333333334,0.7283333333333334,686.9298951237699,740,0.70625,2400
regime_shift,21084,fixed_0.2,0.2,0.7732136156505649,0.7732136156505649,0.7722222222222223,0.845,0.845,664.763398414759,720,0.68875,2400
regime_shift,21084,fixed_0.35,0.35,0.6236407350165498,0.6236407350165498,0.6208333333333333,0.7333333333333333,0.7333333333333333,664.763398414759,720,0.68875,2400
regime_shift,21084,fixed_0.5,0.5,0.458786458441711,0.458786458441711,0.45416666666666666,0.62875,0.62875,664.763398414759,720,0.68875,2400
regime_shift,21084,net_sd_scaled_legacy_style,0.35661497012982524,0.6139459969048164,0.6139459969048164,0.6097222222222223,0.7275,0.7275,664.763398414759,720,0.68875,2400
regime_shift,21085,fixed_0.2,0.2,0.7800804009864661,0.7800804009864661,0.7774480712166172,0.8416666666666667,0.8416666666666667,623.716812810484,674,0.6829166666666666,2400
regime_shift,21085,fixed_0.35,0.35,0.6276333920690602,0.6276333920690602,0.6216617210682492,0.7166666666666667,0.7166666666666667,623.716812810484,674,0.6829166666666666,2400
regime_shift,21085,fixed_0.5,0.5,0.4714109027693117,0.4714109027693117,0.4658753709198813,0.6054166666666667,0.6054166666666667,623.716812810484,674,0.6829166666666666,2400
regime_shift,21085,net_sd_scaled_legacy_style,0.33993886664594336,0.6358736970032034,0.6358736970032034,0.6305637982195845,0.725,0.725,623.716812810484,674,0.6829166666666666,2400
regime_shift,21086,fixed_0.2,0.2,0.7932302665327632,0.7932302665327632,0.789544235924933,0.8508333333333333,0.8508333333333333,686.5234308153242,746,0.71,2400
regime_shift,21086,fixed_0.35,0.35,0.6248081118073927,0.6248081118073927,0.6179624664879356,0.7358333333333333,0.7358333333333333,686.5234308153242,746,0.71,2400
regime_shift,21086,fixed_0.5,0.5,0.44991634846896617,0.44991634846896617,0.44638069705093836,0.6145833333333334,0.6145833333333334,686.5234308153242,746,0.71,2400
regime_shift,21086,net_sd_scaled_legacy_style,0.3486090096721048,0.6248081118073927,0.6248081118073927,0.6179624664879356,0.7366666666666667,0.7366666666666667,686.5234308153242,746,0.71,2400
regime_shift,21087,fixed_0.2,0.2,0.760958009796105,0.760958009796105,0.7615176151761518,0.8333333333333334,0.8333333333333334,682.4845773636681,738,0.70875,2400
regime_shift,21087,fixed_0.35,0.35,0.606468973277859,0.606468973277859,0.6029810298102981,0.73875,0.73875,682.4845773636681,738,0.70875,2400
regime_shift,21087,fixed_0.5,0.5,0.4624238127843913,0.4624238127843913,0.45663956639566394,0.625,0.625,682.4845773636681,738,0.70875,2400
regime_shift,21087,net_sd_scaled_legacy_style,0.3482530690908415,0.6072198539986615,0.6072198539986615,0.6043360433604336,0.7395833333333334,0.7395833333333334,682.4845773636681,738,0.70875,2400
regime_shift,21088,fixed_0.2,0.2,0.7894283768445347,0.7894283768445347,0.7899045020463847,0.85125,0.85125,678.9162223613232,733,0.715,2400
regime_shift,21088,fixed_0.35,0.35,0.6201596245958958,0.6201596245958958,0.6207366984993179,0.7329166666666667,0.7329166666666667,678.9162223613232,733,0.715,2400
regime_shift,21088,fixed_0.5,0.5,0.46959214092962154,0.46959214092962154,0.46248294679399726,0.62,0.62,678.9162223613232,733,0.715,2400
regime_shift,21088,net_sd_scaled_legacy_style,0.34417627261627043,0.6244543434423075,0.6244543434423075,0.6248294679399727,0.7370833333333333,0.7370833333333333,678.9162223613232,733,0.715,2400
regime_shift,21089,fixed_0.2,0.2,0.7563809964881625,0.7563809964881625,0.751696065128901,0.8416666666666667,0.8416666666666667,679.0020576169513,737,0.7191666666666666,2400
regime_shift,21089,fixed_0.35,0.35,0.5854623662237275,0.5854623662237275,0.582089552238806,0.7258333333333333,0.7258333333333333,679.0020576169513,737,0.7191666666666666,2400
regime_shift,21089,fixed_0.5,0.5,0.42833188288018903,0.42833188288018903,0.42469470827679784,0.6154166666666666,0.6154166666666666,679.0020576169513,737,0.7191666666666666,2400
regime_shift,21089,net_sd_scaled_legacy_style,0.3484434410337342,0.5855692846611698,0.5855692846611698,0.582089552238806,0.7266666666666667,0.7266666666666667,679.0020576169513,737,0.7191666666666666,2400
regime_shift,21090,fixed_0.2,0.2,0.7868598465063897,0.7868598465063897,0.7808599167822469,0.8470833333333333,0.8470833333333333,667.5811980184135,721,0.7025,2400
regime_shift,21090,fixed_0.35,0.35,0.6009577728635419,0.6009577728635419,0.59500693481276,0.72625,0.72625,667.5811980184135,721,0.7025,2400
regime_shift,21090,fixed_0.5,0.5,0.4489097183132268,0.4489097183132268,0.44382801664355065,0.6229166666666667,0.6229166666666667,667.5811980184135,721,0.7025,2400
regime_shift,21090,net_sd_scaled_legacy_style,0.3563430928228926,0.5947263912261549,0.5947263912261549,0.5894590846047156,0.7216666666666667,0.7216666666666667,667.5811980184135,721,0.7025,2400
regime_shift,21091,fixed_0.2,0.2,0.7922232158689885,0.7922232158689885,0.7893333333333333,0.8475,0.8475,689.9185797086625,750,0.7133333333333334,2400
regime_shift,21091,fixed_0.35,0.35,0.643058409487883,0.643058409487883,0.644,0.7395833333333334,0.7395833333333334,689.9185797086625,750,0.7133333333333334,2400
regime_shift,21091,fixed_0.5,0.5,0.4617767839431986,0.4617767839431986,0.45866666666666667,0.6220833333333333,0.6220833333333333,689.9185797086625,750,0.7133333333333334,2400
regime_shift,21091,net_sd_scaled_legacy_style,0.3573761542801549,0.6364430003618684,0.6364430003618684,0.6373333333333333,0.7325,0.7325,689.9185797086625,750,0.7133333333333334,2400
regime_shift,21092,fixed_0.2,0.2,0.7764572905474351,0.7764572905474351,0.7731673582295989,0.8325,0.8325,670.826615451487,723,0.70625,2400
regime_shift,21092,fixed_0.35,0.35,0.6083637094850853,0.6083637094850853,0.6044260027662517,0.71875,0.71875,670.826615451487,723,0.70625,2400
regime_shift,21092,fixed_0.5,0.5,0.4909355598657923,0.4909355598657923,0.4854771784232365,0.6216666666666667,0.6216666666666667,670.826615451487,723,0.70625,2400
regime_shift,21092,net_sd_scaled_legacy_style,0.35064541059374654,0.6083637094850853,0.6083637094850853,0.6044260027662517,0.71875,0.71875,670.826615451487,723,0.70625,2400
regime_shift,21093,fixed_0.2,0.2,0.8075944183346697,0.8075944183346697,0.8025034770514604,0.8483333333333334,0.8483333333333334,662.651915274955,719,0.69375,2400
regime_shift,21093,fixed_0.35,0.35,0.6441426321652306,0.6441426321652306,0.6411682892906815,0.7279166666666667,0.7279166666666667,662.651915274955,719,0.69375,2400
regime_shift,21093,fixed_0.5,0.5,0.47387934999248094,0.47387934999248094,0.46870653685674546,0.6166666666666667,0.6166666666666667,662.651915274955,719,0.69375,2400
regime_shift,21093,net_sd_scaled_legacy_style,0.34447335401747303,0.6505007694622644,0.6505007694622644,0.6481223922114048,0.73625,0.73625,662.651915274955,719,0.69375,2400
regime_shift,21094,fixed_0.2,0.2,0.7609803154155523,0.7609803154155523,0.7574123989218329,0.8329166666666666,0.8329166666666666,686.9452280548384,742,0.7183333333333334,2400
regime_shift,21094,fixed_0.35,0.35,0.5883533310462143,0.5883533310462143,0.5822102425876011,0.7133333333333334,0.7133333333333334,686.9452280548384,742,0.7183333333333334,2400
regime_shift,21094,fixed_0.5,0.5,0.4341239683656648,0.4341239683656648,0.4272237196765499,0.6083333333333333,0.6083333333333333,686.9452280548384,742,0.7183333333333334,2400
regime_shift,21094,net_sd_scaled_legacy_style,0.34606416706954013,0.5913033099532902,0.5913033099532902,0.5849056603773585,0.7158333333333333,0.7158333333333333,686.9452280548384,742,0.7183333333333334,2400
regime_shift,21095,fixed_0.2,0.2,0.7904774861117131,0.7904774861117131,0.7864077669902912,0.8470833333333333,0.8470833333333333,663.1449180860411,721,0.7029166666666666,2400
regime_shift,21095,fixed_0.35,0.35,0.61514815666923,0.61514815666923,0.6130374479889042,0.73625,0.73625,663.1449180860411,721,0.7029166666666666,2400
regime_shift,21095,fixed_0.5,0.5,0.469964792874015,0.469964792874015,0.47018030513176146,0.6283333333333333,0.6283333333333333,663.1449180860411,721,0.7029166666666666,2400
regime_shift,21095,net_sd_scaled_legacy_style,0.3599890758922629,0.5987313581223669,0.5987313581223669,0.5963938973647711,0.7258333333333333,0.7258333333333333,663.1449180860411,721,0.7029166666666666,2400
regime_shift,21096,fixed_0.2,0.2,0.7831460471892414,0.7831460471892414,0.7834036568213784,0.8370833333333333,0.8370833333333333,659.4532568774935,711,0.70125,2400
regime_shift,21096,fixed_0.35,0.35,0.6213678598411725,0.6213678598411725,0.6174402250351617,0.7220833333333333,0.7220833333333333,659.4532568774935,711,0.70125,2400
regime_shift,21096,fixed_0.5,0.5,0.453875549002027,0.453875549002027,0.450070323488045,0.6033333333333334,0.6033333333333334,659.4532568774935,711,0.70125,2400
regime_shift,21096,net_sd_scaled_legacy_style,0.3451698114633887,0.6294029883793275,0.6294029883793275,0.6258790436005626,0.7275,0.7275,659.4532568774935,711,0.70125,2400
regime_shift,21097,fixed_0.2,0.2,0.7814780088134615,0.7814780088134615,0.7759336099585062,0.8404166666666667,0.8404166666666667,668.1095240076689,723,0.69875,2400
regime_shift,21097,fixed_0.35,0.35,0.588150474938731,0.588150474938731,0.5809128630705395,0.7141666666666666,0.7141666666666666,668.1095240076689,723,0.69875,2400
regime_shift,21097,fixed_0.5,0.5,0.45158057829338977,0.45158057829338977,0.44398340248962653,0.6170833333333333,0.6170833333333333,668.1095240076689,723,0.69875,2400
regime_shift,21097,net_sd_scaled_legacy_style,0.33890945916686244,0.5949263950398288,0.5949263950398288,0.5878284923928078,0.7195833333333334,0.7195833333333334,668.1095240076689,723,0.69875,2400
regime_shift,21098,fixed_0.2,0.2,0.7896565758397678,0.7896565758397678,0.7841530054644809,0.8504166666666667,0.8504166666666667,677.5404549129524,732,0.70625,2400
regime_shift,21098,fixed_0.35,0.35,0.6243553483585832,0.6243553483585832,0.6174863387978142,0.7329166666666667,0.7329166666666667,677.5404549129524,732,0.70625,2400
regime_shift,21098,fixed_0.5,0.5,0.4433209231033579,0.4433209231033579,0.43306010928961747,0.6195833333333334,0.6195833333333334,677.5404549129524,732,0.70625,2400
regime_shift,21098,net_sd_scaled_legacy_style,0.3524676358527838,0.6240514543047725,0.6240514543047725,0.6174863387978142,0.7316666666666667,0.7316666666666667,677.5404549129524,732,0.70625,2400
regime_shift,21099,fixed_0.2,0.2,0.7774552777440971,0.7774552777440971,0.7786666666666666,0.8491666666666666,0.8491666666666666,693.5623930853512,750,0.71375,2400
regime_shift,21099,fixed_0.35,0.35,0.6234594747756442,0.6234594747756442,0.6226666666666667,0.7358333333333333,0.7358333333333333,693.5623930853512,750,0.71375,2400
regime_shift,21099,fixed_0.5,0.5,0.46678539608887903,0.46678539608887903,0.4653333333333333,0.6270833333333333,0.6270833333333333,693.5623930853512,750,0.71375,2400
regime_shift,21099,net_sd_scaled_legacy_style,0.35302346488422515,0.6199756351124652,0.6199756351124652,0.6186666666666667,0.73375,0.73375,693.5623930853512,750,0.71375,2400
regime_shift,21100,fixed_0.2,0.2,0.7902796323046767,0.7902796323046767,0.7928571428571428,0.84375,0.84375,649.3076488587673,700,0.6895833333333333,2400
regime_shift,21100,fixed_0.35,0.35,0.6228232482607382,0.6228232482607382,0.6228571428571429,0.7204166666666667,0.7204166666666667,649.3076488587673,700,0.6895833333333333,2400
regime_shift,21100,fixed_0.5,0.5,0.4737845009603949,0.4737845009603949,0.4742857142857143,0.6216666666666667,0.6216666666666667,649.3076488587673,700,0.6895833333333333,2400
regime_shift,21100,net_sd_scaled_legacy_style,0.3453214889314846,0.6283001857515151,0.6283001857515151,0.6285714285714286,0.72375,0.72375,649.3076488587673,700,0.6895833333333333,2400
